{
"type": "FeatureCollection",
"name": "gnosis_4",
"crs": { "type": "name", "properties": { "name": "urn:ogc:def:crs:OGC:1.3:CRS84" } },
"features": [
{ "type": "Feature", "properties": { "dggal_gnosis": "4-0-0", "resolution": 4, "center_lat": 87.1875, "center_lon": -134.99999999999994, "avg_edge_len": 714764.36681844306, "cell_area": 197671295603.85938, "cell_perimeter": 2144293.1004553293 }, "geometry": { "type": "Polygon", "coordinates": [ [ [ -180.0, 90.0 ], [ -180.0, 84.375 ], [ -90.0, 84.375 ], [ -90.0, 90.0 ], [ -180.0, 90.0 ] ] ] } },
{ "type": "Feature", "properties": { "dggal_gnosis": "4-0-10", "resolution": 4, "center_lat": 87.1875, "center_lon": -44.999999999999986, "avg_edge_len": 714764.36681844306, "cell_area": 197671295603.85938, "cell_perimeter": 2144293.1004553293 }, "geometry": { "type": "Polygon", "coordinates": [ [ [ -90.0, 90.0 ], [ -90.0, 84.375 ], [ 0.0, 84.375 ], [ 0.0, 90.0 ], [ -90.0, 90.0 ] ] ] } },
{ "type": "Feature", "properties": { "dggal_gnosis": "4-0-20", "resolution": 4, "center_lat": 87.1875, "center_lon": 44.999999999999986, "avg_edge_len": 714764.36681844306, "cell_area": 197671295603.85938, "cell_perimeter": 2144293.1004553293 }, "geometry": { "type": "Polygon", "coordinates": [ [ [ 0.0, 90.0 ], [ 0.0, 84.375 ], [ 90.0, 84.375 ], [ 90.0, 90.0 ], [ 0.0, 90.0 ] ] ] } },
{ "type": "Feature", "properties": { "dggal_gnosis": "4-0-30", "resolution": 4, "center_lat": 87.1875, "center_lon": 134.99999999999994, "avg_edge_len": 714764.36681844306, "cell_area": 197671295603.85938, "cell_perimeter": 2144293.1004553293 }, "geometry": { "type": "Polygon", "coordinates": [ [ [ 90.0, 90.0 ], [ 90.0, 84.375 ], [ 180.0, 84.375 ], [ 180.0, 90.0 ], [ 90.0, 90.0 ] ] ] } },
{ "type": "Feature", "properties": { "dggal_gnosis": "4-1-0", "resolution": 4, "center_lat": 81.5625, "center_lon": -157.5, "avg_edge_len": 673197.40322730283, "cell_area": 418328275763.19531, "cell_perimeter": 2692789.6129092113 }, "geometry": { "type": "Polygon", "coordinates": [ [ [ -180.0, 84.375 ], [ -180.0, 78.75 ], [ -135.0, 78.75 ], [ -135.0, 84.375 ], [ -180.0, 84.375 ] ] ] } },
{ "type": "Feature", "properties": { "dggal_gnosis": "4-1-8", "resolution": 4, "center_lat": 81.5625, "center_lon": -112.5, "avg_edge_len": 673197.40322730271, "cell_area": 418328275763.19141, "cell_perimeter": 2692789.6129092108 }, "geometry": { "type": "Polygon", "coordinates": [ [ [ -135.0, 84.375 ], [ -135.0, 78.75 ], [ -90.0, 78.75 ], [ -90.0, 84.375 ], [ -135.0, 84.375 ] ] ] } },
{ "type": "Feature", "properties": { "dggal_gnosis": "4-1-10", "resolution": 4, "center_lat": 81.5625, "center_lon": -67.5, "avg_edge_len": 673197.40322730283, "cell_area": 418328275763.19922, "cell_perimeter": 2692789.6129092113 }, "geometry": { "type": "Polygon", "coordinates": [ [ [ -90.0, 84.375 ], [ -90.0, 78.75 ], [ -45.0, 78.75 ], [ -45.0, 84.375 ], [ -90.0, 84.375 ] ] ] } },
{ "type": "Feature", "properties": { "dggal_gnosis": "4-1-18", "resolution": 4, "center_lat": 81.5625, "center_lon": -22.5, "avg_edge_len": 673197.40322730283, "cell_area": 418328275763.19922, "cell_perimeter": 2692789.6129092113 }, "geometry": { "type": "Polygon", "coordinates": [ [ [ -45.0, 84.375 ], [ -45.0, 78.75 ], [ 0.0, 78.75 ], [ 0.0, 84.375 ], [ -45.0, 84.375 ] ] ] } },
{ "type": "Feature", "properties": { "dggal_gnosis": "4-1-20", "resolution": 4, "center_lat": 81.5625, "center_lon": 22.5, "avg_edge_len": 673197.40322730283, "cell_area": 418328275763.19922, "cell_perimeter": 2692789.6129092113 }, "geometry": { "type": "Polygon", "coordinates": [ [ [ 0.0, 84.375 ], [ 0.0, 78.75 ], [ 45.0, 78.75 ], [ 45.0, 84.375 ], [ 0.0, 84.375 ] ] ] } },
{ "type": "Feature", "properties": { "dggal_gnosis": "4-1-28", "resolution": 4, "center_lat": 81.5625, "center_lon": 67.5, "avg_edge_len": 673197.40322730283, "cell_area": 418328275763.19922, "cell_perimeter": 2692789.6129092113 }, "geometry": { "type": "Polygon", "coordinates": [ [ [ 45.0, 84.375 ], [ 45.0, 78.75 ], [ 90.0, 78.75 ], [ 90.0, 84.375 ], [ 45.0, 84.375 ] ] ] } },
{ "type": "Feature", "properties": { "dggal_gnosis": "4-1-30", "resolution": 4, "center_lat": 81.5625, "center_lon": 112.5, "avg_edge_len": 673197.40322730271, "cell_area": 418328275763.19141, "cell_perimeter": 2692789.6129092108 }, "geometry": { "type": "Polygon", "coordinates": [ [ [ 90.0, 84.375 ], [ 90.0, 78.75 ], [ 135.0, 78.75 ], [ 135.0, 84.375 ], [ 90.0, 84.375 ] ] ] } },
{ "type": "Feature", "properties": { "dggal_gnosis": "4-1-38", "resolution": 4, "center_lat": 81.5625, "center_lon": 157.5, "avg_edge_len": 673197.40322730283, "cell_area": 418328275763.19531, "cell_perimeter": 2692789.6129092113 }, "geometry": { "type": "Polygon", "coordinates": [ [ [ 135.0, 84.375 ], [ 135.0, 78.75 ], [ 180.0, 78.75 ], [ 180.0, 84.375 ], [ 135.0, 84.375 ] ] ] } },
{ "type": "Feature", "properties": { "dggal_gnosis": "4-2-0", "resolution": 4, "center_lat": 75.9375, "center_lon": -168.75, "avg_edge_len": 617004.06637340225, "cell_area": 374279636566.11914, "cell_perimeter": 2468016.265493609 }, "geometry": { "type": "Polygon", "coordinates": [ [ [ -180.0, 78.75 ], [ -180.0, 73.125 ], [ -157.5, 73.125 ], [ -157.5, 78.75 ], [ -180.0, 78.75 ] ] ] } },
{ "type": "Feature", "properties": { "dggal_gnosis": "4-2-4", "resolution": 4, "center_lat": 75.9375, "center_lon": -146.25, "avg_edge_len": 617004.06637340225, "cell_area": 374279636566.11914, "cell_perimeter": 2468016.265493609 }, "geometry": { "type": "Polygon", "coordinates": [ [ [ -157.5, 78.75 ], [ -157.5, 73.125 ], [ -135.0, 73.125 ], [ -135.0, 78.75 ], [ -157.5, 78.75 ] ] ] } },
{ "type": "Feature", "properties": { "dggal_gnosis": "4-2-8", "resolution": 4, "center_lat": 75.9375, "center_lon": -123.75, "avg_edge_len": 617004.06637340202, "cell_area": 374279636566.11328, "cell_perimeter": 2468016.2654936081 }, "geometry": { "type": "Polygon", "coordinates": [ [ [ -135.0, 78.75 ], [ -135.0, 73.125 ], [ -112.5, 73.125 ], [ -112.5, 78.75 ], [ -135.0, 78.75 ] ] ] } },
{ "type": "Feature", "properties": { "dggal_gnosis": "4-2-C", "resolution": 4, "center_lat": 75.9375, "center_lon": -101.25, "avg_edge_len": 617004.06637340202, "cell_area": 374279636566.11328, "cell_perimeter": 2468016.2654936081 }, "geometry": { "type": "Polygon", "coordinates": [ [ [ -112.5, 78.75 ], [ -112.5, 73.125 ], [ -90.0, 73.125 ], [ -90.0, 78.75 ], [ -112.5, 78.75 ] ] ] } },
{ "type": "Feature", "properties": { "dggal_gnosis": "4-2-10", "resolution": 4, "center_lat": 75.9375, "center_lon": -78.75, "avg_edge_len": 617004.06637340225, "cell_area": 374279636566.11914, "cell_perimeter": 2468016.265493609 }, "geometry": { "type": "Polygon", "coordinates": [ [ [ -90.0, 78.75 ], [ -90.0, 73.125 ], [ -67.5, 73.125 ], [ -67.5, 78.75 ], [ -90.0, 78.75 ] ] ] } },
{ "type": "Feature", "properties": { "dggal_gnosis": "4-2-14", "resolution": 4, "center_lat": 75.9375, "center_lon": -56.25, "avg_edge_len": 617004.06637340202, "cell_area": 374279636566.11328, "cell_perimeter": 2468016.2654936081 }, "geometry": { "type": "Polygon", "coordinates": [ [ [ -67.5, 78.75 ], [ -67.5, 73.125 ], [ -45.0, 73.125 ], [ -45.0, 78.75 ], [ -67.5, 78.75 ] ] ] } },
{ "type": "Feature", "properties": { "dggal_gnosis": "4-2-18", "resolution": 4, "center_lat": 75.9375, "center_lon": -33.75, "avg_edge_len": 617004.06637340202, "cell_area": 374279636566.11719, "cell_perimeter": 2468016.2654936081 }, "geometry": { "type": "Polygon", "coordinates": [ [ [ -45.0, 78.75 ], [ -45.0, 73.125 ], [ -22.5, 73.125 ], [ -22.5, 78.75 ], [ -45.0, 78.75 ] ] ] } },
{ "type": "Feature", "properties": { "dggal_gnosis": "4-2-1C", "resolution": 4, "center_lat": 75.9375, "center_lon": -11.25, "avg_edge_len": 617004.06637340202, "cell_area": 374279636566.11719, "cell_perimeter": 2468016.2654936081 }, "geometry": { "type": "Polygon", "coordinates": [ [ [ -22.5, 78.75 ], [ -22.5, 73.125 ], [ 0.0, 73.125 ], [ 0.0, 78.75 ], [ -22.5, 78.75 ] ] ] } },
{ "type": "Feature", "properties": { "dggal_gnosis": "4-2-20", "resolution": 4, "center_lat": 75.9375, "center_lon": 11.25, "avg_edge_len": 617004.06637340202, "cell_area": 374279636566.11719, "cell_perimeter": 2468016.2654936081 }, "geometry": { "type": "Polygon", "coordinates": [ [ [ 0.0, 78.75 ], [ 0.0, 73.125 ], [ 22.5, 73.125 ], [ 22.5, 78.75 ], [ 0.0, 78.75 ] ] ] } },
{ "type": "Feature", "properties": { "dggal_gnosis": "4-2-24", "resolution": 4, "center_lat": 75.9375, "center_lon": 33.75, "avg_edge_len": 617004.06637340202, "cell_area": 374279636566.11719, "cell_perimeter": 2468016.2654936081 }, "geometry": { "type": "Polygon", "coordinates": [ [ [ 22.5, 78.75 ], [ 22.5, 73.125 ], [ 45.0, 73.125 ], [ 45.0, 78.75 ], [ 22.5, 78.75 ] ] ] } },
{ "type": "Feature", "properties": { "dggal_gnosis": "4-2-28", "resolution": 4, "center_lat": 75.9375, "center_lon": 56.25, "avg_edge_len": 617004.06637340202, "cell_area": 374279636566.11328, "cell_perimeter": 2468016.2654936081 }, "geometry": { "type": "Polygon", "coordinates": [ [ [ 45.0, 78.75 ], [ 45.0, 73.125 ], [ 67.5, 73.125 ], [ 67.5, 78.75 ], [ 45.0, 78.75 ] ] ] } },
{ "type": "Feature", "properties": { "dggal_gnosis": "4-2-2C", "resolution": 4, "center_lat": 75.9375, "center_lon": 78.75, "avg_edge_len": 617004.06637340225, "cell_area": 374279636566.11914, "cell_perimeter": 2468016.265493609 }, "geometry": { "type": "Polygon", "coordinates": [ [ [ 67.5, 78.75 ], [ 67.5, 73.125 ], [ 90.0, 73.125 ], [ 90.0, 78.75 ], [ 67.5, 78.75 ] ] ] } },
{ "type": "Feature", "properties": { "dggal_gnosis": "4-2-30", "resolution": 4, "center_lat": 75.9375, "center_lon": 101.25, "avg_edge_len": 617004.06637340202, "cell_area": 374279636566.11328, "cell_perimeter": 2468016.2654936081 }, "geometry": { "type": "Polygon", "coordinates": [ [ [ 90.0, 78.75 ], [ 90.0, 73.125 ], [ 112.5, 73.125 ], [ 112.5, 78.75 ], [ 90.0, 78.75 ] ] ] } },
{ "type": "Feature", "properties": { "dggal_gnosis": "4-2-34", "resolution": 4, "center_lat": 75.9375, "center_lon": 123.75, "avg_edge_len": 617004.06637340202, "cell_area": 374279636566.11328, "cell_perimeter": 2468016.2654936081 }, "geometry": { "type": "Polygon", "coordinates": [ [ [ 112.5, 78.75 ], [ 112.5, 73.125 ], [ 135.0, 73.125 ], [ 135.0, 78.75 ], [ 112.5, 78.75 ] ] ] } },
{ "type": "Feature", "properties": { "dggal_gnosis": "4-2-38", "resolution": 4, "center_lat": 75.9375, "center_lon": 146.25, "avg_edge_len": 617004.06637340225, "cell_area": 374279636566.11914, "cell_perimeter": 2468016.265493609 }, "geometry": { "type": "Polygon", "coordinates": [ [ [ 135.0, 78.75 ], [ 135.0, 73.125 ], [ 157.5, 73.125 ], [ 157.5, 78.75 ], [ 135.0, 78.75 ] ] ] } },
{ "type": "Feature", "properties": { "dggal_gnosis": "4-2-3C", "resolution": 4, "center_lat": 75.9375, "center_lon": 168.75, "avg_edge_len": 617004.06637340225, "cell_area": 374279636566.11914, "cell_perimeter": 2468016.265493609 }, "geometry": { "type": "Polygon", "coordinates": [ [ [ 157.5, 78.75 ], [ 157.5, 73.125 ], [ 180.0, 73.125 ], [ 180.0, 78.75 ], [ 157.5, 78.75 ] ] ] } },
{ "type": "Feature", "properties": { "dggal_gnosis": "4-3-0", "resolution": 4, "center_lat": 70.3125, "center_lon": -168.75, "avg_edge_len": 734027.31330880825, "cell_area": 519632576222.91797, "cell_perimeter": 2936109.253235233 }, "geometry": { "type": "Polygon", "coordinates": [ [ [ -180.0, 73.125 ], [ -180.0, 67.5 ], [ -157.5, 67.5 ], [ -157.5, 73.125 ], [ -180.0, 73.125 ] ] ] } },
{ "type": "Feature", "properties": { "dggal_gnosis": "4-3-4", "resolution": 4, "center_lat": 70.3125, "center_lon": -146.25, "avg_edge_len": 734027.31330880825, "cell_area": 519632576222.91797, "cell_perimeter": 2936109.253235233 }, "geometry": { "type": "Polygon", "coordinates": [ [ [ -157.5, 73.125 ], [ -157.5, 67.5 ], [ -135.0, 67.5 ], [ -135.0, 73.125 ], [ -157.5, 73.125 ] ] ] } },
{ "type": "Feature", "properties": { "dggal_gnosis": "4-3-8", "resolution": 4, "center_lat": 70.3125, "center_lon": -123.75, "avg_edge_len": 734027.3133088079, "cell_area": 519632576222.91992, "cell_perimeter": 2936109.2532352316 }, "geometry": { "type": "Polygon", "coordinates": [ [ [ -135.0, 73.125 ], [ -135.0, 67.5 ], [ -112.5, 67.5 ], [ -112.5, 73.125 ], [ -135.0, 73.125 ] ] ] } },
{ "type": "Feature", "properties": { "dggal_gnosis": "4-3-C", "resolution": 4, "center_lat": 70.3125, "center_lon": -101.25, "avg_edge_len": 734027.3133088079, "cell_area": 519632576222.91992, "cell_perimeter": 2936109.2532352316 }, "geometry": { "type": "Polygon", "coordinates": [ [ [ -112.5, 73.125 ], [ -112.5, 67.5 ], [ -90.0, 67.5 ], [ -90.0, 73.125 ], [ -112.5, 73.125 ] ] ] } },
{ "type": "Feature", "properties": { "dggal_gnosis": "4-3-10", "resolution": 4, "center_lat": 70.3125, "center_lon": -78.75, "avg_edge_len": 734027.31330880825, "cell_area": 519632576222.91797, "cell_perimeter": 2936109.253235233 }, "geometry": { "type": "Polygon", "coordinates": [ [ [ -90.0, 73.125 ], [ -90.0, 67.5 ], [ -67.5, 67.5 ], [ -67.5, 73.125 ], [ -90.0, 73.125 ] ] ] } },
{ "type": "Feature", "properties": { "dggal_gnosis": "4-3-14", "resolution": 4, "center_lat": 70.3125, "center_lon": -56.25, "avg_edge_len": 734027.3133088079, "cell_area": 519632576222.91992, "cell_perimeter": 2936109.2532352316 }, "geometry": { "type": "Polygon", "coordinates": [ [ [ -67.5, 73.125 ], [ -67.5, 67.5 ], [ -45.0, 67.5 ], [ -45.0, 73.125 ], [ -67.5, 73.125 ] ] ] } },
{ "type": "Feature", "properties": { "dggal_gnosis": "4-3-18", "resolution": 4, "center_lat": 70.3125, "center_lon": -33.75, "avg_edge_len": 734027.31330880814, "cell_area": 519632576222.91797, "cell_perimeter": 2936109.2532352326 }, "geometry": { "type": "Polygon", "coordinates": [ [ [ -45.0, 73.125 ], [ -45.0, 67.5 ], [ -22.5, 67.5 ], [ -22.5, 73.125 ], [ -45.0, 73.125 ] ] ] } },
{ "type": "Feature", "properties": { "dggal_gnosis": "4-3-1C", "resolution": 4, "center_lat": 70.3125, "center_lon": -11.25, "avg_edge_len": 734027.31330880814, "cell_area": 519632576222.91797, "cell_perimeter": 2936109.2532352326 }, "geometry": { "type": "Polygon", "coordinates": [ [ [ -22.5, 73.125 ], [ -22.5, 67.5 ], [ 0.0, 67.5 ], [ 0.0, 73.125 ], [ -22.5, 73.125 ] ] ] } },
{ "type": "Feature", "properties": { "dggal_gnosis": "4-3-20", "resolution": 4, "center_lat": 70.3125, "center_lon": 11.25, "avg_edge_len": 734027.31330880814, "cell_area": 519632576222.91797, "cell_perimeter": 2936109.2532352326 }, "geometry": { "type": "Polygon", "coordinates": [ [ [ 0.0, 73.125 ], [ 0.0, 67.5 ], [ 22.5, 67.5 ], [ 22.5, 73.125 ], [ 0.0, 73.125 ] ] ] } },
{ "type": "Feature", "properties": { "dggal_gnosis": "4-3-24", "resolution": 4, "center_lat": 70.3125, "center_lon": 33.75, "avg_edge_len": 734027.31330880814, "cell_area": 519632576222.91797, "cell_perimeter": 2936109.2532352326 }, "geometry": { "type": "Polygon", "coordinates": [ [ [ 22.5, 73.125 ], [ 22.5, 67.5 ], [ 45.0, 67.5 ], [ 45.0, 73.125 ], [ 22.5, 73.125 ] ] ] } },
{ "type": "Feature", "properties": { "dggal_gnosis": "4-3-28", "resolution": 4, "center_lat": 70.3125, "center_lon": 56.25, "avg_edge_len": 734027.3133088079, "cell_area": 519632576222.91992, "cell_perimeter": 2936109.2532352316 }, "geometry": { "type": "Polygon", "coordinates": [ [ [ 45.0, 73.125 ], [ 45.0, 67.5 ], [ 67.5, 67.5 ], [ 67.5, 73.125 ], [ 45.0, 73.125 ] ] ] } },
{ "type": "Feature", "properties": { "dggal_gnosis": "4-3-2C", "resolution": 4, "center_lat": 70.3125, "center_lon": 78.75, "avg_edge_len": 734027.31330880825, "cell_area": 519632576222.91797, "cell_perimeter": 2936109.253235233 }, "geometry": { "type": "Polygon", "coordinates": [ [ [ 67.5, 73.125 ], [ 67.5, 67.5 ], [ 90.0, 67.5 ], [ 90.0, 73.125 ], [ 67.5, 73.125 ] ] ] } },
{ "type": "Feature", "properties": { "dggal_gnosis": "4-3-30", "resolution": 4, "center_lat": 70.3125, "center_lon": 101.25, "avg_edge_len": 734027.3133088079, "cell_area": 519632576222.91992, "cell_perimeter": 2936109.2532352316 }, "geometry": { "type": "Polygon", "coordinates": [ [ [ 90.0, 73.125 ], [ 90.0, 67.5 ], [ 112.5, 67.5 ], [ 112.5, 73.125 ], [ 90.0, 73.125 ] ] ] } },
{ "type": "Feature", "properties": { "dggal_gnosis": "4-3-34", "resolution": 4, "center_lat": 70.3125, "center_lon": 123.75, "avg_edge_len": 734027.3133088079, "cell_area": 519632576222.91992, "cell_perimeter": 2936109.2532352316 }, "geometry": { "type": "Polygon", "coordinates": [ [ [ 112.5, 73.125 ], [ 112.5, 67.5 ], [ 135.0, 67.5 ], [ 135.0, 73.125 ], [ 112.5, 73.125 ] ] ] } },
{ "type": "Feature", "properties": { "dggal_gnosis": "4-3-38", "resolution": 4, "center_lat": 70.3125, "center_lon": 146.25, "avg_edge_len": 734027.31330880825, "cell_area": 519632576222.91797, "cell_perimeter": 2936109.253235233 }, "geometry": { "type": "Polygon", "coordinates": [ [ [ 135.0, 73.125 ], [ 135.0, 67.5 ], [ 157.5, 67.5 ], [ 157.5, 73.125 ], [ 135.0, 73.125 ] ] ] } },
{ "type": "Feature", "properties": { "dggal_gnosis": "4-3-3C", "resolution": 4, "center_lat": 70.3125, "center_lon": 168.75, "avg_edge_len": 734027.31330880825, "cell_area": 519632576222.91797, "cell_perimeter": 2936109.253235233 }, "geometry": { "type": "Polygon", "coordinates": [ [ [ 157.5, 73.125 ], [ 157.5, 67.5 ], [ 180.0, 67.5 ], [ 180.0, 73.125 ], [ 157.5, 73.125 ] ] ] } },
{ "type": "Feature", "properties": { "dggal_gnosis": "4-4-0", "resolution": 4, "center_lat": 64.6875, "center_lon": -174.375, "avg_edge_len": 581338.45192656934, "cell_area": 335003493103.79883, "cell_perimeter": 2325353.8077062774 }, "geometry": { "type": "Polygon", "coordinates": [ [ [ -180.0, 67.5 ], [ -180.0, 61.875 ], [ -168.75, 61.875 ], [ -168.75, 67.5 ], [ -180.0, 67.5 ] ] ] } },
{ "type": "Feature", "properties": { "dggal_gnosis": "4-4-2", "resolution": 4, "center_lat": 64.6875, "center_lon": -163.125, "avg_edge_len": 581338.45192656864, "cell_area": 335003493103.79785, "cell_perimeter": 2325353.8077062746 }, "geometry": { "type": "Polygon", "coordinates": [ [ [ -168.75, 67.5 ], [ -168.75, 61.875 ], [ -157.5, 61.875 ], [ -157.5, 67.5 ], [ -168.75, 67.5 ] ] ] } },
{ "type": "Feature", "properties": { "dggal_gnosis": "4-4-4", "resolution": 4, "center_lat": 64.6875, "center_lon": -151.875, "avg_edge_len": 581338.45192656806, "cell_area": 335003493103.79688, "cell_perimeter": 2325353.8077062722 }, "geometry": { "type": "Polygon", "coordinates": [ [ [ -157.5, 67.5 ], [ -157.5, 61.875 ], [ -146.25, 61.875 ], [ -146.25, 67.5 ], [ -157.5, 67.5 ] ] ] } },
{ "type": "Feature", "properties": { "dggal_gnosis": "4-4-6", "resolution": 4, "center_lat": 64.6875, "center_lon": -140.625, "avg_edge_len": 581338.45192656934, "cell_area": 335003493103.79883, "cell_perimeter": 2325353.8077062774 }, "geometry": { "type": "Polygon", "coordinates": [ [ [ -146.25, 67.5 ], [ -146.25, 61.875 ], [ -135.0, 61.875 ], [ -135.0, 67.5 ], [ -146.25, 67.5 ] ] ] } },
{ "type": "Feature", "properties": { "dggal_gnosis": "4-4-8", "resolution": 4, "center_lat": 64.6875, "center_lon": -129.375, "avg_edge_len": 581338.45192656864, "cell_area": 335003493103.79785, "cell_perimeter": 2325353.8077062746 }, "geometry": { "type": "Polygon", "coordinates": [ [ [ -135.0, 67.5 ], [ -135.0, 61.875 ], [ -123.75, 61.875 ], [ -123.75, 67.5 ], [ -135.0, 67.5 ] ] ] } },
{ "type": "Feature", "properties": { "dggal_gnosis": "4-4-A", "resolution": 4, "center_lat": 64.6875, "center_lon": -118.125, "avg_edge_len": 581338.45192656864, "cell_area": 335003493103.79785, "cell_perimeter": 2325353.8077062746 }, "geometry": { "type": "Polygon", "coordinates": [ [ [ -123.75, 67.5 ], [ -123.75, 61.875 ], [ -112.5, 61.875 ], [ -112.5, 67.5 ], [ -123.75, 67.5 ] ] ] } },
{ "type": "Feature", "properties": { "dggal_gnosis": "4-4-C", "resolution": 4, "center_lat": 64.6875, "center_lon": -106.875, "avg_edge_len": 581338.45192656864, "cell_area": 335003493103.79785, "cell_perimeter": 2325353.8077062746 }, "geometry": { "type": "Polygon", "coordinates": [ [ [ -112.5, 67.5 ], [ -112.5, 61.875 ], [ -101.25, 61.875 ], [ -101.25, 67.5 ], [ -112.5, 67.5 ] ] ] } },
{ "type": "Feature", "properties": { "dggal_gnosis": "4-4-E", "resolution": 4, "center_lat": 64.6875, "center_lon": -95.625, "avg_edge_len": 581338.45192656829, "cell_area": 335003493103.79785, "cell_perimeter": 2325353.8077062732 }, "geometry": { "type": "Polygon", "coordinates": [ [ [ -101.25, 67.5 ], [ -101.25, 61.875 ], [ -90.0, 61.875 ], [ -90.0, 67.5 ], [ -101.25, 67.5 ] ] ] } },
{ "type": "Feature", "properties": { "dggal_gnosis": "4-4-10", "resolution": 4, "center_lat": 64.6875, "center_lon": -84.375, "avg_edge_len": 581338.45192656864, "cell_area": 335003493103.79785, "cell_perimeter": 2325353.8077062746 }, "geometry": { "type": "Polygon", "coordinates": [ [ [ -90.0, 67.5 ], [ -90.0, 61.875 ], [ -78.75, 61.875 ], [ -78.75, 67.5 ], [ -90.0, 67.5 ] ] ] } },
{ "type": "Feature", "properties": { "dggal_gnosis": "4-4-12", "resolution": 4, "center_lat": 64.6875, "center_lon": -73.125, "avg_edge_len": 581338.45192656864, "cell_area": 335003493103.79785, "cell_perimeter": 2325353.8077062746 }, "geometry": { "type": "Polygon", "coordinates": [ [ [ -78.75, 67.5 ], [ -78.75, 61.875 ], [ -67.5, 61.875 ], [ -67.5, 67.5 ], [ -78.75, 67.5 ] ] ] } },
{ "type": "Feature", "properties": { "dggal_gnosis": "4-4-14", "resolution": 4, "center_lat": 64.6875, "center_lon": -61.875, "avg_edge_len": 581338.45192656852, "cell_area": 335003493103.79785, "cell_perimeter": 2325353.8077062741 }, "geometry": { "type": "Polygon", "coordinates": [ [ [ -67.5, 67.5 ], [ -67.5, 61.875 ], [ -56.25, 61.875 ], [ -56.25, 67.5 ], [ -67.5, 67.5 ] ] ] } },
{ "type": "Feature", "properties": { "dggal_gnosis": "4-4-16", "resolution": 4, "center_lat": 64.6875, "center_lon": -50.625, "avg_edge_len": 581338.45192656864, "cell_area": 335003493103.79785, "cell_perimeter": 2325353.8077062746 }, "geometry": { "type": "Polygon", "coordinates": [ [ [ -56.25, 67.5 ], [ -56.25, 61.875 ], [ -45.0, 61.875 ], [ -45.0, 67.5 ], [ -56.25, 67.5 ] ] ] } },
{ "type": "Feature", "properties": { "dggal_gnosis": "4-4-18", "resolution": 4, "center_lat": 64.6875, "center_lon": -39.375, "avg_edge_len": 581338.45192656864, "cell_area": 335003493103.79785, "cell_perimeter": 2325353.8077062746 }, "geometry": { "type": "Polygon", "coordinates": [ [ [ -45.0, 67.5 ], [ -45.0, 61.875 ], [ -33.75, 61.875 ], [ -33.75, 67.5 ], [ -45.0, 67.5 ] ] ] } },
{ "type": "Feature", "properties": { "dggal_gnosis": "4-4-1A", "resolution": 4, "center_lat": 64.6875, "center_lon": -28.125, "avg_edge_len": 581338.45192656852, "cell_area": 335003493103.79785, "cell_perimeter": 2325353.8077062741 }, "geometry": { "type": "Polygon", "coordinates": [ [ [ -33.75, 67.5 ], [ -33.75, 61.875 ], [ -22.5, 61.875 ], [ -22.5, 67.5 ], [ -33.75, 67.5 ] ] ] } },
{ "type": "Feature", "properties": { "dggal_gnosis": "4-4-1C", "resolution": 4, "center_lat": 64.6875, "center_lon": -16.875, "avg_edge_len": 581338.45192656852, "cell_area": 335003493103.79785, "cell_perimeter": 2325353.8077062741 }, "geometry": { "type": "Polygon", "coordinates": [ [ [ -22.5, 67.5 ], [ -22.5, 61.875 ], [ -11.25, 61.875 ], [ -11.25, 67.5 ], [ -22.5, 67.5 ] ] ] } },
{ "type": "Feature", "properties": { "dggal_gnosis": "4-4-1E", "resolution": 4, "center_lat": 64.6875, "center_lon": -5.625, "avg_edge_len": 581338.45192656852, "cell_area": 335003493103.79785, "cell_perimeter": 2325353.8077062741 }, "geometry": { "type": "Polygon", "coordinates": [ [ [ -11.25, 67.5 ], [ -11.25, 61.875 ], [ -0.0, 61.875 ], [ -0.0, 67.5 ], [ -11.25, 67.5 ] ] ] } },
{ "type": "Feature", "properties": { "dggal_gnosis": "4-4-20", "resolution": 4, "center_lat": 64.6875, "center_lon": 5.625, "avg_edge_len": 581338.45192656852, "cell_area": 335003493103.79785, "cell_perimeter": 2325353.8077062741 }, "geometry": { "type": "Polygon", "coordinates": [ [ [ 0.0, 67.5 ], [ 0.0, 61.875 ], [ 11.25, 61.875 ], [ 11.25, 67.5 ], [ 0.0, 67.5 ] ] ] } },
{ "type": "Feature", "properties": { "dggal_gnosis": "4-4-22", "resolution": 4, "center_lat": 64.6875, "center_lon": 16.875, "avg_edge_len": 581338.45192656852, "cell_area": 335003493103.79785, "cell_perimeter": 2325353.8077062741 }, "geometry": { "type": "Polygon", "coordinates": [ [ [ 11.25, 67.5 ], [ 11.25, 61.875 ], [ 22.5, 61.875 ], [ 22.5, 67.5 ], [ 11.25, 67.5 ] ] ] } },
{ "type": "Feature", "properties": { "dggal_gnosis": "4-4-24", "resolution": 4, "center_lat": 64.6875, "center_lon": 28.125, "avg_edge_len": 581338.45192656852, "cell_area": 335003493103.79785, "cell_perimeter": 2325353.8077062741 }, "geometry": { "type": "Polygon", "coordinates": [ [ [ 22.5, 67.5 ], [ 22.5, 61.875 ], [ 33.75, 61.875 ], [ 33.75, 67.5 ], [ 22.5, 67.5 ] ] ] } },
{ "type": "Feature", "properties": { "dggal_gnosis": "4-4-26", "resolution": 4, "center_lat": 64.6875, "center_lon": 39.375, "avg_edge_len": 581338.45192656864, "cell_area": 335003493103.79785, "cell_perimeter": 2325353.8077062746 }, "geometry": { "type": "Polygon", "coordinates": [ [ [ 33.75, 67.5 ], [ 33.75, 61.875 ], [ 45.0, 61.875 ], [ 45.0, 67.5 ], [ 33.75, 67.5 ] ] ] } },
{ "type": "Feature", "properties": { "dggal_gnosis": "4-4-28", "resolution": 4, "center_lat": 64.6875, "center_lon": 50.625, "avg_edge_len": 581338.45192656852, "cell_area": 335003493103.79785, "cell_perimeter": 2325353.8077062741 }, "geometry": { "type": "Polygon", "coordinates": [ [ [ 45.0, 67.5 ], [ 45.0, 61.875 ], [ 56.25, 61.875 ], [ 56.25, 67.5 ], [ 45.0, 67.5 ] ] ] } },
{ "type": "Feature", "properties": { "dggal_gnosis": "4-4-2A", "resolution": 4, "center_lat": 64.6875, "center_lon": 61.875, "avg_edge_len": 581338.45192656852, "cell_area": 335003493103.79785, "cell_perimeter": 2325353.8077062741 }, "geometry": { "type": "Polygon", "coordinates": [ [ [ 56.25, 67.5 ], [ 56.25, 61.875 ], [ 67.5, 61.875 ], [ 67.5, 67.5 ], [ 56.25, 67.5 ] ] ] } },
{ "type": "Feature", "properties": { "dggal_gnosis": "4-4-2C", "resolution": 4, "center_lat": 64.6875, "center_lon": 73.125, "avg_edge_len": 581338.45192656864, "cell_area": 335003493103.79785, "cell_perimeter": 2325353.8077062746 }, "geometry": { "type": "Polygon", "coordinates": [ [ [ 67.5, 67.5 ], [ 67.5, 61.875 ], [ 78.75, 61.875 ], [ 78.75, 67.5 ], [ 67.5, 67.5 ] ] ] } },
{ "type": "Feature", "properties": { "dggal_gnosis": "4-4-2E", "resolution": 4, "center_lat": 64.6875, "center_lon": 84.375, "avg_edge_len": 581338.45192656864, "cell_area": 335003493103.79785, "cell_perimeter": 2325353.8077062746 }, "geometry": { "type": "Polygon", "coordinates": [ [ [ 78.75, 67.5 ], [ 78.75, 61.875 ], [ 90.0, 61.875 ], [ 90.0, 67.5 ], [ 78.75, 67.5 ] ] ] } },
{ "type": "Feature", "properties": { "dggal_gnosis": "4-4-30", "resolution": 4, "center_lat": 64.6875, "center_lon": 95.625, "avg_edge_len": 581338.45192656829, "cell_area": 335003493103.79785, "cell_perimeter": 2325353.8077062732 }, "geometry": { "type": "Polygon", "coordinates": [ [ [ 90.0, 67.5 ], [ 90.0, 61.875 ], [ 101.25, 61.875 ], [ 101.25, 67.5 ], [ 90.0, 67.5 ] ] ] } },
{ "type": "Feature", "properties": { "dggal_gnosis": "4-4-32", "resolution": 4, "center_lat": 64.6875, "center_lon": 106.875, "avg_edge_len": 581338.45192656864, "cell_area": 335003493103.79785, "cell_perimeter": 2325353.8077062746 }, "geometry": { "type": "Polygon", "coordinates": [ [ [ 101.25, 67.5 ], [ 101.25, 61.875 ], [ 112.5, 61.875 ], [ 112.5, 67.5 ], [ 101.25, 67.5 ] ] ] } },
{ "type": "Feature", "properties": { "dggal_gnosis": "4-4-34", "resolution": 4, "center_lat": 64.6875, "center_lon": 118.125, "avg_edge_len": 581338.45192656864, "cell_area": 335003493103.79785, "cell_perimeter": 2325353.8077062746 }, "geometry": { "type": "Polygon", "coordinates": [ [ [ 112.5, 67.5 ], [ 112.5, 61.875 ], [ 123.75, 61.875 ], [ 123.75, 67.5 ], [ 112.5, 67.5 ] ] ] } },
{ "type": "Feature", "properties": { "dggal_gnosis": "4-4-36", "resolution": 4, "center_lat": 64.6875, "center_lon": 129.375, "avg_edge_len": 581338.45192656864, "cell_area": 335003493103.79785, "cell_perimeter": 2325353.8077062746 }, "geometry": { "type": "Polygon", "coordinates": [ [ [ 123.75, 67.5 ], [ 123.75, 61.875 ], [ 135.0, 61.875 ], [ 135.0, 67.5 ], [ 123.75, 67.5 ] ] ] } },
{ "type": "Feature", "properties": { "dggal_gnosis": "4-4-38", "resolution": 4, "center_lat": 64.6875, "center_lon": 140.625, "avg_edge_len": 581338.45192656934, "cell_area": 335003493103.79883, "cell_perimeter": 2325353.8077062774 }, "geometry": { "type": "Polygon", "coordinates": [ [ [ 135.0, 67.5 ], [ 135.0, 61.875 ], [ 146.25, 61.875 ], [ 146.25, 67.5 ], [ 135.0, 67.5 ] ] ] } },
{ "type": "Feature", "properties": { "dggal_gnosis": "4-4-3A", "resolution": 4, "center_lat": 64.6875, "center_lon": 151.875, "avg_edge_len": 581338.45192656864, "cell_area": 335003493103.79785, "cell_perimeter": 2325353.8077062746 }, "geometry": { "type": "Polygon", "coordinates": [ [ [ 146.25, 67.5 ], [ 146.25, 61.875 ], [ 157.5, 61.875 ], [ 157.5, 67.5 ], [ 146.25, 67.5 ] ] ] } },
{ "type": "Feature", "properties": { "dggal_gnosis": "4-4-3C", "resolution": 4, "center_lat": 64.6875, "center_lon": 163.125, "avg_edge_len": 581338.45192656864, "cell_area": 335003493103.79785, "cell_perimeter": 2325353.8077062746 }, "geometry": { "type": "Polygon", "coordinates": [ [ [ 157.5, 67.5 ], [ 157.5, 61.875 ], [ 168.75, 61.875 ], [ 168.75, 67.5 ], [ 157.5, 67.5 ] ] ] } },
{ "type": "Feature", "properties": { "dggal_gnosis": "4-4-3E", "resolution": 4, "center_lat": 64.6875, "center_lon": 174.375, "avg_edge_len": 581338.45192656934, "cell_area": 335003493103.79883, "cell_perimeter": 2325353.8077062774 }, "geometry": { "type": "Polygon", "coordinates": [ [ [ 168.75, 67.5 ], [ 168.75, 61.875 ], [ 180.0, 61.875 ], [ 180.0, 67.5 ], [ 168.75, 67.5 ] ] ] } },
{ "type": "Feature", "properties": { "dggal_gnosis": "4-5-0", "resolution": 4, "center_lat": 59.0625, "center_lon": -174.375, "avg_edge_len": 635240.59840382088, "cell_area": 402691423963.37988, "cell_perimeter": 2540962.3936152835 }, "geometry": { "type": "Polygon", "coordinates": [ [ [ -180.0, 61.875 ], [ -180.0, 56.25 ], [ -168.75, 56.25 ], [ -168.75, 61.875 ], [ -180.0, 61.875 ] ] ] } },
{ "type": "Feature", "properties": { "dggal_gnosis": "4-5-2", "resolution": 4, "center_lat": 59.0625, "center_lon": -163.125, "avg_edge_len": 635240.59840382007, "cell_area": 402691423963.37695, "cell_perimeter": 2540962.3936152803 }, "geometry": { "type": "Polygon", "coordinates": [ [ [ -168.75, 61.875 ], [ -168.75, 56.25 ], [ -157.5, 56.25 ], [ -157.5, 61.875 ], [ -168.75, 61.875 ] ] ] } },
{ "type": "Feature", "properties": { "dggal_gnosis": "4-5-4", "resolution": 4, "center_lat": 59.0625, "center_lon": -151.875, "avg_edge_len": 635240.59840381937, "cell_area": 402691423963.37598, "cell_perimeter": 2540962.3936152775 }, "geometry": { "type": "Polygon", "coordinates": [ [ [ -157.5, 61.875 ], [ -157.5, 56.25 ], [ -146.25, 56.25 ], [ -146.25, 61.875 ], [ -157.5, 61.875 ] ] ] } },
{ "type": "Feature", "properties": { "dggal_gnosis": "4-5-6", "resolution": 4, "center_lat": 59.0625, "center_lon": -140.625, "avg_edge_len": 635240.59840382088, "cell_area": 402691423963.37988, "cell_perimeter": 2540962.3936152835 }, "geometry": { "type": "Polygon", "coordinates": [ [ [ -146.25, 61.875 ], [ -146.25, 56.25 ], [ -135.0, 56.25 ], [ -135.0, 61.875 ], [ -146.25, 61.875 ] ] ] } },
{ "type": "Feature", "properties": { "dggal_gnosis": "4-5-8", "resolution": 4, "center_lat": 59.0625, "center_lon": -129.375, "avg_edge_len": 635240.59840382007, "cell_area": 402691423963.37695, "cell_perimeter": 2540962.3936152803 }, "geometry": { "type": "Polygon", "coordinates": [ [ [ -135.0, 61.875 ], [ -135.0, 56.25 ], [ -123.75, 56.25 ], [ -123.75, 61.875 ], [ -135.0, 61.875 ] ] ] } },
{ "type": "Feature", "properties": { "dggal_gnosis": "4-5-A", "resolution": 4, "center_lat": 59.0625, "center_lon": -118.125, "avg_edge_len": 635240.59840382007, "cell_area": 402691423963.37695, "cell_perimeter": 2540962.3936152803 }, "geometry": { "type": "Polygon", "coordinates": [ [ [ -123.75, 61.875 ], [ -123.75, 56.25 ], [ -112.5, 56.25 ], [ -112.5, 61.875 ], [ -123.75, 61.875 ] ] ] } },
{ "type": "Feature", "properties": { "dggal_gnosis": "4-5-C", "resolution": 4, "center_lat": 59.0625, "center_lon": -106.875, "avg_edge_len": 635240.59840382007, "cell_area": 402691423963.37695, "cell_perimeter": 2540962.3936152803 }, "geometry": { "type": "Polygon", "coordinates": [ [ [ -112.5, 61.875 ], [ -112.5, 56.25 ], [ -101.25, 56.25 ], [ -101.25, 61.875 ], [ -112.5, 61.875 ] ] ] } },
{ "type": "Feature", "properties": { "dggal_gnosis": "4-5-E", "resolution": 4, "center_lat": 59.0625, "center_lon": -95.625, "avg_edge_len": 635240.59840381972, "cell_area": 402691423963.37598, "cell_perimeter": 2540962.3936152789 }, "geometry": { "type": "Polygon", "coordinates": [ [ [ -101.25, 61.875 ], [ -101.25, 56.25 ], [ -90.0, 56.25 ], [ -90.0, 61.875 ], [ -101.25, 61.875 ] ] ] } },
{ "type": "Feature", "properties": { "dggal_gnosis": "4-5-10", "resolution": 4, "center_lat": 59.0625, "center_lon": -84.375, "avg_edge_len": 635240.59840382007, "cell_area": 402691423963.37695, "cell_perimeter": 2540962.3936152803 }, "geometry": { "type": "Polygon", "coordinates": [ [ [ -90.0, 61.875 ], [ -90.0, 56.25 ], [ -78.75, 56.25 ], [ -78.75, 61.875 ], [ -90.0, 61.875 ] ] ] } },
{ "type": "Feature", "properties": { "dggal_gnosis": "4-5-12", "resolution": 4, "center_lat": 59.0625, "center_lon": -73.125, "avg_edge_len": 635240.59840382007, "cell_area": 402691423963.37695, "cell_perimeter": 2540962.3936152803 }, "geometry": { "type": "Polygon", "coordinates": [ [ [ -78.75, 61.875 ], [ -78.75, 56.25 ], [ -67.5, 56.25 ], [ -67.5, 61.875 ], [ -78.75, 61.875 ] ] ] } },
{ "type": "Feature", "properties": { "dggal_gnosis": "4-5-14", "resolution": 4, "center_lat": 59.0625, "center_lon": -61.875, "avg_edge_len": 635240.59840381984, "cell_area": 402691423963.37793, "cell_perimeter": 2540962.3936152793 }, "geometry": { "type": "Polygon", "coordinates": [ [ [ -67.5, 61.875 ], [ -67.5, 56.25 ], [ -56.25, 56.25 ], [ -56.25, 61.875 ], [ -67.5, 61.875 ] ] ] } },
{ "type": "Feature", "properties": { "dggal_gnosis": "4-5-16", "resolution": 4, "center_lat": 59.0625, "center_lon": -50.625, "avg_edge_len": 635240.59840382007, "cell_area": 402691423963.37695, "cell_perimeter": 2540962.3936152803 }, "geometry": { "type": "Polygon", "coordinates": [ [ [ -56.25, 61.875 ], [ -56.25, 56.25 ], [ -45.0, 56.25 ], [ -45.0, 61.875 ], [ -56.25, 61.875 ] ] ] } },
{ "type": "Feature", "properties": { "dggal_gnosis": "4-5-18", "resolution": 4, "center_lat": 59.0625, "center_lon": -39.375, "avg_edge_len": 635240.59840382007, "cell_area": 402691423963.37695, "cell_perimeter": 2540962.3936152803 }, "geometry": { "type": "Polygon", "coordinates": [ [ [ -45.0, 61.875 ], [ -45.0, 56.25 ], [ -33.75, 56.25 ], [ -33.75, 61.875 ], [ -45.0, 61.875 ] ] ] } },
{ "type": "Feature", "properties": { "dggal_gnosis": "4-5-1A", "resolution": 4, "center_lat": 59.0625, "center_lon": -28.125, "avg_edge_len": 635240.59840381984, "cell_area": 402691423963.37793, "cell_perimeter": 2540962.3936152793 }, "geometry": { "type": "Polygon", "coordinates": [ [ [ -33.75, 61.875 ], [ -33.75, 56.25 ], [ -22.5, 56.25 ], [ -22.5, 61.875 ], [ -33.75, 61.875 ] ] ] } },
{ "type": "Feature", "properties": { "dggal_gnosis": "4-5-1C", "resolution": 4, "center_lat": 59.0625, "center_lon": -16.875, "avg_edge_len": 635240.59840381995, "cell_area": 402691423963.37988, "cell_perimeter": 2540962.3936152798 }, "geometry": { "type": "Polygon", "coordinates": [ [ [ -22.5, 61.875 ], [ -22.5, 56.25 ], [ -11.25, 56.25 ], [ -11.25, 61.875 ], [ -22.5, 61.875 ] ] ] } },
{ "type": "Feature", "properties": { "dggal_gnosis": "4-5-1E", "resolution": 4, "center_lat": 59.0625, "center_lon": -5.625, "avg_edge_len": 635240.59840381995, "cell_area": 402691423963.37988, "cell_perimeter": 2540962.3936152798 }, "geometry": { "type": "Polygon", "coordinates": [ [ [ -11.25, 61.875 ], [ -11.25, 56.25 ], [ -0.0, 56.25 ], [ -0.0, 61.875 ], [ -11.25, 61.875 ] ] ] } },
{ "type": "Feature", "properties": { "dggal_gnosis": "4-5-20", "resolution": 4, "center_lat": 59.0625, "center_lon": 5.625, "avg_edge_len": 635240.59840381995, "cell_area": 402691423963.37988, "cell_perimeter": 2540962.3936152798 }, "geometry": { "type": "Polygon", "coordinates": [ [ [ 0.0, 61.875 ], [ 0.0, 56.25 ], [ 11.25, 56.25 ], [ 11.25, 61.875 ], [ 0.0, 61.875 ] ] ] } },
{ "type": "Feature", "properties": { "dggal_gnosis": "4-5-22", "resolution": 4, "center_lat": 59.0625, "center_lon": 16.875, "avg_edge_len": 635240.59840381984, "cell_area": 402691423963.37793, "cell_perimeter": 2540962.3936152793 }, "geometry": { "type": "Polygon", "coordinates": [ [ [ 11.25, 61.875 ], [ 11.25, 56.25 ], [ 22.5, 56.25 ], [ 22.5, 61.875 ], [ 11.25, 61.875 ] ] ] } },
{ "type": "Feature", "properties": { "dggal_gnosis": "4-5-24", "resolution": 4, "center_lat": 59.0625, "center_lon": 28.125, "avg_edge_len": 635240.59840381984, "cell_area": 402691423963.37793, "cell_perimeter": 2540962.3936152793 }, "geometry": { "type": "Polygon", "coordinates": [ [ [ 22.5, 61.875 ], [ 22.5, 56.25 ], [ 33.75, 56.25 ], [ 33.75, 61.875 ], [ 22.5, 61.875 ] ] ] } },
{ "type": "Feature", "properties": { "dggal_gnosis": "4-5-26", "resolution": 4, "center_lat": 59.0625, "center_lon": 39.375, "avg_edge_len": 635240.59840382007, "cell_area": 402691423963.37695, "cell_perimeter": 2540962.3936152803 }, "geometry": { "type": "Polygon", "coordinates": [ [ [ 33.75, 61.875 ], [ 33.75, 56.25 ], [ 45.0, 56.25 ], [ 45.0, 61.875 ], [ 33.75, 61.875 ] ] ] } },
{ "type": "Feature", "properties": { "dggal_gnosis": "4-5-28", "resolution": 4, "center_lat": 59.0625, "center_lon": 50.625, "avg_edge_len": 635240.59840381984, "cell_area": 402691423963.37793, "cell_perimeter": 2540962.3936152793 }, "geometry": { "type": "Polygon", "coordinates": [ [ [ 45.0, 61.875 ], [ 45.0, 56.25 ], [ 56.25, 56.25 ], [ 56.25, 61.875 ], [ 45.0, 61.875 ] ] ] } },
{ "type": "Feature", "properties": { "dggal_gnosis": "4-5-2A", "resolution": 4, "center_lat": 59.0625, "center_lon": 61.875, "avg_edge_len": 635240.59840381984, "cell_area": 402691423963.37793, "cell_perimeter": 2540962.3936152793 }, "geometry": { "type": "Polygon", "coordinates": [ [ [ 56.25, 61.875 ], [ 56.25, 56.25 ], [ 67.5, 56.25 ], [ 67.5, 61.875 ], [ 56.25, 61.875 ] ] ] } },
{ "type": "Feature", "properties": { "dggal_gnosis": "4-5-2C", "resolution": 4, "center_lat": 59.0625, "center_lon": 73.125, "avg_edge_len": 635240.59840382007, "cell_area": 402691423963.37695, "cell_perimeter": 2540962.3936152803 }, "geometry": { "type": "Polygon", "coordinates": [ [ [ 67.5, 61.875 ], [ 67.5, 56.25 ], [ 78.75, 56.25 ], [ 78.75, 61.875 ], [ 67.5, 61.875 ] ] ] } },
{ "type": "Feature", "properties": { "dggal_gnosis": "4-5-2E", "resolution": 4, "center_lat": 59.0625, "center_lon": 84.375, "avg_edge_len": 635240.59840382007, "cell_area": 402691423963.37695, "cell_perimeter": 2540962.3936152803 }, "geometry": { "type": "Polygon", "coordinates": [ [ [ 78.75, 61.875 ], [ 78.75, 56.25 ], [ 90.0, 56.25 ], [ 90.0, 61.875 ], [ 78.75, 61.875 ] ] ] } },
{ "type": "Feature", "properties": { "dggal_gnosis": "4-5-30", "resolution": 4, "center_lat": 59.0625, "center_lon": 95.625, "avg_edge_len": 635240.59840381972, "cell_area": 402691423963.37598, "cell_perimeter": 2540962.3936152789 }, "geometry": { "type": "Polygon", "coordinates": [ [ [ 90.0, 61.875 ], [ 90.0, 56.25 ], [ 101.25, 56.25 ], [ 101.25, 61.875 ], [ 90.0, 61.875 ] ] ] } },
{ "type": "Feature", "properties": { "dggal_gnosis": "4-5-32", "resolution": 4, "center_lat": 59.0625, "center_lon": 106.875, "avg_edge_len": 635240.59840382007, "cell_area": 402691423963.37695, "cell_perimeter": 2540962.3936152803 }, "geometry": { "type": "Polygon", "coordinates": [ [ [ 101.25, 61.875 ], [ 101.25, 56.25 ], [ 112.5, 56.25 ], [ 112.5, 61.875 ], [ 101.25, 61.875 ] ] ] } },
{ "type": "Feature", "properties": { "dggal_gnosis": "4-5-34", "resolution": 4, "center_lat": 59.0625, "center_lon": 118.125, "avg_edge_len": 635240.59840382007, "cell_area": 402691423963.37695, "cell_perimeter": 2540962.3936152803 }, "geometry": { "type": "Polygon", "coordinates": [ [ [ 112.5, 61.875 ], [ 112.5, 56.25 ], [ 123.75, 56.25 ], [ 123.75, 61.875 ], [ 112.5, 61.875 ] ] ] } },
{ "type": "Feature", "properties": { "dggal_gnosis": "4-5-36", "resolution": 4, "center_lat": 59.0625, "center_lon": 129.375, "avg_edge_len": 635240.59840382007, "cell_area": 402691423963.37695, "cell_perimeter": 2540962.3936152803 }, "geometry": { "type": "Polygon", "coordinates": [ [ [ 123.75, 61.875 ], [ 123.75, 56.25 ], [ 135.0, 56.25 ], [ 135.0, 61.875 ], [ 123.75, 61.875 ] ] ] } },
{ "type": "Feature", "properties": { "dggal_gnosis": "4-5-38", "resolution": 4, "center_lat": 59.0625, "center_lon": 140.625, "avg_edge_len": 635240.59840382088, "cell_area": 402691423963.37988, "cell_perimeter": 2540962.3936152835 }, "geometry": { "type": "Polygon", "coordinates": [ [ [ 135.0, 61.875 ], [ 135.0, 56.25 ], [ 146.25, 56.25 ], [ 146.25, 61.875 ], [ 135.0, 61.875 ] ] ] } },
{ "type": "Feature", "properties": { "dggal_gnosis": "4-5-3A", "resolution": 4, "center_lat": 59.0625, "center_lon": 151.875, "avg_edge_len": 635240.59840382007, "cell_area": 402691423963.37695, "cell_perimeter": 2540962.3936152803 }, "geometry": { "type": "Polygon", "coordinates": [ [ [ 146.25, 61.875 ], [ 146.25, 56.25 ], [ 157.5, 56.25 ], [ 157.5, 61.875 ], [ 146.25, 61.875 ] ] ] } },
{ "type": "Feature", "properties": { "dggal_gnosis": "4-5-3C", "resolution": 4, "center_lat": 59.0625, "center_lon": 163.125, "avg_edge_len": 635240.59840382007, "cell_area": 402691423963.37695, "cell_perimeter": 2540962.3936152803 }, "geometry": { "type": "Polygon", "coordinates": [ [ [ 157.5, 61.875 ], [ 157.5, 56.25 ], [ 168.75, 56.25 ], [ 168.75, 61.875 ], [ 157.5, 61.875 ] ] ] } },
{ "type": "Feature", "properties": { "dggal_gnosis": "4-5-3E", "resolution": 4, "center_lat": 59.0625, "center_lon": 174.375, "avg_edge_len": 635240.59840382088, "cell_area": 402691423963.37988, "cell_perimeter": 2540962.3936152835 }, "geometry": { "type": "Polygon", "coordinates": [ [ [ 168.75, 61.875 ], [ 168.75, 56.25 ], [ 180.0, 56.25 ], [ 180.0, 61.875 ], [ 168.75, 61.875 ] ] ] } },
{ "type": "Feature", "properties": { "dggal_gnosis": "4-6-0", "resolution": 4, "center_lat": 53.4375, "center_lon": -174.375, "avg_edge_len": 685993.33657031483, "cell_area": 466445102065.22168, "cell_perimeter": 2743973.3462812593 }, "geometry": { "type": "Polygon", "coordinates": [ [ [ -180.0, 56.25 ], [ -180.0, 50.625 ], [ -168.75, 50.625 ], [ -168.75, 56.25 ], [ -180.0, 56.25 ] ] ] } },
{ "type": "Feature", "properties": { "dggal_gnosis": "4-6-2", "resolution": 4, "center_lat": 53.4375, "center_lon": -163.125, "avg_edge_len": 685993.33657031378, "cell_area": 466445102065.22266, "cell_perimeter": 2743973.3462812551 }, "geometry": { "type": "Polygon", "coordinates": [ [ [ -168.75, 56.25 ], [ -168.75, 50.625 ], [ -157.5, 50.625 ], [ -157.5, 56.25 ], [ -168.75, 56.25 ] ] ] } },
{ "type": "Feature", "properties": { "dggal_gnosis": "4-6-4", "resolution": 4, "center_lat": 53.4375, "center_lon": -151.875, "avg_edge_len": 685993.33657031285, "cell_area": 466445102065.21973, "cell_perimeter": 2743973.3462812514 }, "geometry": { "type": "Polygon", "coordinates": [ [ [ -157.5, 56.25 ], [ -157.5, 50.625 ], [ -146.25, 50.625 ], [ -146.25, 56.25 ], [ -157.5, 56.25 ] ] ] } },
{ "type": "Feature", "properties": { "dggal_gnosis": "4-6-6", "resolution": 4, "center_lat": 53.4375, "center_lon": -140.625, "avg_edge_len": 685993.33657031483, "cell_area": 466445102065.22168, "cell_perimeter": 2743973.3462812593 }, "geometry": { "type": "Polygon", "coordinates": [ [ [ -146.25, 56.25 ], [ -146.25, 50.625 ], [ -135.0, 50.625 ], [ -135.0, 56.25 ], [ -146.25, 56.25 ] ] ] } },
{ "type": "Feature", "properties": { "dggal_gnosis": "4-6-8", "resolution": 4, "center_lat": 53.4375, "center_lon": -129.375, "avg_edge_len": 685993.33657031378, "cell_area": 466445102065.22266, "cell_perimeter": 2743973.3462812551 }, "geometry": { "type": "Polygon", "coordinates": [ [ [ -135.0, 56.25 ], [ -135.0, 50.625 ], [ -123.75, 50.625 ], [ -123.75, 56.25 ], [ -135.0, 56.25 ] ] ] } },
{ "type": "Feature", "properties": { "dggal_gnosis": "4-6-A", "resolution": 4, "center_lat": 53.4375, "center_lon": -118.125, "avg_edge_len": 685993.33657031378, "cell_area": 466445102065.22266, "cell_perimeter": 2743973.3462812551 }, "geometry": { "type": "Polygon", "coordinates": [ [ [ -123.75, 56.25 ], [ -123.75, 50.625 ], [ -112.5, 50.625 ], [ -112.5, 56.25 ], [ -123.75, 56.25 ] ] ] } },
{ "type": "Feature", "properties": { "dggal_gnosis": "4-6-C", "resolution": 4, "center_lat": 53.4375, "center_lon": -106.875, "avg_edge_len": 685993.33657031378, "cell_area": 466445102065.22266, "cell_perimeter": 2743973.3462812551 }, "geometry": { "type": "Polygon", "coordinates": [ [ [ -112.5, 56.25 ], [ -112.5, 50.625 ], [ -101.25, 50.625 ], [ -101.25, 56.25 ], [ -112.5, 56.25 ] ] ] } },
{ "type": "Feature", "properties": { "dggal_gnosis": "4-6-E", "resolution": 4, "center_lat": 53.4375, "center_lon": -95.625, "avg_edge_len": 685993.33657031343, "cell_area": 466445102065.22168, "cell_perimeter": 2743973.3462812537 }, "geometry": { "type": "Polygon", "coordinates": [ [ [ -101.25, 56.25 ], [ -101.25, 50.625 ], [ -90.0, 50.625 ], [ -90.0, 56.25 ], [ -101.25, 56.25 ] ] ] } },
{ "type": "Feature", "properties": { "dggal_gnosis": "4-6-10", "resolution": 4, "center_lat": 53.4375, "center_lon": -84.375, "avg_edge_len": 685993.33657031378, "cell_area": 466445102065.22266, "cell_perimeter": 2743973.3462812551 }, "geometry": { "type": "Polygon", "coordinates": [ [ [ -90.0, 56.25 ], [ -90.0, 50.625 ], [ -78.75, 50.625 ], [ -78.75, 56.25 ], [ -90.0, 56.25 ] ] ] } },
{ "type": "Feature", "properties": { "dggal_gnosis": "4-6-12", "resolution": 4, "center_lat": 53.4375, "center_lon": -73.125, "avg_edge_len": 685993.33657031378, "cell_area": 466445102065.22266, "cell_perimeter": 2743973.3462812551 }, "geometry": { "type": "Polygon", "coordinates": [ [ [ -78.75, 56.25 ], [ -78.75, 50.625 ], [ -67.5, 50.625 ], [ -67.5, 56.25 ], [ -78.75, 56.25 ] ] ] } },
{ "type": "Feature", "properties": { "dggal_gnosis": "4-6-14", "resolution": 4, "center_lat": 53.4375, "center_lon": -61.875, "avg_edge_len": 685993.33657031367, "cell_area": 466445102065.21973, "cell_perimeter": 2743973.3462812547 }, "geometry": { "type": "Polygon", "coordinates": [ [ [ -67.5, 56.25 ], [ -67.5, 50.625 ], [ -56.25, 50.625 ], [ -56.25, 56.25 ], [ -67.5, 56.25 ] ] ] } },
{ "type": "Feature", "properties": { "dggal_gnosis": "4-6-16", "resolution": 4, "center_lat": 53.4375, "center_lon": -50.625, "avg_edge_len": 685993.33657031378, "cell_area": 466445102065.22266, "cell_perimeter": 2743973.3462812551 }, "geometry": { "type": "Polygon", "coordinates": [ [ [ -56.25, 56.25 ], [ -56.25, 50.625 ], [ -45.0, 50.625 ], [ -45.0, 56.25 ], [ -56.25, 56.25 ] ] ] } },
{ "type": "Feature", "properties": { "dggal_gnosis": "4-6-18", "resolution": 4, "center_lat": 53.4375, "center_lon": -39.375, "avg_edge_len": 685993.33657031378, "cell_area": 466445102065.22266, "cell_perimeter": 2743973.3462812551 }, "geometry": { "type": "Polygon", "coordinates": [ [ [ -45.0, 56.25 ], [ -45.0, 50.625 ], [ -33.75, 50.625 ], [ -33.75, 56.25 ], [ -45.0, 56.25 ] ] ] } },
{ "type": "Feature", "properties": { "dggal_gnosis": "4-6-1A", "resolution": 4, "center_lat": 53.4375, "center_lon": -28.125, "avg_edge_len": 685993.33657031367, "cell_area": 466445102065.21973, "cell_perimeter": 2743973.3462812547 }, "geometry": { "type": "Polygon", "coordinates": [ [ [ -33.75, 56.25 ], [ -33.75, 50.625 ], [ -22.5, 50.625 ], [ -22.5, 56.25 ], [ -33.75, 56.25 ] ] ] } },
{ "type": "Feature", "properties": { "dggal_gnosis": "4-6-1C", "resolution": 4, "center_lat": 53.4375, "center_lon": -16.875, "avg_edge_len": 685993.33657031367, "cell_area": 466445102065.21973, "cell_perimeter": 2743973.3462812547 }, "geometry": { "type": "Polygon", "coordinates": [ [ [ -22.5, 56.25 ], [ -22.5, 50.625 ], [ -11.25, 50.625 ], [ -11.25, 56.25 ], [ -22.5, 56.25 ] ] ] } },
{ "type": "Feature", "properties": { "dggal_gnosis": "4-6-1E", "resolution": 4, "center_lat": 53.4375, "center_lon": -5.625, "avg_edge_len": 685993.33657031367, "cell_area": 466445102065.21973, "cell_perimeter": 2743973.3462812547 }, "geometry": { "type": "Polygon", "coordinates": [ [ [ -11.25, 56.25 ], [ -11.25, 50.625 ], [ -0.0, 50.625 ], [ -0.0, 56.25 ], [ -11.25, 56.25 ] ] ] } },
{ "type": "Feature", "properties": { "dggal_gnosis": "4-6-20", "resolution": 4, "center_lat": 53.4375, "center_lon": 5.625, "avg_edge_len": 685993.33657031367, "cell_area": 466445102065.21973, "cell_perimeter": 2743973.3462812547 }, "geometry": { "type": "Polygon", "coordinates": [ [ [ 0.0, 56.25 ], [ 0.0, 50.625 ], [ 11.25, 50.625 ], [ 11.25, 56.25 ], [ 0.0, 56.25 ] ] ] } },
{ "type": "Feature", "properties": { "dggal_gnosis": "4-6-22", "resolution": 4, "center_lat": 53.4375, "center_lon": 16.875, "avg_edge_len": 685993.33657031367, "cell_area": 466445102065.21973, "cell_perimeter": 2743973.3462812547 }, "geometry": { "type": "Polygon", "coordinates": [ [ [ 11.25, 56.25 ], [ 11.25, 50.625 ], [ 22.5, 50.625 ], [ 22.5, 56.25 ], [ 11.25, 56.25 ] ] ] } },
{ "type": "Feature", "properties": { "dggal_gnosis": "4-6-24", "resolution": 4, "center_lat": 53.4375, "center_lon": 28.125, "avg_edge_len": 685993.33657031367, "cell_area": 466445102065.21973, "cell_perimeter": 2743973.3462812547 }, "geometry": { "type": "Polygon", "coordinates": [ [ [ 22.5, 56.25 ], [ 22.5, 50.625 ], [ 33.75, 50.625 ], [ 33.75, 56.25 ], [ 22.5, 56.25 ] ] ] } },
{ "type": "Feature", "properties": { "dggal_gnosis": "4-6-26", "resolution": 4, "center_lat": 53.4375, "center_lon": 39.375, "avg_edge_len": 685993.33657031378, "cell_area": 466445102065.22266, "cell_perimeter": 2743973.3462812551 }, "geometry": { "type": "Polygon", "coordinates": [ [ [ 33.75, 56.25 ], [ 33.75, 50.625 ], [ 45.0, 50.625 ], [ 45.0, 56.25 ], [ 33.75, 56.25 ] ] ] } },
{ "type": "Feature", "properties": { "dggal_gnosis": "4-6-28", "resolution": 4, "center_lat": 53.4375, "center_lon": 50.625, "avg_edge_len": 685993.33657031367, "cell_area": 466445102065.21973, "cell_perimeter": 2743973.3462812547 }, "geometry": { "type": "Polygon", "coordinates": [ [ [ 45.0, 56.25 ], [ 45.0, 50.625 ], [ 56.25, 50.625 ], [ 56.25, 56.25 ], [ 45.0, 56.25 ] ] ] } },
{ "type": "Feature", "properties": { "dggal_gnosis": "4-6-2A", "resolution": 4, "center_lat": 53.4375, "center_lon": 61.875, "avg_edge_len": 685993.33657031367, "cell_area": 466445102065.21973, "cell_perimeter": 2743973.3462812547 }, "geometry": { "type": "Polygon", "coordinates": [ [ [ 56.25, 56.25 ], [ 56.25, 50.625 ], [ 67.5, 50.625 ], [ 67.5, 56.25 ], [ 56.25, 56.25 ] ] ] } },
{ "type": "Feature", "properties": { "dggal_gnosis": "4-6-2C", "resolution": 4, "center_lat": 53.4375, "center_lon": 73.125, "avg_edge_len": 685993.33657031378, "cell_area": 466445102065.22266, "cell_perimeter": 2743973.3462812551 }, "geometry": { "type": "Polygon", "coordinates": [ [ [ 67.5, 56.25 ], [ 67.5, 50.625 ], [ 78.75, 50.625 ], [ 78.75, 56.25 ], [ 67.5, 56.25 ] ] ] } },
{ "type": "Feature", "properties": { "dggal_gnosis": "4-6-2E", "resolution": 4, "center_lat": 53.4375, "center_lon": 84.375, "avg_edge_len": 685993.33657031378, "cell_area": 466445102065.22266, "cell_perimeter": 2743973.3462812551 }, "geometry": { "type": "Polygon", "coordinates": [ [ [ 78.75, 56.25 ], [ 78.75, 50.625 ], [ 90.0, 50.625 ], [ 90.0, 56.25 ], [ 78.75, 56.25 ] ] ] } },
{ "type": "Feature", "properties": { "dggal_gnosis": "4-6-30", "resolution": 4, "center_lat": 53.4375, "center_lon": 95.625, "avg_edge_len": 685993.33657031343, "cell_area": 466445102065.22168, "cell_perimeter": 2743973.3462812537 }, "geometry": { "type": "Polygon", "coordinates": [ [ [ 90.0, 56.25 ], [ 90.0, 50.625 ], [ 101.25, 50.625 ], [ 101.25, 56.25 ], [ 90.0, 56.25 ] ] ] } },
{ "type": "Feature", "properties": { "dggal_gnosis": "4-6-32", "resolution": 4, "center_lat": 53.4375, "center_lon": 106.875, "avg_edge_len": 685993.33657031378, "cell_area": 466445102065.22266, "cell_perimeter": 2743973.3462812551 }, "geometry": { "type": "Polygon", "coordinates": [ [ [ 101.25, 56.25 ], [ 101.25, 50.625 ], [ 112.5, 50.625 ], [ 112.5, 56.25 ], [ 101.25, 56.25 ] ] ] } },
{ "type": "Feature", "properties": { "dggal_gnosis": "4-6-34", "resolution": 4, "center_lat": 53.4375, "center_lon": 118.125, "avg_edge_len": 685993.33657031378, "cell_area": 466445102065.22266, "cell_perimeter": 2743973.3462812551 }, "geometry": { "type": "Polygon", "coordinates": [ [ [ 112.5, 56.25 ], [ 112.5, 50.625 ], [ 123.75, 50.625 ], [ 123.75, 56.25 ], [ 112.5, 56.25 ] ] ] } },
{ "type": "Feature", "properties": { "dggal_gnosis": "4-6-36", "resolution": 4, "center_lat": 53.4375, "center_lon": 129.375, "avg_edge_len": 685993.33657031378, "cell_area": 466445102065.22266, "cell_perimeter": 2743973.3462812551 }, "geometry": { "type": "Polygon", "coordinates": [ [ [ 123.75, 56.25 ], [ 123.75, 50.625 ], [ 135.0, 50.625 ], [ 135.0, 56.25 ], [ 123.75, 56.25 ] ] ] } },
{ "type": "Feature", "properties": { "dggal_gnosis": "4-6-38", "resolution": 4, "center_lat": 53.4375, "center_lon": 140.625, "avg_edge_len": 685993.33657031483, "cell_area": 466445102065.22168, "cell_perimeter": 2743973.3462812593 }, "geometry": { "type": "Polygon", "coordinates": [ [ [ 135.0, 56.25 ], [ 135.0, 50.625 ], [ 146.25, 50.625 ], [ 146.25, 56.25 ], [ 135.0, 56.25 ] ] ] } },
{ "type": "Feature", "properties": { "dggal_gnosis": "4-6-3A", "resolution": 4, "center_lat": 53.4375, "center_lon": 151.875, "avg_edge_len": 685993.33657031378, "cell_area": 466445102065.22266, "cell_perimeter": 2743973.3462812551 }, "geometry": { "type": "Polygon", "coordinates": [ [ [ 146.25, 56.25 ], [ 146.25, 50.625 ], [ 157.5, 50.625 ], [ 157.5, 56.25 ], [ 146.25, 56.25 ] ] ] } },
{ "type": "Feature", "properties": { "dggal_gnosis": "4-6-3C", "resolution": 4, "center_lat": 53.4375, "center_lon": 163.125, "avg_edge_len": 685993.33657031378, "cell_area": 466445102065.22266, "cell_perimeter": 2743973.3462812551 }, "geometry": { "type": "Polygon", "coordinates": [ [ [ 157.5, 56.25 ], [ 157.5, 50.625 ], [ 168.75, 50.625 ], [ 168.75, 56.25 ], [ 157.5, 56.25 ] ] ] } },
{ "type": "Feature", "properties": { "dggal_gnosis": "4-6-3E", "resolution": 4, "center_lat": 53.4375, "center_lon": 174.375, "avg_edge_len": 685993.33657031483, "cell_area": 466445102065.22168, "cell_perimeter": 2743973.3462812593 }, "geometry": { "type": "Polygon", "coordinates": [ [ [ 168.75, 56.25 ], [ 168.75, 50.625 ], [ 180.0, 50.625 ], [ 180.0, 56.25 ], [ 168.75, 56.25 ] ] ] } },
{ "type": "Feature", "properties": { "dggal_gnosis": "4-7-0", "resolution": 4, "center_lat": 47.8125, "center_lon": -174.375, "avg_edge_len": 733117.47967860894, "cell_area": 525654360548.97266, "cell_perimeter": 2932469.9187144358 }, "geometry": { "type": "Polygon", "coordinates": [ [ [ -180.0, 50.625 ], [ -180.0, 45.0 ], [ -168.75, 45.0 ], [ -168.75, 50.625 ], [ -180.0, 50.625 ] ] ] } },
{ "type": "Feature", "properties": { "dggal_gnosis": "4-7-2", "resolution": 4, "center_lat": 47.8125, "center_lon": -163.125, "avg_edge_len": 733117.4796786079, "cell_area": 525654360548.97168, "cell_perimeter": 2932469.9187144316 }, "geometry": { "type": "Polygon", "coordinates": [ [ [ -168.75, 50.625 ], [ -168.75, 45.0 ], [ -157.5, 45.0 ], [ -157.5, 50.625 ], [ -168.75, 50.625 ] ] ] } },
{ "type": "Feature", "properties": { "dggal_gnosis": "4-7-4", "resolution": 4, "center_lat": 47.8125, "center_lon": -151.875, "avg_edge_len": 733117.47967860673, "cell_area": 525654360548.96973, "cell_perimeter": 2932469.9187144269 }, "geometry": { "type": "Polygon", "coordinates": [ [ [ -157.5, 50.625 ], [ -157.5, 45.0 ], [ -146.25, 45.0 ], [ -146.25, 50.625 ], [ -157.5, 50.625 ] ] ] } },
{ "type": "Feature", "properties": { "dggal_gnosis": "4-7-6", "resolution": 4, "center_lat": 47.8125, "center_lon": -140.625, "avg_edge_len": 733117.47967860894, "cell_area": 525654360548.97266, "cell_perimeter": 2932469.9187144358 }, "geometry": { "type": "Polygon", "coordinates": [ [ [ -146.25, 50.625 ], [ -146.25, 45.0 ], [ -135.0, 45.0 ], [ -135.0, 50.625 ], [ -146.25, 50.625 ] ] ] } },
{ "type": "Feature", "properties": { "dggal_gnosis": "4-7-8", "resolution": 4, "center_lat": 47.8125, "center_lon": -129.375, "avg_edge_len": 733117.4796786079, "cell_area": 525654360548.97168, "cell_perimeter": 2932469.9187144316 }, "geometry": { "type": "Polygon", "coordinates": [ [ [ -135.0, 50.625 ], [ -135.0, 45.0 ], [ -123.75, 45.0 ], [ -123.75, 50.625 ], [ -135.0, 50.625 ] ] ] } },
{ "type": "Feature", "properties": { "dggal_gnosis": "4-7-A", "resolution": 4, "center_lat": 47.8125, "center_lon": -118.125, "avg_edge_len": 733117.4796786079, "cell_area": 525654360548.97168, "cell_perimeter": 2932469.9187144316 }, "geometry": { "type": "Polygon", "coordinates": [ [ [ -123.75, 50.625 ], [ -123.75, 45.0 ], [ -112.5, 45.0 ], [ -112.5, 50.625 ], [ -123.75, 50.625 ] ] ] } },
{ "type": "Feature", "properties": { "dggal_gnosis": "4-7-C", "resolution": 4, "center_lat": 47.8125, "center_lon": -106.875, "avg_edge_len": 733117.4796786079, "cell_area": 525654360548.97168, "cell_perimeter": 2932469.9187144316 }, "geometry": { "type": "Polygon", "coordinates": [ [ [ -112.5, 50.625 ], [ -112.5, 45.0 ], [ -101.25, 45.0 ], [ -101.25, 50.625 ], [ -112.5, 50.625 ] ] ] } },
{ "type": "Feature", "properties": { "dggal_gnosis": "4-7-E", "resolution": 4, "center_lat": 47.8125, "center_lon": -95.625, "avg_edge_len": 733117.47967860743, "cell_area": 525654360548.9707, "cell_perimeter": 2932469.9187144297 }, "geometry": { "type": "Polygon", "coordinates": [ [ [ -101.25, 50.625 ], [ -101.25, 45.0 ], [ -90.0, 45.0 ], [ -90.0, 50.625 ], [ -101.25, 50.625 ] ] ] } },
{ "type": "Feature", "properties": { "dggal_gnosis": "4-7-10", "resolution": 4, "center_lat": 47.8125, "center_lon": -84.375, "avg_edge_len": 733117.4796786079, "cell_area": 525654360548.97168, "cell_perimeter": 2932469.9187144316 }, "geometry": { "type": "Polygon", "coordinates": [ [ [ -90.0, 50.625 ], [ -90.0, 45.0 ], [ -78.75, 45.0 ], [ -78.75, 50.625 ], [ -90.0, 50.625 ] ] ] } },
{ "type": "Feature", "properties": { "dggal_gnosis": "4-7-12", "resolution": 4, "center_lat": 47.8125, "center_lon": -73.125, "avg_edge_len": 733117.4796786079, "cell_area": 525654360548.97168, "cell_perimeter": 2932469.9187144316 }, "geometry": { "type": "Polygon", "coordinates": [ [ [ -78.75, 50.625 ], [ -78.75, 45.0 ], [ -67.5, 45.0 ], [ -67.5, 50.625 ], [ -78.75, 50.625 ] ] ] } },
{ "type": "Feature", "properties": { "dggal_gnosis": "4-7-14", "resolution": 4, "center_lat": 47.8125, "center_lon": -61.875, "avg_edge_len": 733117.47967860755, "cell_area": 525654360548.97168, "cell_perimeter": 2932469.9187144302 }, "geometry": { "type": "Polygon", "coordinates": [ [ [ -67.5, 50.625 ], [ -67.5, 45.0 ], [ -56.25, 45.0 ], [ -56.25, 50.625 ], [ -67.5, 50.625 ] ] ] } },
{ "type": "Feature", "properties": { "dggal_gnosis": "4-7-16", "resolution": 4, "center_lat": 47.8125, "center_lon": -50.625, "avg_edge_len": 733117.4796786079, "cell_area": 525654360548.97168, "cell_perimeter": 2932469.9187144316 }, "geometry": { "type": "Polygon", "coordinates": [ [ [ -56.25, 50.625 ], [ -56.25, 45.0 ], [ -45.0, 45.0 ], [ -45.0, 50.625 ], [ -56.25, 50.625 ] ] ] } },
{ "type": "Feature", "properties": { "dggal_gnosis": "4-7-18", "resolution": 4, "center_lat": 47.8125, "center_lon": -39.375, "avg_edge_len": 733117.4796786079, "cell_area": 525654360548.97168, "cell_perimeter": 2932469.9187144316 }, "geometry": { "type": "Polygon", "coordinates": [ [ [ -45.0, 50.625 ], [ -45.0, 45.0 ], [ -33.75, 45.0 ], [ -33.75, 50.625 ], [ -45.0, 50.625 ] ] ] } },
{ "type": "Feature", "properties": { "dggal_gnosis": "4-7-1A", "resolution": 4, "center_lat": 47.8125, "center_lon": -28.125, "avg_edge_len": 733117.47967860755, "cell_area": 525654360548.97168, "cell_perimeter": 2932469.9187144302 }, "geometry": { "type": "Polygon", "coordinates": [ [ [ -33.75, 50.625 ], [ -33.75, 45.0 ], [ -22.5, 45.0 ], [ -22.5, 50.625 ], [ -33.75, 50.625 ] ] ] } },
{ "type": "Feature", "properties": { "dggal_gnosis": "4-7-1C", "resolution": 4, "center_lat": 47.8125, "center_lon": -16.875, "avg_edge_len": 733117.47967860755, "cell_area": 525654360548.9707, "cell_perimeter": 2932469.9187144302 }, "geometry": { "type": "Polygon", "coordinates": [ [ [ -22.5, 50.625 ], [ -22.5, 45.0 ], [ -11.25, 45.0 ], [ -11.25, 50.625 ], [ -22.5, 50.625 ] ] ] } },
{ "type": "Feature", "properties": { "dggal_gnosis": "4-7-1E", "resolution": 4, "center_lat": 47.8125, "center_lon": -5.625, "avg_edge_len": 733117.47967860755, "cell_area": 525654360548.9707, "cell_perimeter": 2932469.9187144302 }, "geometry": { "type": "Polygon", "coordinates": [ [ [ -11.25, 50.625 ], [ -11.25, 45.0 ], [ -0.0, 45.0 ], [ -0.0, 50.625 ], [ -11.25, 50.625 ] ] ] } },
{ "type": "Feature", "properties": { "dggal_gnosis": "4-7-20", "resolution": 4, "center_lat": 47.8125, "center_lon": 5.625, "avg_edge_len": 733117.47967860755, "cell_area": 525654360548.9707, "cell_perimeter": 2932469.9187144302 }, "geometry": { "type": "Polygon", "coordinates": [ [ [ 0.0, 50.625 ], [ 0.0, 45.0 ], [ 11.25, 45.0 ], [ 11.25, 50.625 ], [ 0.0, 50.625 ] ] ] } },
{ "type": "Feature", "properties": { "dggal_gnosis": "4-7-22", "resolution": 4, "center_lat": 47.8125, "center_lon": 16.875, "avg_edge_len": 733117.47967860755, "cell_area": 525654360548.97168, "cell_perimeter": 2932469.9187144302 }, "geometry": { "type": "Polygon", "coordinates": [ [ [ 11.25, 50.625 ], [ 11.25, 45.0 ], [ 22.5, 45.0 ], [ 22.5, 50.625 ], [ 11.25, 50.625 ] ] ] } },
{ "type": "Feature", "properties": { "dggal_gnosis": "4-7-24", "resolution": 4, "center_lat": 47.8125, "center_lon": 28.125, "avg_edge_len": 733117.47967860755, "cell_area": 525654360548.97168, "cell_perimeter": 2932469.9187144302 }, "geometry": { "type": "Polygon", "coordinates": [ [ [ 22.5, 50.625 ], [ 22.5, 45.0 ], [ 33.75, 45.0 ], [ 33.75, 50.625 ], [ 22.5, 50.625 ] ] ] } },
{ "type": "Feature", "properties": { "dggal_gnosis": "4-7-26", "resolution": 4, "center_lat": 47.8125, "center_lon": 39.375, "avg_edge_len": 733117.4796786079, "cell_area": 525654360548.97168, "cell_perimeter": 2932469.9187144316 }, "geometry": { "type": "Polygon", "coordinates": [ [ [ 33.75, 50.625 ], [ 33.75, 45.0 ], [ 45.0, 45.0 ], [ 45.0, 50.625 ], [ 33.75, 50.625 ] ] ] } },
{ "type": "Feature", "properties": { "dggal_gnosis": "4-7-28", "resolution": 4, "center_lat": 47.8125, "center_lon": 50.625, "avg_edge_len": 733117.47967860755, "cell_area": 525654360548.97168, "cell_perimeter": 2932469.9187144302 }, "geometry": { "type": "Polygon", "coordinates": [ [ [ 45.0, 50.625 ], [ 45.0, 45.0 ], [ 56.25, 45.0 ], [ 56.25, 50.625 ], [ 45.0, 50.625 ] ] ] } },
{ "type": "Feature", "properties": { "dggal_gnosis": "4-7-2A", "resolution": 4, "center_lat": 47.8125, "center_lon": 61.875, "avg_edge_len": 733117.47967860755, "cell_area": 525654360548.97168, "cell_perimeter": 2932469.9187144302 }, "geometry": { "type": "Polygon", "coordinates": [ [ [ 56.25, 50.625 ], [ 56.25, 45.0 ], [ 67.5, 45.0 ], [ 67.5, 50.625 ], [ 56.25, 50.625 ] ] ] } },
{ "type": "Feature", "properties": { "dggal_gnosis": "4-7-2C", "resolution": 4, "center_lat": 47.8125, "center_lon": 73.125, "avg_edge_len": 733117.4796786079, "cell_area": 525654360548.97168, "cell_perimeter": 2932469.9187144316 }, "geometry": { "type": "Polygon", "coordinates": [ [ [ 67.5, 50.625 ], [ 67.5, 45.0 ], [ 78.75, 45.0 ], [ 78.75, 50.625 ], [ 67.5, 50.625 ] ] ] } },
{ "type": "Feature", "properties": { "dggal_gnosis": "4-7-2E", "resolution": 4, "center_lat": 47.8125, "center_lon": 84.375, "avg_edge_len": 733117.4796786079, "cell_area": 525654360548.97168, "cell_perimeter": 2932469.9187144316 }, "geometry": { "type": "Polygon", "coordinates": [ [ [ 78.75, 50.625 ], [ 78.75, 45.0 ], [ 90.0, 45.0 ], [ 90.0, 50.625 ], [ 78.75, 50.625 ] ] ] } },
{ "type": "Feature", "properties": { "dggal_gnosis": "4-7-30", "resolution": 4, "center_lat": 47.8125, "center_lon": 95.625, "avg_edge_len": 733117.47967860743, "cell_area": 525654360548.9707, "cell_perimeter": 2932469.9187144297 }, "geometry": { "type": "Polygon", "coordinates": [ [ [ 90.0, 50.625 ], [ 90.0, 45.0 ], [ 101.25, 45.0 ], [ 101.25, 50.625 ], [ 90.0, 50.625 ] ] ] } },
{ "type": "Feature", "properties": { "dggal_gnosis": "4-7-32", "resolution": 4, "center_lat": 47.8125, "center_lon": 106.875, "avg_edge_len": 733117.4796786079, "cell_area": 525654360548.97168, "cell_perimeter": 2932469.9187144316 }, "geometry": { "type": "Polygon", "coordinates": [ [ [ 101.25, 50.625 ], [ 101.25, 45.0 ], [ 112.5, 45.0 ], [ 112.5, 50.625 ], [ 101.25, 50.625 ] ] ] } },
{ "type": "Feature", "properties": { "dggal_gnosis": "4-7-34", "resolution": 4, "center_lat": 47.8125, "center_lon": 118.125, "avg_edge_len": 733117.4796786079, "cell_area": 525654360548.97168, "cell_perimeter": 2932469.9187144316 }, "geometry": { "type": "Polygon", "coordinates": [ [ [ 112.5, 50.625 ], [ 112.5, 45.0 ], [ 123.75, 45.0 ], [ 123.75, 50.625 ], [ 112.5, 50.625 ] ] ] } },
{ "type": "Feature", "properties": { "dggal_gnosis": "4-7-36", "resolution": 4, "center_lat": 47.8125, "center_lon": 129.375, "avg_edge_len": 733117.4796786079, "cell_area": 525654360548.97168, "cell_perimeter": 2932469.9187144316 }, "geometry": { "type": "Polygon", "coordinates": [ [ [ 123.75, 50.625 ], [ 123.75, 45.0 ], [ 135.0, 45.0 ], [ 135.0, 50.625 ], [ 123.75, 50.625 ] ] ] } },
{ "type": "Feature", "properties": { "dggal_gnosis": "4-7-38", "resolution": 4, "center_lat": 47.8125, "center_lon": 140.625, "avg_edge_len": 733117.47967860894, "cell_area": 525654360548.97266, "cell_perimeter": 2932469.9187144358 }, "geometry": { "type": "Polygon", "coordinates": [ [ [ 135.0, 50.625 ], [ 135.0, 45.0 ], [ 146.25, 45.0 ], [ 146.25, 50.625 ], [ 135.0, 50.625 ] ] ] } },
{ "type": "Feature", "properties": { "dggal_gnosis": "4-7-3A", "resolution": 4, "center_lat": 47.8125, "center_lon": 151.875, "avg_edge_len": 733117.4796786079, "cell_area": 525654360548.97168, "cell_perimeter": 2932469.9187144316 }, "geometry": { "type": "Polygon", "coordinates": [ [ [ 146.25, 50.625 ], [ 146.25, 45.0 ], [ 157.5, 45.0 ], [ 157.5, 50.625 ], [ 146.25, 50.625 ] ] ] } },
{ "type": "Feature", "properties": { "dggal_gnosis": "4-7-3C", "resolution": 4, "center_lat": 47.8125, "center_lon": 163.125, "avg_edge_len": 733117.4796786079, "cell_area": 525654360548.97168, "cell_perimeter": 2932469.9187144316 }, "geometry": { "type": "Polygon", "coordinates": [ [ [ 157.5, 50.625 ], [ 157.5, 45.0 ], [ 168.75, 45.0 ], [ 168.75, 50.625 ], [ 157.5, 50.625 ] ] ] } },
{ "type": "Feature", "properties": { "dggal_gnosis": "4-7-3E", "resolution": 4, "center_lat": 47.8125, "center_lon": 174.375, "avg_edge_len": 733117.47967860894, "cell_area": 525654360548.97266, "cell_perimeter": 2932469.9187144358 }, "geometry": { "type": "Polygon", "coordinates": [ [ [ 168.75, 50.625 ], [ 168.75, 45.0 ], [ 180.0, 45.0 ], [ 180.0, 50.625 ], [ 168.75, 50.625 ] ] ] } },
{ "type": "Feature", "properties": { "dggal_gnosis": "4-8-0", "resolution": 4, "center_lat": 42.1875, "center_lon": -177.1875, "avg_edge_len": 544413.35856852715, "cell_area": 290125609286.69922, "cell_perimeter": 2177653.4342741086 }, "geometry": { "type": "Polygon", "coordinates": [ [ [ -180.0, 45.0 ], [ -180.0, 39.375 ], [ -174.375, 39.375 ], [ -174.375, 45.0 ], [ -180.0, 45.0 ] ] ] } },
{ "type": "Feature", "properties": { "dggal_gnosis": "4-8-1", "resolution": 4, "center_lat": 42.1875, "center_lon": -171.5625, "avg_edge_len": 544413.35856852587, "cell_area": 290125609286.69775, "cell_perimeter": 2177653.4342741035 }, "geometry": { "type": "Polygon", "coordinates": [ [ [ -174.375, 45.0 ], [ -174.375, 39.375 ], [ -168.75, 39.375 ], [ -168.75, 45.0 ], [ -174.375, 45.0 ] ] ] } },
{ "type": "Feature", "properties": { "dggal_gnosis": "4-8-2", "resolution": 4, "center_lat": 42.1875, "center_lon": -165.9375, "avg_edge_len": 544413.35856852587, "cell_area": 290125609286.69775, "cell_perimeter": 2177653.4342741035 }, "geometry": { "type": "Polygon", "coordinates": [ [ [ -168.75, 45.0 ], [ -168.75, 39.375 ], [ -163.125, 39.375 ], [ -163.125, 45.0 ], [ -168.75, 45.0 ] ] ] } },
{ "type": "Feature", "properties": { "dggal_gnosis": "4-8-3", "resolution": 4, "center_lat": 42.1875, "center_lon": -160.3125, "avg_edge_len": 544413.35856852587, "cell_area": 290125609286.69775, "cell_perimeter": 2177653.4342741035 }, "geometry": { "type": "Polygon", "coordinates": [ [ [ -163.125, 45.0 ], [ -163.125, 39.375 ], [ -157.5, 39.375 ], [ -157.5, 45.0 ], [ -163.125, 45.0 ] ] ] } },
{ "type": "Feature", "properties": { "dggal_gnosis": "4-8-4", "resolution": 4, "center_lat": 42.1875, "center_lon": -154.6875, "avg_edge_len": 544413.35856852587, "cell_area": 290125609286.69775, "cell_perimeter": 2177653.4342741035 }, "geometry": { "type": "Polygon", "coordinates": [ [ [ -157.5, 45.0 ], [ -157.5, 39.375 ], [ -151.875, 39.375 ], [ -151.875, 45.0 ], [ -157.5, 45.0 ] ] ] } },
{ "type": "Feature", "properties": { "dggal_gnosis": "4-8-5", "resolution": 4, "center_lat": 42.1875, "center_lon": -149.0625, "avg_edge_len": 544413.35856852587, "cell_area": 290125609286.69775, "cell_perimeter": 2177653.4342741035 }, "geometry": { "type": "Polygon", "coordinates": [ [ [ -151.875, 45.0 ], [ -151.875, 39.375 ], [ -146.25, 39.375 ], [ -146.25, 45.0 ], [ -151.875, 45.0 ] ] ] } },
{ "type": "Feature", "properties": { "dggal_gnosis": "4-8-6", "resolution": 4, "center_lat": 42.1875, "center_lon": -143.4375, "avg_edge_len": 544413.35856852715, "cell_area": 290125609286.69922, "cell_perimeter": 2177653.4342741086 }, "geometry": { "type": "Polygon", "coordinates": [ [ [ -146.25, 45.0 ], [ -146.25, 39.375 ], [ -140.625, 39.375 ], [ -140.625, 45.0 ], [ -146.25, 45.0 ] ] ] } },
{ "type": "Feature", "properties": { "dggal_gnosis": "4-8-7", "resolution": 4, "center_lat": 42.1875, "center_lon": -137.8125, "avg_edge_len": 544413.35856852587, "cell_area": 290125609286.69775, "cell_perimeter": 2177653.4342741035 }, "geometry": { "type": "Polygon", "coordinates": [ [ [ -140.625, 45.0 ], [ -140.625, 39.375 ], [ -135.0, 39.375 ], [ -135.0, 45.0 ], [ -140.625, 45.0 ] ] ] } },
{ "type": "Feature", "properties": { "dggal_gnosis": "4-8-8", "resolution": 4, "center_lat": 42.1875, "center_lon": -132.1875, "avg_edge_len": 544413.35856852587, "cell_area": 290125609286.69775, "cell_perimeter": 2177653.4342741035 }, "geometry": { "type": "Polygon", "coordinates": [ [ [ -135.0, 45.0 ], [ -135.0, 39.375 ], [ -129.375, 39.375 ], [ -129.375, 45.0 ], [ -135.0, 45.0 ] ] ] } },
{ "type": "Feature", "properties": { "dggal_gnosis": "4-8-9", "resolution": 4, "center_lat": 42.1875, "center_lon": -126.5625, "avg_edge_len": 544413.35856852587, "cell_area": 290125609286.69775, "cell_perimeter": 2177653.4342741035 }, "geometry": { "type": "Polygon", "coordinates": [ [ [ -129.375, 45.0 ], [ -129.375, 39.375 ], [ -123.75, 39.375 ], [ -123.75, 45.0 ], [ -129.375, 45.0 ] ] ] } },
{ "type": "Feature", "properties": { "dggal_gnosis": "4-8-A", "resolution": 4, "center_lat": 42.1875, "center_lon": -120.9375, "avg_edge_len": 544413.35856852587, "cell_area": 290125609286.69775, "cell_perimeter": 2177653.4342741035 }, "geometry": { "type": "Polygon", "coordinates": [ [ [ -123.75, 45.0 ], [ -123.75, 39.375 ], [ -118.125, 39.375 ], [ -118.125, 45.0 ], [ -123.75, 45.0 ] ] ] } },
{ "type": "Feature", "properties": { "dggal_gnosis": "4-8-B", "resolution": 4, "center_lat": 42.1875, "center_lon": -115.3125, "avg_edge_len": 544413.35856852587, "cell_area": 290125609286.69775, "cell_perimeter": 2177653.4342741035 }, "geometry": { "type": "Polygon", "coordinates": [ [ [ -118.125, 45.0 ], [ -118.125, 39.375 ], [ -112.5, 39.375 ], [ -112.5, 45.0 ], [ -118.125, 45.0 ] ] ] } },
{ "type": "Feature", "properties": { "dggal_gnosis": "4-8-C", "resolution": 4, "center_lat": 42.1875, "center_lon": -109.6875, "avg_edge_len": 544413.35856852587, "cell_area": 290125609286.69775, "cell_perimeter": 2177653.4342741035 }, "geometry": { "type": "Polygon", "coordinates": [ [ [ -112.5, 45.0 ], [ -112.5, 39.375 ], [ -106.875, 39.375 ], [ -106.875, 45.0 ], [ -112.5, 45.0 ] ] ] } },
{ "type": "Feature", "properties": { "dggal_gnosis": "4-8-D", "resolution": 4, "center_lat": 42.1875, "center_lon": -104.0625, "avg_edge_len": 544413.35856852657, "cell_area": 290125609286.69873, "cell_perimeter": 2177653.4342741063 }, "geometry": { "type": "Polygon", "coordinates": [ [ [ -106.875, 45.0 ], [ -106.875, 39.375 ], [ -101.25, 39.375 ], [ -101.25, 45.0 ], [ -106.875, 45.0 ] ] ] } },
{ "type": "Feature", "properties": { "dggal_gnosis": "4-8-E", "resolution": 4, "center_lat": 42.1875, "center_lon": -98.4375, "avg_edge_len": 544413.35856852564, "cell_area": 290125609286.69727, "cell_perimeter": 2177653.4342741026 }, "geometry": { "type": "Polygon", "coordinates": [ [ [ -101.25, 45.0 ], [ -101.25, 39.375 ], [ -95.625, 39.375 ], [ -95.625, 45.0 ], [ -101.25, 45.0 ] ] ] } },
{ "type": "Feature", "properties": { "dggal_gnosis": "4-8-F", "resolution": 4, "center_lat": 42.1875, "center_lon": -92.8125, "avg_edge_len": 544413.35856852587, "cell_area": 290125609286.69775, "cell_perimeter": 2177653.4342741035 }, "geometry": { "type": "Polygon", "coordinates": [ [ [ -95.625, 45.0 ], [ -95.625, 39.375 ], [ -90.0, 39.375 ], [ -90.0, 45.0 ], [ -95.625, 45.0 ] ] ] } },
{ "type": "Feature", "properties": { "dggal_gnosis": "4-8-10", "resolution": 4, "center_lat": 42.1875, "center_lon": -87.1875, "avg_edge_len": 544413.35856852657, "cell_area": 290125609286.69873, "cell_perimeter": 2177653.4342741063 }, "geometry": { "type": "Polygon", "coordinates": [ [ [ -90.0, 45.0 ], [ -90.0, 39.375 ], [ -84.375, 39.375 ], [ -84.375, 45.0 ], [ -90.0, 45.0 ] ] ] } },
{ "type": "Feature", "properties": { "dggal_gnosis": "4-8-11", "resolution": 4, "center_lat": 42.1875, "center_lon": -81.5625, "avg_edge_len": 544413.35856852587, "cell_area": 290125609286.69775, "cell_perimeter": 2177653.4342741035 }, "geometry": { "type": "Polygon", "coordinates": [ [ [ -84.375, 45.0 ], [ -84.375, 39.375 ], [ -78.75, 39.375 ], [ -78.75, 45.0 ], [ -84.375, 45.0 ] ] ] } },
{ "type": "Feature", "properties": { "dggal_gnosis": "4-8-12", "resolution": 4, "center_lat": 42.1875, "center_lon": -75.9375, "avg_edge_len": 544413.35856852564, "cell_area": 290125609286.69727, "cell_perimeter": 2177653.4342741026 }, "geometry": { "type": "Polygon", "coordinates": [ [ [ -78.75, 45.0 ], [ -78.75, 39.375 ], [ -73.125, 39.375 ], [ -73.125, 45.0 ], [ -78.75, 45.0 ] ] ] } },
{ "type": "Feature", "properties": { "dggal_gnosis": "4-8-13", "resolution": 4, "center_lat": 42.1875, "center_lon": -70.3125, "avg_edge_len": 544413.35856852657, "cell_area": 290125609286.69873, "cell_perimeter": 2177653.4342741063 }, "geometry": { "type": "Polygon", "coordinates": [ [ [ -73.125, 45.0 ], [ -73.125, 39.375 ], [ -67.5, 39.375 ], [ -67.5, 45.0 ], [ -73.125, 45.0 ] ] ] } },
{ "type": "Feature", "properties": { "dggal_gnosis": "4-8-14", "resolution": 4, "center_lat": 42.1875, "center_lon": -64.6875, "avg_edge_len": 544413.35856852587, "cell_area": 290125609286.69775, "cell_perimeter": 2177653.4342741035 }, "geometry": { "type": "Polygon", "coordinates": [ [ [ -67.5, 45.0 ], [ -67.5, 39.375 ], [ -61.875, 39.375 ], [ -61.875, 45.0 ], [ -67.5, 45.0 ] ] ] } },
{ "type": "Feature", "properties": { "dggal_gnosis": "4-8-15", "resolution": 4, "center_lat": 42.1875, "center_lon": -59.0625, "avg_edge_len": 544413.35856852587, "cell_area": 290125609286.69775, "cell_perimeter": 2177653.4342741035 }, "geometry": { "type": "Polygon", "coordinates": [ [ [ -61.875, 45.0 ], [ -61.875, 39.375 ], [ -56.25, 39.375 ], [ -56.25, 45.0 ], [ -61.875, 45.0 ] ] ] } },
{ "type": "Feature", "properties": { "dggal_gnosis": "4-8-16", "resolution": 4, "center_lat": 42.1875, "center_lon": -53.4375, "avg_edge_len": 544413.35856852587, "cell_area": 290125609286.69775, "cell_perimeter": 2177653.4342741035 }, "geometry": { "type": "Polygon", "coordinates": [ [ [ -56.25, 45.0 ], [ -56.25, 39.375 ], [ -50.625, 39.375 ], [ -50.625, 45.0 ], [ -56.25, 45.0 ] ] ] } },
{ "type": "Feature", "properties": { "dggal_gnosis": "4-8-17", "resolution": 4, "center_lat": 42.1875, "center_lon": -47.8125, "avg_edge_len": 544413.35856852587, "cell_area": 290125609286.69775, "cell_perimeter": 2177653.4342741035 }, "geometry": { "type": "Polygon", "coordinates": [ [ [ -50.625, 45.0 ], [ -50.625, 39.375 ], [ -45.0, 39.375 ], [ -45.0, 45.0 ], [ -50.625, 45.0 ] ] ] } },
{ "type": "Feature", "properties": { "dggal_gnosis": "4-8-18", "resolution": 4, "center_lat": 42.1875, "center_lon": -42.1875, "avg_edge_len": 544413.35856852587, "cell_area": 290125609286.69775, "cell_perimeter": 2177653.4342741035 }, "geometry": { "type": "Polygon", "coordinates": [ [ [ -45.0, 45.0 ], [ -45.0, 39.375 ], [ -39.375, 39.375 ], [ -39.375, 45.0 ], [ -45.0, 45.0 ] ] ] } },
{ "type": "Feature", "properties": { "dggal_gnosis": "4-8-19", "resolution": 4, "center_lat": 42.1875, "center_lon": -36.5625, "avg_edge_len": 544413.35856852587, "cell_area": 290125609286.69775, "cell_perimeter": 2177653.4342741035 }, "geometry": { "type": "Polygon", "coordinates": [ [ [ -39.375, 45.0 ], [ -39.375, 39.375 ], [ -33.75, 39.375 ], [ -33.75, 45.0 ], [ -39.375, 45.0 ] ] ] } },
{ "type": "Feature", "properties": { "dggal_gnosis": "4-8-1A", "resolution": 4, "center_lat": 42.1875, "center_lon": -30.9375, "avg_edge_len": 544413.35856852576, "cell_area": 290125609286.69824, "cell_perimeter": 2177653.434274103 }, "geometry": { "type": "Polygon", "coordinates": [ [ [ -33.75, 45.0 ], [ -33.75, 39.375 ], [ -28.125, 39.375 ], [ -28.125, 45.0 ], [ -33.75, 45.0 ] ] ] } },
{ "type": "Feature", "properties": { "dggal_gnosis": "4-8-1B", "resolution": 4, "center_lat": 42.1875, "center_lon": -25.3125, "avg_edge_len": 544413.35856852587, "cell_area": 290125609286.69775, "cell_perimeter": 2177653.4342741035 }, "geometry": { "type": "Polygon", "coordinates": [ [ [ -28.125, 45.0 ], [ -28.125, 39.375 ], [ -22.5, 39.375 ], [ -22.5, 45.0 ], [ -28.125, 45.0 ] ] ] } },
{ "type": "Feature", "properties": { "dggal_gnosis": "4-8-1C", "resolution": 4, "center_lat": 42.1875, "center_lon": -19.6875, "avg_edge_len": 544413.35856852587, "cell_area": 290125609286.69775, "cell_perimeter": 2177653.4342741035 }, "geometry": { "type": "Polygon", "coordinates": [ [ [ -22.5, 45.0 ], [ -22.5, 39.375 ], [ -16.875, 39.375 ], [ -16.875, 45.0 ], [ -22.5, 45.0 ] ] ] } },
{ "type": "Feature", "properties": { "dggal_gnosis": "4-8-1D", "resolution": 4, "center_lat": 42.1875, "center_lon": -14.0625, "avg_edge_len": 544413.35856852576, "cell_area": 290125609286.69824, "cell_perimeter": 2177653.434274103 }, "geometry": { "type": "Polygon", "coordinates": [ [ [ -16.875, 45.0 ], [ -16.875, 39.375 ], [ -11.25, 39.375 ], [ -11.25, 45.0 ], [ -16.875, 45.0 ] ] ] } },
{ "type": "Feature", "properties": { "dggal_gnosis": "4-8-1E", "resolution": 4, "center_lat": 42.1875, "center_lon": -8.4375, "avg_edge_len": 544413.35856852611, "cell_area": 290125609286.69775, "cell_perimeter": 2177653.4342741044 }, "geometry": { "type": "Polygon", "coordinates": [ [ [ -11.25, 45.0 ], [ -11.25, 39.375 ], [ -5.625, 39.375 ], [ -5.625, 45.0 ], [ -11.25, 45.0 ] ] ] } },
{ "type": "Feature", "properties": { "dggal_gnosis": "4-8-1F", "resolution": 4, "center_lat": 42.1875, "center_lon": -2.8125, "avg_edge_len": 544413.35856852611, "cell_area": 290125609286.69775, "cell_perimeter": 2177653.4342741044 }, "geometry": { "type": "Polygon", "coordinates": [ [ [ -5.625, 45.0 ], [ -5.625, 39.375 ], [ -0.0, 39.375 ], [ -0.0, 45.0 ], [ -5.625, 45.0 ] ] ] } },
{ "type": "Feature", "properties": { "dggal_gnosis": "4-8-20", "resolution": 4, "center_lat": 42.1875, "center_lon": 2.8125, "avg_edge_len": 544413.35856852611, "cell_area": 290125609286.69775, "cell_perimeter": 2177653.4342741044 }, "geometry": { "type": "Polygon", "coordinates": [ [ [ 0.0, 45.0 ], [ 0.0, 39.375 ], [ 5.625, 39.375 ], [ 5.625, 45.0 ], [ 0.0, 45.0 ] ] ] } },
{ "type": "Feature", "properties": { "dggal_gnosis": "4-8-21", "resolution": 4, "center_lat": 42.1875, "center_lon": 8.4375, "avg_edge_len": 544413.35856852587, "cell_area": 290125609286.69775, "cell_perimeter": 2177653.4342741035 }, "geometry": { "type": "Polygon", "coordinates": [ [ [ 5.625, 45.0 ], [ 5.625, 39.375 ], [ 11.25, 39.375 ], [ 11.25, 45.0 ], [ 5.625, 45.0 ] ] ] } },
{ "type": "Feature", "properties": { "dggal_gnosis": "4-8-22", "resolution": 4, "center_lat": 42.1875, "center_lon": 14.0625, "avg_edge_len": 544413.35856852611, "cell_area": 290125609286.69775, "cell_perimeter": 2177653.4342741044 }, "geometry": { "type": "Polygon", "coordinates": [ [ [ 11.25, 45.0 ], [ 11.25, 39.375 ], [ 16.875, 39.375 ], [ 16.875, 45.0 ], [ 11.25, 45.0 ] ] ] } },
{ "type": "Feature", "properties": { "dggal_gnosis": "4-8-23", "resolution": 4, "center_lat": 42.1875, "center_lon": 19.6875, "avg_edge_len": 544413.35856852587, "cell_area": 290125609286.69775, "cell_perimeter": 2177653.4342741035 }, "geometry": { "type": "Polygon", "coordinates": [ [ [ 16.875, 45.0 ], [ 16.875, 39.375 ], [ 22.5, 39.375 ], [ 22.5, 45.0 ], [ 16.875, 45.0 ] ] ] } },
{ "type": "Feature", "properties": { "dggal_gnosis": "4-8-24", "resolution": 4, "center_lat": 42.1875, "center_lon": 25.3125, "avg_edge_len": 544413.35856852576, "cell_area": 290125609286.69824, "cell_perimeter": 2177653.434274103 }, "geometry": { "type": "Polygon", "coordinates": [ [ [ 22.5, 45.0 ], [ 22.5, 39.375 ], [ 28.125, 39.375 ], [ 28.125, 45.0 ], [ 22.5, 45.0 ] ] ] } },
{ "type": "Feature", "properties": { "dggal_gnosis": "4-8-25", "resolution": 4, "center_lat": 42.1875, "center_lon": 30.9375, "avg_edge_len": 544413.35856852576, "cell_area": 290125609286.69824, "cell_perimeter": 2177653.434274103 }, "geometry": { "type": "Polygon", "coordinates": [ [ [ 28.125, 45.0 ], [ 28.125, 39.375 ], [ 33.75, 39.375 ], [ 33.75, 45.0 ], [ 28.125, 45.0 ] ] ] } },
{ "type": "Feature", "properties": { "dggal_gnosis": "4-8-26", "resolution": 4, "center_lat": 42.1875, "center_lon": 36.5625, "avg_edge_len": 544413.35856852587, "cell_area": 290125609286.69775, "cell_perimeter": 2177653.4342741035 }, "geometry": { "type": "Polygon", "coordinates": [ [ [ 33.75, 45.0 ], [ 33.75, 39.375 ], [ 39.375, 39.375 ], [ 39.375, 45.0 ], [ 33.75, 45.0 ] ] ] } },
{ "type": "Feature", "properties": { "dggal_gnosis": "4-8-27", "resolution": 4, "center_lat": 42.1875, "center_lon": 42.1875, "avg_edge_len": 544413.35856852587, "cell_area": 290125609286.69775, "cell_perimeter": 2177653.4342741035 }, "geometry": { "type": "Polygon", "coordinates": [ [ [ 39.375, 45.0 ], [ 39.375, 39.375 ], [ 45.0, 39.375 ], [ 45.0, 45.0 ], [ 39.375, 45.0 ] ] ] } },
{ "type": "Feature", "properties": { "dggal_gnosis": "4-8-28", "resolution": 4, "center_lat": 42.1875, "center_lon": 47.8125, "avg_edge_len": 544413.35856852587, "cell_area": 290125609286.69775, "cell_perimeter": 2177653.4342741035 }, "geometry": { "type": "Polygon", "coordinates": [ [ [ 45.0, 45.0 ], [ 45.0, 39.375 ], [ 50.625, 39.375 ], [ 50.625, 45.0 ], [ 45.0, 45.0 ] ] ] } },
{ "type": "Feature", "properties": { "dggal_gnosis": "4-8-29", "resolution": 4, "center_lat": 42.1875, "center_lon": 53.4375, "avg_edge_len": 544413.35856852587, "cell_area": 290125609286.69775, "cell_perimeter": 2177653.4342741035 }, "geometry": { "type": "Polygon", "coordinates": [ [ [ 50.625, 45.0 ], [ 50.625, 39.375 ], [ 56.25, 39.375 ], [ 56.25, 45.0 ], [ 50.625, 45.0 ] ] ] } },
{ "type": "Feature", "properties": { "dggal_gnosis": "4-8-2A", "resolution": 4, "center_lat": 42.1875, "center_lon": 59.0625, "avg_edge_len": 544413.35856852587, "cell_area": 290125609286.69775, "cell_perimeter": 2177653.4342741035 }, "geometry": { "type": "Polygon", "coordinates": [ [ [ 56.25, 45.0 ], [ 56.25, 39.375 ], [ 61.875, 39.375 ], [ 61.875, 45.0 ], [ 56.25, 45.0 ] ] ] } },
{ "type": "Feature", "properties": { "dggal_gnosis": "4-8-2B", "resolution": 4, "center_lat": 42.1875, "center_lon": 64.6875, "avg_edge_len": 544413.35856852587, "cell_area": 290125609286.69775, "cell_perimeter": 2177653.4342741035 }, "geometry": { "type": "Polygon", "coordinates": [ [ [ 61.875, 45.0 ], [ 61.875, 39.375 ], [ 67.5, 39.375 ], [ 67.5, 45.0 ], [ 61.875, 45.0 ] ] ] } },
{ "type": "Feature", "properties": { "dggal_gnosis": "4-8-2C", "resolution": 4, "center_lat": 42.1875, "center_lon": 70.3125, "avg_edge_len": 544413.35856852657, "cell_area": 290125609286.69873, "cell_perimeter": 2177653.4342741063 }, "geometry": { "type": "Polygon", "coordinates": [ [ [ 67.5, 45.0 ], [ 67.5, 39.375 ], [ 73.125, 39.375 ], [ 73.125, 45.0 ], [ 67.5, 45.0 ] ] ] } },
{ "type": "Feature", "properties": { "dggal_gnosis": "4-8-2D", "resolution": 4, "center_lat": 42.1875, "center_lon": 75.9375, "avg_edge_len": 544413.35856852587, "cell_area": 290125609286.69775, "cell_perimeter": 2177653.4342741035 }, "geometry": { "type": "Polygon", "coordinates": [ [ [ 73.125, 45.0 ], [ 73.125, 39.375 ], [ 78.75, 39.375 ], [ 78.75, 45.0 ], [ 73.125, 45.0 ] ] ] } },
{ "type": "Feature", "properties": { "dggal_gnosis": "4-8-2E", "resolution": 4, "center_lat": 42.1875, "center_lon": 81.5625, "avg_edge_len": 544413.35856852587, "cell_area": 290125609286.69775, "cell_perimeter": 2177653.4342741035 }, "geometry": { "type": "Polygon", "coordinates": [ [ [ 78.75, 45.0 ], [ 78.75, 39.375 ], [ 84.375, 39.375 ], [ 84.375, 45.0 ], [ 78.75, 45.0 ] ] ] } },
{ "type": "Feature", "properties": { "dggal_gnosis": "4-8-2F", "resolution": 4, "center_lat": 42.1875, "center_lon": 87.1875, "avg_edge_len": 544413.35856852587, "cell_area": 290125609286.69775, "cell_perimeter": 2177653.4342741035 }, "geometry": { "type": "Polygon", "coordinates": [ [ [ 84.375, 45.0 ], [ 84.375, 39.375 ], [ 90.0, 39.375 ], [ 90.0, 45.0 ], [ 84.375, 45.0 ] ] ] } },
{ "type": "Feature", "properties": { "dggal_gnosis": "4-8-30", "resolution": 4, "center_lat": 42.1875, "center_lon": 92.8125, "avg_edge_len": 544413.35856852587, "cell_area": 290125609286.69775, "cell_perimeter": 2177653.4342741035 }, "geometry": { "type": "Polygon", "coordinates": [ [ [ 90.0, 45.0 ], [ 90.0, 39.375 ], [ 95.625, 39.375 ], [ 95.625, 45.0 ], [ 90.0, 45.0 ] ] ] } },
{ "type": "Feature", "properties": { "dggal_gnosis": "4-8-31", "resolution": 4, "center_lat": 42.1875, "center_lon": 98.4375, "avg_edge_len": 544413.35856852587, "cell_area": 290125609286.69775, "cell_perimeter": 2177653.4342741035 }, "geometry": { "type": "Polygon", "coordinates": [ [ [ 95.625, 45.0 ], [ 95.625, 39.375 ], [ 101.25, 39.375 ], [ 101.25, 45.0 ], [ 95.625, 45.0 ] ] ] } },
{ "type": "Feature", "properties": { "dggal_gnosis": "4-8-32", "resolution": 4, "center_lat": 42.1875, "center_lon": 104.0625, "avg_edge_len": 544413.35856852657, "cell_area": 290125609286.69873, "cell_perimeter": 2177653.4342741063 }, "geometry": { "type": "Polygon", "coordinates": [ [ [ 101.25, 45.0 ], [ 101.25, 39.375 ], [ 106.875, 39.375 ], [ 106.875, 45.0 ], [ 101.25, 45.0 ] ] ] } },
{ "type": "Feature", "properties": { "dggal_gnosis": "4-8-33", "resolution": 4, "center_lat": 42.1875, "center_lon": 109.6875, "avg_edge_len": 544413.35856852587, "cell_area": 290125609286.69775, "cell_perimeter": 2177653.4342741035 }, "geometry": { "type": "Polygon", "coordinates": [ [ [ 106.875, 45.0 ], [ 106.875, 39.375 ], [ 112.5, 39.375 ], [ 112.5, 45.0 ], [ 106.875, 45.0 ] ] ] } },
{ "type": "Feature", "properties": { "dggal_gnosis": "4-8-34", "resolution": 4, "center_lat": 42.1875, "center_lon": 115.3125, "avg_edge_len": 544413.35856852587, "cell_area": 290125609286.69775, "cell_perimeter": 2177653.4342741035 }, "geometry": { "type": "Polygon", "coordinates": [ [ [ 112.5, 45.0 ], [ 112.5, 39.375 ], [ 118.125, 39.375 ], [ 118.125, 45.0 ], [ 112.5, 45.0 ] ] ] } },
{ "type": "Feature", "properties": { "dggal_gnosis": "4-8-35", "resolution": 4, "center_lat": 42.1875, "center_lon": 120.9375, "avg_edge_len": 544413.35856852657, "cell_area": 290125609286.69873, "cell_perimeter": 2177653.4342741063 }, "geometry": { "type": "Polygon", "coordinates": [ [ [ 118.125, 45.0 ], [ 118.125, 39.375 ], [ 123.75, 39.375 ], [ 123.75, 45.0 ], [ 118.125, 45.0 ] ] ] } },
{ "type": "Feature", "properties": { "dggal_gnosis": "4-8-36", "resolution": 4, "center_lat": 42.1875, "center_lon": 126.5625, "avg_edge_len": 544413.35856852587, "cell_area": 290125609286.69775, "cell_perimeter": 2177653.4342741035 }, "geometry": { "type": "Polygon", "coordinates": [ [ [ 123.75, 45.0 ], [ 123.75, 39.375 ], [ 129.375, 39.375 ], [ 129.375, 45.0 ], [ 123.75, 45.0 ] ] ] } },
{ "type": "Feature", "properties": { "dggal_gnosis": "4-8-37", "resolution": 4, "center_lat": 42.1875, "center_lon": 132.1875, "avg_edge_len": 544413.35856852587, "cell_area": 290125609286.69775, "cell_perimeter": 2177653.4342741035 }, "geometry": { "type": "Polygon", "coordinates": [ [ [ 129.375, 45.0 ], [ 129.375, 39.375 ], [ 135.0, 39.375 ], [ 135.0, 45.0 ], [ 129.375, 45.0 ] ] ] } },
{ "type": "Feature", "properties": { "dggal_gnosis": "4-8-38", "resolution": 4, "center_lat": 42.1875, "center_lon": 137.8125, "avg_edge_len": 544413.35856852587, "cell_area": 290125609286.69775, "cell_perimeter": 2177653.4342741035 }, "geometry": { "type": "Polygon", "coordinates": [ [ [ 135.0, 45.0 ], [ 135.0, 39.375 ], [ 140.625, 39.375 ], [ 140.625, 45.0 ], [ 135.0, 45.0 ] ] ] } },
{ "type": "Feature", "properties": { "dggal_gnosis": "4-8-39", "resolution": 4, "center_lat": 42.1875, "center_lon": 143.4375, "avg_edge_len": 544413.35856852715, "cell_area": 290125609286.69922, "cell_perimeter": 2177653.4342741086 }, "geometry": { "type": "Polygon", "coordinates": [ [ [ 140.625, 45.0 ], [ 140.625, 39.375 ], [ 146.25, 39.375 ], [ 146.25, 45.0 ], [ 140.625, 45.0 ] ] ] } },
{ "type": "Feature", "properties": { "dggal_gnosis": "4-8-3A", "resolution": 4, "center_lat": 42.1875, "center_lon": 149.0625, "avg_edge_len": 544413.35856852587, "cell_area": 290125609286.69775, "cell_perimeter": 2177653.4342741035 }, "geometry": { "type": "Polygon", "coordinates": [ [ [ 146.25, 45.0 ], [ 146.25, 39.375 ], [ 151.875, 39.375 ], [ 151.875, 45.0 ], [ 146.25, 45.0 ] ] ] } },
{ "type": "Feature", "properties": { "dggal_gnosis": "4-8-3B", "resolution": 4, "center_lat": 42.1875, "center_lon": 154.6875, "avg_edge_len": 544413.35856852587, "cell_area": 290125609286.69775, "cell_perimeter": 2177653.4342741035 }, "geometry": { "type": "Polygon", "coordinates": [ [ [ 151.875, 45.0 ], [ 151.875, 39.375 ], [ 157.5, 39.375 ], [ 157.5, 45.0 ], [ 151.875, 45.0 ] ] ] } },
{ "type": "Feature", "properties": { "dggal_gnosis": "4-8-3C", "resolution": 4, "center_lat": 42.1875, "center_lon": 160.3125, "avg_edge_len": 544413.35856852587, "cell_area": 290125609286.69775, "cell_perimeter": 2177653.4342741035 }, "geometry": { "type": "Polygon", "coordinates": [ [ [ 157.5, 45.0 ], [ 157.5, 39.375 ], [ 163.125, 39.375 ], [ 163.125, 45.0 ], [ 157.5, 45.0 ] ] ] } },
{ "type": "Feature", "properties": { "dggal_gnosis": "4-8-3D", "resolution": 4, "center_lat": 42.1875, "center_lon": 165.9375, "avg_edge_len": 544413.35856852587, "cell_area": 290125609286.69775, "cell_perimeter": 2177653.4342741035 }, "geometry": { "type": "Polygon", "coordinates": [ [ [ 163.125, 45.0 ], [ 163.125, 39.375 ], [ 168.75, 39.375 ], [ 168.75, 45.0 ], [ 163.125, 45.0 ] ] ] } },
{ "type": "Feature", "properties": { "dggal_gnosis": "4-8-3E", "resolution": 4, "center_lat": 42.1875, "center_lon": 171.5625, "avg_edge_len": 544413.35856852587, "cell_area": 290125609286.69775, "cell_perimeter": 2177653.4342741035 }, "geometry": { "type": "Polygon", "coordinates": [ [ [ 168.75, 45.0 ], [ 168.75, 39.375 ], [ 174.375, 39.375 ], [ 174.375, 45.0 ], [ 168.75, 45.0 ] ] ] } },
{ "type": "Feature", "properties": { "dggal_gnosis": "4-8-3F", "resolution": 4, "center_lat": 42.1875, "center_lon": 177.1875, "avg_edge_len": 544413.35856852587, "cell_area": 290125609286.69775, "cell_perimeter": 2177653.4342741035 }, "geometry": { "type": "Polygon", "coordinates": [ [ [ 174.375, 45.0 ], [ 174.375, 39.375 ], [ 180.0, 39.375 ], [ 180.0, 45.0 ], [ 174.375, 45.0 ] ] ] } },
{ "type": "Feature", "properties": { "dggal_gnosis": "4-9-0", "resolution": 4, "center_lat": 36.5625, "center_lon": -177.1875, "avg_edge_len": 563534.8071574691, "cell_area": 314171066972.7627, "cell_perimeter": 2254139.2286298764 }, "geometry": { "type": "Polygon", "coordinates": [ [ [ -180.0, 39.375 ], [ -180.0, 33.75 ], [ -174.375, 33.75 ], [ -174.375, 39.375 ], [ -180.0, 39.375 ] ] ] } },
{ "type": "Feature", "properties": { "dggal_gnosis": "4-9-1", "resolution": 4, "center_lat": 36.5625, "center_lon": -171.5625, "avg_edge_len": 563534.80715746805, "cell_area": 314171066972.76074, "cell_perimeter": 2254139.2286298722 }, "geometry": { "type": "Polygon", "coordinates": [ [ [ -174.375, 39.375 ], [ -174.375, 33.75 ], [ -168.75, 33.75 ], [ -168.75, 39.375 ], [ -174.375, 39.375 ] ] ] } },
{ "type": "Feature", "properties": { "dggal_gnosis": "4-9-2", "resolution": 4, "center_lat": 36.5625, "center_lon": -165.9375, "avg_edge_len": 563534.80715746805, "cell_area": 314171066972.76074, "cell_perimeter": 2254139.2286298722 }, "geometry": { "type": "Polygon", "coordinates": [ [ [ -168.75, 39.375 ], [ -168.75, 33.75 ], [ -163.125, 33.75 ], [ -163.125, 39.375 ], [ -168.75, 39.375 ] ] ] } },
{ "type": "Feature", "properties": { "dggal_gnosis": "4-9-3", "resolution": 4, "center_lat": 36.5625, "center_lon": -160.3125, "avg_edge_len": 563534.80715746805, "cell_area": 314171066972.76074, "cell_perimeter": 2254139.2286298722 }, "geometry": { "type": "Polygon", "coordinates": [ [ [ -163.125, 39.375 ], [ -163.125, 33.75 ], [ -157.5, 33.75 ], [ -157.5, 39.375 ], [ -163.125, 39.375 ] ] ] } },
{ "type": "Feature", "properties": { "dggal_gnosis": "4-9-4", "resolution": 4, "center_lat": 36.5625, "center_lon": -154.6875, "avg_edge_len": 563534.80715746805, "cell_area": 314171066972.76074, "cell_perimeter": 2254139.2286298722 }, "geometry": { "type": "Polygon", "coordinates": [ [ [ -157.5, 39.375 ], [ -157.5, 33.75 ], [ -151.875, 33.75 ], [ -151.875, 39.375 ], [ -157.5, 39.375 ] ] ] } },
{ "type": "Feature", "properties": { "dggal_gnosis": "4-9-5", "resolution": 4, "center_lat": 36.5625, "center_lon": -149.0625, "avg_edge_len": 563534.80715746805, "cell_area": 314171066972.76074, "cell_perimeter": 2254139.2286298722 }, "geometry": { "type": "Polygon", "coordinates": [ [ [ -151.875, 39.375 ], [ -151.875, 33.75 ], [ -146.25, 33.75 ], [ -146.25, 39.375 ], [ -151.875, 39.375 ] ] ] } },
{ "type": "Feature", "properties": { "dggal_gnosis": "4-9-6", "resolution": 4, "center_lat": 36.5625, "center_lon": -143.4375, "avg_edge_len": 563534.8071574691, "cell_area": 314171066972.7627, "cell_perimeter": 2254139.2286298764 }, "geometry": { "type": "Polygon", "coordinates": [ [ [ -146.25, 39.375 ], [ -146.25, 33.75 ], [ -140.625, 33.75 ], [ -140.625, 39.375 ], [ -146.25, 39.375 ] ] ] } },
{ "type": "Feature", "properties": { "dggal_gnosis": "4-9-7", "resolution": 4, "center_lat": 36.5625, "center_lon": -137.8125, "avg_edge_len": 563534.80715746805, "cell_area": 314171066972.76074, "cell_perimeter": 2254139.2286298722 }, "geometry": { "type": "Polygon", "coordinates": [ [ [ -140.625, 39.375 ], [ -140.625, 33.75 ], [ -135.0, 33.75 ], [ -135.0, 39.375 ], [ -140.625, 39.375 ] ] ] } },
{ "type": "Feature", "properties": { "dggal_gnosis": "4-9-8", "resolution": 4, "center_lat": 36.5625, "center_lon": -132.1875, "avg_edge_len": 563534.80715746805, "cell_area": 314171066972.76074, "cell_perimeter": 2254139.2286298722 }, "geometry": { "type": "Polygon", "coordinates": [ [ [ -135.0, 39.375 ], [ -135.0, 33.75 ], [ -129.375, 33.75 ], [ -129.375, 39.375 ], [ -135.0, 39.375 ] ] ] } },
{ "type": "Feature", "properties": { "dggal_gnosis": "4-9-9", "resolution": 4, "center_lat": 36.5625, "center_lon": -126.5625, "avg_edge_len": 563534.80715746805, "cell_area": 314171066972.76074, "cell_perimeter": 2254139.2286298722 }, "geometry": { "type": "Polygon", "coordinates": [ [ [ -129.375, 39.375 ], [ -129.375, 33.75 ], [ -123.75, 33.75 ], [ -123.75, 39.375 ], [ -129.375, 39.375 ] ] ] } },
{ "type": "Feature", "properties": { "dggal_gnosis": "4-9-A", "resolution": 4, "center_lat": 36.5625, "center_lon": -120.9375, "avg_edge_len": 563534.80715746805, "cell_area": 314171066972.76074, "cell_perimeter": 2254139.2286298722 }, "geometry": { "type": "Polygon", "coordinates": [ [ [ -123.75, 39.375 ], [ -123.75, 33.75 ], [ -118.125, 33.75 ], [ -118.125, 39.375 ], [ -123.75, 39.375 ] ] ] } },
{ "type": "Feature", "properties": { "dggal_gnosis": "4-9-B", "resolution": 4, "center_lat": 36.5625, "center_lon": -115.3125, "avg_edge_len": 563534.80715746805, "cell_area": 314171066972.76074, "cell_perimeter": 2254139.2286298722 }, "geometry": { "type": "Polygon", "coordinates": [ [ [ -118.125, 39.375 ], [ -118.125, 33.75 ], [ -112.5, 33.75 ], [ -112.5, 39.375 ], [ -118.125, 39.375 ] ] ] } },
{ "type": "Feature", "properties": { "dggal_gnosis": "4-9-C", "resolution": 4, "center_lat": 36.5625, "center_lon": -109.6875, "avg_edge_len": 563534.80715746805, "cell_area": 314171066972.76074, "cell_perimeter": 2254139.2286298722 }, "geometry": { "type": "Polygon", "coordinates": [ [ [ -112.5, 39.375 ], [ -112.5, 33.75 ], [ -106.875, 33.75 ], [ -106.875, 39.375 ], [ -112.5, 39.375 ] ] ] } },
{ "type": "Feature", "properties": { "dggal_gnosis": "4-9-D", "resolution": 4, "center_lat": 36.5625, "center_lon": -104.0625, "avg_edge_len": 563534.80715746875, "cell_area": 314171066972.76123, "cell_perimeter": 2254139.228629875 }, "geometry": { "type": "Polygon", "coordinates": [ [ [ -106.875, 39.375 ], [ -106.875, 33.75 ], [ -101.25, 33.75 ], [ -101.25, 39.375 ], [ -106.875, 39.375 ] ] ] } },
{ "type": "Feature", "properties": { "dggal_gnosis": "4-9-E", "resolution": 4, "center_lat": 36.5625, "center_lon": -98.4375, "avg_edge_len": 563534.80715746747, "cell_area": 314171066972.75977, "cell_perimeter": 2254139.2286298699 }, "geometry": { "type": "Polygon", "coordinates": [ [ [ -101.25, 39.375 ], [ -101.25, 33.75 ], [ -95.625, 33.75 ], [ -95.625, 39.375 ], [ -101.25, 39.375 ] ] ] } },
{ "type": "Feature", "properties": { "dggal_gnosis": "4-9-F", "resolution": 4, "center_lat": 36.5625, "center_lon": -92.8125, "avg_edge_len": 563534.80715746805, "cell_area": 314171066972.76074, "cell_perimeter": 2254139.2286298722 }, "geometry": { "type": "Polygon", "coordinates": [ [ [ -95.625, 39.375 ], [ -95.625, 33.75 ], [ -90.0, 33.75 ], [ -90.0, 39.375 ], [ -95.625, 39.375 ] ] ] } },
{ "type": "Feature", "properties": { "dggal_gnosis": "4-9-10", "resolution": 4, "center_lat": 36.5625, "center_lon": -87.1875, "avg_edge_len": 563534.80715746875, "cell_area": 314171066972.76123, "cell_perimeter": 2254139.228629875 }, "geometry": { "type": "Polygon", "coordinates": [ [ [ -90.0, 39.375 ], [ -90.0, 33.75 ], [ -84.375, 33.75 ], [ -84.375, 39.375 ], [ -90.0, 39.375 ] ] ] } },
{ "type": "Feature", "properties": { "dggal_gnosis": "4-9-11", "resolution": 4, "center_lat": 36.5625, "center_lon": -81.5625, "avg_edge_len": 563534.80715746805, "cell_area": 314171066972.76074, "cell_perimeter": 2254139.2286298722 }, "geometry": { "type": "Polygon", "coordinates": [ [ [ -84.375, 39.375 ], [ -84.375, 33.75 ], [ -78.75, 33.75 ], [ -78.75, 39.375 ], [ -84.375, 39.375 ] ] ] } },
{ "type": "Feature", "properties": { "dggal_gnosis": "4-9-12", "resolution": 4, "center_lat": 36.5625, "center_lon": -75.9375, "avg_edge_len": 563534.80715746747, "cell_area": 314171066972.75977, "cell_perimeter": 2254139.2286298699 }, "geometry": { "type": "Polygon", "coordinates": [ [ [ -78.75, 39.375 ], [ -78.75, 33.75 ], [ -73.125, 33.75 ], [ -73.125, 39.375 ], [ -78.75, 39.375 ] ] ] } },
{ "type": "Feature", "properties": { "dggal_gnosis": "4-9-13", "resolution": 4, "center_lat": 36.5625, "center_lon": -70.3125, "avg_edge_len": 563534.80715746875, "cell_area": 314171066972.76123, "cell_perimeter": 2254139.228629875 }, "geometry": { "type": "Polygon", "coordinates": [ [ [ -73.125, 39.375 ], [ -73.125, 33.75 ], [ -67.5, 33.75 ], [ -67.5, 39.375 ], [ -73.125, 39.375 ] ] ] } },
{ "type": "Feature", "properties": { "dggal_gnosis": "4-9-14", "resolution": 4, "center_lat": 36.5625, "center_lon": -64.6875, "avg_edge_len": 563534.80715746805, "cell_area": 314171066972.76074, "cell_perimeter": 2254139.2286298722 }, "geometry": { "type": "Polygon", "coordinates": [ [ [ -67.5, 39.375 ], [ -67.5, 33.75 ], [ -61.875, 33.75 ], [ -61.875, 39.375 ], [ -67.5, 39.375 ] ] ] } },
{ "type": "Feature", "properties": { "dggal_gnosis": "4-9-15", "resolution": 4, "center_lat": 36.5625, "center_lon": -59.0625, "avg_edge_len": 563534.80715746805, "cell_area": 314171066972.76074, "cell_perimeter": 2254139.2286298722 }, "geometry": { "type": "Polygon", "coordinates": [ [ [ -61.875, 39.375 ], [ -61.875, 33.75 ], [ -56.25, 33.75 ], [ -56.25, 39.375 ], [ -61.875, 39.375 ] ] ] } },
{ "type": "Feature", "properties": { "dggal_gnosis": "4-9-16", "resolution": 4, "center_lat": 36.5625, "center_lon": -53.4375, "avg_edge_len": 563534.80715746805, "cell_area": 314171066972.76074, "cell_perimeter": 2254139.2286298722 }, "geometry": { "type": "Polygon", "coordinates": [ [ [ -56.25, 39.375 ], [ -56.25, 33.75 ], [ -50.625, 33.75 ], [ -50.625, 39.375 ], [ -56.25, 39.375 ] ] ] } },
{ "type": "Feature", "properties": { "dggal_gnosis": "4-9-17", "resolution": 4, "center_lat": 36.5625, "center_lon": -47.8125, "avg_edge_len": 563534.80715746782, "cell_area": 314171066972.76025, "cell_perimeter": 2254139.2286298713 }, "geometry": { "type": "Polygon", "coordinates": [ [ [ -50.625, 39.375 ], [ -50.625, 33.75 ], [ -45.0, 33.75 ], [ -45.0, 39.375 ], [ -50.625, 39.375 ] ] ] } },
{ "type": "Feature", "properties": { "dggal_gnosis": "4-9-18", "resolution": 4, "center_lat": 36.5625, "center_lon": -42.1875, "avg_edge_len": 563534.80715746805, "cell_area": 314171066972.76074, "cell_perimeter": 2254139.2286298722 }, "geometry": { "type": "Polygon", "coordinates": [ [ [ -45.0, 39.375 ], [ -45.0, 33.75 ], [ -39.375, 33.75 ], [ -39.375, 39.375 ], [ -45.0, 39.375 ] ] ] } },
{ "type": "Feature", "properties": { "dggal_gnosis": "4-9-19", "resolution": 4, "center_lat": 36.5625, "center_lon": -36.5625, "avg_edge_len": 563534.80715746805, "cell_area": 314171066972.76074, "cell_perimeter": 2254139.2286298722 }, "geometry": { "type": "Polygon", "coordinates": [ [ [ -39.375, 39.375 ], [ -39.375, 33.75 ], [ -33.75, 33.75 ], [ -33.75, 39.375 ], [ -39.375, 39.375 ] ] ] } },
{ "type": "Feature", "properties": { "dggal_gnosis": "4-9-1A", "resolution": 4, "center_lat": 36.5625, "center_lon": -30.9375, "avg_edge_len": 563534.80715746793, "cell_area": 314171066972.76074, "cell_perimeter": 2254139.2286298717 }, "geometry": { "type": "Polygon", "coordinates": [ [ [ -33.75, 39.375 ], [ -33.75, 33.75 ], [ -28.125, 33.75 ], [ -28.125, 39.375 ], [ -33.75, 39.375 ] ] ] } },
{ "type": "Feature", "properties": { "dggal_gnosis": "4-9-1B", "resolution": 4, "center_lat": 36.5625, "center_lon": -25.3125, "avg_edge_len": 563534.80715746805, "cell_area": 314171066972.76074, "cell_perimeter": 2254139.2286298722 }, "geometry": { "type": "Polygon", "coordinates": [ [ [ -28.125, 39.375 ], [ -28.125, 33.75 ], [ -22.5, 33.75 ], [ -22.5, 39.375 ], [ -28.125, 39.375 ] ] ] } },
{ "type": "Feature", "properties": { "dggal_gnosis": "4-9-1C", "resolution": 4, "center_lat": 36.5625, "center_lon": -19.6875, "avg_edge_len": 563534.80715746805, "cell_area": 314171066972.76074, "cell_perimeter": 2254139.2286298722 }, "geometry": { "type": "Polygon", "coordinates": [ [ [ -22.5, 39.375 ], [ -22.5, 33.75 ], [ -16.875, 33.75 ], [ -16.875, 39.375 ], [ -22.5, 39.375 ] ] ] } },
{ "type": "Feature", "properties": { "dggal_gnosis": "4-9-1D", "resolution": 4, "center_lat": 36.5625, "center_lon": -14.0625, "avg_edge_len": 563534.80715746793, "cell_area": 314171066972.76074, "cell_perimeter": 2254139.2286298717 }, "geometry": { "type": "Polygon", "coordinates": [ [ [ -16.875, 39.375 ], [ -16.875, 33.75 ], [ -11.25, 33.75 ], [ -11.25, 39.375 ], [ -16.875, 39.375 ] ] ] } },
{ "type": "Feature", "properties": { "dggal_gnosis": "4-9-1E", "resolution": 4, "center_lat": 36.5625, "center_lon": -8.4375, "avg_edge_len": 563534.80715746805, "cell_area": 314171066972.76025, "cell_perimeter": 2254139.2286298722 }, "geometry": { "type": "Polygon", "coordinates": [ [ [ -11.25, 39.375 ], [ -11.25, 33.75 ], [ -5.625, 33.75 ], [ -5.625, 39.375 ], [ -11.25, 39.375 ] ] ] } },
{ "type": "Feature", "properties": { "dggal_gnosis": "4-9-1F", "resolution": 4, "center_lat": 36.5625, "center_lon": -2.8125, "avg_edge_len": 563534.80715746805, "cell_area": 314171066972.76025, "cell_perimeter": 2254139.2286298722 }, "geometry": { "type": "Polygon", "coordinates": [ [ [ -5.625, 39.375 ], [ -5.625, 33.75 ], [ -0.0, 33.75 ], [ -0.0, 39.375 ], [ -5.625, 39.375 ] ] ] } },
{ "type": "Feature", "properties": { "dggal_gnosis": "4-9-20", "resolution": 4, "center_lat": 36.5625, "center_lon": 2.8125, "avg_edge_len": 563534.80715746805, "cell_area": 314171066972.76025, "cell_perimeter": 2254139.2286298722 }, "geometry": { "type": "Polygon", "coordinates": [ [ [ 0.0, 39.375 ], [ 0.0, 33.75 ], [ 5.625, 33.75 ], [ 5.625, 39.375 ], [ 0.0, 39.375 ] ] ] } },
{ "type": "Feature", "properties": { "dggal_gnosis": "4-9-21", "resolution": 4, "center_lat": 36.5625, "center_lon": 8.4375, "avg_edge_len": 563534.80715746805, "cell_area": 314171066972.76074, "cell_perimeter": 2254139.2286298722 }, "geometry": { "type": "Polygon", "coordinates": [ [ [ 5.625, 39.375 ], [ 5.625, 33.75 ], [ 11.25, 33.75 ], [ 11.25, 39.375 ], [ 5.625, 39.375 ] ] ] } },
{ "type": "Feature", "properties": { "dggal_gnosis": "4-9-22", "resolution": 4, "center_lat": 36.5625, "center_lon": 14.0625, "avg_edge_len": 563534.80715746805, "cell_area": 314171066972.76025, "cell_perimeter": 2254139.2286298722 }, "geometry": { "type": "Polygon", "coordinates": [ [ [ 11.25, 39.375 ], [ 11.25, 33.75 ], [ 16.875, 33.75 ], [ 16.875, 39.375 ], [ 11.25, 39.375 ] ] ] } },
{ "type": "Feature", "properties": { "dggal_gnosis": "4-9-23", "resolution": 4, "center_lat": 36.5625, "center_lon": 19.6875, "avg_edge_len": 563534.80715746805, "cell_area": 314171066972.76074, "cell_perimeter": 2254139.2286298722 }, "geometry": { "type": "Polygon", "coordinates": [ [ [ 16.875, 39.375 ], [ 16.875, 33.75 ], [ 22.5, 33.75 ], [ 22.5, 39.375 ], [ 16.875, 39.375 ] ] ] } },
{ "type": "Feature", "properties": { "dggal_gnosis": "4-9-24", "resolution": 4, "center_lat": 36.5625, "center_lon": 25.3125, "avg_edge_len": 563534.80715746793, "cell_area": 314171066972.76074, "cell_perimeter": 2254139.2286298717 }, "geometry": { "type": "Polygon", "coordinates": [ [ [ 22.5, 39.375 ], [ 22.5, 33.75 ], [ 28.125, 33.75 ], [ 28.125, 39.375 ], [ 22.5, 39.375 ] ] ] } },
{ "type": "Feature", "properties": { "dggal_gnosis": "4-9-25", "resolution": 4, "center_lat": 36.5625, "center_lon": 30.9375, "avg_edge_len": 563534.80715746793, "cell_area": 314171066972.76074, "cell_perimeter": 2254139.2286298717 }, "geometry": { "type": "Polygon", "coordinates": [ [ [ 28.125, 39.375 ], [ 28.125, 33.75 ], [ 33.75, 33.75 ], [ 33.75, 39.375 ], [ 28.125, 39.375 ] ] ] } },
{ "type": "Feature", "properties": { "dggal_gnosis": "4-9-26", "resolution": 4, "center_lat": 36.5625, "center_lon": 36.5625, "avg_edge_len": 563534.80715746805, "cell_area": 314171066972.76074, "cell_perimeter": 2254139.2286298722 }, "geometry": { "type": "Polygon", "coordinates": [ [ [ 33.75, 39.375 ], [ 33.75, 33.75 ], [ 39.375, 33.75 ], [ 39.375, 39.375 ], [ 33.75, 39.375 ] ] ] } },
{ "type": "Feature", "properties": { "dggal_gnosis": "4-9-27", "resolution": 4, "center_lat": 36.5625, "center_lon": 42.1875, "avg_edge_len": 563534.80715746805, "cell_area": 314171066972.76074, "cell_perimeter": 2254139.2286298722 }, "geometry": { "type": "Polygon", "coordinates": [ [ [ 39.375, 39.375 ], [ 39.375, 33.75 ], [ 45.0, 33.75 ], [ 45.0, 39.375 ], [ 39.375, 39.375 ] ] ] } },
{ "type": "Feature", "properties": { "dggal_gnosis": "4-9-28", "resolution": 4, "center_lat": 36.5625, "center_lon": 47.8125, "avg_edge_len": 563534.80715746782, "cell_area": 314171066972.76025, "cell_perimeter": 2254139.2286298713 }, "geometry": { "type": "Polygon", "coordinates": [ [ [ 45.0, 39.375 ], [ 45.0, 33.75 ], [ 50.625, 33.75 ], [ 50.625, 39.375 ], [ 45.0, 39.375 ] ] ] } },
{ "type": "Feature", "properties": { "dggal_gnosis": "4-9-29", "resolution": 4, "center_lat": 36.5625, "center_lon": 53.4375, "avg_edge_len": 563534.80715746782, "cell_area": 314171066972.76025, "cell_perimeter": 2254139.2286298713 }, "geometry": { "type": "Polygon", "coordinates": [ [ [ 50.625, 39.375 ], [ 50.625, 33.75 ], [ 56.25, 33.75 ], [ 56.25, 39.375 ], [ 50.625, 39.375 ] ] ] } },
{ "type": "Feature", "properties": { "dggal_gnosis": "4-9-2A", "resolution": 4, "center_lat": 36.5625, "center_lon": 59.0625, "avg_edge_len": 563534.80715746805, "cell_area": 314171066972.76074, "cell_perimeter": 2254139.2286298722 }, "geometry": { "type": "Polygon", "coordinates": [ [ [ 56.25, 39.375 ], [ 56.25, 33.75 ], [ 61.875, 33.75 ], [ 61.875, 39.375 ], [ 56.25, 39.375 ] ] ] } },
{ "type": "Feature", "properties": { "dggal_gnosis": "4-9-2B", "resolution": 4, "center_lat": 36.5625, "center_lon": 64.6875, "avg_edge_len": 563534.80715746805, "cell_area": 314171066972.76074, "cell_perimeter": 2254139.2286298722 }, "geometry": { "type": "Polygon", "coordinates": [ [ [ 61.875, 39.375 ], [ 61.875, 33.75 ], [ 67.5, 33.75 ], [ 67.5, 39.375 ], [ 61.875, 39.375 ] ] ] } },
{ "type": "Feature", "properties": { "dggal_gnosis": "4-9-2C", "resolution": 4, "center_lat": 36.5625, "center_lon": 70.3125, "avg_edge_len": 563534.80715746875, "cell_area": 314171066972.76123, "cell_perimeter": 2254139.228629875 }, "geometry": { "type": "Polygon", "coordinates": [ [ [ 67.5, 39.375 ], [ 67.5, 33.75 ], [ 73.125, 33.75 ], [ 73.125, 39.375 ], [ 67.5, 39.375 ] ] ] } },
{ "type": "Feature", "properties": { "dggal_gnosis": "4-9-2D", "resolution": 4, "center_lat": 36.5625, "center_lon": 75.9375, "avg_edge_len": 563534.80715746805, "cell_area": 314171066972.76074, "cell_perimeter": 2254139.2286298722 }, "geometry": { "type": "Polygon", "coordinates": [ [ [ 73.125, 39.375 ], [ 73.125, 33.75 ], [ 78.75, 33.75 ], [ 78.75, 39.375 ], [ 73.125, 39.375 ] ] ] } },
{ "type": "Feature", "properties": { "dggal_gnosis": "4-9-2E", "resolution": 4, "center_lat": 36.5625, "center_lon": 81.5625, "avg_edge_len": 563534.80715746805, "cell_area": 314171066972.76074, "cell_perimeter": 2254139.2286298722 }, "geometry": { "type": "Polygon", "coordinates": [ [ [ 78.75, 39.375 ], [ 78.75, 33.75 ], [ 84.375, 33.75 ], [ 84.375, 39.375 ], [ 78.75, 39.375 ] ] ] } },
{ "type": "Feature", "properties": { "dggal_gnosis": "4-9-2F", "resolution": 4, "center_lat": 36.5625, "center_lon": 87.1875, "avg_edge_len": 563534.80715746805, "cell_area": 314171066972.76074, "cell_perimeter": 2254139.2286298722 }, "geometry": { "type": "Polygon", "coordinates": [ [ [ 84.375, 39.375 ], [ 84.375, 33.75 ], [ 90.0, 33.75 ], [ 90.0, 39.375 ], [ 84.375, 39.375 ] ] ] } },
{ "type": "Feature", "properties": { "dggal_gnosis": "4-9-30", "resolution": 4, "center_lat": 36.5625, "center_lon": 92.8125, "avg_edge_len": 563534.80715746805, "cell_area": 314171066972.76074, "cell_perimeter": 2254139.2286298722 }, "geometry": { "type": "Polygon", "coordinates": [ [ [ 90.0, 39.375 ], [ 90.0, 33.75 ], [ 95.625, 33.75 ], [ 95.625, 39.375 ], [ 90.0, 39.375 ] ] ] } },
{ "type": "Feature", "properties": { "dggal_gnosis": "4-9-31", "resolution": 4, "center_lat": 36.5625, "center_lon": 98.4375, "avg_edge_len": 563534.80715746805, "cell_area": 314171066972.76074, "cell_perimeter": 2254139.2286298722 }, "geometry": { "type": "Polygon", "coordinates": [ [ [ 95.625, 39.375 ], [ 95.625, 33.75 ], [ 101.25, 33.75 ], [ 101.25, 39.375 ], [ 95.625, 39.375 ] ] ] } },
{ "type": "Feature", "properties": { "dggal_gnosis": "4-9-32", "resolution": 4, "center_lat": 36.5625, "center_lon": 104.0625, "avg_edge_len": 563534.80715746875, "cell_area": 314171066972.76123, "cell_perimeter": 2254139.228629875 }, "geometry": { "type": "Polygon", "coordinates": [ [ [ 101.25, 39.375 ], [ 101.25, 33.75 ], [ 106.875, 33.75 ], [ 106.875, 39.375 ], [ 101.25, 39.375 ] ] ] } },
{ "type": "Feature", "properties": { "dggal_gnosis": "4-9-33", "resolution": 4, "center_lat": 36.5625, "center_lon": 109.6875, "avg_edge_len": 563534.80715746805, "cell_area": 314171066972.76074, "cell_perimeter": 2254139.2286298722 }, "geometry": { "type": "Polygon", "coordinates": [ [ [ 106.875, 39.375 ], [ 106.875, 33.75 ], [ 112.5, 33.75 ], [ 112.5, 39.375 ], [ 106.875, 39.375 ] ] ] } },
{ "type": "Feature", "properties": { "dggal_gnosis": "4-9-34", "resolution": 4, "center_lat": 36.5625, "center_lon": 115.3125, "avg_edge_len": 563534.80715746805, "cell_area": 314171066972.76074, "cell_perimeter": 2254139.2286298722 }, "geometry": { "type": "Polygon", "coordinates": [ [ [ 112.5, 39.375 ], [ 112.5, 33.75 ], [ 118.125, 33.75 ], [ 118.125, 39.375 ], [ 112.5, 39.375 ] ] ] } },
{ "type": "Feature", "properties": { "dggal_gnosis": "4-9-35", "resolution": 4, "center_lat": 36.5625, "center_lon": 120.9375, "avg_edge_len": 563534.80715746875, "cell_area": 314171066972.76123, "cell_perimeter": 2254139.228629875 }, "geometry": { "type": "Polygon", "coordinates": [ [ [ 118.125, 39.375 ], [ 118.125, 33.75 ], [ 123.75, 33.75 ], [ 123.75, 39.375 ], [ 118.125, 39.375 ] ] ] } },
{ "type": "Feature", "properties": { "dggal_gnosis": "4-9-36", "resolution": 4, "center_lat": 36.5625, "center_lon": 126.5625, "avg_edge_len": 563534.80715746805, "cell_area": 314171066972.76074, "cell_perimeter": 2254139.2286298722 }, "geometry": { "type": "Polygon", "coordinates": [ [ [ 123.75, 39.375 ], [ 123.75, 33.75 ], [ 129.375, 33.75 ], [ 129.375, 39.375 ], [ 123.75, 39.375 ] ] ] } },
{ "type": "Feature", "properties": { "dggal_gnosis": "4-9-37", "resolution": 4, "center_lat": 36.5625, "center_lon": 132.1875, "avg_edge_len": 563534.80715746805, "cell_area": 314171066972.76074, "cell_perimeter": 2254139.2286298722 }, "geometry": { "type": "Polygon", "coordinates": [ [ [ 129.375, 39.375 ], [ 129.375, 33.75 ], [ 135.0, 33.75 ], [ 135.0, 39.375 ], [ 129.375, 39.375 ] ] ] } },
{ "type": "Feature", "properties": { "dggal_gnosis": "4-9-38", "resolution": 4, "center_lat": 36.5625, "center_lon": 137.8125, "avg_edge_len": 563534.80715746805, "cell_area": 314171066972.76074, "cell_perimeter": 2254139.2286298722 }, "geometry": { "type": "Polygon", "coordinates": [ [ [ 135.0, 39.375 ], [ 135.0, 33.75 ], [ 140.625, 33.75 ], [ 140.625, 39.375 ], [ 135.0, 39.375 ] ] ] } },
{ "type": "Feature", "properties": { "dggal_gnosis": "4-9-39", "resolution": 4, "center_lat": 36.5625, "center_lon": 143.4375, "avg_edge_len": 563534.8071574691, "cell_area": 314171066972.7627, "cell_perimeter": 2254139.2286298764 }, "geometry": { "type": "Polygon", "coordinates": [ [ [ 140.625, 39.375 ], [ 140.625, 33.75 ], [ 146.25, 33.75 ], [ 146.25, 39.375 ], [ 140.625, 39.375 ] ] ] } },
{ "type": "Feature", "properties": { "dggal_gnosis": "4-9-3A", "resolution": 4, "center_lat": 36.5625, "center_lon": 149.0625, "avg_edge_len": 563534.80715746805, "cell_area": 314171066972.76074, "cell_perimeter": 2254139.2286298722 }, "geometry": { "type": "Polygon", "coordinates": [ [ [ 146.25, 39.375 ], [ 146.25, 33.75 ], [ 151.875, 33.75 ], [ 151.875, 39.375 ], [ 146.25, 39.375 ] ] ] } },
{ "type": "Feature", "properties": { "dggal_gnosis": "4-9-3B", "resolution": 4, "center_lat": 36.5625, "center_lon": 154.6875, "avg_edge_len": 563534.80715746805, "cell_area": 314171066972.76074, "cell_perimeter": 2254139.2286298722 }, "geometry": { "type": "Polygon", "coordinates": [ [ [ 151.875, 39.375 ], [ 151.875, 33.75 ], [ 157.5, 33.75 ], [ 157.5, 39.375 ], [ 151.875, 39.375 ] ] ] } },
{ "type": "Feature", "properties": { "dggal_gnosis": "4-9-3C", "resolution": 4, "center_lat": 36.5625, "center_lon": 160.3125, "avg_edge_len": 563534.80715746805, "cell_area": 314171066972.76074, "cell_perimeter": 2254139.2286298722 }, "geometry": { "type": "Polygon", "coordinates": [ [ [ 157.5, 39.375 ], [ 157.5, 33.75 ], [ 163.125, 33.75 ], [ 163.125, 39.375 ], [ 157.5, 39.375 ] ] ] } },
{ "type": "Feature", "properties": { "dggal_gnosis": "4-9-3D", "resolution": 4, "center_lat": 36.5625, "center_lon": 165.9375, "avg_edge_len": 563534.80715746805, "cell_area": 314171066972.76074, "cell_perimeter": 2254139.2286298722 }, "geometry": { "type": "Polygon", "coordinates": [ [ [ 163.125, 39.375 ], [ 163.125, 33.75 ], [ 168.75, 33.75 ], [ 168.75, 39.375 ], [ 163.125, 39.375 ] ] ] } },
{ "type": "Feature", "properties": { "dggal_gnosis": "4-9-3E", "resolution": 4, "center_lat": 36.5625, "center_lon": 171.5625, "avg_edge_len": 563534.80715746805, "cell_area": 314171066972.76074, "cell_perimeter": 2254139.2286298722 }, "geometry": { "type": "Polygon", "coordinates": [ [ [ 168.75, 39.375 ], [ 168.75, 33.75 ], [ 174.375, 33.75 ], [ 174.375, 39.375 ], [ 168.75, 39.375 ] ] ] } },
{ "type": "Feature", "properties": { "dggal_gnosis": "4-9-3F", "resolution": 4, "center_lat": 36.5625, "center_lon": 177.1875, "avg_edge_len": 563534.80715746805, "cell_area": 314171066972.76074, "cell_perimeter": 2254139.2286298722 }, "geometry": { "type": "Polygon", "coordinates": [ [ [ 174.375, 39.375 ], [ 174.375, 33.75 ], [ 180.0, 33.75 ], [ 180.0, 39.375 ], [ 174.375, 39.375 ] ] ] } },
{ "type": "Feature", "properties": { "dggal_gnosis": "4-A-0", "resolution": 4, "center_lat": 30.9375, "center_lon": -177.1875, "avg_edge_len": 580246.94368641451, "cell_area": 335163863606.98901, "cell_perimeter": 2320987.774745658 }, "geometry": { "type": "Polygon", "coordinates": [ [ [ -180.0, 33.75 ], [ -180.0, 28.125 ], [ -174.375, 28.125 ], [ -174.375, 33.75 ], [ -180.0, 33.75 ] ] ] } },
{ "type": "Feature", "properties": { "dggal_gnosis": "4-A-1", "resolution": 4, "center_lat": 30.9375, "center_lon": -171.5625, "avg_edge_len": 580246.94368641311, "cell_area": 335163863606.98755, "cell_perimeter": 2320987.7747456525 }, "geometry": { "type": "Polygon", "coordinates": [ [ [ -174.375, 33.75 ], [ -174.375, 28.125 ], [ -168.75, 28.125 ], [ -168.75, 33.75 ], [ -174.375, 33.75 ] ] ] } },
{ "type": "Feature", "properties": { "dggal_gnosis": "4-A-2", "resolution": 4, "center_lat": 30.9375, "center_lon": -165.9375, "avg_edge_len": 580246.94368641311, "cell_area": 335163863606.98755, "cell_perimeter": 2320987.7747456525 }, "geometry": { "type": "Polygon", "coordinates": [ [ [ -168.75, 33.75 ], [ -168.75, 28.125 ], [ -163.125, 28.125 ], [ -163.125, 33.75 ], [ -168.75, 33.75 ] ] ] } },
{ "type": "Feature", "properties": { "dggal_gnosis": "4-A-3", "resolution": 4, "center_lat": 30.9375, "center_lon": -160.3125, "avg_edge_len": 580246.94368641311, "cell_area": 335163863606.98755, "cell_perimeter": 2320987.7747456525 }, "geometry": { "type": "Polygon", "coordinates": [ [ [ -163.125, 33.75 ], [ -163.125, 28.125 ], [ -157.5, 28.125 ], [ -157.5, 33.75 ], [ -163.125, 33.75 ] ] ] } },
{ "type": "Feature", "properties": { "dggal_gnosis": "4-A-4", "resolution": 4, "center_lat": 30.9375, "center_lon": -154.6875, "avg_edge_len": 580246.94368641311, "cell_area": 335163863606.98755, "cell_perimeter": 2320987.7747456525 }, "geometry": { "type": "Polygon", "coordinates": [ [ [ -157.5, 33.75 ], [ -157.5, 28.125 ], [ -151.875, 28.125 ], [ -151.875, 33.75 ], [ -157.5, 33.75 ] ] ] } },
{ "type": "Feature", "properties": { "dggal_gnosis": "4-A-5", "resolution": 4, "center_lat": 30.9375, "center_lon": -149.0625, "avg_edge_len": 580246.94368641311, "cell_area": 335163863606.98755, "cell_perimeter": 2320987.7747456525 }, "geometry": { "type": "Polygon", "coordinates": [ [ [ -151.875, 33.75 ], [ -151.875, 28.125 ], [ -146.25, 28.125 ], [ -146.25, 33.75 ], [ -151.875, 33.75 ] ] ] } },
{ "type": "Feature", "properties": { "dggal_gnosis": "4-A-6", "resolution": 4, "center_lat": 30.9375, "center_lon": -143.4375, "avg_edge_len": 580246.94368641451, "cell_area": 335163863606.98901, "cell_perimeter": 2320987.774745658 }, "geometry": { "type": "Polygon", "coordinates": [ [ [ -146.25, 33.75 ], [ -146.25, 28.125 ], [ -140.625, 28.125 ], [ -140.625, 33.75 ], [ -146.25, 33.75 ] ] ] } },
{ "type": "Feature", "properties": { "dggal_gnosis": "4-A-7", "resolution": 4, "center_lat": 30.9375, "center_lon": -137.8125, "avg_edge_len": 580246.94368641311, "cell_area": 335163863606.98755, "cell_perimeter": 2320987.7747456525 }, "geometry": { "type": "Polygon", "coordinates": [ [ [ -140.625, 33.75 ], [ -140.625, 28.125 ], [ -135.0, 28.125 ], [ -135.0, 33.75 ], [ -140.625, 33.75 ] ] ] } },
{ "type": "Feature", "properties": { "dggal_gnosis": "4-A-8", "resolution": 4, "center_lat": 30.9375, "center_lon": -132.1875, "avg_edge_len": 580246.94368641311, "cell_area": 335163863606.98755, "cell_perimeter": 2320987.7747456525 }, "geometry": { "type": "Polygon", "coordinates": [ [ [ -135.0, 33.75 ], [ -135.0, 28.125 ], [ -129.375, 28.125 ], [ -129.375, 33.75 ], [ -135.0, 33.75 ] ] ] } },
{ "type": "Feature", "properties": { "dggal_gnosis": "4-A-9", "resolution": 4, "center_lat": 30.9375, "center_lon": -126.5625, "avg_edge_len": 580246.94368641311, "cell_area": 335163863606.98755, "cell_perimeter": 2320987.7747456525 }, "geometry": { "type": "Polygon", "coordinates": [ [ [ -129.375, 33.75 ], [ -129.375, 28.125 ], [ -123.75, 28.125 ], [ -123.75, 33.75 ], [ -129.375, 33.75 ] ] ] } },
{ "type": "Feature", "properties": { "dggal_gnosis": "4-A-A", "resolution": 4, "center_lat": 30.9375, "center_lon": -120.9375, "avg_edge_len": 580246.94368641311, "cell_area": 335163863606.98755, "cell_perimeter": 2320987.7747456525 }, "geometry": { "type": "Polygon", "coordinates": [ [ [ -123.75, 33.75 ], [ -123.75, 28.125 ], [ -118.125, 28.125 ], [ -118.125, 33.75 ], [ -123.75, 33.75 ] ] ] } },
{ "type": "Feature", "properties": { "dggal_gnosis": "4-A-B", "resolution": 4, "center_lat": 30.9375, "center_lon": -115.3125, "avg_edge_len": 580246.94368641311, "cell_area": 335163863606.98755, "cell_perimeter": 2320987.7747456525 }, "geometry": { "type": "Polygon", "coordinates": [ [ [ -118.125, 33.75 ], [ -118.125, 28.125 ], [ -112.5, 28.125 ], [ -112.5, 33.75 ], [ -118.125, 33.75 ] ] ] } },
{ "type": "Feature", "properties": { "dggal_gnosis": "4-A-C", "resolution": 4, "center_lat": 30.9375, "center_lon": -109.6875, "avg_edge_len": 580246.94368641311, "cell_area": 335163863606.98755, "cell_perimeter": 2320987.7747456525 }, "geometry": { "type": "Polygon", "coordinates": [ [ [ -112.5, 33.75 ], [ -112.5, 28.125 ], [ -106.875, 28.125 ], [ -106.875, 33.75 ], [ -112.5, 33.75 ] ] ] } },
{ "type": "Feature", "properties": { "dggal_gnosis": "4-A-D", "resolution": 4, "center_lat": 30.9375, "center_lon": -104.0625, "avg_edge_len": 580246.94368641381, "cell_area": 335163863606.98877, "cell_perimeter": 2320987.7747456552 }, "geometry": { "type": "Polygon", "coordinates": [ [ [ -106.875, 33.75 ], [ -106.875, 28.125 ], [ -101.25, 28.125 ], [ -101.25, 33.75 ], [ -106.875, 33.75 ] ] ] } },
{ "type": "Feature", "properties": { "dggal_gnosis": "4-A-E", "resolution": 4, "center_lat": 30.9375, "center_lon": -98.4375, "avg_edge_len": 580246.94368641241, "cell_area": 335163863606.98657, "cell_perimeter": 2320987.7747456497 }, "geometry": { "type": "Polygon", "coordinates": [ [ [ -101.25, 33.75 ], [ -101.25, 28.125 ], [ -95.625, 28.125 ], [ -95.625, 33.75 ], [ -101.25, 33.75 ] ] ] } },
{ "type": "Feature", "properties": { "dggal_gnosis": "4-A-F", "resolution": 4, "center_lat": 30.9375, "center_lon": -92.8125, "avg_edge_len": 580246.94368641311, "cell_area": 335163863606.98755, "cell_perimeter": 2320987.7747456525 }, "geometry": { "type": "Polygon", "coordinates": [ [ [ -95.625, 33.75 ], [ -95.625, 28.125 ], [ -90.0, 28.125 ], [ -90.0, 33.75 ], [ -95.625, 33.75 ] ] ] } },
{ "type": "Feature", "properties": { "dggal_gnosis": "4-A-10", "resolution": 4, "center_lat": 30.9375, "center_lon": -87.1875, "avg_edge_len": 580246.94368641381, "cell_area": 335163863606.98877, "cell_perimeter": 2320987.7747456552 }, "geometry": { "type": "Polygon", "coordinates": [ [ [ -90.0, 33.75 ], [ -90.0, 28.125 ], [ -84.375, 28.125 ], [ -84.375, 33.75 ], [ -90.0, 33.75 ] ] ] } },
{ "type": "Feature", "properties": { "dggal_gnosis": "4-A-11", "resolution": 4, "center_lat": 30.9375, "center_lon": -81.5625, "avg_edge_len": 580246.94368641311, "cell_area": 335163863606.98755, "cell_perimeter": 2320987.7747456525 }, "geometry": { "type": "Polygon", "coordinates": [ [ [ -84.375, 33.75 ], [ -84.375, 28.125 ], [ -78.75, 28.125 ], [ -78.75, 33.75 ], [ -84.375, 33.75 ] ] ] } },
{ "type": "Feature", "properties": { "dggal_gnosis": "4-A-12", "resolution": 4, "center_lat": 30.9375, "center_lon": -75.9375, "avg_edge_len": 580246.94368641241, "cell_area": 335163863606.98657, "cell_perimeter": 2320987.7747456497 }, "geometry": { "type": "Polygon", "coordinates": [ [ [ -78.75, 33.75 ], [ -78.75, 28.125 ], [ -73.125, 28.125 ], [ -73.125, 33.75 ], [ -78.75, 33.75 ] ] ] } },
{ "type": "Feature", "properties": { "dggal_gnosis": "4-A-13", "resolution": 4, "center_lat": 30.9375, "center_lon": -70.3125, "avg_edge_len": 580246.94368641381, "cell_area": 335163863606.98877, "cell_perimeter": 2320987.7747456552 }, "geometry": { "type": "Polygon", "coordinates": [ [ [ -73.125, 33.75 ], [ -73.125, 28.125 ], [ -67.5, 28.125 ], [ -67.5, 33.75 ], [ -73.125, 33.75 ] ] ] } },
{ "type": "Feature", "properties": { "dggal_gnosis": "4-A-14", "resolution": 4, "center_lat": 30.9375, "center_lon": -64.6875, "avg_edge_len": 580246.94368641311, "cell_area": 335163863606.98755, "cell_perimeter": 2320987.7747456525 }, "geometry": { "type": "Polygon", "coordinates": [ [ [ -67.5, 33.75 ], [ -67.5, 28.125 ], [ -61.875, 28.125 ], [ -61.875, 33.75 ], [ -67.5, 33.75 ] ] ] } },
{ "type": "Feature", "properties": { "dggal_gnosis": "4-A-15", "resolution": 4, "center_lat": 30.9375, "center_lon": -59.0625, "avg_edge_len": 580246.94368641311, "cell_area": 335163863606.98755, "cell_perimeter": 2320987.7747456525 }, "geometry": { "type": "Polygon", "coordinates": [ [ [ -61.875, 33.75 ], [ -61.875, 28.125 ], [ -56.25, 28.125 ], [ -56.25, 33.75 ], [ -61.875, 33.75 ] ] ] } },
{ "type": "Feature", "properties": { "dggal_gnosis": "4-A-16", "resolution": 4, "center_lat": 30.9375, "center_lon": -53.4375, "avg_edge_len": 580246.94368641311, "cell_area": 335163863606.98755, "cell_perimeter": 2320987.7747456525 }, "geometry": { "type": "Polygon", "coordinates": [ [ [ -56.25, 33.75 ], [ -56.25, 28.125 ], [ -50.625, 28.125 ], [ -50.625, 33.75 ], [ -56.25, 33.75 ] ] ] } },
{ "type": "Feature", "properties": { "dggal_gnosis": "4-A-17", "resolution": 4, "center_lat": 30.9375, "center_lon": -47.8125, "avg_edge_len": 580246.94368641311, "cell_area": 335163863606.9873, "cell_perimeter": 2320987.7747456525 }, "geometry": { "type": "Polygon", "coordinates": [ [ [ -50.625, 33.75 ], [ -50.625, 28.125 ], [ -45.0, 28.125 ], [ -45.0, 33.75 ], [ -50.625, 33.75 ] ] ] } },
{ "type": "Feature", "properties": { "dggal_gnosis": "4-A-18", "resolution": 4, "center_lat": 30.9375, "center_lon": -42.1875, "avg_edge_len": 580246.94368641311, "cell_area": 335163863606.98755, "cell_perimeter": 2320987.7747456525 }, "geometry": { "type": "Polygon", "coordinates": [ [ [ -45.0, 33.75 ], [ -45.0, 28.125 ], [ -39.375, 28.125 ], [ -39.375, 33.75 ], [ -45.0, 33.75 ] ] ] } },
{ "type": "Feature", "properties": { "dggal_gnosis": "4-A-19", "resolution": 4, "center_lat": 30.9375, "center_lon": -36.5625, "avg_edge_len": 580246.94368641311, "cell_area": 335163863606.98755, "cell_perimeter": 2320987.7747456525 }, "geometry": { "type": "Polygon", "coordinates": [ [ [ -39.375, 33.75 ], [ -39.375, 28.125 ], [ -33.75, 28.125 ], [ -33.75, 33.75 ], [ -39.375, 33.75 ] ] ] } },
{ "type": "Feature", "properties": { "dggal_gnosis": "4-A-1A", "resolution": 4, "center_lat": 30.9375, "center_lon": -30.9375, "avg_edge_len": 580246.943686413, "cell_area": 335163863606.98779, "cell_perimeter": 2320987.774745652 }, "geometry": { "type": "Polygon", "coordinates": [ [ [ -33.75, 33.75 ], [ -33.75, 28.125 ], [ -28.125, 28.125 ], [ -28.125, 33.75 ], [ -33.75, 33.75 ] ] ] } },
{ "type": "Feature", "properties": { "dggal_gnosis": "4-A-1B", "resolution": 4, "center_lat": 30.9375, "center_lon": -25.3125, "avg_edge_len": 580246.94368641311, "cell_area": 335163863606.98755, "cell_perimeter": 2320987.7747456525 }, "geometry": { "type": "Polygon", "coordinates": [ [ [ -28.125, 33.75 ], [ -28.125, 28.125 ], [ -22.5, 28.125 ], [ -22.5, 33.75 ], [ -28.125, 33.75 ] ] ] } },
{ "type": "Feature", "properties": { "dggal_gnosis": "4-A-1C", "resolution": 4, "center_lat": 30.9375, "center_lon": -19.6875, "avg_edge_len": 580246.94368641311, "cell_area": 335163863606.98755, "cell_perimeter": 2320987.7747456525 }, "geometry": { "type": "Polygon", "coordinates": [ [ [ -22.5, 33.75 ], [ -22.5, 28.125 ], [ -16.875, 28.125 ], [ -16.875, 33.75 ], [ -22.5, 33.75 ] ] ] } },
{ "type": "Feature", "properties": { "dggal_gnosis": "4-A-1D", "resolution": 4, "center_lat": 30.9375, "center_lon": -14.0625, "avg_edge_len": 580246.943686413, "cell_area": 335163863606.98779, "cell_perimeter": 2320987.774745652 }, "geometry": { "type": "Polygon", "coordinates": [ [ [ -16.875, 33.75 ], [ -16.875, 28.125 ], [ -11.25, 28.125 ], [ -11.25, 33.75 ], [ -16.875, 33.75 ] ] ] } },
{ "type": "Feature", "properties": { "dggal_gnosis": "4-A-1E", "resolution": 4, "center_lat": 30.9375, "center_lon": -8.4375, "avg_edge_len": 580246.943686413, "cell_area": 335163863606.98779, "cell_perimeter": 2320987.774745652 }, "geometry": { "type": "Polygon", "coordinates": [ [ [ -11.25, 33.75 ], [ -11.25, 28.125 ], [ -5.625, 28.125 ], [ -5.625, 33.75 ], [ -11.25, 33.75 ] ] ] } },
{ "type": "Feature", "properties": { "dggal_gnosis": "4-A-1F", "resolution": 4, "center_lat": 30.9375, "center_lon": -2.8125, "avg_edge_len": 580246.943686413, "cell_area": 335163863606.98779, "cell_perimeter": 2320987.774745652 }, "geometry": { "type": "Polygon", "coordinates": [ [ [ -5.625, 33.75 ], [ -5.625, 28.125 ], [ -0.0, 28.125 ], [ -0.0, 33.75 ], [ -5.625, 33.75 ] ] ] } },
{ "type": "Feature", "properties": { "dggal_gnosis": "4-A-20", "resolution": 4, "center_lat": 30.9375, "center_lon": 2.8125, "avg_edge_len": 580246.943686413, "cell_area": 335163863606.98779, "cell_perimeter": 2320987.774745652 }, "geometry": { "type": "Polygon", "coordinates": [ [ [ 0.0, 33.75 ], [ 0.0, 28.125 ], [ 5.625, 28.125 ], [ 5.625, 33.75 ], [ 0.0, 33.75 ] ] ] } },
{ "type": "Feature", "properties": { "dggal_gnosis": "4-A-21", "resolution": 4, "center_lat": 30.9375, "center_lon": 8.4375, "avg_edge_len": 580246.94368641335, "cell_area": 335163863606.98755, "cell_perimeter": 2320987.7747456534 }, "geometry": { "type": "Polygon", "coordinates": [ [ [ 5.625, 33.75 ], [ 5.625, 28.125 ], [ 11.25, 28.125 ], [ 11.25, 33.75 ], [ 5.625, 33.75 ] ] ] } },
{ "type": "Feature", "properties": { "dggal_gnosis": "4-A-22", "resolution": 4, "center_lat": 30.9375, "center_lon": 14.0625, "avg_edge_len": 580246.943686413, "cell_area": 335163863606.98779, "cell_perimeter": 2320987.774745652 }, "geometry": { "type": "Polygon", "coordinates": [ [ [ 11.25, 33.75 ], [ 11.25, 28.125 ], [ 16.875, 28.125 ], [ 16.875, 33.75 ], [ 11.25, 33.75 ] ] ] } },
{ "type": "Feature", "properties": { "dggal_gnosis": "4-A-23", "resolution": 4, "center_lat": 30.9375, "center_lon": 19.6875, "avg_edge_len": 580246.94368641311, "cell_area": 335163863606.98755, "cell_perimeter": 2320987.7747456525 }, "geometry": { "type": "Polygon", "coordinates": [ [ [ 16.875, 33.75 ], [ 16.875, 28.125 ], [ 22.5, 28.125 ], [ 22.5, 33.75 ], [ 16.875, 33.75 ] ] ] } },
{ "type": "Feature", "properties": { "dggal_gnosis": "4-A-24", "resolution": 4, "center_lat": 30.9375, "center_lon": 25.3125, "avg_edge_len": 580246.943686413, "cell_area": 335163863606.98779, "cell_perimeter": 2320987.774745652 }, "geometry": { "type": "Polygon", "coordinates": [ [ [ 22.5, 33.75 ], [ 22.5, 28.125 ], [ 28.125, 28.125 ], [ 28.125, 33.75 ], [ 22.5, 33.75 ] ] ] } },
{ "type": "Feature", "properties": { "dggal_gnosis": "4-A-25", "resolution": 4, "center_lat": 30.9375, "center_lon": 30.9375, "avg_edge_len": 580246.943686413, "cell_area": 335163863606.98779, "cell_perimeter": 2320987.774745652 }, "geometry": { "type": "Polygon", "coordinates": [ [ [ 28.125, 33.75 ], [ 28.125, 28.125 ], [ 33.75, 28.125 ], [ 33.75, 33.75 ], [ 28.125, 33.75 ] ] ] } },
{ "type": "Feature", "properties": { "dggal_gnosis": "4-A-26", "resolution": 4, "center_lat": 30.9375, "center_lon": 36.5625, "avg_edge_len": 580246.94368641311, "cell_area": 335163863606.98755, "cell_perimeter": 2320987.7747456525 }, "geometry": { "type": "Polygon", "coordinates": [ [ [ 33.75, 33.75 ], [ 33.75, 28.125 ], [ 39.375, 28.125 ], [ 39.375, 33.75 ], [ 33.75, 33.75 ] ] ] } },
{ "type": "Feature", "properties": { "dggal_gnosis": "4-A-27", "resolution": 4, "center_lat": 30.9375, "center_lon": 42.1875, "avg_edge_len": 580246.94368641311, "cell_area": 335163863606.98755, "cell_perimeter": 2320987.7747456525 }, "geometry": { "type": "Polygon", "coordinates": [ [ [ 39.375, 33.75 ], [ 39.375, 28.125 ], [ 45.0, 28.125 ], [ 45.0, 33.75 ], [ 39.375, 33.75 ] ] ] } },
{ "type": "Feature", "properties": { "dggal_gnosis": "4-A-28", "resolution": 4, "center_lat": 30.9375, "center_lon": 47.8125, "avg_edge_len": 580246.94368641311, "cell_area": 335163863606.9873, "cell_perimeter": 2320987.7747456525 }, "geometry": { "type": "Polygon", "coordinates": [ [ [ 45.0, 33.75 ], [ 45.0, 28.125 ], [ 50.625, 28.125 ], [ 50.625, 33.75 ], [ 45.0, 33.75 ] ] ] } },
{ "type": "Feature", "properties": { "dggal_gnosis": "4-A-29", "resolution": 4, "center_lat": 30.9375, "center_lon": 53.4375, "avg_edge_len": 580246.94368641311, "cell_area": 335163863606.9873, "cell_perimeter": 2320987.7747456525 }, "geometry": { "type": "Polygon", "coordinates": [ [ [ 50.625, 33.75 ], [ 50.625, 28.125 ], [ 56.25, 28.125 ], [ 56.25, 33.75 ], [ 50.625, 33.75 ] ] ] } },
{ "type": "Feature", "properties": { "dggal_gnosis": "4-A-2A", "resolution": 4, "center_lat": 30.9375, "center_lon": 59.0625, "avg_edge_len": 580246.94368641311, "cell_area": 335163863606.98755, "cell_perimeter": 2320987.7747456525 }, "geometry": { "type": "Polygon", "coordinates": [ [ [ 56.25, 33.75 ], [ 56.25, 28.125 ], [ 61.875, 28.125 ], [ 61.875, 33.75 ], [ 56.25, 33.75 ] ] ] } },
{ "type": "Feature", "properties": { "dggal_gnosis": "4-A-2B", "resolution": 4, "center_lat": 30.9375, "center_lon": 64.6875, "avg_edge_len": 580246.94368641311, "cell_area": 335163863606.98755, "cell_perimeter": 2320987.7747456525 }, "geometry": { "type": "Polygon", "coordinates": [ [ [ 61.875, 33.75 ], [ 61.875, 28.125 ], [ 67.5, 28.125 ], [ 67.5, 33.75 ], [ 61.875, 33.75 ] ] ] } },
{ "type": "Feature", "properties": { "dggal_gnosis": "4-A-2C", "resolution": 4, "center_lat": 30.9375, "center_lon": 70.3125, "avg_edge_len": 580246.94368641381, "cell_area": 335163863606.98877, "cell_perimeter": 2320987.7747456552 }, "geometry": { "type": "Polygon", "coordinates": [ [ [ 67.5, 33.75 ], [ 67.5, 28.125 ], [ 73.125, 28.125 ], [ 73.125, 33.75 ], [ 67.5, 33.75 ] ] ] } },
{ "type": "Feature", "properties": { "dggal_gnosis": "4-A-2D", "resolution": 4, "center_lat": 30.9375, "center_lon": 75.9375, "avg_edge_len": 580246.94368641311, "cell_area": 335163863606.98755, "cell_perimeter": 2320987.7747456525 }, "geometry": { "type": "Polygon", "coordinates": [ [ [ 73.125, 33.75 ], [ 73.125, 28.125 ], [ 78.75, 28.125 ], [ 78.75, 33.75 ], [ 73.125, 33.75 ] ] ] } },
{ "type": "Feature", "properties": { "dggal_gnosis": "4-A-2E", "resolution": 4, "center_lat": 30.9375, "center_lon": 81.5625, "avg_edge_len": 580246.94368641311, "cell_area": 335163863606.98755, "cell_perimeter": 2320987.7747456525 }, "geometry": { "type": "Polygon", "coordinates": [ [ [ 78.75, 33.75 ], [ 78.75, 28.125 ], [ 84.375, 28.125 ], [ 84.375, 33.75 ], [ 78.75, 33.75 ] ] ] } },
{ "type": "Feature", "properties": { "dggal_gnosis": "4-A-2F", "resolution": 4, "center_lat": 30.9375, "center_lon": 87.1875, "avg_edge_len": 580246.94368641311, "cell_area": 335163863606.98755, "cell_perimeter": 2320987.7747456525 }, "geometry": { "type": "Polygon", "coordinates": [ [ [ 84.375, 33.75 ], [ 84.375, 28.125 ], [ 90.0, 28.125 ], [ 90.0, 33.75 ], [ 84.375, 33.75 ] ] ] } },
{ "type": "Feature", "properties": { "dggal_gnosis": "4-A-30", "resolution": 4, "center_lat": 30.9375, "center_lon": 92.8125, "avg_edge_len": 580246.94368641311, "cell_area": 335163863606.98755, "cell_perimeter": 2320987.7747456525 }, "geometry": { "type": "Polygon", "coordinates": [ [ [ 90.0, 33.75 ], [ 90.0, 28.125 ], [ 95.625, 28.125 ], [ 95.625, 33.75 ], [ 90.0, 33.75 ] ] ] } },
{ "type": "Feature", "properties": { "dggal_gnosis": "4-A-31", "resolution": 4, "center_lat": 30.9375, "center_lon": 98.4375, "avg_edge_len": 580246.94368641311, "cell_area": 335163863606.98755, "cell_perimeter": 2320987.7747456525 }, "geometry": { "type": "Polygon", "coordinates": [ [ [ 95.625, 33.75 ], [ 95.625, 28.125 ], [ 101.25, 28.125 ], [ 101.25, 33.75 ], [ 95.625, 33.75 ] ] ] } },
{ "type": "Feature", "properties": { "dggal_gnosis": "4-A-32", "resolution": 4, "center_lat": 30.9375, "center_lon": 104.0625, "avg_edge_len": 580246.94368641381, "cell_area": 335163863606.98877, "cell_perimeter": 2320987.7747456552 }, "geometry": { "type": "Polygon", "coordinates": [ [ [ 101.25, 33.75 ], [ 101.25, 28.125 ], [ 106.875, 28.125 ], [ 106.875, 33.75 ], [ 101.25, 33.75 ] ] ] } },
{ "type": "Feature", "properties": { "dggal_gnosis": "4-A-33", "resolution": 4, "center_lat": 30.9375, "center_lon": 109.6875, "avg_edge_len": 580246.94368641311, "cell_area": 335163863606.98755, "cell_perimeter": 2320987.7747456525 }, "geometry": { "type": "Polygon", "coordinates": [ [ [ 106.875, 33.75 ], [ 106.875, 28.125 ], [ 112.5, 28.125 ], [ 112.5, 33.75 ], [ 106.875, 33.75 ] ] ] } },
{ "type": "Feature", "properties": { "dggal_gnosis": "4-A-34", "resolution": 4, "center_lat": 30.9375, "center_lon": 115.3125, "avg_edge_len": 580246.94368641311, "cell_area": 335163863606.98755, "cell_perimeter": 2320987.7747456525 }, "geometry": { "type": "Polygon", "coordinates": [ [ [ 112.5, 33.75 ], [ 112.5, 28.125 ], [ 118.125, 28.125 ], [ 118.125, 33.75 ], [ 112.5, 33.75 ] ] ] } },
{ "type": "Feature", "properties": { "dggal_gnosis": "4-A-35", "resolution": 4, "center_lat": 30.9375, "center_lon": 120.9375, "avg_edge_len": 580246.94368641381, "cell_area": 335163863606.98877, "cell_perimeter": 2320987.7747456552 }, "geometry": { "type": "Polygon", "coordinates": [ [ [ 118.125, 33.75 ], [ 118.125, 28.125 ], [ 123.75, 28.125 ], [ 123.75, 33.75 ], [ 118.125, 33.75 ] ] ] } },
{ "type": "Feature", "properties": { "dggal_gnosis": "4-A-36", "resolution": 4, "center_lat": 30.9375, "center_lon": 126.5625, "avg_edge_len": 580246.94368641311, "cell_area": 335163863606.98755, "cell_perimeter": 2320987.7747456525 }, "geometry": { "type": "Polygon", "coordinates": [ [ [ 123.75, 33.75 ], [ 123.75, 28.125 ], [ 129.375, 28.125 ], [ 129.375, 33.75 ], [ 123.75, 33.75 ] ] ] } },
{ "type": "Feature", "properties": { "dggal_gnosis": "4-A-37", "resolution": 4, "center_lat": 30.9375, "center_lon": 132.1875, "avg_edge_len": 580246.94368641311, "cell_area": 335163863606.98755, "cell_perimeter": 2320987.7747456525 }, "geometry": { "type": "Polygon", "coordinates": [ [ [ 129.375, 33.75 ], [ 129.375, 28.125 ], [ 135.0, 28.125 ], [ 135.0, 33.75 ], [ 129.375, 33.75 ] ] ] } },
{ "type": "Feature", "properties": { "dggal_gnosis": "4-A-38", "resolution": 4, "center_lat": 30.9375, "center_lon": 137.8125, "avg_edge_len": 580246.94368641311, "cell_area": 335163863606.98755, "cell_perimeter": 2320987.7747456525 }, "geometry": { "type": "Polygon", "coordinates": [ [ [ 135.0, 33.75 ], [ 135.0, 28.125 ], [ 140.625, 28.125 ], [ 140.625, 33.75 ], [ 135.0, 33.75 ] ] ] } },
{ "type": "Feature", "properties": { "dggal_gnosis": "4-A-39", "resolution": 4, "center_lat": 30.9375, "center_lon": 143.4375, "avg_edge_len": 580246.94368641451, "cell_area": 335163863606.98901, "cell_perimeter": 2320987.774745658 }, "geometry": { "type": "Polygon", "coordinates": [ [ [ 140.625, 33.75 ], [ 140.625, 28.125 ], [ 146.25, 28.125 ], [ 146.25, 33.75 ], [ 140.625, 33.75 ] ] ] } },
{ "type": "Feature", "properties": { "dggal_gnosis": "4-A-3A", "resolution": 4, "center_lat": 30.9375, "center_lon": 149.0625, "avg_edge_len": 580246.94368641311, "cell_area": 335163863606.98755, "cell_perimeter": 2320987.7747456525 }, "geometry": { "type": "Polygon", "coordinates": [ [ [ 146.25, 33.75 ], [ 146.25, 28.125 ], [ 151.875, 28.125 ], [ 151.875, 33.75 ], [ 146.25, 33.75 ] ] ] } },
{ "type": "Feature", "properties": { "dggal_gnosis": "4-A-3B", "resolution": 4, "center_lat": 30.9375, "center_lon": 154.6875, "avg_edge_len": 580246.94368641311, "cell_area": 335163863606.98755, "cell_perimeter": 2320987.7747456525 }, "geometry": { "type": "Polygon", "coordinates": [ [ [ 151.875, 33.75 ], [ 151.875, 28.125 ], [ 157.5, 28.125 ], [ 157.5, 33.75 ], [ 151.875, 33.75 ] ] ] } },
{ "type": "Feature", "properties": { "dggal_gnosis": "4-A-3C", "resolution": 4, "center_lat": 30.9375, "center_lon": 160.3125, "avg_edge_len": 580246.94368641311, "cell_area": 335163863606.98755, "cell_perimeter": 2320987.7747456525 }, "geometry": { "type": "Polygon", "coordinates": [ [ [ 157.5, 33.75 ], [ 157.5, 28.125 ], [ 163.125, 28.125 ], [ 163.125, 33.75 ], [ 157.5, 33.75 ] ] ] } },
{ "type": "Feature", "properties": { "dggal_gnosis": "4-A-3D", "resolution": 4, "center_lat": 30.9375, "center_lon": 165.9375, "avg_edge_len": 580246.94368641311, "cell_area": 335163863606.98755, "cell_perimeter": 2320987.7747456525 }, "geometry": { "type": "Polygon", "coordinates": [ [ [ 163.125, 33.75 ], [ 163.125, 28.125 ], [ 168.75, 28.125 ], [ 168.75, 33.75 ], [ 163.125, 33.75 ] ] ] } },
{ "type": "Feature", "properties": { "dggal_gnosis": "4-A-3E", "resolution": 4, "center_lat": 30.9375, "center_lon": 171.5625, "avg_edge_len": 580246.94368641311, "cell_area": 335163863606.98755, "cell_perimeter": 2320987.7747456525 }, "geometry": { "type": "Polygon", "coordinates": [ [ [ 168.75, 33.75 ], [ 168.75, 28.125 ], [ 174.375, 28.125 ], [ 174.375, 33.75 ], [ 168.75, 33.75 ] ] ] } },
{ "type": "Feature", "properties": { "dggal_gnosis": "4-A-3F", "resolution": 4, "center_lat": 30.9375, "center_lon": 177.1875, "avg_edge_len": 580246.94368641311, "cell_area": 335163863606.98755, "cell_perimeter": 2320987.7747456525 }, "geometry": { "type": "Polygon", "coordinates": [ [ [ 174.375, 33.75 ], [ 174.375, 28.125 ], [ 180.0, 28.125 ], [ 180.0, 33.75 ], [ 174.375, 33.75 ] ] ] } },
{ "type": "Feature", "properties": { "dggal_gnosis": "4-B-0", "resolution": 4, "center_lat": 25.3125, "center_lon": -177.1875, "avg_edge_len": 594401.92492869159, "cell_area": 352925386020.42578, "cell_perimeter": 2377607.6997147663 }, "geometry": { "type": "Polygon", "coordinates": [ [ [ -180.0, 28.125 ], [ -180.0, 22.5 ], [ -174.375, 22.5 ], [ -174.375, 28.125 ], [ -180.0, 28.125 ] ] ] } },
{ "type": "Feature", "properties": { "dggal_gnosis": "4-B-1", "resolution": 4, "center_lat": 25.3125, "center_lon": -171.5625, "avg_edge_len": 594401.92492869019, "cell_area": 352925386020.42383, "cell_perimeter": 2377607.6997147608 }, "geometry": { "type": "Polygon", "coordinates": [ [ [ -174.375, 28.125 ], [ -174.375, 22.5 ], [ -168.75, 22.5 ], [ -168.75, 28.125 ], [ -174.375, 28.125 ] ] ] } },
{ "type": "Feature", "properties": { "dggal_gnosis": "4-B-2", "resolution": 4, "center_lat": 25.3125, "center_lon": -165.9375, "avg_edge_len": 594401.92492869019, "cell_area": 352925386020.42383, "cell_perimeter": 2377607.6997147608 }, "geometry": { "type": "Polygon", "coordinates": [ [ [ -168.75, 28.125 ], [ -168.75, 22.5 ], [ -163.125, 22.5 ], [ -163.125, 28.125 ], [ -168.75, 28.125 ] ] ] } },
{ "type": "Feature", "properties": { "dggal_gnosis": "4-B-3", "resolution": 4, "center_lat": 25.3125, "center_lon": -160.3125, "avg_edge_len": 594401.92492869019, "cell_area": 352925386020.42383, "cell_perimeter": 2377607.6997147608 }, "geometry": { "type": "Polygon", "coordinates": [ [ [ -163.125, 28.125 ], [ -163.125, 22.5 ], [ -157.5, 22.5 ], [ -157.5, 28.125 ], [ -163.125, 28.125 ] ] ] } },
{ "type": "Feature", "properties": { "dggal_gnosis": "4-B-4", "resolution": 4, "center_lat": 25.3125, "center_lon": -154.6875, "avg_edge_len": 594401.92492869019, "cell_area": 352925386020.42383, "cell_perimeter": 2377607.6997147608 }, "geometry": { "type": "Polygon", "coordinates": [ [ [ -157.5, 28.125 ], [ -157.5, 22.5 ], [ -151.875, 22.5 ], [ -151.875, 28.125 ], [ -157.5, 28.125 ] ] ] } },
{ "type": "Feature", "properties": { "dggal_gnosis": "4-B-5", "resolution": 4, "center_lat": 25.3125, "center_lon": -149.0625, "avg_edge_len": 594401.92492869019, "cell_area": 352925386020.42383, "cell_perimeter": 2377607.6997147608 }, "geometry": { "type": "Polygon", "coordinates": [ [ [ -151.875, 28.125 ], [ -151.875, 22.5 ], [ -146.25, 22.5 ], [ -146.25, 28.125 ], [ -151.875, 28.125 ] ] ] } },
{ "type": "Feature", "properties": { "dggal_gnosis": "4-B-6", "resolution": 4, "center_lat": 25.3125, "center_lon": -143.4375, "avg_edge_len": 594401.92492869159, "cell_area": 352925386020.42578, "cell_perimeter": 2377607.6997147663 }, "geometry": { "type": "Polygon", "coordinates": [ [ [ -146.25, 28.125 ], [ -146.25, 22.5 ], [ -140.625, 22.5 ], [ -140.625, 28.125 ], [ -146.25, 28.125 ] ] ] } },
{ "type": "Feature", "properties": { "dggal_gnosis": "4-B-7", "resolution": 4, "center_lat": 25.3125, "center_lon": -137.8125, "avg_edge_len": 594401.92492869019, "cell_area": 352925386020.42383, "cell_perimeter": 2377607.6997147608 }, "geometry": { "type": "Polygon", "coordinates": [ [ [ -140.625, 28.125 ], [ -140.625, 22.5 ], [ -135.0, 22.5 ], [ -135.0, 28.125 ], [ -140.625, 28.125 ] ] ] } },
{ "type": "Feature", "properties": { "dggal_gnosis": "4-B-8", "resolution": 4, "center_lat": 25.3125, "center_lon": -132.1875, "avg_edge_len": 594401.92492869019, "cell_area": 352925386020.42383, "cell_perimeter": 2377607.6997147608 }, "geometry": { "type": "Polygon", "coordinates": [ [ [ -135.0, 28.125 ], [ -135.0, 22.5 ], [ -129.375, 22.5 ], [ -129.375, 28.125 ], [ -135.0, 28.125 ] ] ] } },
{ "type": "Feature", "properties": { "dggal_gnosis": "4-B-9", "resolution": 4, "center_lat": 25.3125, "center_lon": -126.5625, "avg_edge_len": 594401.92492869019, "cell_area": 352925386020.42383, "cell_perimeter": 2377607.6997147608 }, "geometry": { "type": "Polygon", "coordinates": [ [ [ -129.375, 28.125 ], [ -129.375, 22.5 ], [ -123.75, 22.5 ], [ -123.75, 28.125 ], [ -129.375, 28.125 ] ] ] } },
{ "type": "Feature", "properties": { "dggal_gnosis": "4-B-A", "resolution": 4, "center_lat": 25.3125, "center_lon": -120.9375, "avg_edge_len": 594401.92492869019, "cell_area": 352925386020.42383, "cell_perimeter": 2377607.6997147608 }, "geometry": { "type": "Polygon", "coordinates": [ [ [ -123.75, 28.125 ], [ -123.75, 22.5 ], [ -118.125, 22.5 ], [ -118.125, 28.125 ], [ -123.75, 28.125 ] ] ] } },
{ "type": "Feature", "properties": { "dggal_gnosis": "4-B-B", "resolution": 4, "center_lat": 25.3125, "center_lon": -115.3125, "avg_edge_len": 594401.92492869019, "cell_area": 352925386020.42383, "cell_perimeter": 2377607.6997147608 }, "geometry": { "type": "Polygon", "coordinates": [ [ [ -118.125, 28.125 ], [ -118.125, 22.5 ], [ -112.5, 22.5 ], [ -112.5, 28.125 ], [ -118.125, 28.125 ] ] ] } },
{ "type": "Feature", "properties": { "dggal_gnosis": "4-B-C", "resolution": 4, "center_lat": 25.3125, "center_lon": -109.6875, "avg_edge_len": 594401.92492869019, "cell_area": 352925386020.42383, "cell_perimeter": 2377607.6997147608 }, "geometry": { "type": "Polygon", "coordinates": [ [ [ -112.5, 28.125 ], [ -112.5, 22.5 ], [ -106.875, 22.5 ], [ -106.875, 28.125 ], [ -112.5, 28.125 ] ] ] } },
{ "type": "Feature", "properties": { "dggal_gnosis": "4-B-D", "resolution": 4, "center_lat": 25.3125, "center_lon": -104.0625, "avg_edge_len": 594401.92492869101, "cell_area": 352925386020.42505, "cell_perimeter": 2377607.699714764 }, "geometry": { "type": "Polygon", "coordinates": [ [ [ -106.875, 28.125 ], [ -106.875, 22.5 ], [ -101.25, 22.5 ], [ -101.25, 28.125 ], [ -106.875, 28.125 ] ] ] } },
{ "type": "Feature", "properties": { "dggal_gnosis": "4-B-E", "resolution": 4, "center_lat": 25.3125, "center_lon": -98.4375, "avg_edge_len": 594401.92492868949, "cell_area": 352925386020.42285, "cell_perimeter": 2377607.699714758 }, "geometry": { "type": "Polygon", "coordinates": [ [ [ -101.25, 28.125 ], [ -101.25, 22.5 ], [ -95.625, 22.5 ], [ -95.625, 28.125 ], [ -101.25, 28.125 ] ] ] } },
{ "type": "Feature", "properties": { "dggal_gnosis": "4-B-F", "resolution": 4, "center_lat": 25.3125, "center_lon": -92.8125, "avg_edge_len": 594401.92492869019, "cell_area": 352925386020.42383, "cell_perimeter": 2377607.6997147608 }, "geometry": { "type": "Polygon", "coordinates": [ [ [ -95.625, 28.125 ], [ -95.625, 22.5 ], [ -90.0, 22.5 ], [ -90.0, 28.125 ], [ -95.625, 28.125 ] ] ] } },
{ "type": "Feature", "properties": { "dggal_gnosis": "4-B-10", "resolution": 4, "center_lat": 25.3125, "center_lon": -87.1875, "avg_edge_len": 594401.92492869101, "cell_area": 352925386020.42505, "cell_perimeter": 2377607.699714764 }, "geometry": { "type": "Polygon", "coordinates": [ [ [ -90.0, 28.125 ], [ -90.0, 22.5 ], [ -84.375, 22.5 ], [ -84.375, 28.125 ], [ -90.0, 28.125 ] ] ] } },
{ "type": "Feature", "properties": { "dggal_gnosis": "4-B-11", "resolution": 4, "center_lat": 25.3125, "center_lon": -81.5625, "avg_edge_len": 594401.92492869019, "cell_area": 352925386020.42383, "cell_perimeter": 2377607.6997147608 }, "geometry": { "type": "Polygon", "coordinates": [ [ [ -84.375, 28.125 ], [ -84.375, 22.5 ], [ -78.75, 22.5 ], [ -78.75, 28.125 ], [ -84.375, 28.125 ] ] ] } },
{ "type": "Feature", "properties": { "dggal_gnosis": "4-B-12", "resolution": 4, "center_lat": 25.3125, "center_lon": -75.9375, "avg_edge_len": 594401.92492868949, "cell_area": 352925386020.42285, "cell_perimeter": 2377607.699714758 }, "geometry": { "type": "Polygon", "coordinates": [ [ [ -78.75, 28.125 ], [ -78.75, 22.5 ], [ -73.125, 22.5 ], [ -73.125, 28.125 ], [ -78.75, 28.125 ] ] ] } },
{ "type": "Feature", "properties": { "dggal_gnosis": "4-B-13", "resolution": 4, "center_lat": 25.3125, "center_lon": -70.3125, "avg_edge_len": 594401.92492869101, "cell_area": 352925386020.42505, "cell_perimeter": 2377607.699714764 }, "geometry": { "type": "Polygon", "coordinates": [ [ [ -73.125, 28.125 ], [ -73.125, 22.5 ], [ -67.5, 22.5 ], [ -67.5, 28.125 ], [ -73.125, 28.125 ] ] ] } },
{ "type": "Feature", "properties": { "dggal_gnosis": "4-B-14", "resolution": 4, "center_lat": 25.3125, "center_lon": -64.6875, "avg_edge_len": 594401.92492869019, "cell_area": 352925386020.42383, "cell_perimeter": 2377607.6997147608 }, "geometry": { "type": "Polygon", "coordinates": [ [ [ -67.5, 28.125 ], [ -67.5, 22.5 ], [ -61.875, 22.5 ], [ -61.875, 28.125 ], [ -67.5, 28.125 ] ] ] } },
{ "type": "Feature", "properties": { "dggal_gnosis": "4-B-15", "resolution": 4, "center_lat": 25.3125, "center_lon": -59.0625, "avg_edge_len": 594401.92492869019, "cell_area": 352925386020.42383, "cell_perimeter": 2377607.6997147608 }, "geometry": { "type": "Polygon", "coordinates": [ [ [ -61.875, 28.125 ], [ -61.875, 22.5 ], [ -56.25, 22.5 ], [ -56.25, 28.125 ], [ -61.875, 28.125 ] ] ] } },
{ "type": "Feature", "properties": { "dggal_gnosis": "4-B-16", "resolution": 4, "center_lat": 25.3125, "center_lon": -53.4375, "avg_edge_len": 594401.92492869019, "cell_area": 352925386020.42383, "cell_perimeter": 2377607.6997147608 }, "geometry": { "type": "Polygon", "coordinates": [ [ [ -56.25, 28.125 ], [ -56.25, 22.5 ], [ -50.625, 22.5 ], [ -50.625, 28.125 ], [ -56.25, 28.125 ] ] ] } },
{ "type": "Feature", "properties": { "dggal_gnosis": "4-B-17", "resolution": 4, "center_lat": 25.3125, "center_lon": -47.8125, "avg_edge_len": 594401.92492868984, "cell_area": 352925386020.42334, "cell_perimeter": 2377607.6997147594 }, "geometry": { "type": "Polygon", "coordinates": [ [ [ -50.625, 28.125 ], [ -50.625, 22.5 ], [ -45.0, 22.5 ], [ -45.0, 28.125 ], [ -50.625, 28.125 ] ] ] } },
{ "type": "Feature", "properties": { "dggal_gnosis": "4-B-18", "resolution": 4, "center_lat": 25.3125, "center_lon": -42.1875, "avg_edge_len": 594401.92492869019, "cell_area": 352925386020.42383, "cell_perimeter": 2377607.6997147608 }, "geometry": { "type": "Polygon", "coordinates": [ [ [ -45.0, 28.125 ], [ -45.0, 22.5 ], [ -39.375, 22.5 ], [ -39.375, 28.125 ], [ -45.0, 28.125 ] ] ] } },
{ "type": "Feature", "properties": { "dggal_gnosis": "4-B-19", "resolution": 4, "center_lat": 25.3125, "center_lon": -36.5625, "avg_edge_len": 594401.92492869019, "cell_area": 352925386020.42383, "cell_perimeter": 2377607.6997147608 }, "geometry": { "type": "Polygon", "coordinates": [ [ [ -39.375, 28.125 ], [ -39.375, 22.5 ], [ -33.75, 22.5 ], [ -33.75, 28.125 ], [ -39.375, 28.125 ] ] ] } },
{ "type": "Feature", "properties": { "dggal_gnosis": "4-B-1A", "resolution": 4, "center_lat": 25.3125, "center_lon": -30.9375, "avg_edge_len": 594401.92492869007, "cell_area": 352925386020.42358, "cell_perimeter": 2377607.6997147603 }, "geometry": { "type": "Polygon", "coordinates": [ [ [ -33.75, 28.125 ], [ -33.75, 22.5 ], [ -28.125, 22.5 ], [ -28.125, 28.125 ], [ -33.75, 28.125 ] ] ] } },
{ "type": "Feature", "properties": { "dggal_gnosis": "4-B-1B", "resolution": 4, "center_lat": 25.3125, "center_lon": -25.3125, "avg_edge_len": 594401.92492869019, "cell_area": 352925386020.42383, "cell_perimeter": 2377607.6997147608 }, "geometry": { "type": "Polygon", "coordinates": [ [ [ -28.125, 28.125 ], [ -28.125, 22.5 ], [ -22.5, 22.5 ], [ -22.5, 28.125 ], [ -28.125, 28.125 ] ] ] } },
{ "type": "Feature", "properties": { "dggal_gnosis": "4-B-1C", "resolution": 4, "center_lat": 25.3125, "center_lon": -19.6875, "avg_edge_len": 594401.92492869019, "cell_area": 352925386020.42383, "cell_perimeter": 2377607.6997147608 }, "geometry": { "type": "Polygon", "coordinates": [ [ [ -22.5, 28.125 ], [ -22.5, 22.5 ], [ -16.875, 22.5 ], [ -16.875, 28.125 ], [ -22.5, 28.125 ] ] ] } },
{ "type": "Feature", "properties": { "dggal_gnosis": "4-B-1D", "resolution": 4, "center_lat": 25.3125, "center_lon": -14.0625, "avg_edge_len": 594401.92492869007, "cell_area": 352925386020.42358, "cell_perimeter": 2377607.6997147603 }, "geometry": { "type": "Polygon", "coordinates": [ [ [ -16.875, 28.125 ], [ -16.875, 22.5 ], [ -11.25, 22.5 ], [ -11.25, 28.125 ], [ -16.875, 28.125 ] ] ] } },
{ "type": "Feature", "properties": { "dggal_gnosis": "4-B-1E", "resolution": 4, "center_lat": 25.3125, "center_lon": -8.4375, "avg_edge_len": 594401.92492869007, "cell_area": 352925386020.42358, "cell_perimeter": 2377607.6997147603 }, "geometry": { "type": "Polygon", "coordinates": [ [ [ -11.25, 28.125 ], [ -11.25, 22.5 ], [ -5.625, 22.5 ], [ -5.625, 28.125 ], [ -11.25, 28.125 ] ] ] } },
{ "type": "Feature", "properties": { "dggal_gnosis": "4-B-1F", "resolution": 4, "center_lat": 25.3125, "center_lon": -2.8125, "avg_edge_len": 594401.92492869007, "cell_area": 352925386020.42358, "cell_perimeter": 2377607.6997147603 }, "geometry": { "type": "Polygon", "coordinates": [ [ [ -5.625, 28.125 ], [ -5.625, 22.5 ], [ -0.0, 22.5 ], [ -0.0, 28.125 ], [ -5.625, 28.125 ] ] ] } },
{ "type": "Feature", "properties": { "dggal_gnosis": "4-B-20", "resolution": 4, "center_lat": 25.3125, "center_lon": 2.8125, "avg_edge_len": 594401.92492869007, "cell_area": 352925386020.42358, "cell_perimeter": 2377607.6997147603 }, "geometry": { "type": "Polygon", "coordinates": [ [ [ 0.0, 28.125 ], [ 0.0, 22.5 ], [ 5.625, 22.5 ], [ 5.625, 28.125 ], [ 0.0, 28.125 ] ] ] } },
{ "type": "Feature", "properties": { "dggal_gnosis": "4-B-21", "resolution": 4, "center_lat": 25.3125, "center_lon": 8.4375, "avg_edge_len": 594401.92492869007, "cell_area": 352925386020.42334, "cell_perimeter": 2377607.6997147603 }, "geometry": { "type": "Polygon", "coordinates": [ [ [ 5.625, 28.125 ], [ 5.625, 22.5 ], [ 11.25, 22.5 ], [ 11.25, 28.125 ], [ 5.625, 28.125 ] ] ] } },
{ "type": "Feature", "properties": { "dggal_gnosis": "4-B-22", "resolution": 4, "center_lat": 25.3125, "center_lon": 14.0625, "avg_edge_len": 594401.92492869007, "cell_area": 352925386020.42358, "cell_perimeter": 2377607.6997147603 }, "geometry": { "type": "Polygon", "coordinates": [ [ [ 11.25, 28.125 ], [ 11.25, 22.5 ], [ 16.875, 22.5 ], [ 16.875, 28.125 ], [ 11.25, 28.125 ] ] ] } },
{ "type": "Feature", "properties": { "dggal_gnosis": "4-B-23", "resolution": 4, "center_lat": 25.3125, "center_lon": 19.6875, "avg_edge_len": 594401.92492869019, "cell_area": 352925386020.42383, "cell_perimeter": 2377607.6997147608 }, "geometry": { "type": "Polygon", "coordinates": [ [ [ 16.875, 28.125 ], [ 16.875, 22.5 ], [ 22.5, 22.5 ], [ 22.5, 28.125 ], [ 16.875, 28.125 ] ] ] } },
{ "type": "Feature", "properties": { "dggal_gnosis": "4-B-24", "resolution": 4, "center_lat": 25.3125, "center_lon": 25.3125, "avg_edge_len": 594401.92492869007, "cell_area": 352925386020.42358, "cell_perimeter": 2377607.6997147603 }, "geometry": { "type": "Polygon", "coordinates": [ [ [ 22.5, 28.125 ], [ 22.5, 22.5 ], [ 28.125, 22.5 ], [ 28.125, 28.125 ], [ 22.5, 28.125 ] ] ] } },
{ "type": "Feature", "properties": { "dggal_gnosis": "4-B-25", "resolution": 4, "center_lat": 25.3125, "center_lon": 30.9375, "avg_edge_len": 594401.92492869007, "cell_area": 352925386020.42358, "cell_perimeter": 2377607.6997147603 }, "geometry": { "type": "Polygon", "coordinates": [ [ [ 28.125, 28.125 ], [ 28.125, 22.5 ], [ 33.75, 22.5 ], [ 33.75, 28.125 ], [ 28.125, 28.125 ] ] ] } },
{ "type": "Feature", "properties": { "dggal_gnosis": "4-B-26", "resolution": 4, "center_lat": 25.3125, "center_lon": 36.5625, "avg_edge_len": 594401.92492869019, "cell_area": 352925386020.42383, "cell_perimeter": 2377607.6997147608 }, "geometry": { "type": "Polygon", "coordinates": [ [ [ 33.75, 28.125 ], [ 33.75, 22.5 ], [ 39.375, 22.5 ], [ 39.375, 28.125 ], [ 33.75, 28.125 ] ] ] } },
{ "type": "Feature", "properties": { "dggal_gnosis": "4-B-27", "resolution": 4, "center_lat": 25.3125, "center_lon": 42.1875, "avg_edge_len": 594401.92492869019, "cell_area": 352925386020.42383, "cell_perimeter": 2377607.6997147608 }, "geometry": { "type": "Polygon", "coordinates": [ [ [ 39.375, 28.125 ], [ 39.375, 22.5 ], [ 45.0, 22.5 ], [ 45.0, 28.125 ], [ 39.375, 28.125 ] ] ] } },
{ "type": "Feature", "properties": { "dggal_gnosis": "4-B-28", "resolution": 4, "center_lat": 25.3125, "center_lon": 47.8125, "avg_edge_len": 594401.92492868984, "cell_area": 352925386020.42334, "cell_perimeter": 2377607.6997147594 }, "geometry": { "type": "Polygon", "coordinates": [ [ [ 45.0, 28.125 ], [ 45.0, 22.5 ], [ 50.625, 22.5 ], [ 50.625, 28.125 ], [ 45.0, 28.125 ] ] ] } },
{ "type": "Feature", "properties": { "dggal_gnosis": "4-B-29", "resolution": 4, "center_lat": 25.3125, "center_lon": 53.4375, "avg_edge_len": 594401.92492868984, "cell_area": 352925386020.42334, "cell_perimeter": 2377607.6997147594 }, "geometry": { "type": "Polygon", "coordinates": [ [ [ 50.625, 28.125 ], [ 50.625, 22.5 ], [ 56.25, 22.5 ], [ 56.25, 28.125 ], [ 50.625, 28.125 ] ] ] } },
{ "type": "Feature", "properties": { "dggal_gnosis": "4-B-2A", "resolution": 4, "center_lat": 25.3125, "center_lon": 59.0625, "avg_edge_len": 594401.92492869019, "cell_area": 352925386020.42383, "cell_perimeter": 2377607.6997147608 }, "geometry": { "type": "Polygon", "coordinates": [ [ [ 56.25, 28.125 ], [ 56.25, 22.5 ], [ 61.875, 22.5 ], [ 61.875, 28.125 ], [ 56.25, 28.125 ] ] ] } },
{ "type": "Feature", "properties": { "dggal_gnosis": "4-B-2B", "resolution": 4, "center_lat": 25.3125, "center_lon": 64.6875, "avg_edge_len": 594401.92492869019, "cell_area": 352925386020.42383, "cell_perimeter": 2377607.6997147608 }, "geometry": { "type": "Polygon", "coordinates": [ [ [ 61.875, 28.125 ], [ 61.875, 22.5 ], [ 67.5, 22.5 ], [ 67.5, 28.125 ], [ 61.875, 28.125 ] ] ] } },
{ "type": "Feature", "properties": { "dggal_gnosis": "4-B-2C", "resolution": 4, "center_lat": 25.3125, "center_lon": 70.3125, "avg_edge_len": 594401.92492869101, "cell_area": 352925386020.42505, "cell_perimeter": 2377607.699714764 }, "geometry": { "type": "Polygon", "coordinates": [ [ [ 67.5, 28.125 ], [ 67.5, 22.5 ], [ 73.125, 22.5 ], [ 73.125, 28.125 ], [ 67.5, 28.125 ] ] ] } },
{ "type": "Feature", "properties": { "dggal_gnosis": "4-B-2D", "resolution": 4, "center_lat": 25.3125, "center_lon": 75.9375, "avg_edge_len": 594401.92492869019, "cell_area": 352925386020.42383, "cell_perimeter": 2377607.6997147608 }, "geometry": { "type": "Polygon", "coordinates": [ [ [ 73.125, 28.125 ], [ 73.125, 22.5 ], [ 78.75, 22.5 ], [ 78.75, 28.125 ], [ 73.125, 28.125 ] ] ] } },
{ "type": "Feature", "properties": { "dggal_gnosis": "4-B-2E", "resolution": 4, "center_lat": 25.3125, "center_lon": 81.5625, "avg_edge_len": 594401.92492869019, "cell_area": 352925386020.42383, "cell_perimeter": 2377607.6997147608 }, "geometry": { "type": "Polygon", "coordinates": [ [ [ 78.75, 28.125 ], [ 78.75, 22.5 ], [ 84.375, 22.5 ], [ 84.375, 28.125 ], [ 78.75, 28.125 ] ] ] } },
{ "type": "Feature", "properties": { "dggal_gnosis": "4-B-2F", "resolution": 4, "center_lat": 25.3125, "center_lon": 87.1875, "avg_edge_len": 594401.92492869019, "cell_area": 352925386020.42383, "cell_perimeter": 2377607.6997147608 }, "geometry": { "type": "Polygon", "coordinates": [ [ [ 84.375, 28.125 ], [ 84.375, 22.5 ], [ 90.0, 22.5 ], [ 90.0, 28.125 ], [ 84.375, 28.125 ] ] ] } },
{ "type": "Feature", "properties": { "dggal_gnosis": "4-B-30", "resolution": 4, "center_lat": 25.3125, "center_lon": 92.8125, "avg_edge_len": 594401.92492869019, "cell_area": 352925386020.42383, "cell_perimeter": 2377607.6997147608 }, "geometry": { "type": "Polygon", "coordinates": [ [ [ 90.0, 28.125 ], [ 90.0, 22.5 ], [ 95.625, 22.5 ], [ 95.625, 28.125 ], [ 90.0, 28.125 ] ] ] } },
{ "type": "Feature", "properties": { "dggal_gnosis": "4-B-31", "resolution": 4, "center_lat": 25.3125, "center_lon": 98.4375, "avg_edge_len": 594401.92492869019, "cell_area": 352925386020.42383, "cell_perimeter": 2377607.6997147608 }, "geometry": { "type": "Polygon", "coordinates": [ [ [ 95.625, 28.125 ], [ 95.625, 22.5 ], [ 101.25, 22.5 ], [ 101.25, 28.125 ], [ 95.625, 28.125 ] ] ] } },
{ "type": "Feature", "properties": { "dggal_gnosis": "4-B-32", "resolution": 4, "center_lat": 25.3125, "center_lon": 104.0625, "avg_edge_len": 594401.92492869101, "cell_area": 352925386020.42505, "cell_perimeter": 2377607.699714764 }, "geometry": { "type": "Polygon", "coordinates": [ [ [ 101.25, 28.125 ], [ 101.25, 22.5 ], [ 106.875, 22.5 ], [ 106.875, 28.125 ], [ 101.25, 28.125 ] ] ] } },
{ "type": "Feature", "properties": { "dggal_gnosis": "4-B-33", "resolution": 4, "center_lat": 25.3125, "center_lon": 109.6875, "avg_edge_len": 594401.92492869019, "cell_area": 352925386020.42383, "cell_perimeter": 2377607.6997147608 }, "geometry": { "type": "Polygon", "coordinates": [ [ [ 106.875, 28.125 ], [ 106.875, 22.5 ], [ 112.5, 22.5 ], [ 112.5, 28.125 ], [ 106.875, 28.125 ] ] ] } },
{ "type": "Feature", "properties": { "dggal_gnosis": "4-B-34", "resolution": 4, "center_lat": 25.3125, "center_lon": 115.3125, "avg_edge_len": 594401.92492869019, "cell_area": 352925386020.42383, "cell_perimeter": 2377607.6997147608 }, "geometry": { "type": "Polygon", "coordinates": [ [ [ 112.5, 28.125 ], [ 112.5, 22.5 ], [ 118.125, 22.5 ], [ 118.125, 28.125 ], [ 112.5, 28.125 ] ] ] } },
{ "type": "Feature", "properties": { "dggal_gnosis": "4-B-35", "resolution": 4, "center_lat": 25.3125, "center_lon": 120.9375, "avg_edge_len": 594401.92492869101, "cell_area": 352925386020.42505, "cell_perimeter": 2377607.699714764 }, "geometry": { "type": "Polygon", "coordinates": [ [ [ 118.125, 28.125 ], [ 118.125, 22.5 ], [ 123.75, 22.5 ], [ 123.75, 28.125 ], [ 118.125, 28.125 ] ] ] } },
{ "type": "Feature", "properties": { "dggal_gnosis": "4-B-36", "resolution": 4, "center_lat": 25.3125, "center_lon": 126.5625, "avg_edge_len": 594401.92492869019, "cell_area": 352925386020.42383, "cell_perimeter": 2377607.6997147608 }, "geometry": { "type": "Polygon", "coordinates": [ [ [ 123.75, 28.125 ], [ 123.75, 22.5 ], [ 129.375, 22.5 ], [ 129.375, 28.125 ], [ 123.75, 28.125 ] ] ] } },
{ "type": "Feature", "properties": { "dggal_gnosis": "4-B-37", "resolution": 4, "center_lat": 25.3125, "center_lon": 132.1875, "avg_edge_len": 594401.92492869019, "cell_area": 352925386020.42383, "cell_perimeter": 2377607.6997147608 }, "geometry": { "type": "Polygon", "coordinates": [ [ [ 129.375, 28.125 ], [ 129.375, 22.5 ], [ 135.0, 22.5 ], [ 135.0, 28.125 ], [ 129.375, 28.125 ] ] ] } },
{ "type": "Feature", "properties": { "dggal_gnosis": "4-B-38", "resolution": 4, "center_lat": 25.3125, "center_lon": 137.8125, "avg_edge_len": 594401.92492869019, "cell_area": 352925386020.42383, "cell_perimeter": 2377607.6997147608 }, "geometry": { "type": "Polygon", "coordinates": [ [ [ 135.0, 28.125 ], [ 135.0, 22.5 ], [ 140.625, 22.5 ], [ 140.625, 28.125 ], [ 135.0, 28.125 ] ] ] } },
{ "type": "Feature", "properties": { "dggal_gnosis": "4-B-39", "resolution": 4, "center_lat": 25.3125, "center_lon": 143.4375, "avg_edge_len": 594401.92492869159, "cell_area": 352925386020.42578, "cell_perimeter": 2377607.6997147663 }, "geometry": { "type": "Polygon", "coordinates": [ [ [ 140.625, 28.125 ], [ 140.625, 22.5 ], [ 146.25, 22.5 ], [ 146.25, 28.125 ], [ 140.625, 28.125 ] ] ] } },
{ "type": "Feature", "properties": { "dggal_gnosis": "4-B-3A", "resolution": 4, "center_lat": 25.3125, "center_lon": 149.0625, "avg_edge_len": 594401.92492869019, "cell_area": 352925386020.42383, "cell_perimeter": 2377607.6997147608 }, "geometry": { "type": "Polygon", "coordinates": [ [ [ 146.25, 28.125 ], [ 146.25, 22.5 ], [ 151.875, 22.5 ], [ 151.875, 28.125 ], [ 146.25, 28.125 ] ] ] } },
{ "type": "Feature", "properties": { "dggal_gnosis": "4-B-3B", "resolution": 4, "center_lat": 25.3125, "center_lon": 154.6875, "avg_edge_len": 594401.92492869019, "cell_area": 352925386020.42383, "cell_perimeter": 2377607.6997147608 }, "geometry": { "type": "Polygon", "coordinates": [ [ [ 151.875, 28.125 ], [ 151.875, 22.5 ], [ 157.5, 22.5 ], [ 157.5, 28.125 ], [ 151.875, 28.125 ] ] ] } },
{ "type": "Feature", "properties": { "dggal_gnosis": "4-B-3C", "resolution": 4, "center_lat": 25.3125, "center_lon": 160.3125, "avg_edge_len": 594401.92492869019, "cell_area": 352925386020.42383, "cell_perimeter": 2377607.6997147608 }, "geometry": { "type": "Polygon", "coordinates": [ [ [ 157.5, 28.125 ], [ 157.5, 22.5 ], [ 163.125, 22.5 ], [ 163.125, 28.125 ], [ 157.5, 28.125 ] ] ] } },
{ "type": "Feature", "properties": { "dggal_gnosis": "4-B-3D", "resolution": 4, "center_lat": 25.3125, "center_lon": 165.9375, "avg_edge_len": 594401.92492869019, "cell_area": 352925386020.42383, "cell_perimeter": 2377607.6997147608 }, "geometry": { "type": "Polygon", "coordinates": [ [ [ 163.125, 28.125 ], [ 163.125, 22.5 ], [ 168.75, 22.5 ], [ 168.75, 28.125 ], [ 163.125, 28.125 ] ] ] } },
{ "type": "Feature", "properties": { "dggal_gnosis": "4-B-3E", "resolution": 4, "center_lat": 25.3125, "center_lon": 171.5625, "avg_edge_len": 594401.92492869019, "cell_area": 352925386020.42383, "cell_perimeter": 2377607.6997147608 }, "geometry": { "type": "Polygon", "coordinates": [ [ [ 168.75, 28.125 ], [ 168.75, 22.5 ], [ 174.375, 22.5 ], [ 174.375, 28.125 ], [ 168.75, 28.125 ] ] ] } },
{ "type": "Feature", "properties": { "dggal_gnosis": "4-B-3F", "resolution": 4, "center_lat": 25.3125, "center_lon": 177.1875, "avg_edge_len": 594401.92492869019, "cell_area": 352925386020.42383, "cell_perimeter": 2377607.6997147608 }, "geometry": { "type": "Polygon", "coordinates": [ [ [ 174.375, 28.125 ], [ 174.375, 22.5 ], [ 180.0, 22.5 ], [ 180.0, 28.125 ], [ 174.375, 28.125 ] ] ] } },
{ "type": "Feature", "properties": { "dggal_gnosis": "4-C-0", "resolution": 4, "center_lat": 19.6875, "center_lon": -177.1875, "avg_edge_len": 605875.73477367603, "cell_area": 367308354088.71484, "cell_perimeter": 2423502.9390947041 }, "geometry": { "type": "Polygon", "coordinates": [ [ [ -180.0, 22.5 ], [ -180.0, 16.875 ], [ -174.375, 16.875 ], [ -174.375, 22.5 ], [ -180.0, 22.5 ] ] ] } },
{ "type": "Feature", "properties": { "dggal_gnosis": "4-C-1", "resolution": 4, "center_lat": 19.6875, "center_lon": -171.5625, "avg_edge_len": 605875.73477367463, "cell_area": 367308354088.71289, "cell_perimeter": 2423502.9390946985 }, "geometry": { "type": "Polygon", "coordinates": [ [ [ -174.375, 22.5 ], [ -174.375, 16.875 ], [ -168.75, 16.875 ], [ -168.75, 22.5 ], [ -174.375, 22.5 ] ] ] } },
{ "type": "Feature", "properties": { "dggal_gnosis": "4-C-2", "resolution": 4, "center_lat": 19.6875, "center_lon": -165.9375, "avg_edge_len": 605875.73477367463, "cell_area": 367308354088.71289, "cell_perimeter": 2423502.9390946985 }, "geometry": { "type": "Polygon", "coordinates": [ [ [ -168.75, 22.5 ], [ -168.75, 16.875 ], [ -163.125, 16.875 ], [ -163.125, 22.5 ], [ -168.75, 22.5 ] ] ] } },
{ "type": "Feature", "properties": { "dggal_gnosis": "4-C-3", "resolution": 4, "center_lat": 19.6875, "center_lon": -160.3125, "avg_edge_len": 605875.73477367463, "cell_area": 367308354088.71289, "cell_perimeter": 2423502.9390946985 }, "geometry": { "type": "Polygon", "coordinates": [ [ [ -163.125, 22.5 ], [ -163.125, 16.875 ], [ -157.5, 16.875 ], [ -157.5, 22.5 ], [ -163.125, 22.5 ] ] ] } },
{ "type": "Feature", "properties": { "dggal_gnosis": "4-C-4", "resolution": 4, "center_lat": 19.6875, "center_lon": -154.6875, "avg_edge_len": 605875.73477367463, "cell_area": 367308354088.71289, "cell_perimeter": 2423502.9390946985 }, "geometry": { "type": "Polygon", "coordinates": [ [ [ -157.5, 22.5 ], [ -157.5, 16.875 ], [ -151.875, 16.875 ], [ -151.875, 22.5 ], [ -157.5, 22.5 ] ] ] } },
{ "type": "Feature", "properties": { "dggal_gnosis": "4-C-5", "resolution": 4, "center_lat": 19.6875, "center_lon": -149.0625, "avg_edge_len": 605875.73477367463, "cell_area": 367308354088.71289, "cell_perimeter": 2423502.9390946985 }, "geometry": { "type": "Polygon", "coordinates": [ [ [ -151.875, 22.5 ], [ -151.875, 16.875 ], [ -146.25, 16.875 ], [ -146.25, 22.5 ], [ -151.875, 22.5 ] ] ] } },
{ "type": "Feature", "properties": { "dggal_gnosis": "4-C-6", "resolution": 4, "center_lat": 19.6875, "center_lon": -143.4375, "avg_edge_len": 605875.73477367603, "cell_area": 367308354088.71484, "cell_perimeter": 2423502.9390947041 }, "geometry": { "type": "Polygon", "coordinates": [ [ [ -146.25, 22.5 ], [ -146.25, 16.875 ], [ -140.625, 16.875 ], [ -140.625, 22.5 ], [ -146.25, 22.5 ] ] ] } },
{ "type": "Feature", "properties": { "dggal_gnosis": "4-C-7", "resolution": 4, "center_lat": 19.6875, "center_lon": -137.8125, "avg_edge_len": 605875.73477367463, "cell_area": 367308354088.71289, "cell_perimeter": 2423502.9390946985 }, "geometry": { "type": "Polygon", "coordinates": [ [ [ -140.625, 22.5 ], [ -140.625, 16.875 ], [ -135.0, 16.875 ], [ -135.0, 22.5 ], [ -140.625, 22.5 ] ] ] } },
{ "type": "Feature", "properties": { "dggal_gnosis": "4-C-8", "resolution": 4, "center_lat": 19.6875, "center_lon": -132.1875, "avg_edge_len": 605875.73477367463, "cell_area": 367308354088.71289, "cell_perimeter": 2423502.9390946985 }, "geometry": { "type": "Polygon", "coordinates": [ [ [ -135.0, 22.5 ], [ -135.0, 16.875 ], [ -129.375, 16.875 ], [ -129.375, 22.5 ], [ -135.0, 22.5 ] ] ] } },
{ "type": "Feature", "properties": { "dggal_gnosis": "4-C-9", "resolution": 4, "center_lat": 19.6875, "center_lon": -126.5625, "avg_edge_len": 605875.73477367463, "cell_area": 367308354088.71289, "cell_perimeter": 2423502.9390946985 }, "geometry": { "type": "Polygon", "coordinates": [ [ [ -129.375, 22.5 ], [ -129.375, 16.875 ], [ -123.75, 16.875 ], [ -123.75, 22.5 ], [ -129.375, 22.5 ] ] ] } },
{ "type": "Feature", "properties": { "dggal_gnosis": "4-C-A", "resolution": 4, "center_lat": 19.6875, "center_lon": -120.9375, "avg_edge_len": 605875.73477367463, "cell_area": 367308354088.71289, "cell_perimeter": 2423502.9390946985 }, "geometry": { "type": "Polygon", "coordinates": [ [ [ -123.75, 22.5 ], [ -123.75, 16.875 ], [ -118.125, 16.875 ], [ -118.125, 22.5 ], [ -123.75, 22.5 ] ] ] } },
{ "type": "Feature", "properties": { "dggal_gnosis": "4-C-B", "resolution": 4, "center_lat": 19.6875, "center_lon": -115.3125, "avg_edge_len": 605875.73477367463, "cell_area": 367308354088.71289, "cell_perimeter": 2423502.9390946985 }, "geometry": { "type": "Polygon", "coordinates": [ [ [ -118.125, 22.5 ], [ -118.125, 16.875 ], [ -112.5, 16.875 ], [ -112.5, 22.5 ], [ -118.125, 22.5 ] ] ] } },
{ "type": "Feature", "properties": { "dggal_gnosis": "4-C-C", "resolution": 4, "center_lat": 19.6875, "center_lon": -109.6875, "avg_edge_len": 605875.73477367463, "cell_area": 367308354088.71289, "cell_perimeter": 2423502.9390946985 }, "geometry": { "type": "Polygon", "coordinates": [ [ [ -112.5, 22.5 ], [ -112.5, 16.875 ], [ -106.875, 16.875 ], [ -106.875, 22.5 ], [ -112.5, 22.5 ] ] ] } },
{ "type": "Feature", "properties": { "dggal_gnosis": "4-C-D", "resolution": 4, "center_lat": 19.6875, "center_lon": -104.0625, "avg_edge_len": 605875.73477367545, "cell_area": 367308354088.71387, "cell_perimeter": 2423502.9390947018 }, "geometry": { "type": "Polygon", "coordinates": [ [ [ -106.875, 22.5 ], [ -106.875, 16.875 ], [ -101.25, 16.875 ], [ -101.25, 22.5 ], [ -106.875, 22.5 ] ] ] } },
{ "type": "Feature", "properties": { "dggal_gnosis": "4-C-E", "resolution": 4, "center_lat": 19.6875, "center_lon": -98.4375, "avg_edge_len": 605875.73477367393, "cell_area": 367308354088.71191, "cell_perimeter": 2423502.9390946957 }, "geometry": { "type": "Polygon", "coordinates": [ [ [ -101.25, 22.5 ], [ -101.25, 16.875 ], [ -95.625, 16.875 ], [ -95.625, 22.5 ], [ -101.25, 22.5 ] ] ] } },
{ "type": "Feature", "properties": { "dggal_gnosis": "4-C-F", "resolution": 4, "center_lat": 19.6875, "center_lon": -92.8125, "avg_edge_len": 605875.73477367463, "cell_area": 367308354088.71289, "cell_perimeter": 2423502.9390946985 }, "geometry": { "type": "Polygon", "coordinates": [ [ [ -95.625, 22.5 ], [ -95.625, 16.875 ], [ -90.0, 16.875 ], [ -90.0, 22.5 ], [ -95.625, 22.5 ] ] ] } },
{ "type": "Feature", "properties": { "dggal_gnosis": "4-C-10", "resolution": 4, "center_lat": 19.6875, "center_lon": -87.1875, "avg_edge_len": 605875.73477367545, "cell_area": 367308354088.71387, "cell_perimeter": 2423502.9390947018 }, "geometry": { "type": "Polygon", "coordinates": [ [ [ -90.0, 22.5 ], [ -90.0, 16.875 ], [ -84.375, 16.875 ], [ -84.375, 22.5 ], [ -90.0, 22.5 ] ] ] } },
{ "type": "Feature", "properties": { "dggal_gnosis": "4-C-11", "resolution": 4, "center_lat": 19.6875, "center_lon": -81.5625, "avg_edge_len": 605875.73477367463, "cell_area": 367308354088.71289, "cell_perimeter": 2423502.9390946985 }, "geometry": { "type": "Polygon", "coordinates": [ [ [ -84.375, 22.5 ], [ -84.375, 16.875 ], [ -78.75, 16.875 ], [ -78.75, 22.5 ], [ -84.375, 22.5 ] ] ] } },
{ "type": "Feature", "properties": { "dggal_gnosis": "4-C-12", "resolution": 4, "center_lat": 19.6875, "center_lon": -75.9375, "avg_edge_len": 605875.73477367393, "cell_area": 367308354088.71191, "cell_perimeter": 2423502.9390946957 }, "geometry": { "type": "Polygon", "coordinates": [ [ [ -78.75, 22.5 ], [ -78.75, 16.875 ], [ -73.125, 16.875 ], [ -73.125, 22.5 ], [ -78.75, 22.5 ] ] ] } },
{ "type": "Feature", "properties": { "dggal_gnosis": "4-C-13", "resolution": 4, "center_lat": 19.6875, "center_lon": -70.3125, "avg_edge_len": 605875.73477367545, "cell_area": 367308354088.71387, "cell_perimeter": 2423502.9390947018 }, "geometry": { "type": "Polygon", "coordinates": [ [ [ -73.125, 22.5 ], [ -73.125, 16.875 ], [ -67.5, 16.875 ], [ -67.5, 22.5 ], [ -73.125, 22.5 ] ] ] } },
{ "type": "Feature", "properties": { "dggal_gnosis": "4-C-14", "resolution": 4, "center_lat": 19.6875, "center_lon": -64.6875, "avg_edge_len": 605875.73477367463, "cell_area": 367308354088.71289, "cell_perimeter": 2423502.9390946985 }, "geometry": { "type": "Polygon", "coordinates": [ [ [ -67.5, 22.5 ], [ -67.5, 16.875 ], [ -61.875, 16.875 ], [ -61.875, 22.5 ], [ -67.5, 22.5 ] ] ] } },
{ "type": "Feature", "properties": { "dggal_gnosis": "4-C-15", "resolution": 4, "center_lat": 19.6875, "center_lon": -59.0625, "avg_edge_len": 605875.73477367463, "cell_area": 367308354088.71289, "cell_perimeter": 2423502.9390946985 }, "geometry": { "type": "Polygon", "coordinates": [ [ [ -61.875, 22.5 ], [ -61.875, 16.875 ], [ -56.25, 16.875 ], [ -56.25, 22.5 ], [ -61.875, 22.5 ] ] ] } },
{ "type": "Feature", "properties": { "dggal_gnosis": "4-C-16", "resolution": 4, "center_lat": 19.6875, "center_lon": -53.4375, "avg_edge_len": 605875.73477367463, "cell_area": 367308354088.71289, "cell_perimeter": 2423502.9390946985 }, "geometry": { "type": "Polygon", "coordinates": [ [ [ -56.25, 22.5 ], [ -56.25, 16.875 ], [ -50.625, 16.875 ], [ -50.625, 22.5 ], [ -56.25, 22.5 ] ] ] } },
{ "type": "Feature", "properties": { "dggal_gnosis": "4-C-17", "resolution": 4, "center_lat": 19.6875, "center_lon": -47.8125, "avg_edge_len": 605875.73477367428, "cell_area": 367308354088.7124, "cell_perimeter": 2423502.9390946971 }, "geometry": { "type": "Polygon", "coordinates": [ [ [ -50.625, 22.5 ], [ -50.625, 16.875 ], [ -45.0, 16.875 ], [ -45.0, 22.5 ], [ -50.625, 22.5 ] ] ] } },
{ "type": "Feature", "properties": { "dggal_gnosis": "4-C-18", "resolution": 4, "center_lat": 19.6875, "center_lon": -42.1875, "avg_edge_len": 605875.73477367463, "cell_area": 367308354088.71289, "cell_perimeter": 2423502.9390946985 }, "geometry": { "type": "Polygon", "coordinates": [ [ [ -45.0, 22.5 ], [ -45.0, 16.875 ], [ -39.375, 16.875 ], [ -39.375, 22.5 ], [ -45.0, 22.5 ] ] ] } },
{ "type": "Feature", "properties": { "dggal_gnosis": "4-C-19", "resolution": 4, "center_lat": 19.6875, "center_lon": -36.5625, "avg_edge_len": 605875.73477367463, "cell_area": 367308354088.71289, "cell_perimeter": 2423502.9390946985 }, "geometry": { "type": "Polygon", "coordinates": [ [ [ -39.375, 22.5 ], [ -39.375, 16.875 ], [ -33.75, 16.875 ], [ -33.75, 22.5 ], [ -39.375, 22.5 ] ] ] } },
{ "type": "Feature", "properties": { "dggal_gnosis": "4-C-1A", "resolution": 4, "center_lat": 19.6875, "center_lon": -30.9375, "avg_edge_len": 605875.73477367451, "cell_area": 367308354088.71265, "cell_perimeter": 2423502.9390946981 }, "geometry": { "type": "Polygon", "coordinates": [ [ [ -33.75, 22.5 ], [ -33.75, 16.875 ], [ -28.125, 16.875 ], [ -28.125, 22.5 ], [ -33.75, 22.5 ] ] ] } },
{ "type": "Feature", "properties": { "dggal_gnosis": "4-C-1B", "resolution": 4, "center_lat": 19.6875, "center_lon": -25.3125, "avg_edge_len": 605875.73477367463, "cell_area": 367308354088.71289, "cell_perimeter": 2423502.9390946985 }, "geometry": { "type": "Polygon", "coordinates": [ [ [ -28.125, 22.5 ], [ -28.125, 16.875 ], [ -22.5, 16.875 ], [ -22.5, 22.5 ], [ -28.125, 22.5 ] ] ] } },
{ "type": "Feature", "properties": { "dggal_gnosis": "4-C-1C", "resolution": 4, "center_lat": 19.6875, "center_lon": -19.6875, "avg_edge_len": 605875.73477367463, "cell_area": 367308354088.71289, "cell_perimeter": 2423502.9390946985 }, "geometry": { "type": "Polygon", "coordinates": [ [ [ -22.5, 22.5 ], [ -22.5, 16.875 ], [ -16.875, 16.875 ], [ -16.875, 22.5 ], [ -22.5, 22.5 ] ] ] } },
{ "type": "Feature", "properties": { "dggal_gnosis": "4-C-1D", "resolution": 4, "center_lat": 19.6875, "center_lon": -14.0625, "avg_edge_len": 605875.73477367451, "cell_area": 367308354088.71265, "cell_perimeter": 2423502.9390946981 }, "geometry": { "type": "Polygon", "coordinates": [ [ [ -16.875, 22.5 ], [ -16.875, 16.875 ], [ -11.25, 16.875 ], [ -11.25, 22.5 ], [ -16.875, 22.5 ] ] ] } },
{ "type": "Feature", "properties": { "dggal_gnosis": "4-C-1E", "resolution": 4, "center_lat": 19.6875, "center_lon": -8.4375, "avg_edge_len": 605875.73477367451, "cell_area": 367308354088.71265, "cell_perimeter": 2423502.9390946981 }, "geometry": { "type": "Polygon", "coordinates": [ [ [ -11.25, 22.5 ], [ -11.25, 16.875 ], [ -5.625, 16.875 ], [ -5.625, 22.5 ], [ -11.25, 22.5 ] ] ] } },
{ "type": "Feature", "properties": { "dggal_gnosis": "4-C-1F", "resolution": 4, "center_lat": 19.6875, "center_lon": -2.8125, "avg_edge_len": 605875.73477367451, "cell_area": 367308354088.71265, "cell_perimeter": 2423502.9390946981 }, "geometry": { "type": "Polygon", "coordinates": [ [ [ -5.625, 22.5 ], [ -5.625, 16.875 ], [ -0.0, 16.875 ], [ -0.0, 22.5 ], [ -5.625, 22.5 ] ] ] } },
{ "type": "Feature", "properties": { "dggal_gnosis": "4-C-20", "resolution": 4, "center_lat": 19.6875, "center_lon": 2.8125, "avg_edge_len": 605875.73477367451, "cell_area": 367308354088.71265, "cell_perimeter": 2423502.9390946981 }, "geometry": { "type": "Polygon", "coordinates": [ [ [ 0.0, 22.5 ], [ 0.0, 16.875 ], [ 5.625, 16.875 ], [ 5.625, 22.5 ], [ 0.0, 22.5 ] ] ] } },
{ "type": "Feature", "properties": { "dggal_gnosis": "4-C-21", "resolution": 4, "center_lat": 19.6875, "center_lon": 8.4375, "avg_edge_len": 605875.73477367451, "cell_area": 367308354088.71265, "cell_perimeter": 2423502.9390946981 }, "geometry": { "type": "Polygon", "coordinates": [ [ [ 5.625, 22.5 ], [ 5.625, 16.875 ], [ 11.25, 16.875 ], [ 11.25, 22.5 ], [ 5.625, 22.5 ] ] ] } },
{ "type": "Feature", "properties": { "dggal_gnosis": "4-C-22", "resolution": 4, "center_lat": 19.6875, "center_lon": 14.0625, "avg_edge_len": 605875.73477367451, "cell_area": 367308354088.71265, "cell_perimeter": 2423502.9390946981 }, "geometry": { "type": "Polygon", "coordinates": [ [ [ 11.25, 22.5 ], [ 11.25, 16.875 ], [ 16.875, 16.875 ], [ 16.875, 22.5 ], [ 11.25, 22.5 ] ] ] } },
{ "type": "Feature", "properties": { "dggal_gnosis": "4-C-23", "resolution": 4, "center_lat": 19.6875, "center_lon": 19.6875, "avg_edge_len": 605875.73477367463, "cell_area": 367308354088.71289, "cell_perimeter": 2423502.9390946985 }, "geometry": { "type": "Polygon", "coordinates": [ [ [ 16.875, 22.5 ], [ 16.875, 16.875 ], [ 22.5, 16.875 ], [ 22.5, 22.5 ], [ 16.875, 22.5 ] ] ] } },
{ "type": "Feature", "properties": { "dggal_gnosis": "4-C-24", "resolution": 4, "center_lat": 19.6875, "center_lon": 25.3125, "avg_edge_len": 605875.73477367451, "cell_area": 367308354088.71265, "cell_perimeter": 2423502.9390946981 }, "geometry": { "type": "Polygon", "coordinates": [ [ [ 22.5, 22.5 ], [ 22.5, 16.875 ], [ 28.125, 16.875 ], [ 28.125, 22.5 ], [ 22.5, 22.5 ] ] ] } },
{ "type": "Feature", "properties": { "dggal_gnosis": "4-C-25", "resolution": 4, "center_lat": 19.6875, "center_lon": 30.9375, "avg_edge_len": 605875.73477367451, "cell_area": 367308354088.71265, "cell_perimeter": 2423502.9390946981 }, "geometry": { "type": "Polygon", "coordinates": [ [ [ 28.125, 22.5 ], [ 28.125, 16.875 ], [ 33.75, 16.875 ], [ 33.75, 22.5 ], [ 28.125, 22.5 ] ] ] } },
{ "type": "Feature", "properties": { "dggal_gnosis": "4-C-26", "resolution": 4, "center_lat": 19.6875, "center_lon": 36.5625, "avg_edge_len": 605875.73477367463, "cell_area": 367308354088.71289, "cell_perimeter": 2423502.9390946985 }, "geometry": { "type": "Polygon", "coordinates": [ [ [ 33.75, 22.5 ], [ 33.75, 16.875 ], [ 39.375, 16.875 ], [ 39.375, 22.5 ], [ 33.75, 22.5 ] ] ] } },
{ "type": "Feature", "properties": { "dggal_gnosis": "4-C-27", "resolution": 4, "center_lat": 19.6875, "center_lon": 42.1875, "avg_edge_len": 605875.73477367463, "cell_area": 367308354088.71289, "cell_perimeter": 2423502.9390946985 }, "geometry": { "type": "Polygon", "coordinates": [ [ [ 39.375, 22.5 ], [ 39.375, 16.875 ], [ 45.0, 16.875 ], [ 45.0, 22.5 ], [ 39.375, 22.5 ] ] ] } },
{ "type": "Feature", "properties": { "dggal_gnosis": "4-C-28", "resolution": 4, "center_lat": 19.6875, "center_lon": 47.8125, "avg_edge_len": 605875.73477367428, "cell_area": 367308354088.7124, "cell_perimeter": 2423502.9390946971 }, "geometry": { "type": "Polygon", "coordinates": [ [ [ 45.0, 22.5 ], [ 45.0, 16.875 ], [ 50.625, 16.875 ], [ 50.625, 22.5 ], [ 45.0, 22.5 ] ] ] } },
{ "type": "Feature", "properties": { "dggal_gnosis": "4-C-29", "resolution": 4, "center_lat": 19.6875, "center_lon": 53.4375, "avg_edge_len": 605875.73477367428, "cell_area": 367308354088.7124, "cell_perimeter": 2423502.9390946971 }, "geometry": { "type": "Polygon", "coordinates": [ [ [ 50.625, 22.5 ], [ 50.625, 16.875 ], [ 56.25, 16.875 ], [ 56.25, 22.5 ], [ 50.625, 22.5 ] ] ] } },
{ "type": "Feature", "properties": { "dggal_gnosis": "4-C-2A", "resolution": 4, "center_lat": 19.6875, "center_lon": 59.0625, "avg_edge_len": 605875.73477367463, "cell_area": 367308354088.71289, "cell_perimeter": 2423502.9390946985 }, "geometry": { "type": "Polygon", "coordinates": [ [ [ 56.25, 22.5 ], [ 56.25, 16.875 ], [ 61.875, 16.875 ], [ 61.875, 22.5 ], [ 56.25, 22.5 ] ] ] } },
{ "type": "Feature", "properties": { "dggal_gnosis": "4-C-2B", "resolution": 4, "center_lat": 19.6875, "center_lon": 64.6875, "avg_edge_len": 605875.73477367463, "cell_area": 367308354088.71289, "cell_perimeter": 2423502.9390946985 }, "geometry": { "type": "Polygon", "coordinates": [ [ [ 61.875, 22.5 ], [ 61.875, 16.875 ], [ 67.5, 16.875 ], [ 67.5, 22.5 ], [ 61.875, 22.5 ] ] ] } },
{ "type": "Feature", "properties": { "dggal_gnosis": "4-C-2C", "resolution": 4, "center_lat": 19.6875, "center_lon": 70.3125, "avg_edge_len": 605875.73477367545, "cell_area": 367308354088.71387, "cell_perimeter": 2423502.9390947018 }, "geometry": { "type": "Polygon", "coordinates": [ [ [ 67.5, 22.5 ], [ 67.5, 16.875 ], [ 73.125, 16.875 ], [ 73.125, 22.5 ], [ 67.5, 22.5 ] ] ] } },
{ "type": "Feature", "properties": { "dggal_gnosis": "4-C-2D", "resolution": 4, "center_lat": 19.6875, "center_lon": 75.9375, "avg_edge_len": 605875.73477367463, "cell_area": 367308354088.71289, "cell_perimeter": 2423502.9390946985 }, "geometry": { "type": "Polygon", "coordinates": [ [ [ 73.125, 22.5 ], [ 73.125, 16.875 ], [ 78.75, 16.875 ], [ 78.75, 22.5 ], [ 73.125, 22.5 ] ] ] } },
{ "type": "Feature", "properties": { "dggal_gnosis": "4-C-2E", "resolution": 4, "center_lat": 19.6875, "center_lon": 81.5625, "avg_edge_len": 605875.73477367463, "cell_area": 367308354088.71289, "cell_perimeter": 2423502.9390946985 }, "geometry": { "type": "Polygon", "coordinates": [ [ [ 78.75, 22.5 ], [ 78.75, 16.875 ], [ 84.375, 16.875 ], [ 84.375, 22.5 ], [ 78.75, 22.5 ] ] ] } },
{ "type": "Feature", "properties": { "dggal_gnosis": "4-C-2F", "resolution": 4, "center_lat": 19.6875, "center_lon": 87.1875, "avg_edge_len": 605875.73477367463, "cell_area": 367308354088.71289, "cell_perimeter": 2423502.9390946985 }, "geometry": { "type": "Polygon", "coordinates": [ [ [ 84.375, 22.5 ], [ 84.375, 16.875 ], [ 90.0, 16.875 ], [ 90.0, 22.5 ], [ 84.375, 22.5 ] ] ] } },
{ "type": "Feature", "properties": { "dggal_gnosis": "4-C-30", "resolution": 4, "center_lat": 19.6875, "center_lon": 92.8125, "avg_edge_len": 605875.73477367463, "cell_area": 367308354088.71289, "cell_perimeter": 2423502.9390946985 }, "geometry": { "type": "Polygon", "coordinates": [ [ [ 90.0, 22.5 ], [ 90.0, 16.875 ], [ 95.625, 16.875 ], [ 95.625, 22.5 ], [ 90.0, 22.5 ] ] ] } },
{ "type": "Feature", "properties": { "dggal_gnosis": "4-C-31", "resolution": 4, "center_lat": 19.6875, "center_lon": 98.4375, "avg_edge_len": 605875.73477367463, "cell_area": 367308354088.71289, "cell_perimeter": 2423502.9390946985 }, "geometry": { "type": "Polygon", "coordinates": [ [ [ 95.625, 22.5 ], [ 95.625, 16.875 ], [ 101.25, 16.875 ], [ 101.25, 22.5 ], [ 95.625, 22.5 ] ] ] } },
{ "type": "Feature", "properties": { "dggal_gnosis": "4-C-32", "resolution": 4, "center_lat": 19.6875, "center_lon": 104.0625, "avg_edge_len": 605875.73477367545, "cell_area": 367308354088.71387, "cell_perimeter": 2423502.9390947018 }, "geometry": { "type": "Polygon", "coordinates": [ [ [ 101.25, 22.5 ], [ 101.25, 16.875 ], [ 106.875, 16.875 ], [ 106.875, 22.5 ], [ 101.25, 22.5 ] ] ] } },
{ "type": "Feature", "properties": { "dggal_gnosis": "4-C-33", "resolution": 4, "center_lat": 19.6875, "center_lon": 109.6875, "avg_edge_len": 605875.73477367463, "cell_area": 367308354088.71289, "cell_perimeter": 2423502.9390946985 }, "geometry": { "type": "Polygon", "coordinates": [ [ [ 106.875, 22.5 ], [ 106.875, 16.875 ], [ 112.5, 16.875 ], [ 112.5, 22.5 ], [ 106.875, 22.5 ] ] ] } },
{ "type": "Feature", "properties": { "dggal_gnosis": "4-C-34", "resolution": 4, "center_lat": 19.6875, "center_lon": 115.3125, "avg_edge_len": 605875.73477367463, "cell_area": 367308354088.71289, "cell_perimeter": 2423502.9390946985 }, "geometry": { "type": "Polygon", "coordinates": [ [ [ 112.5, 22.5 ], [ 112.5, 16.875 ], [ 118.125, 16.875 ], [ 118.125, 22.5 ], [ 112.5, 22.5 ] ] ] } },
{ "type": "Feature", "properties": { "dggal_gnosis": "4-C-35", "resolution": 4, "center_lat": 19.6875, "center_lon": 120.9375, "avg_edge_len": 605875.73477367545, "cell_area": 367308354088.71387, "cell_perimeter": 2423502.9390947018 }, "geometry": { "type": "Polygon", "coordinates": [ [ [ 118.125, 22.5 ], [ 118.125, 16.875 ], [ 123.75, 16.875 ], [ 123.75, 22.5 ], [ 118.125, 22.5 ] ] ] } },
{ "type": "Feature", "properties": { "dggal_gnosis": "4-C-36", "resolution": 4, "center_lat": 19.6875, "center_lon": 126.5625, "avg_edge_len": 605875.73477367463, "cell_area": 367308354088.71289, "cell_perimeter": 2423502.9390946985 }, "geometry": { "type": "Polygon", "coordinates": [ [ [ 123.75, 22.5 ], [ 123.75, 16.875 ], [ 129.375, 16.875 ], [ 129.375, 22.5 ], [ 123.75, 22.5 ] ] ] } },
{ "type": "Feature", "properties": { "dggal_gnosis": "4-C-37", "resolution": 4, "center_lat": 19.6875, "center_lon": 132.1875, "avg_edge_len": 605875.73477367463, "cell_area": 367308354088.71289, "cell_perimeter": 2423502.9390946985 }, "geometry": { "type": "Polygon", "coordinates": [ [ [ 129.375, 22.5 ], [ 129.375, 16.875 ], [ 135.0, 16.875 ], [ 135.0, 22.5 ], [ 129.375, 22.5 ] ] ] } },
{ "type": "Feature", "properties": { "dggal_gnosis": "4-C-38", "resolution": 4, "center_lat": 19.6875, "center_lon": 137.8125, "avg_edge_len": 605875.73477367463, "cell_area": 367308354088.71289, "cell_perimeter": 2423502.9390946985 }, "geometry": { "type": "Polygon", "coordinates": [ [ [ 135.0, 22.5 ], [ 135.0, 16.875 ], [ 140.625, 16.875 ], [ 140.625, 22.5 ], [ 135.0, 22.5 ] ] ] } },
{ "type": "Feature", "properties": { "dggal_gnosis": "4-C-39", "resolution": 4, "center_lat": 19.6875, "center_lon": 143.4375, "avg_edge_len": 605875.73477367603, "cell_area": 367308354088.71484, "cell_perimeter": 2423502.9390947041 }, "geometry": { "type": "Polygon", "coordinates": [ [ [ 140.625, 22.5 ], [ 140.625, 16.875 ], [ 146.25, 16.875 ], [ 146.25, 22.5 ], [ 140.625, 22.5 ] ] ] } },
{ "type": "Feature", "properties": { "dggal_gnosis": "4-C-3A", "resolution": 4, "center_lat": 19.6875, "center_lon": 149.0625, "avg_edge_len": 605875.73477367463, "cell_area": 367308354088.71289, "cell_perimeter": 2423502.9390946985 }, "geometry": { "type": "Polygon", "coordinates": [ [ [ 146.25, 22.5 ], [ 146.25, 16.875 ], [ 151.875, 16.875 ], [ 151.875, 22.5 ], [ 146.25, 22.5 ] ] ] } },
{ "type": "Feature", "properties": { "dggal_gnosis": "4-C-3B", "resolution": 4, "center_lat": 19.6875, "center_lon": 154.6875, "avg_edge_len": 605875.73477367463, "cell_area": 367308354088.71289, "cell_perimeter": 2423502.9390946985 }, "geometry": { "type": "Polygon", "coordinates": [ [ [ 151.875, 22.5 ], [ 151.875, 16.875 ], [ 157.5, 16.875 ], [ 157.5, 22.5 ], [ 151.875, 22.5 ] ] ] } },
{ "type": "Feature", "properties": { "dggal_gnosis": "4-C-3C", "resolution": 4, "center_lat": 19.6875, "center_lon": 160.3125, "avg_edge_len": 605875.73477367463, "cell_area": 367308354088.71289, "cell_perimeter": 2423502.9390946985 }, "geometry": { "type": "Polygon", "coordinates": [ [ [ 157.5, 22.5 ], [ 157.5, 16.875 ], [ 163.125, 16.875 ], [ 163.125, 22.5 ], [ 157.5, 22.5 ] ] ] } },
{ "type": "Feature", "properties": { "dggal_gnosis": "4-C-3D", "resolution": 4, "center_lat": 19.6875, "center_lon": 165.9375, "avg_edge_len": 605875.73477367463, "cell_area": 367308354088.71289, "cell_perimeter": 2423502.9390946985 }, "geometry": { "type": "Polygon", "coordinates": [ [ [ 163.125, 22.5 ], [ 163.125, 16.875 ], [ 168.75, 16.875 ], [ 168.75, 22.5 ], [ 163.125, 22.5 ] ] ] } },
{ "type": "Feature", "properties": { "dggal_gnosis": "4-C-3E", "resolution": 4, "center_lat": 19.6875, "center_lon": 171.5625, "avg_edge_len": 605875.73477367463, "cell_area": 367308354088.71289, "cell_perimeter": 2423502.9390946985 }, "geometry": { "type": "Polygon", "coordinates": [ [ [ 168.75, 22.5 ], [ 168.75, 16.875 ], [ 174.375, 16.875 ], [ 174.375, 22.5 ], [ 168.75, 22.5 ] ] ] } },
{ "type": "Feature", "properties": { "dggal_gnosis": "4-C-3F", "resolution": 4, "center_lat": 19.6875, "center_lon": 177.1875, "avg_edge_len": 605875.73477367463, "cell_area": 367308354088.71289, "cell_perimeter": 2423502.9390946985 }, "geometry": { "type": "Polygon", "coordinates": [ [ [ 174.375, 22.5 ], [ 174.375, 16.875 ], [ 180.0, 16.875 ], [ 180.0, 22.5 ], [ 174.375, 22.5 ] ] ] } },
{ "type": "Feature", "properties": { "dggal_gnosis": "4-D-0", "resolution": 4, "center_lat": 14.0625, "center_lon": -177.1875, "avg_edge_len": 614568.68516901822, "cell_area": 378196220928.24731, "cell_perimeter": 2458274.7406760729 }, "geometry": { "type": "Polygon", "coordinates": [ [ [ -180.0, 16.875 ], [ -180.0, 11.25 ], [ -174.375, 11.25 ], [ -174.375, 16.875 ], [ -180.0, 16.875 ] ] ] } },
{ "type": "Feature", "properties": { "dggal_gnosis": "4-D-1", "resolution": 4, "center_lat": 14.0625, "center_lon": -171.5625, "avg_edge_len": 614568.68516901671, "cell_area": 378196220928.24536, "cell_perimeter": 2458274.7406760668 }, "geometry": { "type": "Polygon", "coordinates": [ [ [ -174.375, 16.875 ], [ -174.375, 11.25 ], [ -168.75, 11.25 ], [ -168.75, 16.875 ], [ -174.375, 16.875 ] ] ] } },
{ "type": "Feature", "properties": { "dggal_gnosis": "4-D-2", "resolution": 4, "center_lat": 14.0625, "center_lon": -165.9375, "avg_edge_len": 614568.68516901671, "cell_area": 378196220928.24536, "cell_perimeter": 2458274.7406760668 }, "geometry": { "type": "Polygon", "coordinates": [ [ [ -168.75, 16.875 ], [ -168.75, 11.25 ], [ -163.125, 11.25 ], [ -163.125, 16.875 ], [ -168.75, 16.875 ] ] ] } },
{ "type": "Feature", "properties": { "dggal_gnosis": "4-D-3", "resolution": 4, "center_lat": 14.0625, "center_lon": -160.3125, "avg_edge_len": 614568.68516901671, "cell_area": 378196220928.24536, "cell_perimeter": 2458274.7406760668 }, "geometry": { "type": "Polygon", "coordinates": [ [ [ -163.125, 16.875 ], [ -163.125, 11.25 ], [ -157.5, 11.25 ], [ -157.5, 16.875 ], [ -163.125, 16.875 ] ] ] } },
{ "type": "Feature", "properties": { "dggal_gnosis": "4-D-4", "resolution": 4, "center_lat": 14.0625, "center_lon": -154.6875, "avg_edge_len": 614568.68516901671, "cell_area": 378196220928.24536, "cell_perimeter": 2458274.7406760668 }, "geometry": { "type": "Polygon", "coordinates": [ [ [ -157.5, 16.875 ], [ -157.5, 11.25 ], [ -151.875, 11.25 ], [ -151.875, 16.875 ], [ -157.5, 16.875 ] ] ] } },
{ "type": "Feature", "properties": { "dggal_gnosis": "4-D-5", "resolution": 4, "center_lat": 14.0625, "center_lon": -149.0625, "avg_edge_len": 614568.68516901671, "cell_area": 378196220928.24536, "cell_perimeter": 2458274.7406760668 }, "geometry": { "type": "Polygon", "coordinates": [ [ [ -151.875, 16.875 ], [ -151.875, 11.25 ], [ -146.25, 11.25 ], [ -146.25, 16.875 ], [ -151.875, 16.875 ] ] ] } },
{ "type": "Feature", "properties": { "dggal_gnosis": "4-D-6", "resolution": 4, "center_lat": 14.0625, "center_lon": -143.4375, "avg_edge_len": 614568.68516901822, "cell_area": 378196220928.24731, "cell_perimeter": 2458274.7406760729 }, "geometry": { "type": "Polygon", "coordinates": [ [ [ -146.25, 16.875 ], [ -146.25, 11.25 ], [ -140.625, 11.25 ], [ -140.625, 16.875 ], [ -146.25, 16.875 ] ] ] } },
{ "type": "Feature", "properties": { "dggal_gnosis": "4-D-7", "resolution": 4, "center_lat": 14.0625, "center_lon": -137.8125, "avg_edge_len": 614568.68516901671, "cell_area": 378196220928.24536, "cell_perimeter": 2458274.7406760668 }, "geometry": { "type": "Polygon", "coordinates": [ [ [ -140.625, 16.875 ], [ -140.625, 11.25 ], [ -135.0, 11.25 ], [ -135.0, 16.875 ], [ -140.625, 16.875 ] ] ] } },
{ "type": "Feature", "properties": { "dggal_gnosis": "4-D-8", "resolution": 4, "center_lat": 14.0625, "center_lon": -132.1875, "avg_edge_len": 614568.68516901671, "cell_area": 378196220928.24536, "cell_perimeter": 2458274.7406760668 }, "geometry": { "type": "Polygon", "coordinates": [ [ [ -135.0, 16.875 ], [ -135.0, 11.25 ], [ -129.375, 11.25 ], [ -129.375, 16.875 ], [ -135.0, 16.875 ] ] ] } },
{ "type": "Feature", "properties": { "dggal_gnosis": "4-D-9", "resolution": 4, "center_lat": 14.0625, "center_lon": -126.5625, "avg_edge_len": 614568.68516901671, "cell_area": 378196220928.24536, "cell_perimeter": 2458274.7406760668 }, "geometry": { "type": "Polygon", "coordinates": [ [ [ -129.375, 16.875 ], [ -129.375, 11.25 ], [ -123.75, 11.25 ], [ -123.75, 16.875 ], [ -129.375, 16.875 ] ] ] } },
{ "type": "Feature", "properties": { "dggal_gnosis": "4-D-A", "resolution": 4, "center_lat": 14.0625, "center_lon": -120.9375, "avg_edge_len": 614568.68516901671, "cell_area": 378196220928.24536, "cell_perimeter": 2458274.7406760668 }, "geometry": { "type": "Polygon", "coordinates": [ [ [ -123.75, 16.875 ], [ -123.75, 11.25 ], [ -118.125, 11.25 ], [ -118.125, 16.875 ], [ -123.75, 16.875 ] ] ] } },
{ "type": "Feature", "properties": { "dggal_gnosis": "4-D-B", "resolution": 4, "center_lat": 14.0625, "center_lon": -115.3125, "avg_edge_len": 614568.68516901671, "cell_area": 378196220928.24536, "cell_perimeter": 2458274.7406760668 }, "geometry": { "type": "Polygon", "coordinates": [ [ [ -118.125, 16.875 ], [ -118.125, 11.25 ], [ -112.5, 11.25 ], [ -112.5, 16.875 ], [ -118.125, 16.875 ] ] ] } },
{ "type": "Feature", "properties": { "dggal_gnosis": "4-D-C", "resolution": 4, "center_lat": 14.0625, "center_lon": -109.6875, "avg_edge_len": 614568.68516901671, "cell_area": 378196220928.24536, "cell_perimeter": 2458274.7406760668 }, "geometry": { "type": "Polygon", "coordinates": [ [ [ -112.5, 16.875 ], [ -112.5, 11.25 ], [ -106.875, 11.25 ], [ -106.875, 16.875 ], [ -112.5, 16.875 ] ] ] } },
{ "type": "Feature", "properties": { "dggal_gnosis": "4-D-D", "resolution": 4, "center_lat": 14.0625, "center_lon": -104.0625, "avg_edge_len": 614568.68516901752, "cell_area": 378196220928.24658, "cell_perimeter": 2458274.7406760701 }, "geometry": { "type": "Polygon", "coordinates": [ [ [ -106.875, 16.875 ], [ -106.875, 11.25 ], [ -101.25, 11.25 ], [ -101.25, 16.875 ], [ -106.875, 16.875 ] ] ] } },
{ "type": "Feature", "properties": { "dggal_gnosis": "4-D-E", "resolution": 4, "center_lat": 14.0625, "center_lon": -98.4375, "avg_edge_len": 614568.68516901589, "cell_area": 378196220928.24463, "cell_perimeter": 2458274.7406760636 }, "geometry": { "type": "Polygon", "coordinates": [ [ [ -101.25, 16.875 ], [ -101.25, 11.25 ], [ -95.625, 11.25 ], [ -95.625, 16.875 ], [ -101.25, 16.875 ] ] ] } },
{ "type": "Feature", "properties": { "dggal_gnosis": "4-D-F", "resolution": 4, "center_lat": 14.0625, "center_lon": -92.8125, "avg_edge_len": 614568.68516901671, "cell_area": 378196220928.24536, "cell_perimeter": 2458274.7406760668 }, "geometry": { "type": "Polygon", "coordinates": [ [ [ -95.625, 16.875 ], [ -95.625, 11.25 ], [ -90.0, 11.25 ], [ -90.0, 16.875 ], [ -95.625, 16.875 ] ] ] } },
{ "type": "Feature", "properties": { "dggal_gnosis": "4-D-10", "resolution": 4, "center_lat": 14.0625, "center_lon": -87.1875, "avg_edge_len": 614568.68516901752, "cell_area": 378196220928.24658, "cell_perimeter": 2458274.7406760701 }, "geometry": { "type": "Polygon", "coordinates": [ [ [ -90.0, 16.875 ], [ -90.0, 11.25 ], [ -84.375, 11.25 ], [ -84.375, 16.875 ], [ -90.0, 16.875 ] ] ] } },
{ "type": "Feature", "properties": { "dggal_gnosis": "4-D-11", "resolution": 4, "center_lat": 14.0625, "center_lon": -81.5625, "avg_edge_len": 614568.68516901671, "cell_area": 378196220928.24536, "cell_perimeter": 2458274.7406760668 }, "geometry": { "type": "Polygon", "coordinates": [ [ [ -84.375, 16.875 ], [ -84.375, 11.25 ], [ -78.75, 11.25 ], [ -78.75, 16.875 ], [ -84.375, 16.875 ] ] ] } },
{ "type": "Feature", "properties": { "dggal_gnosis": "4-D-12", "resolution": 4, "center_lat": 14.0625, "center_lon": -75.9375, "avg_edge_len": 614568.68516901589, "cell_area": 378196220928.24463, "cell_perimeter": 2458274.7406760636 }, "geometry": { "type": "Polygon", "coordinates": [ [ [ -78.75, 16.875 ], [ -78.75, 11.25 ], [ -73.125, 11.25 ], [ -73.125, 16.875 ], [ -78.75, 16.875 ] ] ] } },
{ "type": "Feature", "properties": { "dggal_gnosis": "4-D-13", "resolution": 4, "center_lat": 14.0625, "center_lon": -70.3125, "avg_edge_len": 614568.68516901752, "cell_area": 378196220928.24658, "cell_perimeter": 2458274.7406760701 }, "geometry": { "type": "Polygon", "coordinates": [ [ [ -73.125, 16.875 ], [ -73.125, 11.25 ], [ -67.5, 11.25 ], [ -67.5, 16.875 ], [ -73.125, 16.875 ] ] ] } },
{ "type": "Feature", "properties": { "dggal_gnosis": "4-D-14", "resolution": 4, "center_lat": 14.0625, "center_lon": -64.6875, "avg_edge_len": 614568.68516901671, "cell_area": 378196220928.24536, "cell_perimeter": 2458274.7406760668 }, "geometry": { "type": "Polygon", "coordinates": [ [ [ -67.5, 16.875 ], [ -67.5, 11.25 ], [ -61.875, 11.25 ], [ -61.875, 16.875 ], [ -67.5, 16.875 ] ] ] } },
{ "type": "Feature", "properties": { "dggal_gnosis": "4-D-15", "resolution": 4, "center_lat": 14.0625, "center_lon": -59.0625, "avg_edge_len": 614568.68516901671, "cell_area": 378196220928.24536, "cell_perimeter": 2458274.7406760668 }, "geometry": { "type": "Polygon", "coordinates": [ [ [ -61.875, 16.875 ], [ -61.875, 11.25 ], [ -56.25, 11.25 ], [ -56.25, 16.875 ], [ -61.875, 16.875 ] ] ] } },
{ "type": "Feature", "properties": { "dggal_gnosis": "4-D-16", "resolution": 4, "center_lat": 14.0625, "center_lon": -53.4375, "avg_edge_len": 614568.68516901671, "cell_area": 378196220928.24536, "cell_perimeter": 2458274.7406760668 }, "geometry": { "type": "Polygon", "coordinates": [ [ [ -56.25, 16.875 ], [ -56.25, 11.25 ], [ -50.625, 11.25 ], [ -50.625, 16.875 ], [ -56.25, 16.875 ] ] ] } },
{ "type": "Feature", "properties": { "dggal_gnosis": "4-D-17", "resolution": 4, "center_lat": 14.0625, "center_lon": -47.8125, "avg_edge_len": 614568.68516901624, "cell_area": 378196220928.24536, "cell_perimeter": 2458274.740676065 }, "geometry": { "type": "Polygon", "coordinates": [ [ [ -50.625, 16.875 ], [ -50.625, 11.25 ], [ -45.0, 11.25 ], [ -45.0, 16.875 ], [ -50.625, 16.875 ] ] ] } },
{ "type": "Feature", "properties": { "dggal_gnosis": "4-D-18", "resolution": 4, "center_lat": 14.0625, "center_lon": -42.1875, "avg_edge_len": 614568.68516901671, "cell_area": 378196220928.24536, "cell_perimeter": 2458274.7406760668 }, "geometry": { "type": "Polygon", "coordinates": [ [ [ -45.0, 16.875 ], [ -45.0, 11.25 ], [ -39.375, 11.25 ], [ -39.375, 16.875 ], [ -45.0, 16.875 ] ] ] } },
{ "type": "Feature", "properties": { "dggal_gnosis": "4-D-19", "resolution": 4, "center_lat": 14.0625, "center_lon": -36.5625, "avg_edge_len": 614568.68516901671, "cell_area": 378196220928.24536, "cell_perimeter": 2458274.7406760668 }, "geometry": { "type": "Polygon", "coordinates": [ [ [ -39.375, 16.875 ], [ -39.375, 11.25 ], [ -33.75, 11.25 ], [ -33.75, 16.875 ], [ -39.375, 16.875 ] ] ] } },
{ "type": "Feature", "properties": { "dggal_gnosis": "4-D-1A", "resolution": 4, "center_lat": 14.0625, "center_lon": -30.9375, "avg_edge_len": 614568.68516901648, "cell_area": 378196220928.24536, "cell_perimeter": 2458274.7406760659 }, "geometry": { "type": "Polygon", "coordinates": [ [ [ -33.75, 16.875 ], [ -33.75, 11.25 ], [ -28.125, 11.25 ], [ -28.125, 16.875 ], [ -33.75, 16.875 ] ] ] } },
{ "type": "Feature", "properties": { "dggal_gnosis": "4-D-1B", "resolution": 4, "center_lat": 14.0625, "center_lon": -25.3125, "avg_edge_len": 614568.68516901671, "cell_area": 378196220928.24536, "cell_perimeter": 2458274.7406760668 }, "geometry": { "type": "Polygon", "coordinates": [ [ [ -28.125, 16.875 ], [ -28.125, 11.25 ], [ -22.5, 11.25 ], [ -22.5, 16.875 ], [ -28.125, 16.875 ] ] ] } },
{ "type": "Feature", "properties": { "dggal_gnosis": "4-D-1C", "resolution": 4, "center_lat": 14.0625, "center_lon": -19.6875, "avg_edge_len": 614568.68516901671, "cell_area": 378196220928.24536, "cell_perimeter": 2458274.7406760668 }, "geometry": { "type": "Polygon", "coordinates": [ [ [ -22.5, 16.875 ], [ -22.5, 11.25 ], [ -16.875, 11.25 ], [ -16.875, 16.875 ], [ -22.5, 16.875 ] ] ] } },
{ "type": "Feature", "properties": { "dggal_gnosis": "4-D-1D", "resolution": 4, "center_lat": 14.0625, "center_lon": -14.0625, "avg_edge_len": 614568.68516901648, "cell_area": 378196220928.24536, "cell_perimeter": 2458274.7406760659 }, "geometry": { "type": "Polygon", "coordinates": [ [ [ -16.875, 16.875 ], [ -16.875, 11.25 ], [ -11.25, 11.25 ], [ -11.25, 16.875 ], [ -16.875, 16.875 ] ] ] } },
{ "type": "Feature", "properties": { "dggal_gnosis": "4-D-1E", "resolution": 4, "center_lat": 14.0625, "center_lon": -8.4375, "avg_edge_len": 614568.68516901659, "cell_area": 378196220928.24536, "cell_perimeter": 2458274.7406760664 }, "geometry": { "type": "Polygon", "coordinates": [ [ [ -11.25, 16.875 ], [ -11.25, 11.25 ], [ -5.625, 11.25 ], [ -5.625, 16.875 ], [ -11.25, 16.875 ] ] ] } },
{ "type": "Feature", "properties": { "dggal_gnosis": "4-D-1F", "resolution": 4, "center_lat": 14.0625, "center_lon": -2.8125, "avg_edge_len": 614568.68516901659, "cell_area": 378196220928.24536, "cell_perimeter": 2458274.7406760664 }, "geometry": { "type": "Polygon", "coordinates": [ [ [ -5.625, 16.875 ], [ -5.625, 11.25 ], [ -0.0, 11.25 ], [ -0.0, 16.875 ], [ -5.625, 16.875 ] ] ] } },
{ "type": "Feature", "properties": { "dggal_gnosis": "4-D-20", "resolution": 4, "center_lat": 14.0625, "center_lon": 2.8125, "avg_edge_len": 614568.68516901659, "cell_area": 378196220928.24536, "cell_perimeter": 2458274.7406760664 }, "geometry": { "type": "Polygon", "coordinates": [ [ [ 0.0, 16.875 ], [ 0.0, 11.25 ], [ 5.625, 11.25 ], [ 5.625, 16.875 ], [ 0.0, 16.875 ] ] ] } },
{ "type": "Feature", "properties": { "dggal_gnosis": "4-D-21", "resolution": 4, "center_lat": 14.0625, "center_lon": 8.4375, "avg_edge_len": 614568.68516901648, "cell_area": 378196220928.24524, "cell_perimeter": 2458274.7406760659 }, "geometry": { "type": "Polygon", "coordinates": [ [ [ 5.625, 16.875 ], [ 5.625, 11.25 ], [ 11.25, 11.25 ], [ 11.25, 16.875 ], [ 5.625, 16.875 ] ] ] } },
{ "type": "Feature", "properties": { "dggal_gnosis": "4-D-22", "resolution": 4, "center_lat": 14.0625, "center_lon": 14.0625, "avg_edge_len": 614568.68516901659, "cell_area": 378196220928.24536, "cell_perimeter": 2458274.7406760664 }, "geometry": { "type": "Polygon", "coordinates": [ [ [ 11.25, 16.875 ], [ 11.25, 11.25 ], [ 16.875, 11.25 ], [ 16.875, 16.875 ], [ 11.25, 16.875 ] ] ] } },
{ "type": "Feature", "properties": { "dggal_gnosis": "4-D-23", "resolution": 4, "center_lat": 14.0625, "center_lon": 19.6875, "avg_edge_len": 614568.68516901671, "cell_area": 378196220928.24536, "cell_perimeter": 2458274.7406760668 }, "geometry": { "type": "Polygon", "coordinates": [ [ [ 16.875, 16.875 ], [ 16.875, 11.25 ], [ 22.5, 11.25 ], [ 22.5, 16.875 ], [ 16.875, 16.875 ] ] ] } },
{ "type": "Feature", "properties": { "dggal_gnosis": "4-D-24", "resolution": 4, "center_lat": 14.0625, "center_lon": 25.3125, "avg_edge_len": 614568.68516901648, "cell_area": 378196220928.24536, "cell_perimeter": 2458274.7406760659 }, "geometry": { "type": "Polygon", "coordinates": [ [ [ 22.5, 16.875 ], [ 22.5, 11.25 ], [ 28.125, 11.25 ], [ 28.125, 16.875 ], [ 22.5, 16.875 ] ] ] } },
{ "type": "Feature", "properties": { "dggal_gnosis": "4-D-25", "resolution": 4, "center_lat": 14.0625, "center_lon": 30.9375, "avg_edge_len": 614568.68516901648, "cell_area": 378196220928.24536, "cell_perimeter": 2458274.7406760659 }, "geometry": { "type": "Polygon", "coordinates": [ [ [ 28.125, 16.875 ], [ 28.125, 11.25 ], [ 33.75, 11.25 ], [ 33.75, 16.875 ], [ 28.125, 16.875 ] ] ] } },
{ "type": "Feature", "properties": { "dggal_gnosis": "4-D-26", "resolution": 4, "center_lat": 14.0625, "center_lon": 36.5625, "avg_edge_len": 614568.68516901671, "cell_area": 378196220928.24536, "cell_perimeter": 2458274.7406760668 }, "geometry": { "type": "Polygon", "coordinates": [ [ [ 33.75, 16.875 ], [ 33.75, 11.25 ], [ 39.375, 11.25 ], [ 39.375, 16.875 ], [ 33.75, 16.875 ] ] ] } },
{ "type": "Feature", "properties": { "dggal_gnosis": "4-D-27", "resolution": 4, "center_lat": 14.0625, "center_lon": 42.1875, "avg_edge_len": 614568.68516901671, "cell_area": 378196220928.24536, "cell_perimeter": 2458274.7406760668 }, "geometry": { "type": "Polygon", "coordinates": [ [ [ 39.375, 16.875 ], [ 39.375, 11.25 ], [ 45.0, 11.25 ], [ 45.0, 16.875 ], [ 39.375, 16.875 ] ] ] } },
{ "type": "Feature", "properties": { "dggal_gnosis": "4-D-28", "resolution": 4, "center_lat": 14.0625, "center_lon": 47.8125, "avg_edge_len": 614568.68516901624, "cell_area": 378196220928.24536, "cell_perimeter": 2458274.740676065 }, "geometry": { "type": "Polygon", "coordinates": [ [ [ 45.0, 16.875 ], [ 45.0, 11.25 ], [ 50.625, 11.25 ], [ 50.625, 16.875 ], [ 45.0, 16.875 ] ] ] } },
{ "type": "Feature", "properties": { "dggal_gnosis": "4-D-29", "resolution": 4, "center_lat": 14.0625, "center_lon": 53.4375, "avg_edge_len": 614568.68516901624, "cell_area": 378196220928.24536, "cell_perimeter": 2458274.740676065 }, "geometry": { "type": "Polygon", "coordinates": [ [ [ 50.625, 16.875 ], [ 50.625, 11.25 ], [ 56.25, 11.25 ], [ 56.25, 16.875 ], [ 50.625, 16.875 ] ] ] } },
{ "type": "Feature", "properties": { "dggal_gnosis": "4-D-2A", "resolution": 4, "center_lat": 14.0625, "center_lon": 59.0625, "avg_edge_len": 614568.68516901671, "cell_area": 378196220928.24536, "cell_perimeter": 2458274.7406760668 }, "geometry": { "type": "Polygon", "coordinates": [ [ [ 56.25, 16.875 ], [ 56.25, 11.25 ], [ 61.875, 11.25 ], [ 61.875, 16.875 ], [ 56.25, 16.875 ] ] ] } },
{ "type": "Feature", "properties": { "dggal_gnosis": "4-D-2B", "resolution": 4, "center_lat": 14.0625, "center_lon": 64.6875, "avg_edge_len": 614568.68516901671, "cell_area": 378196220928.24536, "cell_perimeter": 2458274.7406760668 }, "geometry": { "type": "Polygon", "coordinates": [ [ [ 61.875, 16.875 ], [ 61.875, 11.25 ], [ 67.5, 11.25 ], [ 67.5, 16.875 ], [ 61.875, 16.875 ] ] ] } },
{ "type": "Feature", "properties": { "dggal_gnosis": "4-D-2C", "resolution": 4, "center_lat": 14.0625, "center_lon": 70.3125, "avg_edge_len": 614568.68516901752, "cell_area": 378196220928.24658, "cell_perimeter": 2458274.7406760701 }, "geometry": { "type": "Polygon", "coordinates": [ [ [ 67.5, 16.875 ], [ 67.5, 11.25 ], [ 73.125, 11.25 ], [ 73.125, 16.875 ], [ 67.5, 16.875 ] ] ] } },
{ "type": "Feature", "properties": { "dggal_gnosis": "4-D-2D", "resolution": 4, "center_lat": 14.0625, "center_lon": 75.9375, "avg_edge_len": 614568.68516901671, "cell_area": 378196220928.24536, "cell_perimeter": 2458274.7406760668 }, "geometry": { "type": "Polygon", "coordinates": [ [ [ 73.125, 16.875 ], [ 73.125, 11.25 ], [ 78.75, 11.25 ], [ 78.75, 16.875 ], [ 73.125, 16.875 ] ] ] } },
{ "type": "Feature", "properties": { "dggal_gnosis": "4-D-2E", "resolution": 4, "center_lat": 14.0625, "center_lon": 81.5625, "avg_edge_len": 614568.68516901671, "cell_area": 378196220928.24536, "cell_perimeter": 2458274.7406760668 }, "geometry": { "type": "Polygon", "coordinates": [ [ [ 78.75, 16.875 ], [ 78.75, 11.25 ], [ 84.375, 11.25 ], [ 84.375, 16.875 ], [ 78.75, 16.875 ] ] ] } },
{ "type": "Feature", "properties": { "dggal_gnosis": "4-D-2F", "resolution": 4, "center_lat": 14.0625, "center_lon": 87.1875, "avg_edge_len": 614568.68516901671, "cell_area": 378196220928.24536, "cell_perimeter": 2458274.7406760668 }, "geometry": { "type": "Polygon", "coordinates": [ [ [ 84.375, 16.875 ], [ 84.375, 11.25 ], [ 90.0, 11.25 ], [ 90.0, 16.875 ], [ 84.375, 16.875 ] ] ] } },
{ "type": "Feature", "properties": { "dggal_gnosis": "4-D-30", "resolution": 4, "center_lat": 14.0625, "center_lon": 92.8125, "avg_edge_len": 614568.68516901671, "cell_area": 378196220928.24536, "cell_perimeter": 2458274.7406760668 }, "geometry": { "type": "Polygon", "coordinates": [ [ [ 90.0, 16.875 ], [ 90.0, 11.25 ], [ 95.625, 11.25 ], [ 95.625, 16.875 ], [ 90.0, 16.875 ] ] ] } },
{ "type": "Feature", "properties": { "dggal_gnosis": "4-D-31", "resolution": 4, "center_lat": 14.0625, "center_lon": 98.4375, "avg_edge_len": 614568.68516901671, "cell_area": 378196220928.24536, "cell_perimeter": 2458274.7406760668 }, "geometry": { "type": "Polygon", "coordinates": [ [ [ 95.625, 16.875 ], [ 95.625, 11.25 ], [ 101.25, 11.25 ], [ 101.25, 16.875 ], [ 95.625, 16.875 ] ] ] } },
{ "type": "Feature", "properties": { "dggal_gnosis": "4-D-32", "resolution": 4, "center_lat": 14.0625, "center_lon": 104.0625, "avg_edge_len": 614568.68516901752, "cell_area": 378196220928.24658, "cell_perimeter": 2458274.7406760701 }, "geometry": { "type": "Polygon", "coordinates": [ [ [ 101.25, 16.875 ], [ 101.25, 11.25 ], [ 106.875, 11.25 ], [ 106.875, 16.875 ], [ 101.25, 16.875 ] ] ] } },
{ "type": "Feature", "properties": { "dggal_gnosis": "4-D-33", "resolution": 4, "center_lat": 14.0625, "center_lon": 109.6875, "avg_edge_len": 614568.68516901671, "cell_area": 378196220928.24536, "cell_perimeter": 2458274.7406760668 }, "geometry": { "type": "Polygon", "coordinates": [ [ [ 106.875, 16.875 ], [ 106.875, 11.25 ], [ 112.5, 11.25 ], [ 112.5, 16.875 ], [ 106.875, 16.875 ] ] ] } },
{ "type": "Feature", "properties": { "dggal_gnosis": "4-D-34", "resolution": 4, "center_lat": 14.0625, "center_lon": 115.3125, "avg_edge_len": 614568.68516901671, "cell_area": 378196220928.24536, "cell_perimeter": 2458274.7406760668 }, "geometry": { "type": "Polygon", "coordinates": [ [ [ 112.5, 16.875 ], [ 112.5, 11.25 ], [ 118.125, 11.25 ], [ 118.125, 16.875 ], [ 112.5, 16.875 ] ] ] } },
{ "type": "Feature", "properties": { "dggal_gnosis": "4-D-35", "resolution": 4, "center_lat": 14.0625, "center_lon": 120.9375, "avg_edge_len": 614568.68516901752, "cell_area": 378196220928.24658, "cell_perimeter": 2458274.7406760701 }, "geometry": { "type": "Polygon", "coordinates": [ [ [ 118.125, 16.875 ], [ 118.125, 11.25 ], [ 123.75, 11.25 ], [ 123.75, 16.875 ], [ 118.125, 16.875 ] ] ] } },
{ "type": "Feature", "properties": { "dggal_gnosis": "4-D-36", "resolution": 4, "center_lat": 14.0625, "center_lon": 126.5625, "avg_edge_len": 614568.68516901671, "cell_area": 378196220928.24536, "cell_perimeter": 2458274.7406760668 }, "geometry": { "type": "Polygon", "coordinates": [ [ [ 123.75, 16.875 ], [ 123.75, 11.25 ], [ 129.375, 11.25 ], [ 129.375, 16.875 ], [ 123.75, 16.875 ] ] ] } },
{ "type": "Feature", "properties": { "dggal_gnosis": "4-D-37", "resolution": 4, "center_lat": 14.0625, "center_lon": 132.1875, "avg_edge_len": 614568.68516901671, "cell_area": 378196220928.24536, "cell_perimeter": 2458274.7406760668 }, "geometry": { "type": "Polygon", "coordinates": [ [ [ 129.375, 16.875 ], [ 129.375, 11.25 ], [ 135.0, 11.25 ], [ 135.0, 16.875 ], [ 129.375, 16.875 ] ] ] } },
{ "type": "Feature", "properties": { "dggal_gnosis": "4-D-38", "resolution": 4, "center_lat": 14.0625, "center_lon": 137.8125, "avg_edge_len": 614568.68516901671, "cell_area": 378196220928.24536, "cell_perimeter": 2458274.7406760668 }, "geometry": { "type": "Polygon", "coordinates": [ [ [ 135.0, 16.875 ], [ 135.0, 11.25 ], [ 140.625, 11.25 ], [ 140.625, 16.875 ], [ 135.0, 16.875 ] ] ] } },
{ "type": "Feature", "properties": { "dggal_gnosis": "4-D-39", "resolution": 4, "center_lat": 14.0625, "center_lon": 143.4375, "avg_edge_len": 614568.68516901822, "cell_area": 378196220928.24731, "cell_perimeter": 2458274.7406760729 }, "geometry": { "type": "Polygon", "coordinates": [ [ [ 140.625, 16.875 ], [ 140.625, 11.25 ], [ 146.25, 11.25 ], [ 146.25, 16.875 ], [ 140.625, 16.875 ] ] ] } },
{ "type": "Feature", "properties": { "dggal_gnosis": "4-D-3A", "resolution": 4, "center_lat": 14.0625, "center_lon": 149.0625, "avg_edge_len": 614568.68516901671, "cell_area": 378196220928.24536, "cell_perimeter": 2458274.7406760668 }, "geometry": { "type": "Polygon", "coordinates": [ [ [ 146.25, 16.875 ], [ 146.25, 11.25 ], [ 151.875, 11.25 ], [ 151.875, 16.875 ], [ 146.25, 16.875 ] ] ] } },
{ "type": "Feature", "properties": { "dggal_gnosis": "4-D-3B", "resolution": 4, "center_lat": 14.0625, "center_lon": 154.6875, "avg_edge_len": 614568.68516901671, "cell_area": 378196220928.24536, "cell_perimeter": 2458274.7406760668 }, "geometry": { "type": "Polygon", "coordinates": [ [ [ 151.875, 16.875 ], [ 151.875, 11.25 ], [ 157.5, 11.25 ], [ 157.5, 16.875 ], [ 151.875, 16.875 ] ] ] } },
{ "type": "Feature", "properties": { "dggal_gnosis": "4-D-3C", "resolution": 4, "center_lat": 14.0625, "center_lon": 160.3125, "avg_edge_len": 614568.68516901671, "cell_area": 378196220928.24536, "cell_perimeter": 2458274.7406760668 }, "geometry": { "type": "Polygon", "coordinates": [ [ [ 157.5, 16.875 ], [ 157.5, 11.25 ], [ 163.125, 11.25 ], [ 163.125, 16.875 ], [ 157.5, 16.875 ] ] ] } },
{ "type": "Feature", "properties": { "dggal_gnosis": "4-D-3D", "resolution": 4, "center_lat": 14.0625, "center_lon": 165.9375, "avg_edge_len": 614568.68516901671, "cell_area": 378196220928.24536, "cell_perimeter": 2458274.7406760668 }, "geometry": { "type": "Polygon", "coordinates": [ [ [ 163.125, 16.875 ], [ 163.125, 11.25 ], [ 168.75, 11.25 ], [ 168.75, 16.875 ], [ 163.125, 16.875 ] ] ] } },
{ "type": "Feature", "properties": { "dggal_gnosis": "4-D-3E", "resolution": 4, "center_lat": 14.0625, "center_lon": 171.5625, "avg_edge_len": 614568.68516901671, "cell_area": 378196220928.24536, "cell_perimeter": 2458274.7406760668 }, "geometry": { "type": "Polygon", "coordinates": [ [ [ 168.75, 16.875 ], [ 168.75, 11.25 ], [ 174.375, 11.25 ], [ 174.375, 16.875 ], [ 168.75, 16.875 ] ] ] } },
{ "type": "Feature", "properties": { "dggal_gnosis": "4-D-3F", "resolution": 4, "center_lat": 14.0625, "center_lon": 177.1875, "avg_edge_len": 614568.68516901671, "cell_area": 378196220928.24536, "cell_perimeter": 2458274.7406760668 }, "geometry": { "type": "Polygon", "coordinates": [ [ [ 174.375, 16.875 ], [ 174.375, 11.25 ], [ 180.0, 11.25 ], [ 180.0, 16.875 ], [ 174.375, 16.875 ] ] ] } },
{ "type": "Feature", "properties": { "dggal_gnosis": "4-E-0", "resolution": 4, "center_lat": 8.4375, "center_lon": -177.1875, "avg_edge_len": 620405.76090648444, "cell_area": 385502445265.72076, "cell_perimeter": 2481623.0436259378 }, "geometry": { "type": "Polygon", "coordinates": [ [ [ -180.0, 11.25 ], [ -180.0, 5.625 ], [ -174.375, 5.625 ], [ -174.375, 11.25 ], [ -180.0, 11.25 ] ] ] } },
{ "type": "Feature", "properties": { "dggal_gnosis": "4-E-1", "resolution": 4, "center_lat": 8.4375, "center_lon": -171.5625, "avg_edge_len": 620405.76090648281, "cell_area": 385502445265.71912, "cell_perimeter": 2481623.0436259313 }, "geometry": { "type": "Polygon", "coordinates": [ [ [ -174.375, 11.25 ], [ -174.375, 5.625 ], [ -168.75, 5.625 ], [ -168.75, 11.25 ], [ -174.375, 11.25 ] ] ] } },
{ "type": "Feature", "properties": { "dggal_gnosis": "4-E-2", "resolution": 4, "center_lat": 8.4375, "center_lon": -165.9375, "avg_edge_len": 620405.76090648281, "cell_area": 385502445265.71912, "cell_perimeter": 2481623.0436259313 }, "geometry": { "type": "Polygon", "coordinates": [ [ [ -168.75, 11.25 ], [ -168.75, 5.625 ], [ -163.125, 5.625 ], [ -163.125, 11.25 ], [ -168.75, 11.25 ] ] ] } },
{ "type": "Feature", "properties": { "dggal_gnosis": "4-E-3", "resolution": 4, "center_lat": 8.4375, "center_lon": -160.3125, "avg_edge_len": 620405.76090648281, "cell_area": 385502445265.71912, "cell_perimeter": 2481623.0436259313 }, "geometry": { "type": "Polygon", "coordinates": [ [ [ -163.125, 11.25 ], [ -163.125, 5.625 ], [ -157.5, 5.625 ], [ -157.5, 11.25 ], [ -163.125, 11.25 ] ] ] } },
{ "type": "Feature", "properties": { "dggal_gnosis": "4-E-4", "resolution": 4, "center_lat": 8.4375, "center_lon": -154.6875, "avg_edge_len": 620405.76090648281, "cell_area": 385502445265.71912, "cell_perimeter": 2481623.0436259313 }, "geometry": { "type": "Polygon", "coordinates": [ [ [ -157.5, 11.25 ], [ -157.5, 5.625 ], [ -151.875, 5.625 ], [ -151.875, 11.25 ], [ -157.5, 11.25 ] ] ] } },
{ "type": "Feature", "properties": { "dggal_gnosis": "4-E-5", "resolution": 4, "center_lat": 8.4375, "center_lon": -149.0625, "avg_edge_len": 620405.76090648281, "cell_area": 385502445265.71912, "cell_perimeter": 2481623.0436259313 }, "geometry": { "type": "Polygon", "coordinates": [ [ [ -151.875, 11.25 ], [ -151.875, 5.625 ], [ -146.25, 5.625 ], [ -146.25, 11.25 ], [ -151.875, 11.25 ] ] ] } },
{ "type": "Feature", "properties": { "dggal_gnosis": "4-E-6", "resolution": 4, "center_lat": 8.4375, "center_lon": -143.4375, "avg_edge_len": 620405.76090648444, "cell_area": 385502445265.72076, "cell_perimeter": 2481623.0436259378 }, "geometry": { "type": "Polygon", "coordinates": [ [ [ -146.25, 11.25 ], [ -146.25, 5.625 ], [ -140.625, 5.625 ], [ -140.625, 11.25 ], [ -146.25, 11.25 ] ] ] } },
{ "type": "Feature", "properties": { "dggal_gnosis": "4-E-7", "resolution": 4, "center_lat": 8.4375, "center_lon": -137.8125, "avg_edge_len": 620405.76090648281, "cell_area": 385502445265.71912, "cell_perimeter": 2481623.0436259313 }, "geometry": { "type": "Polygon", "coordinates": [ [ [ -140.625, 11.25 ], [ -140.625, 5.625 ], [ -135.0, 5.625 ], [ -135.0, 11.25 ], [ -140.625, 11.25 ] ] ] } },
{ "type": "Feature", "properties": { "dggal_gnosis": "4-E-8", "resolution": 4, "center_lat": 8.4375, "center_lon": -132.1875, "avg_edge_len": 620405.76090648281, "cell_area": 385502445265.71912, "cell_perimeter": 2481623.0436259313 }, "geometry": { "type": "Polygon", "coordinates": [ [ [ -135.0, 11.25 ], [ -135.0, 5.625 ], [ -129.375, 5.625 ], [ -129.375, 11.25 ], [ -135.0, 11.25 ] ] ] } },
{ "type": "Feature", "properties": { "dggal_gnosis": "4-E-9", "resolution": 4, "center_lat": 8.4375, "center_lon": -126.5625, "avg_edge_len": 620405.76090648281, "cell_area": 385502445265.71912, "cell_perimeter": 2481623.0436259313 }, "geometry": { "type": "Polygon", "coordinates": [ [ [ -129.375, 11.25 ], [ -129.375, 5.625 ], [ -123.75, 5.625 ], [ -123.75, 11.25 ], [ -129.375, 11.25 ] ] ] } },
{ "type": "Feature", "properties": { "dggal_gnosis": "4-E-A", "resolution": 4, "center_lat": 8.4375, "center_lon": -120.9375, "avg_edge_len": 620405.76090648281, "cell_area": 385502445265.71912, "cell_perimeter": 2481623.0436259313 }, "geometry": { "type": "Polygon", "coordinates": [ [ [ -123.75, 11.25 ], [ -123.75, 5.625 ], [ -118.125, 5.625 ], [ -118.125, 11.25 ], [ -123.75, 11.25 ] ] ] } },
{ "type": "Feature", "properties": { "dggal_gnosis": "4-E-B", "resolution": 4, "center_lat": 8.4375, "center_lon": -115.3125, "avg_edge_len": 620405.76090648281, "cell_area": 385502445265.71912, "cell_perimeter": 2481623.0436259313 }, "geometry": { "type": "Polygon", "coordinates": [ [ [ -118.125, 11.25 ], [ -118.125, 5.625 ], [ -112.5, 5.625 ], [ -112.5, 11.25 ], [ -118.125, 11.25 ] ] ] } },
{ "type": "Feature", "properties": { "dggal_gnosis": "4-E-C", "resolution": 4, "center_lat": 8.4375, "center_lon": -109.6875, "avg_edge_len": 620405.76090648281, "cell_area": 385502445265.71912, "cell_perimeter": 2481623.0436259313 }, "geometry": { "type": "Polygon", "coordinates": [ [ [ -112.5, 11.25 ], [ -112.5, 5.625 ], [ -106.875, 5.625 ], [ -106.875, 11.25 ], [ -112.5, 11.25 ] ] ] } },
{ "type": "Feature", "properties": { "dggal_gnosis": "4-E-D", "resolution": 4, "center_lat": 8.4375, "center_lon": -104.0625, "avg_edge_len": 620405.76090648375, "cell_area": 385502445265.71997, "cell_perimeter": 2481623.043625935 }, "geometry": { "type": "Polygon", "coordinates": [ [ [ -106.875, 11.25 ], [ -106.875, 5.625 ], [ -101.25, 5.625 ], [ -101.25, 11.25 ], [ -106.875, 11.25 ] ] ] } },
{ "type": "Feature", "properties": { "dggal_gnosis": "4-E-E", "resolution": 4, "center_lat": 8.4375, "center_lon": -98.4375, "avg_edge_len": 620405.76090648212, "cell_area": 385502445265.7179, "cell_perimeter": 2481623.0436259285 }, "geometry": { "type": "Polygon", "coordinates": [ [ [ -101.25, 11.25 ], [ -101.25, 5.625 ], [ -95.625, 5.625 ], [ -95.625, 11.25 ], [ -101.25, 11.25 ] ] ] } },
{ "type": "Feature", "properties": { "dggal_gnosis": "4-E-F", "resolution": 4, "center_lat": 8.4375, "center_lon": -92.8125, "avg_edge_len": 620405.76090648281, "cell_area": 385502445265.71912, "cell_perimeter": 2481623.0436259313 }, "geometry": { "type": "Polygon", "coordinates": [ [ [ -95.625, 11.25 ], [ -95.625, 5.625 ], [ -90.0, 5.625 ], [ -90.0, 11.25 ], [ -95.625, 11.25 ] ] ] } },
{ "type": "Feature", "properties": { "dggal_gnosis": "4-E-10", "resolution": 4, "center_lat": 8.4375, "center_lon": -87.1875, "avg_edge_len": 620405.76090648375, "cell_area": 385502445265.71997, "cell_perimeter": 2481623.043625935 }, "geometry": { "type": "Polygon", "coordinates": [ [ [ -90.0, 11.25 ], [ -90.0, 5.625 ], [ -84.375, 5.625 ], [ -84.375, 11.25 ], [ -90.0, 11.25 ] ] ] } },
{ "type": "Feature", "properties": { "dggal_gnosis": "4-E-11", "resolution": 4, "center_lat": 8.4375, "center_lon": -81.5625, "avg_edge_len": 620405.76090648281, "cell_area": 385502445265.71912, "cell_perimeter": 2481623.0436259313 }, "geometry": { "type": "Polygon", "coordinates": [ [ [ -84.375, 11.25 ], [ -84.375, 5.625 ], [ -78.75, 5.625 ], [ -78.75, 11.25 ], [ -84.375, 11.25 ] ] ] } },
{ "type": "Feature", "properties": { "dggal_gnosis": "4-E-12", "resolution": 4, "center_lat": 8.4375, "center_lon": -75.9375, "avg_edge_len": 620405.76090648212, "cell_area": 385502445265.7179, "cell_perimeter": 2481623.0436259285 }, "geometry": { "type": "Polygon", "coordinates": [ [ [ -78.75, 11.25 ], [ -78.75, 5.625 ], [ -73.125, 5.625 ], [ -73.125, 11.25 ], [ -78.75, 11.25 ] ] ] } },
{ "type": "Feature", "properties": { "dggal_gnosis": "4-E-13", "resolution": 4, "center_lat": 8.4375, "center_lon": -70.3125, "avg_edge_len": 620405.76090648375, "cell_area": 385502445265.71997, "cell_perimeter": 2481623.043625935 }, "geometry": { "type": "Polygon", "coordinates": [ [ [ -73.125, 11.25 ], [ -73.125, 5.625 ], [ -67.5, 5.625 ], [ -67.5, 11.25 ], [ -73.125, 11.25 ] ] ] } },
{ "type": "Feature", "properties": { "dggal_gnosis": "4-E-14", "resolution": 4, "center_lat": 8.4375, "center_lon": -64.6875, "avg_edge_len": 620405.76090648281, "cell_area": 385502445265.71912, "cell_perimeter": 2481623.0436259313 }, "geometry": { "type": "Polygon", "coordinates": [ [ [ -67.5, 11.25 ], [ -67.5, 5.625 ], [ -61.875, 5.625 ], [ -61.875, 11.25 ], [ -67.5, 11.25 ] ] ] } },
{ "type": "Feature", "properties": { "dggal_gnosis": "4-E-15", "resolution": 4, "center_lat": 8.4375, "center_lon": -59.0625, "avg_edge_len": 620405.76090648281, "cell_area": 385502445265.71912, "cell_perimeter": 2481623.0436259313 }, "geometry": { "type": "Polygon", "coordinates": [ [ [ -61.875, 11.25 ], [ -61.875, 5.625 ], [ -56.25, 5.625 ], [ -56.25, 11.25 ], [ -61.875, 11.25 ] ] ] } },
{ "type": "Feature", "properties": { "dggal_gnosis": "4-E-16", "resolution": 4, "center_lat": 8.4375, "center_lon": -53.4375, "avg_edge_len": 620405.76090648281, "cell_area": 385502445265.71912, "cell_perimeter": 2481623.0436259313 }, "geometry": { "type": "Polygon", "coordinates": [ [ [ -56.25, 11.25 ], [ -56.25, 5.625 ], [ -50.625, 5.625 ], [ -50.625, 11.25 ], [ -56.25, 11.25 ] ] ] } },
{ "type": "Feature", "properties": { "dggal_gnosis": "4-E-17", "resolution": 4, "center_lat": 8.4375, "center_lon": -47.8125, "avg_edge_len": 620405.76090648246, "cell_area": 385502445265.71851, "cell_perimeter": 2481623.0436259299 }, "geometry": { "type": "Polygon", "coordinates": [ [ [ -50.625, 11.25 ], [ -50.625, 5.625 ], [ -45.0, 5.625 ], [ -45.0, 11.25 ], [ -50.625, 11.25 ] ] ] } },
{ "type": "Feature", "properties": { "dggal_gnosis": "4-E-18", "resolution": 4, "center_lat": 8.4375, "center_lon": -42.1875, "avg_edge_len": 620405.76090648281, "cell_area": 385502445265.71912, "cell_perimeter": 2481623.0436259313 }, "geometry": { "type": "Polygon", "coordinates": [ [ [ -45.0, 11.25 ], [ -45.0, 5.625 ], [ -39.375, 5.625 ], [ -39.375, 11.25 ], [ -45.0, 11.25 ] ] ] } },
{ "type": "Feature", "properties": { "dggal_gnosis": "4-E-19", "resolution": 4, "center_lat": 8.4375, "center_lon": -36.5625, "avg_edge_len": 620405.76090648281, "cell_area": 385502445265.71912, "cell_perimeter": 2481623.0436259313 }, "geometry": { "type": "Polygon", "coordinates": [ [ [ -39.375, 11.25 ], [ -39.375, 5.625 ], [ -33.75, 5.625 ], [ -33.75, 11.25 ], [ -39.375, 11.25 ] ] ] } },
{ "type": "Feature", "properties": { "dggal_gnosis": "4-E-1A", "resolution": 4, "center_lat": 8.4375, "center_lon": -30.9375, "avg_edge_len": 620405.7609064827, "cell_area": 385502445265.71893, "cell_perimeter": 2481623.0436259308 }, "geometry": { "type": "Polygon", "coordinates": [ [ [ -33.75, 11.25 ], [ -33.75, 5.625 ], [ -28.125, 5.625 ], [ -28.125, 11.25 ], [ -33.75, 11.25 ] ] ] } },
{ "type": "Feature", "properties": { "dggal_gnosis": "4-E-1B", "resolution": 4, "center_lat": 8.4375, "center_lon": -25.3125, "avg_edge_len": 620405.76090648281, "cell_area": 385502445265.71912, "cell_perimeter": 2481623.0436259313 }, "geometry": { "type": "Polygon", "coordinates": [ [ [ -28.125, 11.25 ], [ -28.125, 5.625 ], [ -22.5, 5.625 ], [ -22.5, 11.25 ], [ -28.125, 11.25 ] ] ] } },
{ "type": "Feature", "properties": { "dggal_gnosis": "4-E-1C", "resolution": 4, "center_lat": 8.4375, "center_lon": -19.6875, "avg_edge_len": 620405.76090648281, "cell_area": 385502445265.71912, "cell_perimeter": 2481623.0436259313 }, "geometry": { "type": "Polygon", "coordinates": [ [ [ -22.5, 11.25 ], [ -22.5, 5.625 ], [ -16.875, 5.625 ], [ -16.875, 11.25 ], [ -22.5, 11.25 ] ] ] } },
{ "type": "Feature", "properties": { "dggal_gnosis": "4-E-1D", "resolution": 4, "center_lat": 8.4375, "center_lon": -14.0625, "avg_edge_len": 620405.7609064827, "cell_area": 385502445265.71893, "cell_perimeter": 2481623.0436259308 }, "geometry": { "type": "Polygon", "coordinates": [ [ [ -16.875, 11.25 ], [ -16.875, 5.625 ], [ -11.25, 5.625 ], [ -11.25, 11.25 ], [ -16.875, 11.25 ] ] ] } },
{ "type": "Feature", "properties": { "dggal_gnosis": "4-E-1E", "resolution": 4, "center_lat": 8.4375, "center_lon": -8.4375, "avg_edge_len": 620405.76090648281, "cell_area": 385502445265.71893, "cell_perimeter": 2481623.0436259313 }, "geometry": { "type": "Polygon", "coordinates": [ [ [ -11.25, 11.25 ], [ -11.25, 5.625 ], [ -5.625, 5.625 ], [ -5.625, 11.25 ], [ -11.25, 11.25 ] ] ] } },
{ "type": "Feature", "properties": { "dggal_gnosis": "4-E-1F", "resolution": 4, "center_lat": 8.4375, "center_lon": -2.8125, "avg_edge_len": 620405.76090648281, "cell_area": 385502445265.71893, "cell_perimeter": 2481623.0436259313 }, "geometry": { "type": "Polygon", "coordinates": [ [ [ -5.625, 11.25 ], [ -5.625, 5.625 ], [ -0.0, 5.625 ], [ -0.0, 11.25 ], [ -5.625, 11.25 ] ] ] } },
{ "type": "Feature", "properties": { "dggal_gnosis": "4-E-20", "resolution": 4, "center_lat": 8.4375, "center_lon": 2.8125, "avg_edge_len": 620405.76090648281, "cell_area": 385502445265.71893, "cell_perimeter": 2481623.0436259313 }, "geometry": { "type": "Polygon", "coordinates": [ [ [ 0.0, 11.25 ], [ 0.0, 5.625 ], [ 5.625, 5.625 ], [ 5.625, 11.25 ], [ 0.0, 11.25 ] ] ] } },
{ "type": "Feature", "properties": { "dggal_gnosis": "4-E-21", "resolution": 4, "center_lat": 8.4375, "center_lon": 8.4375, "avg_edge_len": 620405.76090648281, "cell_area": 385502445265.71887, "cell_perimeter": 2481623.0436259313 }, "geometry": { "type": "Polygon", "coordinates": [ [ [ 5.625, 11.25 ], [ 5.625, 5.625 ], [ 11.25, 5.625 ], [ 11.25, 11.25 ], [ 5.625, 11.25 ] ] ] } },
{ "type": "Feature", "properties": { "dggal_gnosis": "4-E-22", "resolution": 4, "center_lat": 8.4375, "center_lon": 14.0625, "avg_edge_len": 620405.76090648281, "cell_area": 385502445265.71893, "cell_perimeter": 2481623.0436259313 }, "geometry": { "type": "Polygon", "coordinates": [ [ [ 11.25, 11.25 ], [ 11.25, 5.625 ], [ 16.875, 5.625 ], [ 16.875, 11.25 ], [ 11.25, 11.25 ] ] ] } },
{ "type": "Feature", "properties": { "dggal_gnosis": "4-E-23", "resolution": 4, "center_lat": 8.4375, "center_lon": 19.6875, "avg_edge_len": 620405.76090648281, "cell_area": 385502445265.71912, "cell_perimeter": 2481623.0436259313 }, "geometry": { "type": "Polygon", "coordinates": [ [ [ 16.875, 11.25 ], [ 16.875, 5.625 ], [ 22.5, 5.625 ], [ 22.5, 11.25 ], [ 16.875, 11.25 ] ] ] } },
{ "type": "Feature", "properties": { "dggal_gnosis": "4-E-24", "resolution": 4, "center_lat": 8.4375, "center_lon": 25.3125, "avg_edge_len": 620405.7609064827, "cell_area": 385502445265.71893, "cell_perimeter": 2481623.0436259308 }, "geometry": { "type": "Polygon", "coordinates": [ [ [ 22.5, 11.25 ], [ 22.5, 5.625 ], [ 28.125, 5.625 ], [ 28.125, 11.25 ], [ 22.5, 11.25 ] ] ] } },
{ "type": "Feature", "properties": { "dggal_gnosis": "4-E-25", "resolution": 4, "center_lat": 8.4375, "center_lon": 30.9375, "avg_edge_len": 620405.7609064827, "cell_area": 385502445265.71893, "cell_perimeter": 2481623.0436259308 }, "geometry": { "type": "Polygon", "coordinates": [ [ [ 28.125, 11.25 ], [ 28.125, 5.625 ], [ 33.75, 5.625 ], [ 33.75, 11.25 ], [ 28.125, 11.25 ] ] ] } },
{ "type": "Feature", "properties": { "dggal_gnosis": "4-E-26", "resolution": 4, "center_lat": 8.4375, "center_lon": 36.5625, "avg_edge_len": 620405.76090648281, "cell_area": 385502445265.71912, "cell_perimeter": 2481623.0436259313 }, "geometry": { "type": "Polygon", "coordinates": [ [ [ 33.75, 11.25 ], [ 33.75, 5.625 ], [ 39.375, 5.625 ], [ 39.375, 11.25 ], [ 33.75, 11.25 ] ] ] } },
{ "type": "Feature", "properties": { "dggal_gnosis": "4-E-27", "resolution": 4, "center_lat": 8.4375, "center_lon": 42.1875, "avg_edge_len": 620405.76090648281, "cell_area": 385502445265.71912, "cell_perimeter": 2481623.0436259313 }, "geometry": { "type": "Polygon", "coordinates": [ [ [ 39.375, 11.25 ], [ 39.375, 5.625 ], [ 45.0, 5.625 ], [ 45.0, 11.25 ], [ 39.375, 11.25 ] ] ] } },
{ "type": "Feature", "properties": { "dggal_gnosis": "4-E-28", "resolution": 4, "center_lat": 8.4375, "center_lon": 47.8125, "avg_edge_len": 620405.76090648246, "cell_area": 385502445265.71851, "cell_perimeter": 2481623.0436259299 }, "geometry": { "type": "Polygon", "coordinates": [ [ [ 45.0, 11.25 ], [ 45.0, 5.625 ], [ 50.625, 5.625 ], [ 50.625, 11.25 ], [ 45.0, 11.25 ] ] ] } },
{ "type": "Feature", "properties": { "dggal_gnosis": "4-E-29", "resolution": 4, "center_lat": 8.4375, "center_lon": 53.4375, "avg_edge_len": 620405.76090648246, "cell_area": 385502445265.71851, "cell_perimeter": 2481623.0436259299 }, "geometry": { "type": "Polygon", "coordinates": [ [ [ 50.625, 11.25 ], [ 50.625, 5.625 ], [ 56.25, 5.625 ], [ 56.25, 11.25 ], [ 50.625, 11.25 ] ] ] } },
{ "type": "Feature", "properties": { "dggal_gnosis": "4-E-2A", "resolution": 4, "center_lat": 8.4375, "center_lon": 59.0625, "avg_edge_len": 620405.76090648281, "cell_area": 385502445265.71912, "cell_perimeter": 2481623.0436259313 }, "geometry": { "type": "Polygon", "coordinates": [ [ [ 56.25, 11.25 ], [ 56.25, 5.625 ], [ 61.875, 5.625 ], [ 61.875, 11.25 ], [ 56.25, 11.25 ] ] ] } },
{ "type": "Feature", "properties": { "dggal_gnosis": "4-E-2B", "resolution": 4, "center_lat": 8.4375, "center_lon": 64.6875, "avg_edge_len": 620405.76090648281, "cell_area": 385502445265.71912, "cell_perimeter": 2481623.0436259313 }, "geometry": { "type": "Polygon", "coordinates": [ [ [ 61.875, 11.25 ], [ 61.875, 5.625 ], [ 67.5, 5.625 ], [ 67.5, 11.25 ], [ 61.875, 11.25 ] ] ] } },
{ "type": "Feature", "properties": { "dggal_gnosis": "4-E-2C", "resolution": 4, "center_lat": 8.4375, "center_lon": 70.3125, "avg_edge_len": 620405.76090648375, "cell_area": 385502445265.71997, "cell_perimeter": 2481623.043625935 }, "geometry": { "type": "Polygon", "coordinates": [ [ [ 67.5, 11.25 ], [ 67.5, 5.625 ], [ 73.125, 5.625 ], [ 73.125, 11.25 ], [ 67.5, 11.25 ] ] ] } },
{ "type": "Feature", "properties": { "dggal_gnosis": "4-E-2D", "resolution": 4, "center_lat": 8.4375, "center_lon": 75.9375, "avg_edge_len": 620405.76090648281, "cell_area": 385502445265.71912, "cell_perimeter": 2481623.0436259313 }, "geometry": { "type": "Polygon", "coordinates": [ [ [ 73.125, 11.25 ], [ 73.125, 5.625 ], [ 78.75, 5.625 ], [ 78.75, 11.25 ], [ 73.125, 11.25 ] ] ] } },
{ "type": "Feature", "properties": { "dggal_gnosis": "4-E-2E", "resolution": 4, "center_lat": 8.4375, "center_lon": 81.5625, "avg_edge_len": 620405.76090648281, "cell_area": 385502445265.71912, "cell_perimeter": 2481623.0436259313 }, "geometry": { "type": "Polygon", "coordinates": [ [ [ 78.75, 11.25 ], [ 78.75, 5.625 ], [ 84.375, 5.625 ], [ 84.375, 11.25 ], [ 78.75, 11.25 ] ] ] } },
{ "type": "Feature", "properties": { "dggal_gnosis": "4-E-2F", "resolution": 4, "center_lat": 8.4375, "center_lon": 87.1875, "avg_edge_len": 620405.76090648281, "cell_area": 385502445265.71912, "cell_perimeter": 2481623.0436259313 }, "geometry": { "type": "Polygon", "coordinates": [ [ [ 84.375, 11.25 ], [ 84.375, 5.625 ], [ 90.0, 5.625 ], [ 90.0, 11.25 ], [ 84.375, 11.25 ] ] ] } },
{ "type": "Feature", "properties": { "dggal_gnosis": "4-E-30", "resolution": 4, "center_lat": 8.4375, "center_lon": 92.8125, "avg_edge_len": 620405.76090648281, "cell_area": 385502445265.71912, "cell_perimeter": 2481623.0436259313 }, "geometry": { "type": "Polygon", "coordinates": [ [ [ 90.0, 11.25 ], [ 90.0, 5.625 ], [ 95.625, 5.625 ], [ 95.625, 11.25 ], [ 90.0, 11.25 ] ] ] } },
{ "type": "Feature", "properties": { "dggal_gnosis": "4-E-31", "resolution": 4, "center_lat": 8.4375, "center_lon": 98.4375, "avg_edge_len": 620405.76090648281, "cell_area": 385502445265.71912, "cell_perimeter": 2481623.0436259313 }, "geometry": { "type": "Polygon", "coordinates": [ [ [ 95.625, 11.25 ], [ 95.625, 5.625 ], [ 101.25, 5.625 ], [ 101.25, 11.25 ], [ 95.625, 11.25 ] ] ] } },
{ "type": "Feature", "properties": { "dggal_gnosis": "4-E-32", "resolution": 4, "center_lat": 8.4375, "center_lon": 104.0625, "avg_edge_len": 620405.76090648375, "cell_area": 385502445265.71997, "cell_perimeter": 2481623.043625935 }, "geometry": { "type": "Polygon", "coordinates": [ [ [ 101.25, 11.25 ], [ 101.25, 5.625 ], [ 106.875, 5.625 ], [ 106.875, 11.25 ], [ 101.25, 11.25 ] ] ] } },
{ "type": "Feature", "properties": { "dggal_gnosis": "4-E-33", "resolution": 4, "center_lat": 8.4375, "center_lon": 109.6875, "avg_edge_len": 620405.76090648281, "cell_area": 385502445265.71912, "cell_perimeter": 2481623.0436259313 }, "geometry": { "type": "Polygon", "coordinates": [ [ [ 106.875, 11.25 ], [ 106.875, 5.625 ], [ 112.5, 5.625 ], [ 112.5, 11.25 ], [ 106.875, 11.25 ] ] ] } },
{ "type": "Feature", "properties": { "dggal_gnosis": "4-E-34", "resolution": 4, "center_lat": 8.4375, "center_lon": 115.3125, "avg_edge_len": 620405.76090648281, "cell_area": 385502445265.71912, "cell_perimeter": 2481623.0436259313 }, "geometry": { "type": "Polygon", "coordinates": [ [ [ 112.5, 11.25 ], [ 112.5, 5.625 ], [ 118.125, 5.625 ], [ 118.125, 11.25 ], [ 112.5, 11.25 ] ] ] } },
{ "type": "Feature", "properties": { "dggal_gnosis": "4-E-35", "resolution": 4, "center_lat": 8.4375, "center_lon": 120.9375, "avg_edge_len": 620405.76090648375, "cell_area": 385502445265.71997, "cell_perimeter": 2481623.043625935 }, "geometry": { "type": "Polygon", "coordinates": [ [ [ 118.125, 11.25 ], [ 118.125, 5.625 ], [ 123.75, 5.625 ], [ 123.75, 11.25 ], [ 118.125, 11.25 ] ] ] } },
{ "type": "Feature", "properties": { "dggal_gnosis": "4-E-36", "resolution": 4, "center_lat": 8.4375, "center_lon": 126.5625, "avg_edge_len": 620405.76090648281, "cell_area": 385502445265.71912, "cell_perimeter": 2481623.0436259313 }, "geometry": { "type": "Polygon", "coordinates": [ [ [ 123.75, 11.25 ], [ 123.75, 5.625 ], [ 129.375, 5.625 ], [ 129.375, 11.25 ], [ 123.75, 11.25 ] ] ] } },
{ "type": "Feature", "properties": { "dggal_gnosis": "4-E-37", "resolution": 4, "center_lat": 8.4375, "center_lon": 132.1875, "avg_edge_len": 620405.76090648281, "cell_area": 385502445265.71912, "cell_perimeter": 2481623.0436259313 }, "geometry": { "type": "Polygon", "coordinates": [ [ [ 129.375, 11.25 ], [ 129.375, 5.625 ], [ 135.0, 5.625 ], [ 135.0, 11.25 ], [ 129.375, 11.25 ] ] ] } },
{ "type": "Feature", "properties": { "dggal_gnosis": "4-E-38", "resolution": 4, "center_lat": 8.4375, "center_lon": 137.8125, "avg_edge_len": 620405.76090648281, "cell_area": 385502445265.71912, "cell_perimeter": 2481623.0436259313 }, "geometry": { "type": "Polygon", "coordinates": [ [ [ 135.0, 11.25 ], [ 135.0, 5.625 ], [ 140.625, 5.625 ], [ 140.625, 11.25 ], [ 135.0, 11.25 ] ] ] } },
{ "type": "Feature", "properties": { "dggal_gnosis": "4-E-39", "resolution": 4, "center_lat": 8.4375, "center_lon": 143.4375, "avg_edge_len": 620405.76090648444, "cell_area": 385502445265.72076, "cell_perimeter": 2481623.0436259378 }, "geometry": { "type": "Polygon", "coordinates": [ [ [ 140.625, 11.25 ], [ 140.625, 5.625 ], [ 146.25, 5.625 ], [ 146.25, 11.25 ], [ 140.625, 11.25 ] ] ] } },
{ "type": "Feature", "properties": { "dggal_gnosis": "4-E-3A", "resolution": 4, "center_lat": 8.4375, "center_lon": 149.0625, "avg_edge_len": 620405.76090648281, "cell_area": 385502445265.71912, "cell_perimeter": 2481623.0436259313 }, "geometry": { "type": "Polygon", "coordinates": [ [ [ 146.25, 11.25 ], [ 146.25, 5.625 ], [ 151.875, 5.625 ], [ 151.875, 11.25 ], [ 146.25, 11.25 ] ] ] } },
{ "type": "Feature", "properties": { "dggal_gnosis": "4-E-3B", "resolution": 4, "center_lat": 8.4375, "center_lon": 154.6875, "avg_edge_len": 620405.76090648281, "cell_area": 385502445265.71912, "cell_perimeter": 2481623.0436259313 }, "geometry": { "type": "Polygon", "coordinates": [ [ [ 151.875, 11.25 ], [ 151.875, 5.625 ], [ 157.5, 5.625 ], [ 157.5, 11.25 ], [ 151.875, 11.25 ] ] ] } },
{ "type": "Feature", "properties": { "dggal_gnosis": "4-E-3C", "resolution": 4, "center_lat": 8.4375, "center_lon": 160.3125, "avg_edge_len": 620405.76090648281, "cell_area": 385502445265.71912, "cell_perimeter": 2481623.0436259313 }, "geometry": { "type": "Polygon", "coordinates": [ [ [ 157.5, 11.25 ], [ 157.5, 5.625 ], [ 163.125, 5.625 ], [ 163.125, 11.25 ], [ 157.5, 11.25 ] ] ] } },
{ "type": "Feature", "properties": { "dggal_gnosis": "4-E-3D", "resolution": 4, "center_lat": 8.4375, "center_lon": 165.9375, "avg_edge_len": 620405.76090648281, "cell_area": 385502445265.71912, "cell_perimeter": 2481623.0436259313 }, "geometry": { "type": "Polygon", "coordinates": [ [ [ 163.125, 11.25 ], [ 163.125, 5.625 ], [ 168.75, 5.625 ], [ 168.75, 11.25 ], [ 163.125, 11.25 ] ] ] } },
{ "type": "Feature", "properties": { "dggal_gnosis": "4-E-3E", "resolution": 4, "center_lat": 8.4375, "center_lon": 171.5625, "avg_edge_len": 620405.76090648281, "cell_area": 385502445265.71912, "cell_perimeter": 2481623.0436259313 }, "geometry": { "type": "Polygon", "coordinates": [ [ [ 168.75, 11.25 ], [ 168.75, 5.625 ], [ 174.375, 5.625 ], [ 174.375, 11.25 ], [ 168.75, 11.25 ] ] ] } },
{ "type": "Feature", "properties": { "dggal_gnosis": "4-E-3F", "resolution": 4, "center_lat": 8.4375, "center_lon": 177.1875, "avg_edge_len": 620405.76090648281, "cell_area": 385502445265.71912, "cell_perimeter": 2481623.0436259313 }, "geometry": { "type": "Polygon", "coordinates": [ [ [ 174.375, 11.25 ], [ 174.375, 5.625 ], [ 180.0, 5.625 ], [ 180.0, 11.25 ], [ 174.375, 11.25 ] ] ] } },
{ "type": "Feature", "properties": { "dggal_gnosis": "4-F-0", "resolution": 4, "center_lat": 2.8125, "center_lon": -177.1875, "avg_edge_len": 623336.84356150066, "cell_area": 389169792468.94421, "cell_perimeter": 2493347.3742460026 }, "geometry": { "type": "Polygon", "coordinates": [ [ [ -180.0, 5.625 ], [ -180.0, 0.0 ], [ -174.375, 0.0 ], [ -174.375, 5.625 ], [ -180.0, 5.625 ] ] ] } },
{ "type": "Feature", "properties": { "dggal_gnosis": "4-F-1", "resolution": 4, "center_lat": 2.8125, "center_lon": -171.5625, "avg_edge_len": 623336.84356149903, "cell_area": 389169792468.9422, "cell_perimeter": 2493347.3742459961 }, "geometry": { "type": "Polygon", "coordinates": [ [ [ -174.375, 5.625 ], [ -174.375, 0.0 ], [ -168.75, 0.0 ], [ -168.75, 5.625 ], [ -174.375, 5.625 ] ] ] } },
{ "type": "Feature", "properties": { "dggal_gnosis": "4-F-2", "resolution": 4, "center_lat": 2.8125, "center_lon": -165.9375, "avg_edge_len": 623336.84356149903, "cell_area": 389169792468.9422, "cell_perimeter": 2493347.3742459961 }, "geometry": { "type": "Polygon", "coordinates": [ [ [ -168.75, 5.625 ], [ -168.75, 0.0 ], [ -163.125, 0.0 ], [ -163.125, 5.625 ], [ -168.75, 5.625 ] ] ] } },
{ "type": "Feature", "properties": { "dggal_gnosis": "4-F-3", "resolution": 4, "center_lat": 2.8125, "center_lon": -160.3125, "avg_edge_len": 623336.84356149903, "cell_area": 389169792468.9422, "cell_perimeter": 2493347.3742459961 }, "geometry": { "type": "Polygon", "coordinates": [ [ [ -163.125, 5.625 ], [ -163.125, 0.0 ], [ -157.5, 0.0 ], [ -157.5, 5.625 ], [ -163.125, 5.625 ] ] ] } },
{ "type": "Feature", "properties": { "dggal_gnosis": "4-F-4", "resolution": 4, "center_lat": 2.8125, "center_lon": -154.6875, "avg_edge_len": 623336.84356149903, "cell_area": 389169792468.9422, "cell_perimeter": 2493347.3742459961 }, "geometry": { "type": "Polygon", "coordinates": [ [ [ -157.5, 5.625 ], [ -157.5, 0.0 ], [ -151.875, 0.0 ], [ -151.875, 5.625 ], [ -157.5, 5.625 ] ] ] } },
{ "type": "Feature", "properties": { "dggal_gnosis": "4-F-5", "resolution": 4, "center_lat": 2.8125, "center_lon": -149.0625, "avg_edge_len": 623336.84356149903, "cell_area": 389169792468.9422, "cell_perimeter": 2493347.3742459961 }, "geometry": { "type": "Polygon", "coordinates": [ [ [ -151.875, 5.625 ], [ -151.875, 0.0 ], [ -146.25, 0.0 ], [ -146.25, 5.625 ], [ -151.875, 5.625 ] ] ] } },
{ "type": "Feature", "properties": { "dggal_gnosis": "4-F-6", "resolution": 4, "center_lat": 2.8125, "center_lon": -143.4375, "avg_edge_len": 623336.84356150066, "cell_area": 389169792468.94421, "cell_perimeter": 2493347.3742460026 }, "geometry": { "type": "Polygon", "coordinates": [ [ [ -146.25, 5.625 ], [ -146.25, 0.0 ], [ -140.625, 0.0 ], [ -140.625, 5.625 ], [ -146.25, 5.625 ] ] ] } },
{ "type": "Feature", "properties": { "dggal_gnosis": "4-F-7", "resolution": 4, "center_lat": 2.8125, "center_lon": -137.8125, "avg_edge_len": 623336.84356149903, "cell_area": 389169792468.9422, "cell_perimeter": 2493347.3742459961 }, "geometry": { "type": "Polygon", "coordinates": [ [ [ -140.625, 5.625 ], [ -140.625, 0.0 ], [ -135.0, 0.0 ], [ -135.0, 5.625 ], [ -140.625, 5.625 ] ] ] } },
{ "type": "Feature", "properties": { "dggal_gnosis": "4-F-8", "resolution": 4, "center_lat": 2.8125, "center_lon": -132.1875, "avg_edge_len": 623336.84356149903, "cell_area": 389169792468.9422, "cell_perimeter": 2493347.3742459961 }, "geometry": { "type": "Polygon", "coordinates": [ [ [ -135.0, 5.625 ], [ -135.0, 0.0 ], [ -129.375, 0.0 ], [ -129.375, 5.625 ], [ -135.0, 5.625 ] ] ] } },
{ "type": "Feature", "properties": { "dggal_gnosis": "4-F-9", "resolution": 4, "center_lat": 2.8125, "center_lon": -126.5625, "avg_edge_len": 623336.84356149903, "cell_area": 389169792468.9422, "cell_perimeter": 2493347.3742459961 }, "geometry": { "type": "Polygon", "coordinates": [ [ [ -129.375, 5.625 ], [ -129.375, 0.0 ], [ -123.75, 0.0 ], [ -123.75, 5.625 ], [ -129.375, 5.625 ] ] ] } },
{ "type": "Feature", "properties": { "dggal_gnosis": "4-F-A", "resolution": 4, "center_lat": 2.8125, "center_lon": -120.9375, "avg_edge_len": 623336.84356149903, "cell_area": 389169792468.9422, "cell_perimeter": 2493347.3742459961 }, "geometry": { "type": "Polygon", "coordinates": [ [ [ -123.75, 5.625 ], [ -123.75, 0.0 ], [ -118.125, 0.0 ], [ -118.125, 5.625 ], [ -123.75, 5.625 ] ] ] } },
{ "type": "Feature", "properties": { "dggal_gnosis": "4-F-B", "resolution": 4, "center_lat": 2.8125, "center_lon": -115.3125, "avg_edge_len": 623336.84356149903, "cell_area": 389169792468.9422, "cell_perimeter": 2493347.3742459961 }, "geometry": { "type": "Polygon", "coordinates": [ [ [ -118.125, 5.625 ], [ -118.125, 0.0 ], [ -112.5, 0.0 ], [ -112.5, 5.625 ], [ -118.125, 5.625 ] ] ] } },
{ "type": "Feature", "properties": { "dggal_gnosis": "4-F-C", "resolution": 4, "center_lat": 2.8125, "center_lon": -109.6875, "avg_edge_len": 623336.84356149903, "cell_area": 389169792468.9422, "cell_perimeter": 2493347.3742459961 }, "geometry": { "type": "Polygon", "coordinates": [ [ [ -112.5, 5.625 ], [ -112.5, 0.0 ], [ -106.875, 0.0 ], [ -106.875, 5.625 ], [ -112.5, 5.625 ] ] ] } },
{ "type": "Feature", "properties": { "dggal_gnosis": "4-F-D", "resolution": 4, "center_lat": 2.8125, "center_lon": -104.0625, "avg_edge_len": 623336.84356149985, "cell_area": 389169792468.94324, "cell_perimeter": 2493347.3742459994 }, "geometry": { "type": "Polygon", "coordinates": [ [ [ -106.875, 5.625 ], [ -106.875, 0.0 ], [ -101.25, 0.0 ], [ -101.25, 5.625 ], [ -106.875, 5.625 ] ] ] } },
{ "type": "Feature", "properties": { "dggal_gnosis": "4-F-E", "resolution": 4, "center_lat": 2.8125, "center_lon": -98.4375, "avg_edge_len": 623336.84356149822, "cell_area": 389169792468.94122, "cell_perimeter": 2493347.3742459929 }, "geometry": { "type": "Polygon", "coordinates": [ [ [ -101.25, 5.625 ], [ -101.25, 0.0 ], [ -95.625, 0.0 ], [ -95.625, 5.625 ], [ -101.25, 5.625 ] ] ] } },
{ "type": "Feature", "properties": { "dggal_gnosis": "4-F-F", "resolution": 4, "center_lat": 2.8125, "center_lon": -92.8125, "avg_edge_len": 623336.84356149903, "cell_area": 389169792468.9422, "cell_perimeter": 2493347.3742459961 }, "geometry": { "type": "Polygon", "coordinates": [ [ [ -95.625, 5.625 ], [ -95.625, 0.0 ], [ -90.0, 0.0 ], [ -90.0, 5.625 ], [ -95.625, 5.625 ] ] ] } },
{ "type": "Feature", "properties": { "dggal_gnosis": "4-F-10", "resolution": 4, "center_lat": 2.8125, "center_lon": -87.1875, "avg_edge_len": 623336.84356149985, "cell_area": 389169792468.94324, "cell_perimeter": 2493347.3742459994 }, "geometry": { "type": "Polygon", "coordinates": [ [ [ -90.0, 5.625 ], [ -90.0, 0.0 ], [ -84.375, 0.0 ], [ -84.375, 5.625 ], [ -90.0, 5.625 ] ] ] } },
{ "type": "Feature", "properties": { "dggal_gnosis": "4-F-11", "resolution": 4, "center_lat": 2.8125, "center_lon": -81.5625, "avg_edge_len": 623336.84356149903, "cell_area": 389169792468.9422, "cell_perimeter": 2493347.3742459961 }, "geometry": { "type": "Polygon", "coordinates": [ [ [ -84.375, 5.625 ], [ -84.375, 0.0 ], [ -78.75, 0.0 ], [ -78.75, 5.625 ], [ -84.375, 5.625 ] ] ] } },
{ "type": "Feature", "properties": { "dggal_gnosis": "4-F-12", "resolution": 4, "center_lat": 2.8125, "center_lon": -75.9375, "avg_edge_len": 623336.84356149822, "cell_area": 389169792468.94122, "cell_perimeter": 2493347.3742459929 }, "geometry": { "type": "Polygon", "coordinates": [ [ [ -78.75, 5.625 ], [ -78.75, 0.0 ], [ -73.125, 0.0 ], [ -73.125, 5.625 ], [ -78.75, 5.625 ] ] ] } },
{ "type": "Feature", "properties": { "dggal_gnosis": "4-F-13", "resolution": 4, "center_lat": 2.8125, "center_lon": -70.3125, "avg_edge_len": 623336.84356149985, "cell_area": 389169792468.94324, "cell_perimeter": 2493347.3742459994 }, "geometry": { "type": "Polygon", "coordinates": [ [ [ -73.125, 5.625 ], [ -73.125, 0.0 ], [ -67.5, 0.0 ], [ -67.5, 5.625 ], [ -73.125, 5.625 ] ] ] } },
{ "type": "Feature", "properties": { "dggal_gnosis": "4-F-14", "resolution": 4, "center_lat": 2.8125, "center_lon": -64.6875, "avg_edge_len": 623336.84356149903, "cell_area": 389169792468.9422, "cell_perimeter": 2493347.3742459961 }, "geometry": { "type": "Polygon", "coordinates": [ [ [ -67.5, 5.625 ], [ -67.5, 0.0 ], [ -61.875, 0.0 ], [ -61.875, 5.625 ], [ -67.5, 5.625 ] ] ] } },
{ "type": "Feature", "properties": { "dggal_gnosis": "4-F-15", "resolution": 4, "center_lat": 2.8125, "center_lon": -59.0625, "avg_edge_len": 623336.84356149903, "cell_area": 389169792468.9422, "cell_perimeter": 2493347.3742459961 }, "geometry": { "type": "Polygon", "coordinates": [ [ [ -61.875, 5.625 ], [ -61.875, 0.0 ], [ -56.25, 0.0 ], [ -56.25, 5.625 ], [ -61.875, 5.625 ] ] ] } },
{ "type": "Feature", "properties": { "dggal_gnosis": "4-F-16", "resolution": 4, "center_lat": 2.8125, "center_lon": -53.4375, "avg_edge_len": 623336.84356149903, "cell_area": 389169792468.9422, "cell_perimeter": 2493347.3742459961 }, "geometry": { "type": "Polygon", "coordinates": [ [ [ -56.25, 5.625 ], [ -56.25, 0.0 ], [ -50.625, 0.0 ], [ -50.625, 5.625 ], [ -56.25, 5.625 ] ] ] } },
{ "type": "Feature", "properties": { "dggal_gnosis": "4-F-17", "resolution": 4, "center_lat": 2.8125, "center_lon": -47.8125, "avg_edge_len": 623336.84356149868, "cell_area": 389169792468.94171, "cell_perimeter": 2493347.3742459947 }, "geometry": { "type": "Polygon", "coordinates": [ [ [ -50.625, 5.625 ], [ -50.625, 0.0 ], [ -45.0, 0.0 ], [ -45.0, 5.625 ], [ -50.625, 5.625 ] ] ] } },
{ "type": "Feature", "properties": { "dggal_gnosis": "4-F-18", "resolution": 4, "center_lat": 2.8125, "center_lon": -42.1875, "avg_edge_len": 623336.84356149903, "cell_area": 389169792468.9422, "cell_perimeter": 2493347.3742459961 }, "geometry": { "type": "Polygon", "coordinates": [ [ [ -45.0, 5.625 ], [ -45.0, 0.0 ], [ -39.375, 0.0 ], [ -39.375, 5.625 ], [ -45.0, 5.625 ] ] ] } },
{ "type": "Feature", "properties": { "dggal_gnosis": "4-F-19", "resolution": 4, "center_lat": 2.8125, "center_lon": -36.5625, "avg_edge_len": 623336.84356149903, "cell_area": 389169792468.9422, "cell_perimeter": 2493347.3742459961 }, "geometry": { "type": "Polygon", "coordinates": [ [ [ -39.375, 5.625 ], [ -39.375, 0.0 ], [ -33.75, 0.0 ], [ -33.75, 5.625 ], [ -39.375, 5.625 ] ] ] } },
{ "type": "Feature", "properties": { "dggal_gnosis": "4-F-1A", "resolution": 4, "center_lat": 2.8125, "center_lon": -30.9375, "avg_edge_len": 623336.84356149891, "cell_area": 389169792468.94202, "cell_perimeter": 2493347.3742459957 }, "geometry": { "type": "Polygon", "coordinates": [ [ [ -33.75, 5.625 ], [ -33.75, 0.0 ], [ -28.125, 0.0 ], [ -28.125, 5.625 ], [ -33.75, 5.625 ] ] ] } },
{ "type": "Feature", "properties": { "dggal_gnosis": "4-F-1B", "resolution": 4, "center_lat": 2.8125, "center_lon": -25.3125, "avg_edge_len": 623336.84356149903, "cell_area": 389169792468.9422, "cell_perimeter": 2493347.3742459961 }, "geometry": { "type": "Polygon", "coordinates": [ [ [ -28.125, 5.625 ], [ -28.125, 0.0 ], [ -22.5, 0.0 ], [ -22.5, 5.625 ], [ -28.125, 5.625 ] ] ] } },
{ "type": "Feature", "properties": { "dggal_gnosis": "4-F-1C", "resolution": 4, "center_lat": 2.8125, "center_lon": -19.6875, "avg_edge_len": 623336.84356149903, "cell_area": 389169792468.9422, "cell_perimeter": 2493347.3742459961 }, "geometry": { "type": "Polygon", "coordinates": [ [ [ -22.5, 5.625 ], [ -22.5, 0.0 ], [ -16.875, 0.0 ], [ -16.875, 5.625 ], [ -22.5, 5.625 ] ] ] } },
{ "type": "Feature", "properties": { "dggal_gnosis": "4-F-1D", "resolution": 4, "center_lat": 2.8125, "center_lon": -14.0625, "avg_edge_len": 623336.84356149891, "cell_area": 389169792468.94202, "cell_perimeter": 2493347.3742459957 }, "geometry": { "type": "Polygon", "coordinates": [ [ [ -16.875, 5.625 ], [ -16.875, 0.0 ], [ -11.25, 0.0 ], [ -11.25, 5.625 ], [ -16.875, 5.625 ] ] ] } },
{ "type": "Feature", "properties": { "dggal_gnosis": "4-F-1E", "resolution": 4, "center_lat": 2.8125, "center_lon": -8.4375, "avg_edge_len": 623336.84356149891, "cell_area": 389169792468.94208, "cell_perimeter": 2493347.3742459957 }, "geometry": { "type": "Polygon", "coordinates": [ [ [ -11.25, 5.625 ], [ -11.25, 0.0 ], [ -5.625, 0.0 ], [ -5.625, 5.625 ], [ -11.25, 5.625 ] ] ] } },
{ "type": "Feature", "properties": { "dggal_gnosis": "4-F-1F", "resolution": 4, "center_lat": 2.8125, "center_lon": -2.8125, "avg_edge_len": 623336.84356149891, "cell_area": 389169792468.94208, "cell_perimeter": 2493347.3742459957 }, "geometry": { "type": "Polygon", "coordinates": [ [ [ -5.625, 5.625 ], [ -5.625, 0.0 ], [ -0.0, 0.0 ], [ -0.0, 5.625 ], [ -5.625, 5.625 ] ] ] } },
{ "type": "Feature", "properties": { "dggal_gnosis": "4-F-20", "resolution": 4, "center_lat": 2.8125, "center_lon": 2.8125, "avg_edge_len": 623336.84356149891, "cell_area": 389169792468.94208, "cell_perimeter": 2493347.3742459957 }, "geometry": { "type": "Polygon", "coordinates": [ [ [ 0.0, 5.625 ], [ 0.0, 0.0 ], [ 5.625, 0.0 ], [ 5.625, 5.625 ], [ 0.0, 5.625 ] ] ] } },
{ "type": "Feature", "properties": { "dggal_gnosis": "4-F-21", "resolution": 4, "center_lat": 2.8125, "center_lon": 8.4375, "avg_edge_len": 623336.84356149891, "cell_area": 389169792468.94208, "cell_perimeter": 2493347.3742459957 }, "geometry": { "type": "Polygon", "coordinates": [ [ [ 5.625, 5.625 ], [ 5.625, 0.0 ], [ 11.25, 0.0 ], [ 11.25, 5.625 ], [ 5.625, 5.625 ] ] ] } },
{ "type": "Feature", "properties": { "dggal_gnosis": "4-F-22", "resolution": 4, "center_lat": 2.8125, "center_lon": 14.0625, "avg_edge_len": 623336.84356149891, "cell_area": 389169792468.94208, "cell_perimeter": 2493347.3742459957 }, "geometry": { "type": "Polygon", "coordinates": [ [ [ 11.25, 5.625 ], [ 11.25, 0.0 ], [ 16.875, 0.0 ], [ 16.875, 5.625 ], [ 11.25, 5.625 ] ] ] } },
{ "type": "Feature", "properties": { "dggal_gnosis": "4-F-23", "resolution": 4, "center_lat": 2.8125, "center_lon": 19.6875, "avg_edge_len": 623336.84356149903, "cell_area": 389169792468.9422, "cell_perimeter": 2493347.3742459961 }, "geometry": { "type": "Polygon", "coordinates": [ [ [ 16.875, 5.625 ], [ 16.875, 0.0 ], [ 22.5, 0.0 ], [ 22.5, 5.625 ], [ 16.875, 5.625 ] ] ] } },
{ "type": "Feature", "properties": { "dggal_gnosis": "4-F-24", "resolution": 4, "center_lat": 2.8125, "center_lon": 25.3125, "avg_edge_len": 623336.84356149891, "cell_area": 389169792468.94202, "cell_perimeter": 2493347.3742459957 }, "geometry": { "type": "Polygon", "coordinates": [ [ [ 22.5, 5.625 ], [ 22.5, 0.0 ], [ 28.125, 0.0 ], [ 28.125, 5.625 ], [ 22.5, 5.625 ] ] ] } },
{ "type": "Feature", "properties": { "dggal_gnosis": "4-F-25", "resolution": 4, "center_lat": 2.8125, "center_lon": 30.9375, "avg_edge_len": 623336.84356149891, "cell_area": 389169792468.94202, "cell_perimeter": 2493347.3742459957 }, "geometry": { "type": "Polygon", "coordinates": [ [ [ 28.125, 5.625 ], [ 28.125, 0.0 ], [ 33.75, 0.0 ], [ 33.75, 5.625 ], [ 28.125, 5.625 ] ] ] } },
{ "type": "Feature", "properties": { "dggal_gnosis": "4-F-26", "resolution": 4, "center_lat": 2.8125, "center_lon": 36.5625, "avg_edge_len": 623336.84356149903, "cell_area": 389169792468.9422, "cell_perimeter": 2493347.3742459961 }, "geometry": { "type": "Polygon", "coordinates": [ [ [ 33.75, 5.625 ], [ 33.75, 0.0 ], [ 39.375, 0.0 ], [ 39.375, 5.625 ], [ 33.75, 5.625 ] ] ] } },
{ "type": "Feature", "properties": { "dggal_gnosis": "4-F-27", "resolution": 4, "center_lat": 2.8125, "center_lon": 42.1875, "avg_edge_len": 623336.84356149903, "cell_area": 389169792468.9422, "cell_perimeter": 2493347.3742459961 }, "geometry": { "type": "Polygon", "coordinates": [ [ [ 39.375, 5.625 ], [ 39.375, 0.0 ], [ 45.0, 0.0 ], [ 45.0, 5.625 ], [ 39.375, 5.625 ] ] ] } },
{ "type": "Feature", "properties": { "dggal_gnosis": "4-F-28", "resolution": 4, "center_lat": 2.8125, "center_lon": 47.8125, "avg_edge_len": 623336.84356149868, "cell_area": 389169792468.94171, "cell_perimeter": 2493347.3742459947 }, "geometry": { "type": "Polygon", "coordinates": [ [ [ 45.0, 5.625 ], [ 45.0, 0.0 ], [ 50.625, 0.0 ], [ 50.625, 5.625 ], [ 45.0, 5.625 ] ] ] } },
{ "type": "Feature", "properties": { "dggal_gnosis": "4-F-29", "resolution": 4, "center_lat": 2.8125, "center_lon": 53.4375, "avg_edge_len": 623336.84356149868, "cell_area": 389169792468.94171, "cell_perimeter": 2493347.3742459947 }, "geometry": { "type": "Polygon", "coordinates": [ [ [ 50.625, 5.625 ], [ 50.625, 0.0 ], [ 56.25, 0.0 ], [ 56.25, 5.625 ], [ 50.625, 5.625 ] ] ] } },
{ "type": "Feature", "properties": { "dggal_gnosis": "4-F-2A", "resolution": 4, "center_lat": 2.8125, "center_lon": 59.0625, "avg_edge_len": 623336.84356149903, "cell_area": 389169792468.9422, "cell_perimeter": 2493347.3742459961 }, "geometry": { "type": "Polygon", "coordinates": [ [ [ 56.25, 5.625 ], [ 56.25, 0.0 ], [ 61.875, 0.0 ], [ 61.875, 5.625 ], [ 56.25, 5.625 ] ] ] } },
{ "type": "Feature", "properties": { "dggal_gnosis": "4-F-2B", "resolution": 4, "center_lat": 2.8125, "center_lon": 64.6875, "avg_edge_len": 623336.84356149903, "cell_area": 389169792468.9422, "cell_perimeter": 2493347.3742459961 }, "geometry": { "type": "Polygon", "coordinates": [ [ [ 61.875, 5.625 ], [ 61.875, 0.0 ], [ 67.5, 0.0 ], [ 67.5, 5.625 ], [ 61.875, 5.625 ] ] ] } },
{ "type": "Feature", "properties": { "dggal_gnosis": "4-F-2C", "resolution": 4, "center_lat": 2.8125, "center_lon": 70.3125, "avg_edge_len": 623336.84356149985, "cell_area": 389169792468.94324, "cell_perimeter": 2493347.3742459994 }, "geometry": { "type": "Polygon", "coordinates": [ [ [ 67.5, 5.625 ], [ 67.5, 0.0 ], [ 73.125, 0.0 ], [ 73.125, 5.625 ], [ 67.5, 5.625 ] ] ] } },
{ "type": "Feature", "properties": { "dggal_gnosis": "4-F-2D", "resolution": 4, "center_lat": 2.8125, "center_lon": 75.9375, "avg_edge_len": 623336.84356149903, "cell_area": 389169792468.9422, "cell_perimeter": 2493347.3742459961 }, "geometry": { "type": "Polygon", "coordinates": [ [ [ 73.125, 5.625 ], [ 73.125, 0.0 ], [ 78.75, 0.0 ], [ 78.75, 5.625 ], [ 73.125, 5.625 ] ] ] } },
{ "type": "Feature", "properties": { "dggal_gnosis": "4-F-2E", "resolution": 4, "center_lat": 2.8125, "center_lon": 81.5625, "avg_edge_len": 623336.84356149903, "cell_area": 389169792468.9422, "cell_perimeter": 2493347.3742459961 }, "geometry": { "type": "Polygon", "coordinates": [ [ [ 78.75, 5.625 ], [ 78.75, 0.0 ], [ 84.375, 0.0 ], [ 84.375, 5.625 ], [ 78.75, 5.625 ] ] ] } },
{ "type": "Feature", "properties": { "dggal_gnosis": "4-F-2F", "resolution": 4, "center_lat": 2.8125, "center_lon": 87.1875, "avg_edge_len": 623336.84356149903, "cell_area": 389169792468.9422, "cell_perimeter": 2493347.3742459961 }, "geometry": { "type": "Polygon", "coordinates": [ [ [ 84.375, 5.625 ], [ 84.375, 0.0 ], [ 90.0, 0.0 ], [ 90.0, 5.625 ], [ 84.375, 5.625 ] ] ] } },
{ "type": "Feature", "properties": { "dggal_gnosis": "4-F-30", "resolution": 4, "center_lat": 2.8125, "center_lon": 92.8125, "avg_edge_len": 623336.84356149903, "cell_area": 389169792468.9422, "cell_perimeter": 2493347.3742459961 }, "geometry": { "type": "Polygon", "coordinates": [ [ [ 90.0, 5.625 ], [ 90.0, 0.0 ], [ 95.625, 0.0 ], [ 95.625, 5.625 ], [ 90.0, 5.625 ] ] ] } },
{ "type": "Feature", "properties": { "dggal_gnosis": "4-F-31", "resolution": 4, "center_lat": 2.8125, "center_lon": 98.4375, "avg_edge_len": 623336.84356149903, "cell_area": 389169792468.9422, "cell_perimeter": 2493347.3742459961 }, "geometry": { "type": "Polygon", "coordinates": [ [ [ 95.625, 5.625 ], [ 95.625, 0.0 ], [ 101.25, 0.0 ], [ 101.25, 5.625 ], [ 95.625, 5.625 ] ] ] } },
{ "type": "Feature", "properties": { "dggal_gnosis": "4-F-32", "resolution": 4, "center_lat": 2.8125, "center_lon": 104.0625, "avg_edge_len": 623336.84356149985, "cell_area": 389169792468.94324, "cell_perimeter": 2493347.3742459994 }, "geometry": { "type": "Polygon", "coordinates": [ [ [ 101.25, 5.625 ], [ 101.25, 0.0 ], [ 106.875, 0.0 ], [ 106.875, 5.625 ], [ 101.25, 5.625 ] ] ] } },
{ "type": "Feature", "properties": { "dggal_gnosis": "4-F-33", "resolution": 4, "center_lat": 2.8125, "center_lon": 109.6875, "avg_edge_len": 623336.84356149903, "cell_area": 389169792468.9422, "cell_perimeter": 2493347.3742459961 }, "geometry": { "type": "Polygon", "coordinates": [ [ [ 106.875, 5.625 ], [ 106.875, 0.0 ], [ 112.5, 0.0 ], [ 112.5, 5.625 ], [ 106.875, 5.625 ] ] ] } },
{ "type": "Feature", "properties": { "dggal_gnosis": "4-F-34", "resolution": 4, "center_lat": 2.8125, "center_lon": 115.3125, "avg_edge_len": 623336.84356149903, "cell_area": 389169792468.9422, "cell_perimeter": 2493347.3742459961 }, "geometry": { "type": "Polygon", "coordinates": [ [ [ 112.5, 5.625 ], [ 112.5, 0.0 ], [ 118.125, 0.0 ], [ 118.125, 5.625 ], [ 112.5, 5.625 ] ] ] } },
{ "type": "Feature", "properties": { "dggal_gnosis": "4-F-35", "resolution": 4, "center_lat": 2.8125, "center_lon": 120.9375, "avg_edge_len": 623336.84356149985, "cell_area": 389169792468.94324, "cell_perimeter": 2493347.3742459994 }, "geometry": { "type": "Polygon", "coordinates": [ [ [ 118.125, 5.625 ], [ 118.125, 0.0 ], [ 123.75, 0.0 ], [ 123.75, 5.625 ], [ 118.125, 5.625 ] ] ] } },
{ "type": "Feature", "properties": { "dggal_gnosis": "4-F-36", "resolution": 4, "center_lat": 2.8125, "center_lon": 126.5625, "avg_edge_len": 623336.84356149903, "cell_area": 389169792468.9422, "cell_perimeter": 2493347.3742459961 }, "geometry": { "type": "Polygon", "coordinates": [ [ [ 123.75, 5.625 ], [ 123.75, 0.0 ], [ 129.375, 0.0 ], [ 129.375, 5.625 ], [ 123.75, 5.625 ] ] ] } },
{ "type": "Feature", "properties": { "dggal_gnosis": "4-F-37", "resolution": 4, "center_lat": 2.8125, "center_lon": 132.1875, "avg_edge_len": 623336.84356149903, "cell_area": 389169792468.9422, "cell_perimeter": 2493347.3742459961 }, "geometry": { "type": "Polygon", "coordinates": [ [ [ 129.375, 5.625 ], [ 129.375, 0.0 ], [ 135.0, 0.0 ], [ 135.0, 5.625 ], [ 129.375, 5.625 ] ] ] } },
{ "type": "Feature", "properties": { "dggal_gnosis": "4-F-38", "resolution": 4, "center_lat": 2.8125, "center_lon": 137.8125, "avg_edge_len": 623336.84356149903, "cell_area": 389169792468.9422, "cell_perimeter": 2493347.3742459961 }, "geometry": { "type": "Polygon", "coordinates": [ [ [ 135.0, 5.625 ], [ 135.0, 0.0 ], [ 140.625, 0.0 ], [ 140.625, 5.625 ], [ 135.0, 5.625 ] ] ] } },
{ "type": "Feature", "properties": { "dggal_gnosis": "4-F-39", "resolution": 4, "center_lat": 2.8125, "center_lon": 143.4375, "avg_edge_len": 623336.84356150066, "cell_area": 389169792468.94421, "cell_perimeter": 2493347.3742460026 }, "geometry": { "type": "Polygon", "coordinates": [ [ [ 140.625, 5.625 ], [ 140.625, 0.0 ], [ 146.25, 0.0 ], [ 146.25, 5.625 ], [ 140.625, 5.625 ] ] ] } },
{ "type": "Feature", "properties": { "dggal_gnosis": "4-F-3A", "resolution": 4, "center_lat": 2.8125, "center_lon": 149.0625, "avg_edge_len": 623336.84356149903, "cell_area": 389169792468.9422, "cell_perimeter": 2493347.3742459961 }, "geometry": { "type": "Polygon", "coordinates": [ [ [ 146.25, 5.625 ], [ 146.25, 0.0 ], [ 151.875, 0.0 ], [ 151.875, 5.625 ], [ 146.25, 5.625 ] ] ] } },
{ "type": "Feature", "properties": { "dggal_gnosis": "4-F-3B", "resolution": 4, "center_lat": 2.8125, "center_lon": 154.6875, "avg_edge_len": 623336.84356149903, "cell_area": 389169792468.9422, "cell_perimeter": 2493347.3742459961 }, "geometry": { "type": "Polygon", "coordinates": [ [ [ 151.875, 5.625 ], [ 151.875, 0.0 ], [ 157.5, 0.0 ], [ 157.5, 5.625 ], [ 151.875, 5.625 ] ] ] } },
{ "type": "Feature", "properties": { "dggal_gnosis": "4-F-3C", "resolution": 4, "center_lat": 2.8125, "center_lon": 160.3125, "avg_edge_len": 623336.84356149903, "cell_area": 389169792468.9422, "cell_perimeter": 2493347.3742459961 }, "geometry": { "type": "Polygon", "coordinates": [ [ [ 157.5, 5.625 ], [ 157.5, 0.0 ], [ 163.125, 0.0 ], [ 163.125, 5.625 ], [ 157.5, 5.625 ] ] ] } },
{ "type": "Feature", "properties": { "dggal_gnosis": "4-F-3D", "resolution": 4, "center_lat": 2.8125, "center_lon": 165.9375, "avg_edge_len": 623336.84356149903, "cell_area": 389169792468.9422, "cell_perimeter": 2493347.3742459961 }, "geometry": { "type": "Polygon", "coordinates": [ [ [ 163.125, 5.625 ], [ 163.125, 0.0 ], [ 168.75, 0.0 ], [ 168.75, 5.625 ], [ 163.125, 5.625 ] ] ] } },
{ "type": "Feature", "properties": { "dggal_gnosis": "4-F-3E", "resolution": 4, "center_lat": 2.8125, "center_lon": 171.5625, "avg_edge_len": 623336.84356149903, "cell_area": 389169792468.9422, "cell_perimeter": 2493347.3742459961 }, "geometry": { "type": "Polygon", "coordinates": [ [ [ 168.75, 5.625 ], [ 168.75, 0.0 ], [ 174.375, 0.0 ], [ 174.375, 5.625 ], [ 168.75, 5.625 ] ] ] } },
{ "type": "Feature", "properties": { "dggal_gnosis": "4-F-3F", "resolution": 4, "center_lat": 2.8125, "center_lon": 177.1875, "avg_edge_len": 623336.84356149903, "cell_area": 389169792468.9422, "cell_perimeter": 2493347.3742459961 }, "geometry": { "type": "Polygon", "coordinates": [ [ [ 174.375, 5.625 ], [ 174.375, 0.0 ], [ 180.0, 0.0 ], [ 180.0, 5.625 ], [ 174.375, 5.625 ] ] ] } },
{ "type": "Feature", "properties": { "dggal_gnosis": "4-10-0", "resolution": 4, "center_lat": -2.8125, "center_lon": -177.1875, "avg_edge_len": 623336.84356150054, "cell_area": 389169792468.94421, "cell_perimeter": 2493347.3742460022 }, "geometry": { "type": "Polygon", "coordinates": [ [ [ -180.0, -0.0 ], [ -180.0, -5.625 ], [ -174.375, -5.625 ], [ -174.375, -0.0 ], [ -180.0, -0.0 ] ] ] } },
{ "type": "Feature", "properties": { "dggal_gnosis": "4-10-1", "resolution": 4, "center_lat": -2.8125, "center_lon": -171.5625, "avg_edge_len": 623336.84356149903, "cell_area": 389169792468.9422, "cell_perimeter": 2493347.3742459961 }, "geometry": { "type": "Polygon", "coordinates": [ [ [ -174.375, -0.0 ], [ -174.375, -5.625 ], [ -168.75, -5.625 ], [ -168.75, -0.0 ], [ -174.375, -0.0 ] ] ] } },
{ "type": "Feature", "properties": { "dggal_gnosis": "4-10-2", "resolution": 4, "center_lat": -2.8125, "center_lon": -165.9375, "avg_edge_len": 623336.84356149903, "cell_area": 389169792468.9422, "cell_perimeter": 2493347.3742459961 }, "geometry": { "type": "Polygon", "coordinates": [ [ [ -168.75, -0.0 ], [ -168.75, -5.625 ], [ -163.125, -5.625 ], [ -163.125, -0.0 ], [ -168.75, -0.0 ] ] ] } },
{ "type": "Feature", "properties": { "dggal_gnosis": "4-10-3", "resolution": 4, "center_lat": -2.8125, "center_lon": -160.3125, "avg_edge_len": 623336.84356149903, "cell_area": 389169792468.9422, "cell_perimeter": 2493347.3742459961 }, "geometry": { "type": "Polygon", "coordinates": [ [ [ -163.125, -0.0 ], [ -163.125, -5.625 ], [ -157.5, -5.625 ], [ -157.5, -0.0 ], [ -163.125, -0.0 ] ] ] } },
{ "type": "Feature", "properties": { "dggal_gnosis": "4-10-4", "resolution": 4, "center_lat": -2.8125, "center_lon": -154.6875, "avg_edge_len": 623336.84356149903, "cell_area": 389169792468.9422, "cell_perimeter": 2493347.3742459961 }, "geometry": { "type": "Polygon", "coordinates": [ [ [ -157.5, -0.0 ], [ -157.5, -5.625 ], [ -151.875, -5.625 ], [ -151.875, -0.0 ], [ -157.5, -0.0 ] ] ] } },
{ "type": "Feature", "properties": { "dggal_gnosis": "4-10-5", "resolution": 4, "center_lat": -2.8125, "center_lon": -149.0625, "avg_edge_len": 623336.84356149903, "cell_area": 389169792468.9422, "cell_perimeter": 2493347.3742459961 }, "geometry": { "type": "Polygon", "coordinates": [ [ [ -151.875, -0.0 ], [ -151.875, -5.625 ], [ -146.25, -5.625 ], [ -146.25, -0.0 ], [ -151.875, -0.0 ] ] ] } },
{ "type": "Feature", "properties": { "dggal_gnosis": "4-10-6", "resolution": 4, "center_lat": -2.8125, "center_lon": -143.4375, "avg_edge_len": 623336.84356150054, "cell_area": 389169792468.94421, "cell_perimeter": 2493347.3742460022 }, "geometry": { "type": "Polygon", "coordinates": [ [ [ -146.25, -0.0 ], [ -146.25, -5.625 ], [ -140.625, -5.625 ], [ -140.625, -0.0 ], [ -146.25, -0.0 ] ] ] } },
{ "type": "Feature", "properties": { "dggal_gnosis": "4-10-7", "resolution": 4, "center_lat": -2.8125, "center_lon": -137.8125, "avg_edge_len": 623336.84356149903, "cell_area": 389169792468.9422, "cell_perimeter": 2493347.3742459961 }, "geometry": { "type": "Polygon", "coordinates": [ [ [ -140.625, -0.0 ], [ -140.625, -5.625 ], [ -135.0, -5.625 ], [ -135.0, -0.0 ], [ -140.625, -0.0 ] ] ] } },
{ "type": "Feature", "properties": { "dggal_gnosis": "4-10-8", "resolution": 4, "center_lat": -2.8125, "center_lon": -132.1875, "avg_edge_len": 623336.84356149903, "cell_area": 389169792468.9422, "cell_perimeter": 2493347.3742459961 }, "geometry": { "type": "Polygon", "coordinates": [ [ [ -135.0, -0.0 ], [ -135.0, -5.625 ], [ -129.375, -5.625 ], [ -129.375, -0.0 ], [ -135.0, -0.0 ] ] ] } },
{ "type": "Feature", "properties": { "dggal_gnosis": "4-10-9", "resolution": 4, "center_lat": -2.8125, "center_lon": -126.5625, "avg_edge_len": 623336.84356149903, "cell_area": 389169792468.9422, "cell_perimeter": 2493347.3742459961 }, "geometry": { "type": "Polygon", "coordinates": [ [ [ -129.375, -0.0 ], [ -129.375, -5.625 ], [ -123.75, -5.625 ], [ -123.75, -0.0 ], [ -129.375, -0.0 ] ] ] } },
{ "type": "Feature", "properties": { "dggal_gnosis": "4-10-A", "resolution": 4, "center_lat": -2.8125, "center_lon": -120.9375, "avg_edge_len": 623336.84356149903, "cell_area": 389169792468.9422, "cell_perimeter": 2493347.3742459961 }, "geometry": { "type": "Polygon", "coordinates": [ [ [ -123.75, -0.0 ], [ -123.75, -5.625 ], [ -118.125, -5.625 ], [ -118.125, -0.0 ], [ -123.75, -0.0 ] ] ] } },
{ "type": "Feature", "properties": { "dggal_gnosis": "4-10-B", "resolution": 4, "center_lat": -2.8125, "center_lon": -115.3125, "avg_edge_len": 623336.84356149903, "cell_area": 389169792468.9422, "cell_perimeter": 2493347.3742459961 }, "geometry": { "type": "Polygon", "coordinates": [ [ [ -118.125, -0.0 ], [ -118.125, -5.625 ], [ -112.5, -5.625 ], [ -112.5, -0.0 ], [ -118.125, -0.0 ] ] ] } },
{ "type": "Feature", "properties": { "dggal_gnosis": "4-10-C", "resolution": 4, "center_lat": -2.8125, "center_lon": -109.6875, "avg_edge_len": 623336.84356149903, "cell_area": 389169792468.9422, "cell_perimeter": 2493347.3742459961 }, "geometry": { "type": "Polygon", "coordinates": [ [ [ -112.5, -0.0 ], [ -112.5, -5.625 ], [ -106.875, -5.625 ], [ -106.875, -0.0 ], [ -112.5, -0.0 ] ] ] } },
{ "type": "Feature", "properties": { "dggal_gnosis": "4-10-D", "resolution": 4, "center_lat": -2.8125, "center_lon": -104.0625, "avg_edge_len": 623336.84356149985, "cell_area": 389169792468.94318, "cell_perimeter": 2493347.3742459994 }, "geometry": { "type": "Polygon", "coordinates": [ [ [ -106.875, -0.0 ], [ -106.875, -5.625 ], [ -101.25, -5.625 ], [ -101.25, -0.0 ], [ -106.875, -0.0 ] ] ] } },
{ "type": "Feature", "properties": { "dggal_gnosis": "4-10-E", "resolution": 4, "center_lat": -2.8125, "center_lon": -98.4375, "avg_edge_len": 623336.84356149822, "cell_area": 389169792468.94122, "cell_perimeter": 2493347.3742459929 }, "geometry": { "type": "Polygon", "coordinates": [ [ [ -101.25, -0.0 ], [ -101.25, -5.625 ], [ -95.625, -5.625 ], [ -95.625, -0.0 ], [ -101.25, -0.0 ] ] ] } },
{ "type": "Feature", "properties": { "dggal_gnosis": "4-10-F", "resolution": 4, "center_lat": -2.8125, "center_lon": -92.8125, "avg_edge_len": 623336.84356149903, "cell_area": 389169792468.9422, "cell_perimeter": 2493347.3742459961 }, "geometry": { "type": "Polygon", "coordinates": [ [ [ -95.625, -0.0 ], [ -95.625, -5.625 ], [ -90.0, -5.625 ], [ -90.0, -0.0 ], [ -95.625, -0.0 ] ] ] } },
{ "type": "Feature", "properties": { "dggal_gnosis": "4-10-10", "resolution": 4, "center_lat": -2.8125, "center_lon": -87.1875, "avg_edge_len": 623336.84356149985, "cell_area": 389169792468.94318, "cell_perimeter": 2493347.3742459994 }, "geometry": { "type": "Polygon", "coordinates": [ [ [ -90.0, -0.0 ], [ -90.0, -5.625 ], [ -84.375, -5.625 ], [ -84.375, -0.0 ], [ -90.0, -0.0 ] ] ] } },
{ "type": "Feature", "properties": { "dggal_gnosis": "4-10-11", "resolution": 4, "center_lat": -2.8125, "center_lon": -81.5625, "avg_edge_len": 623336.84356149903, "cell_area": 389169792468.9422, "cell_perimeter": 2493347.3742459961 }, "geometry": { "type": "Polygon", "coordinates": [ [ [ -84.375, -0.0 ], [ -84.375, -5.625 ], [ -78.75, -5.625 ], [ -78.75, -0.0 ], [ -84.375, -0.0 ] ] ] } },
{ "type": "Feature", "properties": { "dggal_gnosis": "4-10-12", "resolution": 4, "center_lat": -2.8125, "center_lon": -75.9375, "avg_edge_len": 623336.84356149822, "cell_area": 389169792468.94122, "cell_perimeter": 2493347.3742459929 }, "geometry": { "type": "Polygon", "coordinates": [ [ [ -78.75, -0.0 ], [ -78.75, -5.625 ], [ -73.125, -5.625 ], [ -73.125, -0.0 ], [ -78.75, -0.0 ] ] ] } },
{ "type": "Feature", "properties": { "dggal_gnosis": "4-10-13", "resolution": 4, "center_lat": -2.8125, "center_lon": -70.3125, "avg_edge_len": 623336.84356149985, "cell_area": 389169792468.94318, "cell_perimeter": 2493347.3742459994 }, "geometry": { "type": "Polygon", "coordinates": [ [ [ -73.125, -0.0 ], [ -73.125, -5.625 ], [ -67.5, -5.625 ], [ -67.5, -0.0 ], [ -73.125, -0.0 ] ] ] } },
{ "type": "Feature", "properties": { "dggal_gnosis": "4-10-14", "resolution": 4, "center_lat": -2.8125, "center_lon": -64.6875, "avg_edge_len": 623336.84356149903, "cell_area": 389169792468.9422, "cell_perimeter": 2493347.3742459961 }, "geometry": { "type": "Polygon", "coordinates": [ [ [ -67.5, -0.0 ], [ -67.5, -5.625 ], [ -61.875, -5.625 ], [ -61.875, -0.0 ], [ -67.5, -0.0 ] ] ] } },
{ "type": "Feature", "properties": { "dggal_gnosis": "4-10-15", "resolution": 4, "center_lat": -2.8125, "center_lon": -59.0625, "avg_edge_len": 623336.84356149903, "cell_area": 389169792468.9422, "cell_perimeter": 2493347.3742459961 }, "geometry": { "type": "Polygon", "coordinates": [ [ [ -61.875, -0.0 ], [ -61.875, -5.625 ], [ -56.25, -5.625 ], [ -56.25, -0.0 ], [ -61.875, -0.0 ] ] ] } },
{ "type": "Feature", "properties": { "dggal_gnosis": "4-10-16", "resolution": 4, "center_lat": -2.8125, "center_lon": -53.4375, "avg_edge_len": 623336.84356149903, "cell_area": 389169792468.9422, "cell_perimeter": 2493347.3742459961 }, "geometry": { "type": "Polygon", "coordinates": [ [ [ -56.25, -0.0 ], [ -56.25, -5.625 ], [ -50.625, -5.625 ], [ -50.625, -0.0 ], [ -56.25, -0.0 ] ] ] } },
{ "type": "Feature", "properties": { "dggal_gnosis": "4-10-17", "resolution": 4, "center_lat": -2.8125, "center_lon": -47.8125, "avg_edge_len": 623336.84356149868, "cell_area": 389169792468.94171, "cell_perimeter": 2493347.3742459947 }, "geometry": { "type": "Polygon", "coordinates": [ [ [ -50.625, -0.0 ], [ -50.625, -5.625 ], [ -45.0, -5.625 ], [ -45.0, -0.0 ], [ -50.625, -0.0 ] ] ] } },
{ "type": "Feature", "properties": { "dggal_gnosis": "4-10-18", "resolution": 4, "center_lat": -2.8125, "center_lon": -42.1875, "avg_edge_len": 623336.84356149903, "cell_area": 389169792468.9422, "cell_perimeter": 2493347.3742459961 }, "geometry": { "type": "Polygon", "coordinates": [ [ [ -45.0, -0.0 ], [ -45.0, -5.625 ], [ -39.375, -5.625 ], [ -39.375, -0.0 ], [ -45.0, -0.0 ] ] ] } },
{ "type": "Feature", "properties": { "dggal_gnosis": "4-10-19", "resolution": 4, "center_lat": -2.8125, "center_lon": -36.5625, "avg_edge_len": 623336.84356149903, "cell_area": 389169792468.9422, "cell_perimeter": 2493347.3742459961 }, "geometry": { "type": "Polygon", "coordinates": [ [ [ -39.375, -0.0 ], [ -39.375, -5.625 ], [ -33.75, -5.625 ], [ -33.75, -0.0 ], [ -39.375, -0.0 ] ] ] } },
{ "type": "Feature", "properties": { "dggal_gnosis": "4-10-1A", "resolution": 4, "center_lat": -2.8125, "center_lon": -30.9375, "avg_edge_len": 623336.84356149891, "cell_area": 389169792468.94202, "cell_perimeter": 2493347.3742459957 }, "geometry": { "type": "Polygon", "coordinates": [ [ [ -33.75, -0.0 ], [ -33.75, -5.625 ], [ -28.125, -5.625 ], [ -28.125, -0.0 ], [ -33.75, -0.0 ] ] ] } },
{ "type": "Feature", "properties": { "dggal_gnosis": "4-10-1B", "resolution": 4, "center_lat": -2.8125, "center_lon": -25.3125, "avg_edge_len": 623336.84356149903, "cell_area": 389169792468.9422, "cell_perimeter": 2493347.3742459961 }, "geometry": { "type": "Polygon", "coordinates": [ [ [ -28.125, -0.0 ], [ -28.125, -5.625 ], [ -22.5, -5.625 ], [ -22.5, -0.0 ], [ -28.125, -0.0 ] ] ] } },
{ "type": "Feature", "properties": { "dggal_gnosis": "4-10-1C", "resolution": 4, "center_lat": -2.8125, "center_lon": -19.6875, "avg_edge_len": 623336.84356149903, "cell_area": 389169792468.9422, "cell_perimeter": 2493347.3742459961 }, "geometry": { "type": "Polygon", "coordinates": [ [ [ -22.5, -0.0 ], [ -22.5, -5.625 ], [ -16.875, -5.625 ], [ -16.875, -0.0 ], [ -22.5, -0.0 ] ] ] } },
{ "type": "Feature", "properties": { "dggal_gnosis": "4-10-1D", "resolution": 4, "center_lat": -2.8125, "center_lon": -14.0625, "avg_edge_len": 623336.84356149891, "cell_area": 389169792468.94202, "cell_perimeter": 2493347.3742459957 }, "geometry": { "type": "Polygon", "coordinates": [ [ [ -16.875, -0.0 ], [ -16.875, -5.625 ], [ -11.25, -5.625 ], [ -11.25, -0.0 ], [ -16.875, -0.0 ] ] ] } },
{ "type": "Feature", "properties": { "dggal_gnosis": "4-10-1E", "resolution": 4, "center_lat": -2.8125, "center_lon": -8.4375, "avg_edge_len": 623336.84356149891, "cell_area": 389169792468.94214, "cell_perimeter": 2493347.3742459957 }, "geometry": { "type": "Polygon", "coordinates": [ [ [ -11.25, -0.0 ], [ -11.25, -5.625 ], [ -5.625, -5.625 ], [ -5.625, -0.0 ], [ -11.25, -0.0 ] ] ] } },
{ "type": "Feature", "properties": { "dggal_gnosis": "4-10-1F", "resolution": 4, "center_lat": -2.8125, "center_lon": -2.8125, "avg_edge_len": 623336.84356149891, "cell_area": 389169792468.94214, "cell_perimeter": 2493347.3742459957 }, "geometry": { "type": "Polygon", "coordinates": [ [ [ -5.625, -0.0 ], [ -5.625, -5.625 ], [ -0.0, -5.625 ], [ -0.0, -0.0 ], [ -5.625, -0.0 ] ] ] } },
{ "type": "Feature", "properties": { "dggal_gnosis": "4-10-20", "resolution": 4, "center_lat": -2.8125, "center_lon": 2.8125, "avg_edge_len": 623336.84356149891, "cell_area": 389169792468.94214, "cell_perimeter": 2493347.3742459957 }, "geometry": { "type": "Polygon", "coordinates": [ [ [ 0.0, -0.0 ], [ 0.0, -5.625 ], [ 5.625, -5.625 ], [ 5.625, -0.0 ], [ 0.0, -0.0 ] ] ] } },
{ "type": "Feature", "properties": { "dggal_gnosis": "4-10-21", "resolution": 4, "center_lat": -2.8125, "center_lon": 8.4375, "avg_edge_len": 623336.84356149891, "cell_area": 389169792468.94208, "cell_perimeter": 2493347.3742459957 }, "geometry": { "type": "Polygon", "coordinates": [ [ [ 5.625, -0.0 ], [ 5.625, -5.625 ], [ 11.25, -5.625 ], [ 11.25, -0.0 ], [ 5.625, -0.0 ] ] ] } },
{ "type": "Feature", "properties": { "dggal_gnosis": "4-10-22", "resolution": 4, "center_lat": -2.8125, "center_lon": 14.0625, "avg_edge_len": 623336.84356149891, "cell_area": 389169792468.94214, "cell_perimeter": 2493347.3742459957 }, "geometry": { "type": "Polygon", "coordinates": [ [ [ 11.25, -0.0 ], [ 11.25, -5.625 ], [ 16.875, -5.625 ], [ 16.875, -0.0 ], [ 11.25, -0.0 ] ] ] } },
{ "type": "Feature", "properties": { "dggal_gnosis": "4-10-23", "resolution": 4, "center_lat": -2.8125, "center_lon": 19.6875, "avg_edge_len": 623336.84356149903, "cell_area": 389169792468.9422, "cell_perimeter": 2493347.3742459961 }, "geometry": { "type": "Polygon", "coordinates": [ [ [ 16.875, -0.0 ], [ 16.875, -5.625 ], [ 22.5, -5.625 ], [ 22.5, -0.0 ], [ 16.875, -0.0 ] ] ] } },
{ "type": "Feature", "properties": { "dggal_gnosis": "4-10-24", "resolution": 4, "center_lat": -2.8125, "center_lon": 25.3125, "avg_edge_len": 623336.84356149891, "cell_area": 389169792468.94202, "cell_perimeter": 2493347.3742459957 }, "geometry": { "type": "Polygon", "coordinates": [ [ [ 22.5, -0.0 ], [ 22.5, -5.625 ], [ 28.125, -5.625 ], [ 28.125, -0.0 ], [ 22.5, -0.0 ] ] ] } },
{ "type": "Feature", "properties": { "dggal_gnosis": "4-10-25", "resolution": 4, "center_lat": -2.8125, "center_lon": 30.9375, "avg_edge_len": 623336.84356149891, "cell_area": 389169792468.94202, "cell_perimeter": 2493347.3742459957 }, "geometry": { "type": "Polygon", "coordinates": [ [ [ 28.125, -0.0 ], [ 28.125, -5.625 ], [ 33.75, -5.625 ], [ 33.75, -0.0 ], [ 28.125, -0.0 ] ] ] } },
{ "type": "Feature", "properties": { "dggal_gnosis": "4-10-26", "resolution": 4, "center_lat": -2.8125, "center_lon": 36.5625, "avg_edge_len": 623336.84356149903, "cell_area": 389169792468.9422, "cell_perimeter": 2493347.3742459961 }, "geometry": { "type": "Polygon", "coordinates": [ [ [ 33.75, -0.0 ], [ 33.75, -5.625 ], [ 39.375, -5.625 ], [ 39.375, -0.0 ], [ 33.75, -0.0 ] ] ] } },
{ "type": "Feature", "properties": { "dggal_gnosis": "4-10-27", "resolution": 4, "center_lat": -2.8125, "center_lon": 42.1875, "avg_edge_len": 623336.84356149903, "cell_area": 389169792468.9422, "cell_perimeter": 2493347.3742459961 }, "geometry": { "type": "Polygon", "coordinates": [ [ [ 39.375, -0.0 ], [ 39.375, -5.625 ], [ 45.0, -5.625 ], [ 45.0, -0.0 ], [ 39.375, -0.0 ] ] ] } },
{ "type": "Feature", "properties": { "dggal_gnosis": "4-10-28", "resolution": 4, "center_lat": -2.8125, "center_lon": 47.8125, "avg_edge_len": 623336.84356149868, "cell_area": 389169792468.94171, "cell_perimeter": 2493347.3742459947 }, "geometry": { "type": "Polygon", "coordinates": [ [ [ 45.0, -0.0 ], [ 45.0, -5.625 ], [ 50.625, -5.625 ], [ 50.625, -0.0 ], [ 45.0, -0.0 ] ] ] } },
{ "type": "Feature", "properties": { "dggal_gnosis": "4-10-29", "resolution": 4, "center_lat": -2.8125, "center_lon": 53.4375, "avg_edge_len": 623336.84356149868, "cell_area": 389169792468.94171, "cell_perimeter": 2493347.3742459947 }, "geometry": { "type": "Polygon", "coordinates": [ [ [ 50.625, -0.0 ], [ 50.625, -5.625 ], [ 56.25, -5.625 ], [ 56.25, -0.0 ], [ 50.625, -0.0 ] ] ] } },
{ "type": "Feature", "properties": { "dggal_gnosis": "4-10-2A", "resolution": 4, "center_lat": -2.8125, "center_lon": 59.0625, "avg_edge_len": 623336.84356149903, "cell_area": 389169792468.9422, "cell_perimeter": 2493347.3742459961 }, "geometry": { "type": "Polygon", "coordinates": [ [ [ 56.25, -0.0 ], [ 56.25, -5.625 ], [ 61.875, -5.625 ], [ 61.875, -0.0 ], [ 56.25, -0.0 ] ] ] } },
{ "type": "Feature", "properties": { "dggal_gnosis": "4-10-2B", "resolution": 4, "center_lat": -2.8125, "center_lon": 64.6875, "avg_edge_len": 623336.84356149903, "cell_area": 389169792468.9422, "cell_perimeter": 2493347.3742459961 }, "geometry": { "type": "Polygon", "coordinates": [ [ [ 61.875, -0.0 ], [ 61.875, -5.625 ], [ 67.5, -5.625 ], [ 67.5, -0.0 ], [ 61.875, -0.0 ] ] ] } },
{ "type": "Feature", "properties": { "dggal_gnosis": "4-10-2C", "resolution": 4, "center_lat": -2.8125, "center_lon": 70.3125, "avg_edge_len": 623336.84356149985, "cell_area": 389169792468.94318, "cell_perimeter": 2493347.3742459994 }, "geometry": { "type": "Polygon", "coordinates": [ [ [ 67.5, -0.0 ], [ 67.5, -5.625 ], [ 73.125, -5.625 ], [ 73.125, -0.0 ], [ 67.5, -0.0 ] ] ] } },
{ "type": "Feature", "properties": { "dggal_gnosis": "4-10-2D", "resolution": 4, "center_lat": -2.8125, "center_lon": 75.9375, "avg_edge_len": 623336.84356149903, "cell_area": 389169792468.9422, "cell_perimeter": 2493347.3742459961 }, "geometry": { "type": "Polygon", "coordinates": [ [ [ 73.125, -0.0 ], [ 73.125, -5.625 ], [ 78.75, -5.625 ], [ 78.75, -0.0 ], [ 73.125, -0.0 ] ] ] } },
{ "type": "Feature", "properties": { "dggal_gnosis": "4-10-2E", "resolution": 4, "center_lat": -2.8125, "center_lon": 81.5625, "avg_edge_len": 623336.84356149903, "cell_area": 389169792468.9422, "cell_perimeter": 2493347.3742459961 }, "geometry": { "type": "Polygon", "coordinates": [ [ [ 78.75, -0.0 ], [ 78.75, -5.625 ], [ 84.375, -5.625 ], [ 84.375, -0.0 ], [ 78.75, -0.0 ] ] ] } },
{ "type": "Feature", "properties": { "dggal_gnosis": "4-10-2F", "resolution": 4, "center_lat": -2.8125, "center_lon": 87.1875, "avg_edge_len": 623336.84356149903, "cell_area": 389169792468.9422, "cell_perimeter": 2493347.3742459961 }, "geometry": { "type": "Polygon", "coordinates": [ [ [ 84.375, -0.0 ], [ 84.375, -5.625 ], [ 90.0, -5.625 ], [ 90.0, -0.0 ], [ 84.375, -0.0 ] ] ] } },
{ "type": "Feature", "properties": { "dggal_gnosis": "4-10-30", "resolution": 4, "center_lat": -2.8125, "center_lon": 92.8125, "avg_edge_len": 623336.84356149903, "cell_area": 389169792468.9422, "cell_perimeter": 2493347.3742459961 }, "geometry": { "type": "Polygon", "coordinates": [ [ [ 90.0, -0.0 ], [ 90.0, -5.625 ], [ 95.625, -5.625 ], [ 95.625, -0.0 ], [ 90.0, -0.0 ] ] ] } },
{ "type": "Feature", "properties": { "dggal_gnosis": "4-10-31", "resolution": 4, "center_lat": -2.8125, "center_lon": 98.4375, "avg_edge_len": 623336.84356149903, "cell_area": 389169792468.9422, "cell_perimeter": 2493347.3742459961 }, "geometry": { "type": "Polygon", "coordinates": [ [ [ 95.625, -0.0 ], [ 95.625, -5.625 ], [ 101.25, -5.625 ], [ 101.25, -0.0 ], [ 95.625, -0.0 ] ] ] } },
{ "type": "Feature", "properties": { "dggal_gnosis": "4-10-32", "resolution": 4, "center_lat": -2.8125, "center_lon": 104.0625, "avg_edge_len": 623336.84356149985, "cell_area": 389169792468.94318, "cell_perimeter": 2493347.3742459994 }, "geometry": { "type": "Polygon", "coordinates": [ [ [ 101.25, -0.0 ], [ 101.25, -5.625 ], [ 106.875, -5.625 ], [ 106.875, -0.0 ], [ 101.25, -0.0 ] ] ] } },
{ "type": "Feature", "properties": { "dggal_gnosis": "4-10-33", "resolution": 4, "center_lat": -2.8125, "center_lon": 109.6875, "avg_edge_len": 623336.84356149903, "cell_area": 389169792468.9422, "cell_perimeter": 2493347.3742459961 }, "geometry": { "type": "Polygon", "coordinates": [ [ [ 106.875, -0.0 ], [ 106.875, -5.625 ], [ 112.5, -5.625 ], [ 112.5, -0.0 ], [ 106.875, -0.0 ] ] ] } },
{ "type": "Feature", "properties": { "dggal_gnosis": "4-10-34", "resolution": 4, "center_lat": -2.8125, "center_lon": 115.3125, "avg_edge_len": 623336.84356149903, "cell_area": 389169792468.9422, "cell_perimeter": 2493347.3742459961 }, "geometry": { "type": "Polygon", "coordinates": [ [ [ 112.5, -0.0 ], [ 112.5, -5.625 ], [ 118.125, -5.625 ], [ 118.125, -0.0 ], [ 112.5, -0.0 ] ] ] } },
{ "type": "Feature", "properties": { "dggal_gnosis": "4-10-35", "resolution": 4, "center_lat": -2.8125, "center_lon": 120.9375, "avg_edge_len": 623336.84356149985, "cell_area": 389169792468.94318, "cell_perimeter": 2493347.3742459994 }, "geometry": { "type": "Polygon", "coordinates": [ [ [ 118.125, -0.0 ], [ 118.125, -5.625 ], [ 123.75, -5.625 ], [ 123.75, -0.0 ], [ 118.125, -0.0 ] ] ] } },
{ "type": "Feature", "properties": { "dggal_gnosis": "4-10-36", "resolution": 4, "center_lat": -2.8125, "center_lon": 126.5625, "avg_edge_len": 623336.84356149903, "cell_area": 389169792468.9422, "cell_perimeter": 2493347.3742459961 }, "geometry": { "type": "Polygon", "coordinates": [ [ [ 123.75, -0.0 ], [ 123.75, -5.625 ], [ 129.375, -5.625 ], [ 129.375, -0.0 ], [ 123.75, -0.0 ] ] ] } },
{ "type": "Feature", "properties": { "dggal_gnosis": "4-10-37", "resolution": 4, "center_lat": -2.8125, "center_lon": 132.1875, "avg_edge_len": 623336.84356149903, "cell_area": 389169792468.9422, "cell_perimeter": 2493347.3742459961 }, "geometry": { "type": "Polygon", "coordinates": [ [ [ 129.375, -0.0 ], [ 129.375, -5.625 ], [ 135.0, -5.625 ], [ 135.0, -0.0 ], [ 129.375, -0.0 ] ] ] } },
{ "type": "Feature", "properties": { "dggal_gnosis": "4-10-38", "resolution": 4, "center_lat": -2.8125, "center_lon": 137.8125, "avg_edge_len": 623336.84356149903, "cell_area": 389169792468.9422, "cell_perimeter": 2493347.3742459961 }, "geometry": { "type": "Polygon", "coordinates": [ [ [ 135.0, -0.0 ], [ 135.0, -5.625 ], [ 140.625, -5.625 ], [ 140.625, -0.0 ], [ 135.0, -0.0 ] ] ] } },
{ "type": "Feature", "properties": { "dggal_gnosis": "4-10-39", "resolution": 4, "center_lat": -2.8125, "center_lon": 143.4375, "avg_edge_len": 623336.84356150054, "cell_area": 389169792468.94421, "cell_perimeter": 2493347.3742460022 }, "geometry": { "type": "Polygon", "coordinates": [ [ [ 140.625, -0.0 ], [ 140.625, -5.625 ], [ 146.25, -5.625 ], [ 146.25, -0.0 ], [ 140.625, -0.0 ] ] ] } },
{ "type": "Feature", "properties": { "dggal_gnosis": "4-10-3A", "resolution": 4, "center_lat": -2.8125, "center_lon": 149.0625, "avg_edge_len": 623336.84356149903, "cell_area": 389169792468.9422, "cell_perimeter": 2493347.3742459961 }, "geometry": { "type": "Polygon", "coordinates": [ [ [ 146.25, -0.0 ], [ 146.25, -5.625 ], [ 151.875, -5.625 ], [ 151.875, -0.0 ], [ 146.25, -0.0 ] ] ] } },
{ "type": "Feature", "properties": { "dggal_gnosis": "4-10-3B", "resolution": 4, "center_lat": -2.8125, "center_lon": 154.6875, "avg_edge_len": 623336.84356149903, "cell_area": 389169792468.9422, "cell_perimeter": 2493347.3742459961 }, "geometry": { "type": "Polygon", "coordinates": [ [ [ 151.875, -0.0 ], [ 151.875, -5.625 ], [ 157.5, -5.625 ], [ 157.5, -0.0 ], [ 151.875, -0.0 ] ] ] } },
{ "type": "Feature", "properties": { "dggal_gnosis": "4-10-3C", "resolution": 4, "center_lat": -2.8125, "center_lon": 160.3125, "avg_edge_len": 623336.84356149903, "cell_area": 389169792468.9422, "cell_perimeter": 2493347.3742459961 }, "geometry": { "type": "Polygon", "coordinates": [ [ [ 157.5, -0.0 ], [ 157.5, -5.625 ], [ 163.125, -5.625 ], [ 163.125, -0.0 ], [ 157.5, -0.0 ] ] ] } },
{ "type": "Feature", "properties": { "dggal_gnosis": "4-10-3D", "resolution": 4, "center_lat": -2.8125, "center_lon": 165.9375, "avg_edge_len": 623336.84356149903, "cell_area": 389169792468.9422, "cell_perimeter": 2493347.3742459961 }, "geometry": { "type": "Polygon", "coordinates": [ [ [ 163.125, -0.0 ], [ 163.125, -5.625 ], [ 168.75, -5.625 ], [ 168.75, -0.0 ], [ 163.125, -0.0 ] ] ] } },
{ "type": "Feature", "properties": { "dggal_gnosis": "4-10-3E", "resolution": 4, "center_lat": -2.8125, "center_lon": 171.5625, "avg_edge_len": 623336.84356149903, "cell_area": 389169792468.9422, "cell_perimeter": 2493347.3742459961 }, "geometry": { "type": "Polygon", "coordinates": [ [ [ 168.75, -0.0 ], [ 168.75, -5.625 ], [ 174.375, -5.625 ], [ 174.375, -0.0 ], [ 168.75, -0.0 ] ] ] } },
{ "type": "Feature", "properties": { "dggal_gnosis": "4-10-3F", "resolution": 4, "center_lat": -2.8125, "center_lon": 177.1875, "avg_edge_len": 623336.84356149903, "cell_area": 389169792468.9422, "cell_perimeter": 2493347.3742459961 }, "geometry": { "type": "Polygon", "coordinates": [ [ [ 174.375, -0.0 ], [ 174.375, -5.625 ], [ 180.0, -5.625 ], [ 180.0, -0.0 ], [ 174.375, -0.0 ] ] ] } },
{ "type": "Feature", "properties": { "dggal_gnosis": "4-11-0", "resolution": 4, "center_lat": -8.4375, "center_lon": -177.1875, "avg_edge_len": 620405.76090648456, "cell_area": 385502445265.72083, "cell_perimeter": 2481623.0436259382 }, "geometry": { "type": "Polygon", "coordinates": [ [ [ -180.0, -5.625 ], [ -180.0, -11.25 ], [ -174.375, -11.25 ], [ -174.375, -5.625 ], [ -180.0, -5.625 ] ] ] } },
{ "type": "Feature", "properties": { "dggal_gnosis": "4-11-1", "resolution": 4, "center_lat": -8.4375, "center_lon": -171.5625, "avg_edge_len": 620405.76090648293, "cell_area": 385502445265.71918, "cell_perimeter": 2481623.0436259317 }, "geometry": { "type": "Polygon", "coordinates": [ [ [ -174.375, -5.625 ], [ -174.375, -11.25 ], [ -168.75, -11.25 ], [ -168.75, -5.625 ], [ -174.375, -5.625 ] ] ] } },
{ "type": "Feature", "properties": { "dggal_gnosis": "4-11-2", "resolution": 4, "center_lat": -8.4375, "center_lon": -165.9375, "avg_edge_len": 620405.76090648293, "cell_area": 385502445265.71918, "cell_perimeter": 2481623.0436259317 }, "geometry": { "type": "Polygon", "coordinates": [ [ [ -168.75, -5.625 ], [ -168.75, -11.25 ], [ -163.125, -11.25 ], [ -163.125, -5.625 ], [ -168.75, -5.625 ] ] ] } },
{ "type": "Feature", "properties": { "dggal_gnosis": "4-11-3", "resolution": 4, "center_lat": -8.4375, "center_lon": -160.3125, "avg_edge_len": 620405.76090648293, "cell_area": 385502445265.71918, "cell_perimeter": 2481623.0436259317 }, "geometry": { "type": "Polygon", "coordinates": [ [ [ -163.125, -5.625 ], [ -163.125, -11.25 ], [ -157.5, -11.25 ], [ -157.5, -5.625 ], [ -163.125, -5.625 ] ] ] } },
{ "type": "Feature", "properties": { "dggal_gnosis": "4-11-4", "resolution": 4, "center_lat": -8.4375, "center_lon": -154.6875, "avg_edge_len": 620405.76090648293, "cell_area": 385502445265.71918, "cell_perimeter": 2481623.0436259317 }, "geometry": { "type": "Polygon", "coordinates": [ [ [ -157.5, -5.625 ], [ -157.5, -11.25 ], [ -151.875, -11.25 ], [ -151.875, -5.625 ], [ -157.5, -5.625 ] ] ] } },
{ "type": "Feature", "properties": { "dggal_gnosis": "4-11-5", "resolution": 4, "center_lat": -8.4375, "center_lon": -149.0625, "avg_edge_len": 620405.76090648293, "cell_area": 385502445265.71918, "cell_perimeter": 2481623.0436259317 }, "geometry": { "type": "Polygon", "coordinates": [ [ [ -151.875, -5.625 ], [ -151.875, -11.25 ], [ -146.25, -11.25 ], [ -146.25, -5.625 ], [ -151.875, -5.625 ] ] ] } },
{ "type": "Feature", "properties": { "dggal_gnosis": "4-11-6", "resolution": 4, "center_lat": -8.4375, "center_lon": -143.4375, "avg_edge_len": 620405.76090648456, "cell_area": 385502445265.72083, "cell_perimeter": 2481623.0436259382 }, "geometry": { "type": "Polygon", "coordinates": [ [ [ -146.25, -5.625 ], [ -146.25, -11.25 ], [ -140.625, -11.25 ], [ -140.625, -5.625 ], [ -146.25, -5.625 ] ] ] } },
{ "type": "Feature", "properties": { "dggal_gnosis": "4-11-7", "resolution": 4, "center_lat": -8.4375, "center_lon": -137.8125, "avg_edge_len": 620405.76090648293, "cell_area": 385502445265.71918, "cell_perimeter": 2481623.0436259317 }, "geometry": { "type": "Polygon", "coordinates": [ [ [ -140.625, -5.625 ], [ -140.625, -11.25 ], [ -135.0, -11.25 ], [ -135.0, -5.625 ], [ -140.625, -5.625 ] ] ] } },
{ "type": "Feature", "properties": { "dggal_gnosis": "4-11-8", "resolution": 4, "center_lat": -8.4375, "center_lon": -132.1875, "avg_edge_len": 620405.76090648293, "cell_area": 385502445265.71918, "cell_perimeter": 2481623.0436259317 }, "geometry": { "type": "Polygon", "coordinates": [ [ [ -135.0, -5.625 ], [ -135.0, -11.25 ], [ -129.375, -11.25 ], [ -129.375, -5.625 ], [ -135.0, -5.625 ] ] ] } },
{ "type": "Feature", "properties": { "dggal_gnosis": "4-11-9", "resolution": 4, "center_lat": -8.4375, "center_lon": -126.5625, "avg_edge_len": 620405.76090648293, "cell_area": 385502445265.71918, "cell_perimeter": 2481623.0436259317 }, "geometry": { "type": "Polygon", "coordinates": [ [ [ -129.375, -5.625 ], [ -129.375, -11.25 ], [ -123.75, -11.25 ], [ -123.75, -5.625 ], [ -129.375, -5.625 ] ] ] } },
{ "type": "Feature", "properties": { "dggal_gnosis": "4-11-A", "resolution": 4, "center_lat": -8.4375, "center_lon": -120.9375, "avg_edge_len": 620405.76090648293, "cell_area": 385502445265.71918, "cell_perimeter": 2481623.0436259317 }, "geometry": { "type": "Polygon", "coordinates": [ [ [ -123.75, -5.625 ], [ -123.75, -11.25 ], [ -118.125, -11.25 ], [ -118.125, -5.625 ], [ -123.75, -5.625 ] ] ] } },
{ "type": "Feature", "properties": { "dggal_gnosis": "4-11-B", "resolution": 4, "center_lat": -8.4375, "center_lon": -115.3125, "avg_edge_len": 620405.76090648293, "cell_area": 385502445265.71918, "cell_perimeter": 2481623.0436259317 }, "geometry": { "type": "Polygon", "coordinates": [ [ [ -118.125, -5.625 ], [ -118.125, -11.25 ], [ -112.5, -11.25 ], [ -112.5, -5.625 ], [ -118.125, -5.625 ] ] ] } },
{ "type": "Feature", "properties": { "dggal_gnosis": "4-11-C", "resolution": 4, "center_lat": -8.4375, "center_lon": -109.6875, "avg_edge_len": 620405.76090648293, "cell_area": 385502445265.71918, "cell_perimeter": 2481623.0436259317 }, "geometry": { "type": "Polygon", "coordinates": [ [ [ -112.5, -5.625 ], [ -112.5, -11.25 ], [ -106.875, -11.25 ], [ -106.875, -5.625 ], [ -112.5, -5.625 ] ] ] } },
{ "type": "Feature", "properties": { "dggal_gnosis": "4-11-D", "resolution": 4, "center_lat": -8.4375, "center_lon": -104.0625, "avg_edge_len": 620405.76090648375, "cell_area": 385502445265.72009, "cell_perimeter": 2481623.043625935 }, "geometry": { "type": "Polygon", "coordinates": [ [ [ -106.875, -5.625 ], [ -106.875, -11.25 ], [ -101.25, -11.25 ], [ -101.25, -5.625 ], [ -106.875, -5.625 ] ] ] } },
{ "type": "Feature", "properties": { "dggal_gnosis": "4-11-E", "resolution": 4, "center_lat": -8.4375, "center_lon": -98.4375, "avg_edge_len": 620405.76090648212, "cell_area": 385502445265.71796, "cell_perimeter": 2481623.0436259285 }, "geometry": { "type": "Polygon", "coordinates": [ [ [ -101.25, -5.625 ], [ -101.25, -11.25 ], [ -95.625, -11.25 ], [ -95.625, -5.625 ], [ -101.25, -5.625 ] ] ] } },
{ "type": "Feature", "properties": { "dggal_gnosis": "4-11-F", "resolution": 4, "center_lat": -8.4375, "center_lon": -92.8125, "avg_edge_len": 620405.76090648293, "cell_area": 385502445265.71918, "cell_perimeter": 2481623.0436259317 }, "geometry": { "type": "Polygon", "coordinates": [ [ [ -95.625, -5.625 ], [ -95.625, -11.25 ], [ -90.0, -11.25 ], [ -90.0, -5.625 ], [ -95.625, -5.625 ] ] ] } },
{ "type": "Feature", "properties": { "dggal_gnosis": "4-11-10", "resolution": 4, "center_lat": -8.4375, "center_lon": -87.1875, "avg_edge_len": 620405.76090648375, "cell_area": 385502445265.72009, "cell_perimeter": 2481623.043625935 }, "geometry": { "type": "Polygon", "coordinates": [ [ [ -90.0, -5.625 ], [ -90.0, -11.25 ], [ -84.375, -11.25 ], [ -84.375, -5.625 ], [ -90.0, -5.625 ] ] ] } },
{ "type": "Feature", "properties": { "dggal_gnosis": "4-11-11", "resolution": 4, "center_lat": -8.4375, "center_lon": -81.5625, "avg_edge_len": 620405.76090648293, "cell_area": 385502445265.71918, "cell_perimeter": 2481623.0436259317 }, "geometry": { "type": "Polygon", "coordinates": [ [ [ -84.375, -5.625 ], [ -84.375, -11.25 ], [ -78.75, -11.25 ], [ -78.75, -5.625 ], [ -84.375, -5.625 ] ] ] } },
{ "type": "Feature", "properties": { "dggal_gnosis": "4-11-12", "resolution": 4, "center_lat": -8.4375, "center_lon": -75.9375, "avg_edge_len": 620405.76090648212, "cell_area": 385502445265.71796, "cell_perimeter": 2481623.0436259285 }, "geometry": { "type": "Polygon", "coordinates": [ [ [ -78.75, -5.625 ], [ -78.75, -11.25 ], [ -73.125, -11.25 ], [ -73.125, -5.625 ], [ -78.75, -5.625 ] ] ] } },
{ "type": "Feature", "properties": { "dggal_gnosis": "4-11-13", "resolution": 4, "center_lat": -8.4375, "center_lon": -70.3125, "avg_edge_len": 620405.76090648375, "cell_area": 385502445265.72009, "cell_perimeter": 2481623.043625935 }, "geometry": { "type": "Polygon", "coordinates": [ [ [ -73.125, -5.625 ], [ -73.125, -11.25 ], [ -67.5, -11.25 ], [ -67.5, -5.625 ], [ -73.125, -5.625 ] ] ] } },
{ "type": "Feature", "properties": { "dggal_gnosis": "4-11-14", "resolution": 4, "center_lat": -8.4375, "center_lon": -64.6875, "avg_edge_len": 620405.76090648293, "cell_area": 385502445265.71918, "cell_perimeter": 2481623.0436259317 }, "geometry": { "type": "Polygon", "coordinates": [ [ [ -67.5, -5.625 ], [ -67.5, -11.25 ], [ -61.875, -11.25 ], [ -61.875, -5.625 ], [ -67.5, -5.625 ] ] ] } },
{ "type": "Feature", "properties": { "dggal_gnosis": "4-11-15", "resolution": 4, "center_lat": -8.4375, "center_lon": -59.0625, "avg_edge_len": 620405.76090648293, "cell_area": 385502445265.71918, "cell_perimeter": 2481623.0436259317 }, "geometry": { "type": "Polygon", "coordinates": [ [ [ -61.875, -5.625 ], [ -61.875, -11.25 ], [ -56.25, -11.25 ], [ -56.25, -5.625 ], [ -61.875, -5.625 ] ] ] } },
{ "type": "Feature", "properties": { "dggal_gnosis": "4-11-16", "resolution": 4, "center_lat": -8.4375, "center_lon": -53.4375, "avg_edge_len": 620405.76090648293, "cell_area": 385502445265.71918, "cell_perimeter": 2481623.0436259317 }, "geometry": { "type": "Polygon", "coordinates": [ [ [ -56.25, -5.625 ], [ -56.25, -11.25 ], [ -50.625, -11.25 ], [ -50.625, -5.625 ], [ -56.25, -5.625 ] ] ] } },
{ "type": "Feature", "properties": { "dggal_gnosis": "4-11-17", "resolution": 4, "center_lat": -8.4375, "center_lon": -47.8125, "avg_edge_len": 620405.76090648258, "cell_area": 385502445265.71844, "cell_perimeter": 2481623.0436259303 }, "geometry": { "type": "Polygon", "coordinates": [ [ [ -50.625, -5.625 ], [ -50.625, -11.25 ], [ -45.0, -11.25 ], [ -45.0, -5.625 ], [ -50.625, -5.625 ] ] ] } },
{ "type": "Feature", "properties": { "dggal_gnosis": "4-11-18", "resolution": 4, "center_lat": -8.4375, "center_lon": -42.1875, "avg_edge_len": 620405.76090648293, "cell_area": 385502445265.71918, "cell_perimeter": 2481623.0436259317 }, "geometry": { "type": "Polygon", "coordinates": [ [ [ -45.0, -5.625 ], [ -45.0, -11.25 ], [ -39.375, -11.25 ], [ -39.375, -5.625 ], [ -45.0, -5.625 ] ] ] } },
{ "type": "Feature", "properties": { "dggal_gnosis": "4-11-19", "resolution": 4, "center_lat": -8.4375, "center_lon": -36.5625, "avg_edge_len": 620405.76090648293, "cell_area": 385502445265.71918, "cell_perimeter": 2481623.0436259317 }, "geometry": { "type": "Polygon", "coordinates": [ [ [ -39.375, -5.625 ], [ -39.375, -11.25 ], [ -33.75, -11.25 ], [ -33.75, -5.625 ], [ -39.375, -5.625 ] ] ] } },
{ "type": "Feature", "properties": { "dggal_gnosis": "4-11-1A", "resolution": 4, "center_lat": -8.4375, "center_lon": -30.9375, "avg_edge_len": 620405.76090648281, "cell_area": 385502445265.71887, "cell_perimeter": 2481623.0436259313 }, "geometry": { "type": "Polygon", "coordinates": [ [ [ -33.75, -5.625 ], [ -33.75, -11.25 ], [ -28.125, -11.25 ], [ -28.125, -5.625 ], [ -33.75, -5.625 ] ] ] } },
{ "type": "Feature", "properties": { "dggal_gnosis": "4-11-1B", "resolution": 4, "center_lat": -8.4375, "center_lon": -25.3125, "avg_edge_len": 620405.76090648293, "cell_area": 385502445265.71918, "cell_perimeter": 2481623.0436259317 }, "geometry": { "type": "Polygon", "coordinates": [ [ [ -28.125, -5.625 ], [ -28.125, -11.25 ], [ -22.5, -11.25 ], [ -22.5, -5.625 ], [ -28.125, -5.625 ] ] ] } },
{ "type": "Feature", "properties": { "dggal_gnosis": "4-11-1C", "resolution": 4, "center_lat": -8.4375, "center_lon": -19.6875, "avg_edge_len": 620405.76090648293, "cell_area": 385502445265.71918, "cell_perimeter": 2481623.0436259317 }, "geometry": { "type": "Polygon", "coordinates": [ [ [ -22.5, -5.625 ], [ -22.5, -11.25 ], [ -16.875, -11.25 ], [ -16.875, -5.625 ], [ -22.5, -5.625 ] ] ] } },
{ "type": "Feature", "properties": { "dggal_gnosis": "4-11-1D", "resolution": 4, "center_lat": -8.4375, "center_lon": -14.0625, "avg_edge_len": 620405.76090648281, "cell_area": 385502445265.71887, "cell_perimeter": 2481623.0436259313 }, "geometry": { "type": "Polygon", "coordinates": [ [ [ -16.875, -5.625 ], [ -16.875, -11.25 ], [ -11.25, -11.25 ], [ -11.25, -5.625 ], [ -16.875, -5.625 ] ] ] } },
{ "type": "Feature", "properties": { "dggal_gnosis": "4-11-1E", "resolution": 4, "center_lat": -8.4375, "center_lon": -8.4375, "avg_edge_len": 620405.76090648293, "cell_area": 385502445265.71906, "cell_perimeter": 2481623.0436259317 }, "geometry": { "type": "Polygon", "coordinates": [ [ [ -11.25, -5.625 ], [ -11.25, -11.25 ], [ -5.625, -11.25 ], [ -5.625, -5.625 ], [ -11.25, -5.625 ] ] ] } },
{ "type": "Feature", "properties": { "dggal_gnosis": "4-11-1F", "resolution": 4, "center_lat": -8.4375, "center_lon": -2.8125, "avg_edge_len": 620405.76090648293, "cell_area": 385502445265.71906, "cell_perimeter": 2481623.0436259317 }, "geometry": { "type": "Polygon", "coordinates": [ [ [ -5.625, -5.625 ], [ -5.625, -11.25 ], [ -0.0, -11.25 ], [ -0.0, -5.625 ], [ -5.625, -5.625 ] ] ] } },
{ "type": "Feature", "properties": { "dggal_gnosis": "4-11-20", "resolution": 4, "center_lat": -8.4375, "center_lon": 2.8125, "avg_edge_len": 620405.76090648293, "cell_area": 385502445265.71906, "cell_perimeter": 2481623.0436259317 }, "geometry": { "type": "Polygon", "coordinates": [ [ [ 0.0, -5.625 ], [ 0.0, -11.25 ], [ 5.625, -11.25 ], [ 5.625, -5.625 ], [ 0.0, -5.625 ] ] ] } },
{ "type": "Feature", "properties": { "dggal_gnosis": "4-11-21", "resolution": 4, "center_lat": -8.4375, "center_lon": 8.4375, "avg_edge_len": 620405.76090648281, "cell_area": 385502445265.71893, "cell_perimeter": 2481623.0436259313 }, "geometry": { "type": "Polygon", "coordinates": [ [ [ 5.625, -5.625 ], [ 5.625, -11.25 ], [ 11.25, -11.25 ], [ 11.25, -5.625 ], [ 5.625, -5.625 ] ] ] } },
{ "type": "Feature", "properties": { "dggal_gnosis": "4-11-22", "resolution": 4, "center_lat": -8.4375, "center_lon": 14.0625, "avg_edge_len": 620405.76090648293, "cell_area": 385502445265.71906, "cell_perimeter": 2481623.0436259317 }, "geometry": { "type": "Polygon", "coordinates": [ [ [ 11.25, -5.625 ], [ 11.25, -11.25 ], [ 16.875, -11.25 ], [ 16.875, -5.625 ], [ 11.25, -5.625 ] ] ] } },
{ "type": "Feature", "properties": { "dggal_gnosis": "4-11-23", "resolution": 4, "center_lat": -8.4375, "center_lon": 19.6875, "avg_edge_len": 620405.76090648293, "cell_area": 385502445265.71918, "cell_perimeter": 2481623.0436259317 }, "geometry": { "type": "Polygon", "coordinates": [ [ [ 16.875, -5.625 ], [ 16.875, -11.25 ], [ 22.5, -11.25 ], [ 22.5, -5.625 ], [ 16.875, -5.625 ] ] ] } },
{ "type": "Feature", "properties": { "dggal_gnosis": "4-11-24", "resolution": 4, "center_lat": -8.4375, "center_lon": 25.3125, "avg_edge_len": 620405.76090648281, "cell_area": 385502445265.71887, "cell_perimeter": 2481623.0436259313 }, "geometry": { "type": "Polygon", "coordinates": [ [ [ 22.5, -5.625 ], [ 22.5, -11.25 ], [ 28.125, -11.25 ], [ 28.125, -5.625 ], [ 22.5, -5.625 ] ] ] } },
{ "type": "Feature", "properties": { "dggal_gnosis": "4-11-25", "resolution": 4, "center_lat": -8.4375, "center_lon": 30.9375, "avg_edge_len": 620405.76090648281, "cell_area": 385502445265.71887, "cell_perimeter": 2481623.0436259313 }, "geometry": { "type": "Polygon", "coordinates": [ [ [ 28.125, -5.625 ], [ 28.125, -11.25 ], [ 33.75, -11.25 ], [ 33.75, -5.625 ], [ 28.125, -5.625 ] ] ] } },
{ "type": "Feature", "properties": { "dggal_gnosis": "4-11-26", "resolution": 4, "center_lat": -8.4375, "center_lon": 36.5625, "avg_edge_len": 620405.76090648293, "cell_area": 385502445265.71918, "cell_perimeter": 2481623.0436259317 }, "geometry": { "type": "Polygon", "coordinates": [ [ [ 33.75, -5.625 ], [ 33.75, -11.25 ], [ 39.375, -11.25 ], [ 39.375, -5.625 ], [ 33.75, -5.625 ] ] ] } },
{ "type": "Feature", "properties": { "dggal_gnosis": "4-11-27", "resolution": 4, "center_lat": -8.4375, "center_lon": 42.1875, "avg_edge_len": 620405.76090648293, "cell_area": 385502445265.71918, "cell_perimeter": 2481623.0436259317 }, "geometry": { "type": "Polygon", "coordinates": [ [ [ 39.375, -5.625 ], [ 39.375, -11.25 ], [ 45.0, -11.25 ], [ 45.0, -5.625 ], [ 39.375, -5.625 ] ] ] } },
{ "type": "Feature", "properties": { "dggal_gnosis": "4-11-28", "resolution": 4, "center_lat": -8.4375, "center_lon": 47.8125, "avg_edge_len": 620405.76090648258, "cell_area": 385502445265.71844, "cell_perimeter": 2481623.0436259303 }, "geometry": { "type": "Polygon", "coordinates": [ [ [ 45.0, -5.625 ], [ 45.0, -11.25 ], [ 50.625, -11.25 ], [ 50.625, -5.625 ], [ 45.0, -5.625 ] ] ] } },
{ "type": "Feature", "properties": { "dggal_gnosis": "4-11-29", "resolution": 4, "center_lat": -8.4375, "center_lon": 53.4375, "avg_edge_len": 620405.76090648258, "cell_area": 385502445265.71844, "cell_perimeter": 2481623.0436259303 }, "geometry": { "type": "Polygon", "coordinates": [ [ [ 50.625, -5.625 ], [ 50.625, -11.25 ], [ 56.25, -11.25 ], [ 56.25, -5.625 ], [ 50.625, -5.625 ] ] ] } },
{ "type": "Feature", "properties": { "dggal_gnosis": "4-11-2A", "resolution": 4, "center_lat": -8.4375, "center_lon": 59.0625, "avg_edge_len": 620405.76090648293, "cell_area": 385502445265.71918, "cell_perimeter": 2481623.0436259317 }, "geometry": { "type": "Polygon", "coordinates": [ [ [ 56.25, -5.625 ], [ 56.25, -11.25 ], [ 61.875, -11.25 ], [ 61.875, -5.625 ], [ 56.25, -5.625 ] ] ] } },
{ "type": "Feature", "properties": { "dggal_gnosis": "4-11-2B", "resolution": 4, "center_lat": -8.4375, "center_lon": 64.6875, "avg_edge_len": 620405.76090648293, "cell_area": 385502445265.71918, "cell_perimeter": 2481623.0436259317 }, "geometry": { "type": "Polygon", "coordinates": [ [ [ 61.875, -5.625 ], [ 61.875, -11.25 ], [ 67.5, -11.25 ], [ 67.5, -5.625 ], [ 61.875, -5.625 ] ] ] } },
{ "type": "Feature", "properties": { "dggal_gnosis": "4-11-2C", "resolution": 4, "center_lat": -8.4375, "center_lon": 70.3125, "avg_edge_len": 620405.76090648375, "cell_area": 385502445265.72009, "cell_perimeter": 2481623.043625935 }, "geometry": { "type": "Polygon", "coordinates": [ [ [ 67.5, -5.625 ], [ 67.5, -11.25 ], [ 73.125, -11.25 ], [ 73.125, -5.625 ], [ 67.5, -5.625 ] ] ] } },
{ "type": "Feature", "properties": { "dggal_gnosis": "4-11-2D", "resolution": 4, "center_lat": -8.4375, "center_lon": 75.9375, "avg_edge_len": 620405.76090648293, "cell_area": 385502445265.71918, "cell_perimeter": 2481623.0436259317 }, "geometry": { "type": "Polygon", "coordinates": [ [ [ 73.125, -5.625 ], [ 73.125, -11.25 ], [ 78.75, -11.25 ], [ 78.75, -5.625 ], [ 73.125, -5.625 ] ] ] } },
{ "type": "Feature", "properties": { "dggal_gnosis": "4-11-2E", "resolution": 4, "center_lat": -8.4375, "center_lon": 81.5625, "avg_edge_len": 620405.76090648293, "cell_area": 385502445265.71918, "cell_perimeter": 2481623.0436259317 }, "geometry": { "type": "Polygon", "coordinates": [ [ [ 78.75, -5.625 ], [ 78.75, -11.25 ], [ 84.375, -11.25 ], [ 84.375, -5.625 ], [ 78.75, -5.625 ] ] ] } },
{ "type": "Feature", "properties": { "dggal_gnosis": "4-11-2F", "resolution": 4, "center_lat": -8.4375, "center_lon": 87.1875, "avg_edge_len": 620405.76090648293, "cell_area": 385502445265.71918, "cell_perimeter": 2481623.0436259317 }, "geometry": { "type": "Polygon", "coordinates": [ [ [ 84.375, -5.625 ], [ 84.375, -11.25 ], [ 90.0, -11.25 ], [ 90.0, -5.625 ], [ 84.375, -5.625 ] ] ] } },
{ "type": "Feature", "properties": { "dggal_gnosis": "4-11-30", "resolution": 4, "center_lat": -8.4375, "center_lon": 92.8125, "avg_edge_len": 620405.76090648293, "cell_area": 385502445265.71918, "cell_perimeter": 2481623.0436259317 }, "geometry": { "type": "Polygon", "coordinates": [ [ [ 90.0, -5.625 ], [ 90.0, -11.25 ], [ 95.625, -11.25 ], [ 95.625, -5.625 ], [ 90.0, -5.625 ] ] ] } },
{ "type": "Feature", "properties": { "dggal_gnosis": "4-11-31", "resolution": 4, "center_lat": -8.4375, "center_lon": 98.4375, "avg_edge_len": 620405.76090648293, "cell_area": 385502445265.71918, "cell_perimeter": 2481623.0436259317 }, "geometry": { "type": "Polygon", "coordinates": [ [ [ 95.625, -5.625 ], [ 95.625, -11.25 ], [ 101.25, -11.25 ], [ 101.25, -5.625 ], [ 95.625, -5.625 ] ] ] } },
{ "type": "Feature", "properties": { "dggal_gnosis": "4-11-32", "resolution": 4, "center_lat": -8.4375, "center_lon": 104.0625, "avg_edge_len": 620405.76090648375, "cell_area": 385502445265.72009, "cell_perimeter": 2481623.043625935 }, "geometry": { "type": "Polygon", "coordinates": [ [ [ 101.25, -5.625 ], [ 101.25, -11.25 ], [ 106.875, -11.25 ], [ 106.875, -5.625 ], [ 101.25, -5.625 ] ] ] } },
{ "type": "Feature", "properties": { "dggal_gnosis": "4-11-33", "resolution": 4, "center_lat": -8.4375, "center_lon": 109.6875, "avg_edge_len": 620405.76090648293, "cell_area": 385502445265.71918, "cell_perimeter": 2481623.0436259317 }, "geometry": { "type": "Polygon", "coordinates": [ [ [ 106.875, -5.625 ], [ 106.875, -11.25 ], [ 112.5, -11.25 ], [ 112.5, -5.625 ], [ 106.875, -5.625 ] ] ] } },
{ "type": "Feature", "properties": { "dggal_gnosis": "4-11-34", "resolution": 4, "center_lat": -8.4375, "center_lon": 115.3125, "avg_edge_len": 620405.76090648293, "cell_area": 385502445265.71918, "cell_perimeter": 2481623.0436259317 }, "geometry": { "type": "Polygon", "coordinates": [ [ [ 112.5, -5.625 ], [ 112.5, -11.25 ], [ 118.125, -11.25 ], [ 118.125, -5.625 ], [ 112.5, -5.625 ] ] ] } },
{ "type": "Feature", "properties": { "dggal_gnosis": "4-11-35", "resolution": 4, "center_lat": -8.4375, "center_lon": 120.9375, "avg_edge_len": 620405.76090648375, "cell_area": 385502445265.72009, "cell_perimeter": 2481623.043625935 }, "geometry": { "type": "Polygon", "coordinates": [ [ [ 118.125, -5.625 ], [ 118.125, -11.25 ], [ 123.75, -11.25 ], [ 123.75, -5.625 ], [ 118.125, -5.625 ] ] ] } },
{ "type": "Feature", "properties": { "dggal_gnosis": "4-11-36", "resolution": 4, "center_lat": -8.4375, "center_lon": 126.5625, "avg_edge_len": 620405.76090648293, "cell_area": 385502445265.71918, "cell_perimeter": 2481623.0436259317 }, "geometry": { "type": "Polygon", "coordinates": [ [ [ 123.75, -5.625 ], [ 123.75, -11.25 ], [ 129.375, -11.25 ], [ 129.375, -5.625 ], [ 123.75, -5.625 ] ] ] } },
{ "type": "Feature", "properties": { "dggal_gnosis": "4-11-37", "resolution": 4, "center_lat": -8.4375, "center_lon": 132.1875, "avg_edge_len": 620405.76090648293, "cell_area": 385502445265.71918, "cell_perimeter": 2481623.0436259317 }, "geometry": { "type": "Polygon", "coordinates": [ [ [ 129.375, -5.625 ], [ 129.375, -11.25 ], [ 135.0, -11.25 ], [ 135.0, -5.625 ], [ 129.375, -5.625 ] ] ] } },
{ "type": "Feature", "properties": { "dggal_gnosis": "4-11-38", "resolution": 4, "center_lat": -8.4375, "center_lon": 137.8125, "avg_edge_len": 620405.76090648293, "cell_area": 385502445265.71918, "cell_perimeter": 2481623.0436259317 }, "geometry": { "type": "Polygon", "coordinates": [ [ [ 135.0, -5.625 ], [ 135.0, -11.25 ], [ 140.625, -11.25 ], [ 140.625, -5.625 ], [ 135.0, -5.625 ] ] ] } },
{ "type": "Feature", "properties": { "dggal_gnosis": "4-11-39", "resolution": 4, "center_lat": -8.4375, "center_lon": 143.4375, "avg_edge_len": 620405.76090648456, "cell_area": 385502445265.72083, "cell_perimeter": 2481623.0436259382 }, "geometry": { "type": "Polygon", "coordinates": [ [ [ 140.625, -5.625 ], [ 140.625, -11.25 ], [ 146.25, -11.25 ], [ 146.25, -5.625 ], [ 140.625, -5.625 ] ] ] } },
{ "type": "Feature", "properties": { "dggal_gnosis": "4-11-3A", "resolution": 4, "center_lat": -8.4375, "center_lon": 149.0625, "avg_edge_len": 620405.76090648293, "cell_area": 385502445265.71918, "cell_perimeter": 2481623.0436259317 }, "geometry": { "type": "Polygon", "coordinates": [ [ [ 146.25, -5.625 ], [ 146.25, -11.25 ], [ 151.875, -11.25 ], [ 151.875, -5.625 ], [ 146.25, -5.625 ] ] ] } },
{ "type": "Feature", "properties": { "dggal_gnosis": "4-11-3B", "resolution": 4, "center_lat": -8.4375, "center_lon": 154.6875, "avg_edge_len": 620405.76090648293, "cell_area": 385502445265.71918, "cell_perimeter": 2481623.0436259317 }, "geometry": { "type": "Polygon", "coordinates": [ [ [ 151.875, -5.625 ], [ 151.875, -11.25 ], [ 157.5, -11.25 ], [ 157.5, -5.625 ], [ 151.875, -5.625 ] ] ] } },
{ "type": "Feature", "properties": { "dggal_gnosis": "4-11-3C", "resolution": 4, "center_lat": -8.4375, "center_lon": 160.3125, "avg_edge_len": 620405.76090648293, "cell_area": 385502445265.71918, "cell_perimeter": 2481623.0436259317 }, "geometry": { "type": "Polygon", "coordinates": [ [ [ 157.5, -5.625 ], [ 157.5, -11.25 ], [ 163.125, -11.25 ], [ 163.125, -5.625 ], [ 157.5, -5.625 ] ] ] } },
{ "type": "Feature", "properties": { "dggal_gnosis": "4-11-3D", "resolution": 4, "center_lat": -8.4375, "center_lon": 165.9375, "avg_edge_len": 620405.76090648293, "cell_area": 385502445265.71918, "cell_perimeter": 2481623.0436259317 }, "geometry": { "type": "Polygon", "coordinates": [ [ [ 163.125, -5.625 ], [ 163.125, -11.25 ], [ 168.75, -11.25 ], [ 168.75, -5.625 ], [ 163.125, -5.625 ] ] ] } },
{ "type": "Feature", "properties": { "dggal_gnosis": "4-11-3E", "resolution": 4, "center_lat": -8.4375, "center_lon": 171.5625, "avg_edge_len": 620405.76090648293, "cell_area": 385502445265.71918, "cell_perimeter": 2481623.0436259317 }, "geometry": { "type": "Polygon", "coordinates": [ [ [ 168.75, -5.625 ], [ 168.75, -11.25 ], [ 174.375, -11.25 ], [ 174.375, -5.625 ], [ 168.75, -5.625 ] ] ] } },
{ "type": "Feature", "properties": { "dggal_gnosis": "4-11-3F", "resolution": 4, "center_lat": -8.4375, "center_lon": 177.1875, "avg_edge_len": 620405.76090648293, "cell_area": 385502445265.71918, "cell_perimeter": 2481623.0436259317 }, "geometry": { "type": "Polygon", "coordinates": [ [ [ 174.375, -5.625 ], [ 174.375, -11.25 ], [ 180.0, -11.25 ], [ 180.0, -5.625 ], [ 174.375, -5.625 ] ] ] } },
{ "type": "Feature", "properties": { "dggal_gnosis": "4-12-0", "resolution": 4, "center_lat": -14.0625, "center_lon": -177.1875, "avg_edge_len": 614568.68516901822, "cell_area": 378196220928.24756, "cell_perimeter": 2458274.7406760729 }, "geometry": { "type": "Polygon", "coordinates": [ [ [ -180.0, -11.25 ], [ -180.0, -16.875 ], [ -174.375, -16.875 ], [ -174.375, -11.25 ], [ -180.0, -11.25 ] ] ] } },
{ "type": "Feature", "properties": { "dggal_gnosis": "4-12-1", "resolution": 4, "center_lat": -14.0625, "center_lon": -171.5625, "avg_edge_len": 614568.68516901671, "cell_area": 378196220928.24561, "cell_perimeter": 2458274.7406760668 }, "geometry": { "type": "Polygon", "coordinates": [ [ [ -174.375, -11.25 ], [ -174.375, -16.875 ], [ -168.75, -16.875 ], [ -168.75, -11.25 ], [ -174.375, -11.25 ] ] ] } },
{ "type": "Feature", "properties": { "dggal_gnosis": "4-12-2", "resolution": 4, "center_lat": -14.0625, "center_lon": -165.9375, "avg_edge_len": 614568.68516901671, "cell_area": 378196220928.24561, "cell_perimeter": 2458274.7406760668 }, "geometry": { "type": "Polygon", "coordinates": [ [ [ -168.75, -11.25 ], [ -168.75, -16.875 ], [ -163.125, -16.875 ], [ -163.125, -11.25 ], [ -168.75, -11.25 ] ] ] } },
{ "type": "Feature", "properties": { "dggal_gnosis": "4-12-3", "resolution": 4, "center_lat": -14.0625, "center_lon": -160.3125, "avg_edge_len": 614568.68516901671, "cell_area": 378196220928.24561, "cell_perimeter": 2458274.7406760668 }, "geometry": { "type": "Polygon", "coordinates": [ [ [ -163.125, -11.25 ], [ -163.125, -16.875 ], [ -157.5, -16.875 ], [ -157.5, -11.25 ], [ -163.125, -11.25 ] ] ] } },
{ "type": "Feature", "properties": { "dggal_gnosis": "4-12-4", "resolution": 4, "center_lat": -14.0625, "center_lon": -154.6875, "avg_edge_len": 614568.68516901671, "cell_area": 378196220928.24561, "cell_perimeter": 2458274.7406760668 }, "geometry": { "type": "Polygon", "coordinates": [ [ [ -157.5, -11.25 ], [ -157.5, -16.875 ], [ -151.875, -16.875 ], [ -151.875, -11.25 ], [ -157.5, -11.25 ] ] ] } },
{ "type": "Feature", "properties": { "dggal_gnosis": "4-12-5", "resolution": 4, "center_lat": -14.0625, "center_lon": -149.0625, "avg_edge_len": 614568.68516901671, "cell_area": 378196220928.24561, "cell_perimeter": 2458274.7406760668 }, "geometry": { "type": "Polygon", "coordinates": [ [ [ -151.875, -11.25 ], [ -151.875, -16.875 ], [ -146.25, -16.875 ], [ -146.25, -11.25 ], [ -151.875, -11.25 ] ] ] } },
{ "type": "Feature", "properties": { "dggal_gnosis": "4-12-6", "resolution": 4, "center_lat": -14.0625, "center_lon": -143.4375, "avg_edge_len": 614568.68516901822, "cell_area": 378196220928.24756, "cell_perimeter": 2458274.7406760729 }, "geometry": { "type": "Polygon", "coordinates": [ [ [ -146.25, -11.25 ], [ -146.25, -16.875 ], [ -140.625, -16.875 ], [ -140.625, -11.25 ], [ -146.25, -11.25 ] ] ] } },
{ "type": "Feature", "properties": { "dggal_gnosis": "4-12-7", "resolution": 4, "center_lat": -14.0625, "center_lon": -137.8125, "avg_edge_len": 614568.68516901671, "cell_area": 378196220928.24561, "cell_perimeter": 2458274.7406760668 }, "geometry": { "type": "Polygon", "coordinates": [ [ [ -140.625, -11.25 ], [ -140.625, -16.875 ], [ -135.0, -16.875 ], [ -135.0, -11.25 ], [ -140.625, -11.25 ] ] ] } },
{ "type": "Feature", "properties": { "dggal_gnosis": "4-12-8", "resolution": 4, "center_lat": -14.0625, "center_lon": -132.1875, "avg_edge_len": 614568.68516901671, "cell_area": 378196220928.24561, "cell_perimeter": 2458274.7406760668 }, "geometry": { "type": "Polygon", "coordinates": [ [ [ -135.0, -11.25 ], [ -135.0, -16.875 ], [ -129.375, -16.875 ], [ -129.375, -11.25 ], [ -135.0, -11.25 ] ] ] } },
{ "type": "Feature", "properties": { "dggal_gnosis": "4-12-9", "resolution": 4, "center_lat": -14.0625, "center_lon": -126.5625, "avg_edge_len": 614568.68516901671, "cell_area": 378196220928.24561, "cell_perimeter": 2458274.7406760668 }, "geometry": { "type": "Polygon", "coordinates": [ [ [ -129.375, -11.25 ], [ -129.375, -16.875 ], [ -123.75, -16.875 ], [ -123.75, -11.25 ], [ -129.375, -11.25 ] ] ] } },
{ "type": "Feature", "properties": { "dggal_gnosis": "4-12-A", "resolution": 4, "center_lat": -14.0625, "center_lon": -120.9375, "avg_edge_len": 614568.68516901671, "cell_area": 378196220928.24561, "cell_perimeter": 2458274.7406760668 }, "geometry": { "type": "Polygon", "coordinates": [ [ [ -123.75, -11.25 ], [ -123.75, -16.875 ], [ -118.125, -16.875 ], [ -118.125, -11.25 ], [ -123.75, -11.25 ] ] ] } },
{ "type": "Feature", "properties": { "dggal_gnosis": "4-12-B", "resolution": 4, "center_lat": -14.0625, "center_lon": -115.3125, "avg_edge_len": 614568.68516901671, "cell_area": 378196220928.24561, "cell_perimeter": 2458274.7406760668 }, "geometry": { "type": "Polygon", "coordinates": [ [ [ -118.125, -11.25 ], [ -118.125, -16.875 ], [ -112.5, -16.875 ], [ -112.5, -11.25 ], [ -118.125, -11.25 ] ] ] } },
{ "type": "Feature", "properties": { "dggal_gnosis": "4-12-C", "resolution": 4, "center_lat": -14.0625, "center_lon": -109.6875, "avg_edge_len": 614568.68516901671, "cell_area": 378196220928.24561, "cell_perimeter": 2458274.7406760668 }, "geometry": { "type": "Polygon", "coordinates": [ [ [ -112.5, -11.25 ], [ -112.5, -16.875 ], [ -106.875, -16.875 ], [ -106.875, -11.25 ], [ -112.5, -11.25 ] ] ] } },
{ "type": "Feature", "properties": { "dggal_gnosis": "4-12-D", "resolution": 4, "center_lat": -14.0625, "center_lon": -104.0625, "avg_edge_len": 614568.68516901752, "cell_area": 378196220928.24658, "cell_perimeter": 2458274.7406760701 }, "geometry": { "type": "Polygon", "coordinates": [ [ [ -106.875, -11.25 ], [ -106.875, -16.875 ], [ -101.25, -16.875 ], [ -101.25, -11.25 ], [ -106.875, -11.25 ] ] ] } },
{ "type": "Feature", "properties": { "dggal_gnosis": "4-12-E", "resolution": 4, "center_lat": -14.0625, "center_lon": -98.4375, "avg_edge_len": 614568.68516901589, "cell_area": 378196220928.24475, "cell_perimeter": 2458274.7406760636 }, "geometry": { "type": "Polygon", "coordinates": [ [ [ -101.25, -11.25 ], [ -101.25, -16.875 ], [ -95.625, -16.875 ], [ -95.625, -11.25 ], [ -101.25, -11.25 ] ] ] } },
{ "type": "Feature", "properties": { "dggal_gnosis": "4-12-F", "resolution": 4, "center_lat": -14.0625, "center_lon": -92.8125, "avg_edge_len": 614568.68516901671, "cell_area": 378196220928.24561, "cell_perimeter": 2458274.7406760668 }, "geometry": { "type": "Polygon", "coordinates": [ [ [ -95.625, -11.25 ], [ -95.625, -16.875 ], [ -90.0, -16.875 ], [ -90.0, -11.25 ], [ -95.625, -11.25 ] ] ] } },
{ "type": "Feature", "properties": { "dggal_gnosis": "4-12-10", "resolution": 4, "center_lat": -14.0625, "center_lon": -87.1875, "avg_edge_len": 614568.68516901752, "cell_area": 378196220928.24658, "cell_perimeter": 2458274.7406760701 }, "geometry": { "type": "Polygon", "coordinates": [ [ [ -90.0, -11.25 ], [ -90.0, -16.875 ], [ -84.375, -16.875 ], [ -84.375, -11.25 ], [ -90.0, -11.25 ] ] ] } },
{ "type": "Feature", "properties": { "dggal_gnosis": "4-12-11", "resolution": 4, "center_lat": -14.0625, "center_lon": -81.5625, "avg_edge_len": 614568.68516901671, "cell_area": 378196220928.24561, "cell_perimeter": 2458274.7406760668 }, "geometry": { "type": "Polygon", "coordinates": [ [ [ -84.375, -11.25 ], [ -84.375, -16.875 ], [ -78.75, -16.875 ], [ -78.75, -11.25 ], [ -84.375, -11.25 ] ] ] } },
{ "type": "Feature", "properties": { "dggal_gnosis": "4-12-12", "resolution": 4, "center_lat": -14.0625, "center_lon": -75.9375, "avg_edge_len": 614568.68516901589, "cell_area": 378196220928.24475, "cell_perimeter": 2458274.7406760636 }, "geometry": { "type": "Polygon", "coordinates": [ [ [ -78.75, -11.25 ], [ -78.75, -16.875 ], [ -73.125, -16.875 ], [ -73.125, -11.25 ], [ -78.75, -11.25 ] ] ] } },
{ "type": "Feature", "properties": { "dggal_gnosis": "4-12-13", "resolution": 4, "center_lat": -14.0625, "center_lon": -70.3125, "avg_edge_len": 614568.68516901752, "cell_area": 378196220928.24658, "cell_perimeter": 2458274.7406760701 }, "geometry": { "type": "Polygon", "coordinates": [ [ [ -73.125, -11.25 ], [ -73.125, -16.875 ], [ -67.5, -16.875 ], [ -67.5, -11.25 ], [ -73.125, -11.25 ] ] ] } },
{ "type": "Feature", "properties": { "dggal_gnosis": "4-12-14", "resolution": 4, "center_lat": -14.0625, "center_lon": -64.6875, "avg_edge_len": 614568.68516901671, "cell_area": 378196220928.24561, "cell_perimeter": 2458274.7406760668 }, "geometry": { "type": "Polygon", "coordinates": [ [ [ -67.5, -11.25 ], [ -67.5, -16.875 ], [ -61.875, -16.875 ], [ -61.875, -11.25 ], [ -67.5, -11.25 ] ] ] } },
{ "type": "Feature", "properties": { "dggal_gnosis": "4-12-15", "resolution": 4, "center_lat": -14.0625, "center_lon": -59.0625, "avg_edge_len": 614568.68516901671, "cell_area": 378196220928.24561, "cell_perimeter": 2458274.7406760668 }, "geometry": { "type": "Polygon", "coordinates": [ [ [ -61.875, -11.25 ], [ -61.875, -16.875 ], [ -56.25, -16.875 ], [ -56.25, -11.25 ], [ -61.875, -11.25 ] ] ] } },
{ "type": "Feature", "properties": { "dggal_gnosis": "4-12-16", "resolution": 4, "center_lat": -14.0625, "center_lon": -53.4375, "avg_edge_len": 614568.68516901671, "cell_area": 378196220928.24561, "cell_perimeter": 2458274.7406760668 }, "geometry": { "type": "Polygon", "coordinates": [ [ [ -56.25, -11.25 ], [ -56.25, -16.875 ], [ -50.625, -16.875 ], [ -50.625, -11.25 ], [ -56.25, -11.25 ] ] ] } },
{ "type": "Feature", "properties": { "dggal_gnosis": "4-12-17", "resolution": 4, "center_lat": -14.0625, "center_lon": -47.8125, "avg_edge_len": 614568.68516901624, "cell_area": 378196220928.24536, "cell_perimeter": 2458274.740676065 }, "geometry": { "type": "Polygon", "coordinates": [ [ [ -50.625, -11.25 ], [ -50.625, -16.875 ], [ -45.0, -16.875 ], [ -45.0, -11.25 ], [ -50.625, -11.25 ] ] ] } },
{ "type": "Feature", "properties": { "dggal_gnosis": "4-12-18", "resolution": 4, "center_lat": -14.0625, "center_lon": -42.1875, "avg_edge_len": 614568.68516901671, "cell_area": 378196220928.24561, "cell_perimeter": 2458274.7406760668 }, "geometry": { "type": "Polygon", "coordinates": [ [ [ -45.0, -11.25 ], [ -45.0, -16.875 ], [ -39.375, -16.875 ], [ -39.375, -11.25 ], [ -45.0, -11.25 ] ] ] } },
{ "type": "Feature", "properties": { "dggal_gnosis": "4-12-19", "resolution": 4, "center_lat": -14.0625, "center_lon": -36.5625, "avg_edge_len": 614568.68516901671, "cell_area": 378196220928.24561, "cell_perimeter": 2458274.7406760668 }, "geometry": { "type": "Polygon", "coordinates": [ [ [ -39.375, -11.25 ], [ -39.375, -16.875 ], [ -33.75, -16.875 ], [ -33.75, -11.25 ], [ -39.375, -11.25 ] ] ] } },
{ "type": "Feature", "properties": { "dggal_gnosis": "4-12-1A", "resolution": 4, "center_lat": -14.0625, "center_lon": -30.9375, "avg_edge_len": 614568.68516901648, "cell_area": 378196220928.24548, "cell_perimeter": 2458274.7406760659 }, "geometry": { "type": "Polygon", "coordinates": [ [ [ -33.75, -11.25 ], [ -33.75, -16.875 ], [ -28.125, -16.875 ], [ -28.125, -11.25 ], [ -33.75, -11.25 ] ] ] } },
{ "type": "Feature", "properties": { "dggal_gnosis": "4-12-1B", "resolution": 4, "center_lat": -14.0625, "center_lon": -25.3125, "avg_edge_len": 614568.68516901671, "cell_area": 378196220928.24561, "cell_perimeter": 2458274.7406760668 }, "geometry": { "type": "Polygon", "coordinates": [ [ [ -28.125, -11.25 ], [ -28.125, -16.875 ], [ -22.5, -16.875 ], [ -22.5, -11.25 ], [ -28.125, -11.25 ] ] ] } },
{ "type": "Feature", "properties": { "dggal_gnosis": "4-12-1C", "resolution": 4, "center_lat": -14.0625, "center_lon": -19.6875, "avg_edge_len": 614568.68516901671, "cell_area": 378196220928.24561, "cell_perimeter": 2458274.7406760668 }, "geometry": { "type": "Polygon", "coordinates": [ [ [ -22.5, -11.25 ], [ -22.5, -16.875 ], [ -16.875, -16.875 ], [ -16.875, -11.25 ], [ -22.5, -11.25 ] ] ] } },
{ "type": "Feature", "properties": { "dggal_gnosis": "4-12-1D", "resolution": 4, "center_lat": -14.0625, "center_lon": -14.0625, "avg_edge_len": 614568.68516901648, "cell_area": 378196220928.24548, "cell_perimeter": 2458274.7406760659 }, "geometry": { "type": "Polygon", "coordinates": [ [ [ -16.875, -11.25 ], [ -16.875, -16.875 ], [ -11.25, -16.875 ], [ -11.25, -11.25 ], [ -16.875, -11.25 ] ] ] } },
{ "type": "Feature", "properties": { "dggal_gnosis": "4-12-1E", "resolution": 4, "center_lat": -14.0625, "center_lon": -8.4375, "avg_edge_len": 614568.68516901659, "cell_area": 378196220928.24524, "cell_perimeter": 2458274.7406760664 }, "geometry": { "type": "Polygon", "coordinates": [ [ [ -11.25, -11.25 ], [ -11.25, -16.875 ], [ -5.625, -16.875 ], [ -5.625, -11.25 ], [ -11.25, -11.25 ] ] ] } },
{ "type": "Feature", "properties": { "dggal_gnosis": "4-12-1F", "resolution": 4, "center_lat": -14.0625, "center_lon": -2.8125, "avg_edge_len": 614568.68516901659, "cell_area": 378196220928.24524, "cell_perimeter": 2458274.7406760664 }, "geometry": { "type": "Polygon", "coordinates": [ [ [ -5.625, -11.25 ], [ -5.625, -16.875 ], [ -0.0, -16.875 ], [ -0.0, -11.25 ], [ -5.625, -11.25 ] ] ] } },
{ "type": "Feature", "properties": { "dggal_gnosis": "4-12-20", "resolution": 4, "center_lat": -14.0625, "center_lon": 2.8125, "avg_edge_len": 614568.68516901659, "cell_area": 378196220928.24524, "cell_perimeter": 2458274.7406760664 }, "geometry": { "type": "Polygon", "coordinates": [ [ [ 0.0, -11.25 ], [ 0.0, -16.875 ], [ 5.625, -16.875 ], [ 5.625, -11.25 ], [ 0.0, -11.25 ] ] ] } },
{ "type": "Feature", "properties": { "dggal_gnosis": "4-12-21", "resolution": 4, "center_lat": -14.0625, "center_lon": 8.4375, "avg_edge_len": 614568.68516901659, "cell_area": 378196220928.24512, "cell_perimeter": 2458274.7406760664 }, "geometry": { "type": "Polygon", "coordinates": [ [ [ 5.625, -11.25 ], [ 5.625, -16.875 ], [ 11.25, -16.875 ], [ 11.25, -11.25 ], [ 5.625, -11.25 ] ] ] } },
{ "type": "Feature", "properties": { "dggal_gnosis": "4-12-22", "resolution": 4, "center_lat": -14.0625, "center_lon": 14.0625, "avg_edge_len": 614568.68516901659, "cell_area": 378196220928.24524, "cell_perimeter": 2458274.7406760664 }, "geometry": { "type": "Polygon", "coordinates": [ [ [ 11.25, -11.25 ], [ 11.25, -16.875 ], [ 16.875, -16.875 ], [ 16.875, -11.25 ], [ 11.25, -11.25 ] ] ] } },
{ "type": "Feature", "properties": { "dggal_gnosis": "4-12-23", "resolution": 4, "center_lat": -14.0625, "center_lon": 19.6875, "avg_edge_len": 614568.68516901671, "cell_area": 378196220928.24561, "cell_perimeter": 2458274.7406760668 }, "geometry": { "type": "Polygon", "coordinates": [ [ [ 16.875, -11.25 ], [ 16.875, -16.875 ], [ 22.5, -16.875 ], [ 22.5, -11.25 ], [ 16.875, -11.25 ] ] ] } },
{ "type": "Feature", "properties": { "dggal_gnosis": "4-12-24", "resolution": 4, "center_lat": -14.0625, "center_lon": 25.3125, "avg_edge_len": 614568.68516901648, "cell_area": 378196220928.24548, "cell_perimeter": 2458274.7406760659 }, "geometry": { "type": "Polygon", "coordinates": [ [ [ 22.5, -11.25 ], [ 22.5, -16.875 ], [ 28.125, -16.875 ], [ 28.125, -11.25 ], [ 22.5, -11.25 ] ] ] } },
{ "type": "Feature", "properties": { "dggal_gnosis": "4-12-25", "resolution": 4, "center_lat": -14.0625, "center_lon": 30.9375, "avg_edge_len": 614568.68516901648, "cell_area": 378196220928.24548, "cell_perimeter": 2458274.7406760659 }, "geometry": { "type": "Polygon", "coordinates": [ [ [ 28.125, -11.25 ], [ 28.125, -16.875 ], [ 33.75, -16.875 ], [ 33.75, -11.25 ], [ 28.125, -11.25 ] ] ] } },
{ "type": "Feature", "properties": { "dggal_gnosis": "4-12-26", "resolution": 4, "center_lat": -14.0625, "center_lon": 36.5625, "avg_edge_len": 614568.68516901671, "cell_area": 378196220928.24561, "cell_perimeter": 2458274.7406760668 }, "geometry": { "type": "Polygon", "coordinates": [ [ [ 33.75, -11.25 ], [ 33.75, -16.875 ], [ 39.375, -16.875 ], [ 39.375, -11.25 ], [ 33.75, -11.25 ] ] ] } },
{ "type": "Feature", "properties": { "dggal_gnosis": "4-12-27", "resolution": 4, "center_lat": -14.0625, "center_lon": 42.1875, "avg_edge_len": 614568.68516901671, "cell_area": 378196220928.24561, "cell_perimeter": 2458274.7406760668 }, "geometry": { "type": "Polygon", "coordinates": [ [ [ 39.375, -11.25 ], [ 39.375, -16.875 ], [ 45.0, -16.875 ], [ 45.0, -11.25 ], [ 39.375, -11.25 ] ] ] } },
{ "type": "Feature", "properties": { "dggal_gnosis": "4-12-28", "resolution": 4, "center_lat": -14.0625, "center_lon": 47.8125, "avg_edge_len": 614568.68516901624, "cell_area": 378196220928.24536, "cell_perimeter": 2458274.740676065 }, "geometry": { "type": "Polygon", "coordinates": [ [ [ 45.0, -11.25 ], [ 45.0, -16.875 ], [ 50.625, -16.875 ], [ 50.625, -11.25 ], [ 45.0, -11.25 ] ] ] } },
{ "type": "Feature", "properties": { "dggal_gnosis": "4-12-29", "resolution": 4, "center_lat": -14.0625, "center_lon": 53.4375, "avg_edge_len": 614568.68516901624, "cell_area": 378196220928.24536, "cell_perimeter": 2458274.740676065 }, "geometry": { "type": "Polygon", "coordinates": [ [ [ 50.625, -11.25 ], [ 50.625, -16.875 ], [ 56.25, -16.875 ], [ 56.25, -11.25 ], [ 50.625, -11.25 ] ] ] } },
{ "type": "Feature", "properties": { "dggal_gnosis": "4-12-2A", "resolution": 4, "center_lat": -14.0625, "center_lon": 59.0625, "avg_edge_len": 614568.68516901671, "cell_area": 378196220928.24561, "cell_perimeter": 2458274.7406760668 }, "geometry": { "type": "Polygon", "coordinates": [ [ [ 56.25, -11.25 ], [ 56.25, -16.875 ], [ 61.875, -16.875 ], [ 61.875, -11.25 ], [ 56.25, -11.25 ] ] ] } },
{ "type": "Feature", "properties": { "dggal_gnosis": "4-12-2B", "resolution": 4, "center_lat": -14.0625, "center_lon": 64.6875, "avg_edge_len": 614568.68516901671, "cell_area": 378196220928.24561, "cell_perimeter": 2458274.7406760668 }, "geometry": { "type": "Polygon", "coordinates": [ [ [ 61.875, -11.25 ], [ 61.875, -16.875 ], [ 67.5, -16.875 ], [ 67.5, -11.25 ], [ 61.875, -11.25 ] ] ] } },
{ "type": "Feature", "properties": { "dggal_gnosis": "4-12-2C", "resolution": 4, "center_lat": -14.0625, "center_lon": 70.3125, "avg_edge_len": 614568.68516901752, "cell_area": 378196220928.24658, "cell_perimeter": 2458274.7406760701 }, "geometry": { "type": "Polygon", "coordinates": [ [ [ 67.5, -11.25 ], [ 67.5, -16.875 ], [ 73.125, -16.875 ], [ 73.125, -11.25 ], [ 67.5, -11.25 ] ] ] } },
{ "type": "Feature", "properties": { "dggal_gnosis": "4-12-2D", "resolution": 4, "center_lat": -14.0625, "center_lon": 75.9375, "avg_edge_len": 614568.68516901671, "cell_area": 378196220928.24561, "cell_perimeter": 2458274.7406760668 }, "geometry": { "type": "Polygon", "coordinates": [ [ [ 73.125, -11.25 ], [ 73.125, -16.875 ], [ 78.75, -16.875 ], [ 78.75, -11.25 ], [ 73.125, -11.25 ] ] ] } },
{ "type": "Feature", "properties": { "dggal_gnosis": "4-12-2E", "resolution": 4, "center_lat": -14.0625, "center_lon": 81.5625, "avg_edge_len": 614568.68516901671, "cell_area": 378196220928.24561, "cell_perimeter": 2458274.7406760668 }, "geometry": { "type": "Polygon", "coordinates": [ [ [ 78.75, -11.25 ], [ 78.75, -16.875 ], [ 84.375, -16.875 ], [ 84.375, -11.25 ], [ 78.75, -11.25 ] ] ] } },
{ "type": "Feature", "properties": { "dggal_gnosis": "4-12-2F", "resolution": 4, "center_lat": -14.0625, "center_lon": 87.1875, "avg_edge_len": 614568.68516901671, "cell_area": 378196220928.24561, "cell_perimeter": 2458274.7406760668 }, "geometry": { "type": "Polygon", "coordinates": [ [ [ 84.375, -11.25 ], [ 84.375, -16.875 ], [ 90.0, -16.875 ], [ 90.0, -11.25 ], [ 84.375, -11.25 ] ] ] } },
{ "type": "Feature", "properties": { "dggal_gnosis": "4-12-30", "resolution": 4, "center_lat": -14.0625, "center_lon": 92.8125, "avg_edge_len": 614568.68516901671, "cell_area": 378196220928.24561, "cell_perimeter": 2458274.7406760668 }, "geometry": { "type": "Polygon", "coordinates": [ [ [ 90.0, -11.25 ], [ 90.0, -16.875 ], [ 95.625, -16.875 ], [ 95.625, -11.25 ], [ 90.0, -11.25 ] ] ] } },
{ "type": "Feature", "properties": { "dggal_gnosis": "4-12-31", "resolution": 4, "center_lat": -14.0625, "center_lon": 98.4375, "avg_edge_len": 614568.68516901671, "cell_area": 378196220928.24561, "cell_perimeter": 2458274.7406760668 }, "geometry": { "type": "Polygon", "coordinates": [ [ [ 95.625, -11.25 ], [ 95.625, -16.875 ], [ 101.25, -16.875 ], [ 101.25, -11.25 ], [ 95.625, -11.25 ] ] ] } },
{ "type": "Feature", "properties": { "dggal_gnosis": "4-12-32", "resolution": 4, "center_lat": -14.0625, "center_lon": 104.0625, "avg_edge_len": 614568.68516901752, "cell_area": 378196220928.24658, "cell_perimeter": 2458274.7406760701 }, "geometry": { "type": "Polygon", "coordinates": [ [ [ 101.25, -11.25 ], [ 101.25, -16.875 ], [ 106.875, -16.875 ], [ 106.875, -11.25 ], [ 101.25, -11.25 ] ] ] } },
{ "type": "Feature", "properties": { "dggal_gnosis": "4-12-33", "resolution": 4, "center_lat": -14.0625, "center_lon": 109.6875, "avg_edge_len": 614568.68516901671, "cell_area": 378196220928.24561, "cell_perimeter": 2458274.7406760668 }, "geometry": { "type": "Polygon", "coordinates": [ [ [ 106.875, -11.25 ], [ 106.875, -16.875 ], [ 112.5, -16.875 ], [ 112.5, -11.25 ], [ 106.875, -11.25 ] ] ] } },
{ "type": "Feature", "properties": { "dggal_gnosis": "4-12-34", "resolution": 4, "center_lat": -14.0625, "center_lon": 115.3125, "avg_edge_len": 614568.68516901671, "cell_area": 378196220928.24561, "cell_perimeter": 2458274.7406760668 }, "geometry": { "type": "Polygon", "coordinates": [ [ [ 112.5, -11.25 ], [ 112.5, -16.875 ], [ 118.125, -16.875 ], [ 118.125, -11.25 ], [ 112.5, -11.25 ] ] ] } },
{ "type": "Feature", "properties": { "dggal_gnosis": "4-12-35", "resolution": 4, "center_lat": -14.0625, "center_lon": 120.9375, "avg_edge_len": 614568.68516901752, "cell_area": 378196220928.24658, "cell_perimeter": 2458274.7406760701 }, "geometry": { "type": "Polygon", "coordinates": [ [ [ 118.125, -11.25 ], [ 118.125, -16.875 ], [ 123.75, -16.875 ], [ 123.75, -11.25 ], [ 118.125, -11.25 ] ] ] } },
{ "type": "Feature", "properties": { "dggal_gnosis": "4-12-36", "resolution": 4, "center_lat": -14.0625, "center_lon": 126.5625, "avg_edge_len": 614568.68516901671, "cell_area": 378196220928.24561, "cell_perimeter": 2458274.7406760668 }, "geometry": { "type": "Polygon", "coordinates": [ [ [ 123.75, -11.25 ], [ 123.75, -16.875 ], [ 129.375, -16.875 ], [ 129.375, -11.25 ], [ 123.75, -11.25 ] ] ] } },
{ "type": "Feature", "properties": { "dggal_gnosis": "4-12-37", "resolution": 4, "center_lat": -14.0625, "center_lon": 132.1875, "avg_edge_len": 614568.68516901671, "cell_area": 378196220928.24561, "cell_perimeter": 2458274.7406760668 }, "geometry": { "type": "Polygon", "coordinates": [ [ [ 129.375, -11.25 ], [ 129.375, -16.875 ], [ 135.0, -16.875 ], [ 135.0, -11.25 ], [ 129.375, -11.25 ] ] ] } },
{ "type": "Feature", "properties": { "dggal_gnosis": "4-12-38", "resolution": 4, "center_lat": -14.0625, "center_lon": 137.8125, "avg_edge_len": 614568.68516901671, "cell_area": 378196220928.24561, "cell_perimeter": 2458274.7406760668 }, "geometry": { "type": "Polygon", "coordinates": [ [ [ 135.0, -11.25 ], [ 135.0, -16.875 ], [ 140.625, -16.875 ], [ 140.625, -11.25 ], [ 135.0, -11.25 ] ] ] } },
{ "type": "Feature", "properties": { "dggal_gnosis": "4-12-39", "resolution": 4, "center_lat": -14.0625, "center_lon": 143.4375, "avg_edge_len": 614568.68516901822, "cell_area": 378196220928.24756, "cell_perimeter": 2458274.7406760729 }, "geometry": { "type": "Polygon", "coordinates": [ [ [ 140.625, -11.25 ], [ 140.625, -16.875 ], [ 146.25, -16.875 ], [ 146.25, -11.25 ], [ 140.625, -11.25 ] ] ] } },
{ "type": "Feature", "properties": { "dggal_gnosis": "4-12-3A", "resolution": 4, "center_lat": -14.0625, "center_lon": 149.0625, "avg_edge_len": 614568.68516901671, "cell_area": 378196220928.24561, "cell_perimeter": 2458274.7406760668 }, "geometry": { "type": "Polygon", "coordinates": [ [ [ 146.25, -11.25 ], [ 146.25, -16.875 ], [ 151.875, -16.875 ], [ 151.875, -11.25 ], [ 146.25, -11.25 ] ] ] } },
{ "type": "Feature", "properties": { "dggal_gnosis": "4-12-3B", "resolution": 4, "center_lat": -14.0625, "center_lon": 154.6875, "avg_edge_len": 614568.68516901671, "cell_area": 378196220928.24561, "cell_perimeter": 2458274.7406760668 }, "geometry": { "type": "Polygon", "coordinates": [ [ [ 151.875, -11.25 ], [ 151.875, -16.875 ], [ 157.5, -16.875 ], [ 157.5, -11.25 ], [ 151.875, -11.25 ] ] ] } },
{ "type": "Feature", "properties": { "dggal_gnosis": "4-12-3C", "resolution": 4, "center_lat": -14.0625, "center_lon": 160.3125, "avg_edge_len": 614568.68516901671, "cell_area": 378196220928.24561, "cell_perimeter": 2458274.7406760668 }, "geometry": { "type": "Polygon", "coordinates": [ [ [ 157.5, -11.25 ], [ 157.5, -16.875 ], [ 163.125, -16.875 ], [ 163.125, -11.25 ], [ 157.5, -11.25 ] ] ] } },
{ "type": "Feature", "properties": { "dggal_gnosis": "4-12-3D", "resolution": 4, "center_lat": -14.0625, "center_lon": 165.9375, "avg_edge_len": 614568.68516901671, "cell_area": 378196220928.24561, "cell_perimeter": 2458274.7406760668 }, "geometry": { "type": "Polygon", "coordinates": [ [ [ 163.125, -11.25 ], [ 163.125, -16.875 ], [ 168.75, -16.875 ], [ 168.75, -11.25 ], [ 163.125, -11.25 ] ] ] } },
{ "type": "Feature", "properties": { "dggal_gnosis": "4-12-3E", "resolution": 4, "center_lat": -14.0625, "center_lon": 171.5625, "avg_edge_len": 614568.68516901671, "cell_area": 378196220928.24561, "cell_perimeter": 2458274.7406760668 }, "geometry": { "type": "Polygon", "coordinates": [ [ [ 168.75, -11.25 ], [ 168.75, -16.875 ], [ 174.375, -16.875 ], [ 174.375, -11.25 ], [ 168.75, -11.25 ] ] ] } },
{ "type": "Feature", "properties": { "dggal_gnosis": "4-12-3F", "resolution": 4, "center_lat": -14.0625, "center_lon": 177.1875, "avg_edge_len": 614568.68516901671, "cell_area": 378196220928.24561, "cell_perimeter": 2458274.7406760668 }, "geometry": { "type": "Polygon", "coordinates": [ [ [ 174.375, -11.25 ], [ 174.375, -16.875 ], [ 180.0, -16.875 ], [ 180.0, -11.25 ], [ 174.375, -11.25 ] ] ] } },
{ "type": "Feature", "properties": { "dggal_gnosis": "4-13-0", "resolution": 4, "center_lat": -19.6875, "center_lon": -177.1875, "avg_edge_len": 605875.73477367614, "cell_area": 367308354088.71509, "cell_perimeter": 2423502.9390947046 }, "geometry": { "type": "Polygon", "coordinates": [ [ [ -180.0, -16.875 ], [ -180.0, -22.5 ], [ -174.375, -22.5 ], [ -174.375, -16.875 ], [ -180.0, -16.875 ] ] ] } },
{ "type": "Feature", "properties": { "dggal_gnosis": "4-13-1", "resolution": 4, "center_lat": -19.6875, "center_lon": -171.5625, "avg_edge_len": 605875.73477367463, "cell_area": 367308354088.71289, "cell_perimeter": 2423502.9390946985 }, "geometry": { "type": "Polygon", "coordinates": [ [ [ -174.375, -16.875 ], [ -174.375, -22.5 ], [ -168.75, -22.5 ], [ -168.75, -16.875 ], [ -174.375, -16.875 ] ] ] } },
{ "type": "Feature", "properties": { "dggal_gnosis": "4-13-2", "resolution": 4, "center_lat": -19.6875, "center_lon": -165.9375, "avg_edge_len": 605875.73477367463, "cell_area": 367308354088.71289, "cell_perimeter": 2423502.9390946985 }, "geometry": { "type": "Polygon", "coordinates": [ [ [ -168.75, -16.875 ], [ -168.75, -22.5 ], [ -163.125, -22.5 ], [ -163.125, -16.875 ], [ -168.75, -16.875 ] ] ] } },
{ "type": "Feature", "properties": { "dggal_gnosis": "4-13-3", "resolution": 4, "center_lat": -19.6875, "center_lon": -160.3125, "avg_edge_len": 605875.73477367463, "cell_area": 367308354088.71289, "cell_perimeter": 2423502.9390946985 }, "geometry": { "type": "Polygon", "coordinates": [ [ [ -163.125, -16.875 ], [ -163.125, -22.5 ], [ -157.5, -22.5 ], [ -157.5, -16.875 ], [ -163.125, -16.875 ] ] ] } },
{ "type": "Feature", "properties": { "dggal_gnosis": "4-13-4", "resolution": 4, "center_lat": -19.6875, "center_lon": -154.6875, "avg_edge_len": 605875.73477367463, "cell_area": 367308354088.71289, "cell_perimeter": 2423502.9390946985 }, "geometry": { "type": "Polygon", "coordinates": [ [ [ -157.5, -16.875 ], [ -157.5, -22.5 ], [ -151.875, -22.5 ], [ -151.875, -16.875 ], [ -157.5, -16.875 ] ] ] } },
{ "type": "Feature", "properties": { "dggal_gnosis": "4-13-5", "resolution": 4, "center_lat": -19.6875, "center_lon": -149.0625, "avg_edge_len": 605875.73477367463, "cell_area": 367308354088.71289, "cell_perimeter": 2423502.9390946985 }, "geometry": { "type": "Polygon", "coordinates": [ [ [ -151.875, -16.875 ], [ -151.875, -22.5 ], [ -146.25, -22.5 ], [ -146.25, -16.875 ], [ -151.875, -16.875 ] ] ] } },
{ "type": "Feature", "properties": { "dggal_gnosis": "4-13-6", "resolution": 4, "center_lat": -19.6875, "center_lon": -143.4375, "avg_edge_len": 605875.73477367614, "cell_area": 367308354088.71509, "cell_perimeter": 2423502.9390947046 }, "geometry": { "type": "Polygon", "coordinates": [ [ [ -146.25, -16.875 ], [ -146.25, -22.5 ], [ -140.625, -22.5 ], [ -140.625, -16.875 ], [ -146.25, -16.875 ] ] ] } },
{ "type": "Feature", "properties": { "dggal_gnosis": "4-13-7", "resolution": 4, "center_lat": -19.6875, "center_lon": -137.8125, "avg_edge_len": 605875.73477367463, "cell_area": 367308354088.71289, "cell_perimeter": 2423502.9390946985 }, "geometry": { "type": "Polygon", "coordinates": [ [ [ -140.625, -16.875 ], [ -140.625, -22.5 ], [ -135.0, -22.5 ], [ -135.0, -16.875 ], [ -140.625, -16.875 ] ] ] } },
{ "type": "Feature", "properties": { "dggal_gnosis": "4-13-8", "resolution": 4, "center_lat": -19.6875, "center_lon": -132.1875, "avg_edge_len": 605875.73477367463, "cell_area": 367308354088.71289, "cell_perimeter": 2423502.9390946985 }, "geometry": { "type": "Polygon", "coordinates": [ [ [ -135.0, -16.875 ], [ -135.0, -22.5 ], [ -129.375, -22.5 ], [ -129.375, -16.875 ], [ -135.0, -16.875 ] ] ] } },
{ "type": "Feature", "properties": { "dggal_gnosis": "4-13-9", "resolution": 4, "center_lat": -19.6875, "center_lon": -126.5625, "avg_edge_len": 605875.73477367463, "cell_area": 367308354088.71289, "cell_perimeter": 2423502.9390946985 }, "geometry": { "type": "Polygon", "coordinates": [ [ [ -129.375, -16.875 ], [ -129.375, -22.5 ], [ -123.75, -22.5 ], [ -123.75, -16.875 ], [ -129.375, -16.875 ] ] ] } },
{ "type": "Feature", "properties": { "dggal_gnosis": "4-13-A", "resolution": 4, "center_lat": -19.6875, "center_lon": -120.9375, "avg_edge_len": 605875.73477367463, "cell_area": 367308354088.71289, "cell_perimeter": 2423502.9390946985 }, "geometry": { "type": "Polygon", "coordinates": [ [ [ -123.75, -16.875 ], [ -123.75, -22.5 ], [ -118.125, -22.5 ], [ -118.125, -16.875 ], [ -123.75, -16.875 ] ] ] } },
{ "type": "Feature", "properties": { "dggal_gnosis": "4-13-B", "resolution": 4, "center_lat": -19.6875, "center_lon": -115.3125, "avg_edge_len": 605875.73477367463, "cell_area": 367308354088.71289, "cell_perimeter": 2423502.9390946985 }, "geometry": { "type": "Polygon", "coordinates": [ [ [ -118.125, -16.875 ], [ -118.125, -22.5 ], [ -112.5, -22.5 ], [ -112.5, -16.875 ], [ -118.125, -16.875 ] ] ] } },
{ "type": "Feature", "properties": { "dggal_gnosis": "4-13-C", "resolution": 4, "center_lat": -19.6875, "center_lon": -109.6875, "avg_edge_len": 605875.73477367463, "cell_area": 367308354088.71289, "cell_perimeter": 2423502.9390946985 }, "geometry": { "type": "Polygon", "coordinates": [ [ [ -112.5, -16.875 ], [ -112.5, -22.5 ], [ -106.875, -22.5 ], [ -106.875, -16.875 ], [ -112.5, -16.875 ] ] ] } },
{ "type": "Feature", "properties": { "dggal_gnosis": "4-13-D", "resolution": 4, "center_lat": -19.6875, "center_lon": -104.0625, "avg_edge_len": 605875.73477367545, "cell_area": 367308354088.71362, "cell_perimeter": 2423502.9390947018 }, "geometry": { "type": "Polygon", "coordinates": [ [ [ -106.875, -16.875 ], [ -106.875, -22.5 ], [ -101.25, -22.5 ], [ -101.25, -16.875 ], [ -106.875, -16.875 ] ] ] } },
{ "type": "Feature", "properties": { "dggal_gnosis": "4-13-E", "resolution": 4, "center_lat": -19.6875, "center_lon": -98.4375, "avg_edge_len": 605875.73477367382, "cell_area": 367308354088.71216, "cell_perimeter": 2423502.9390946953 }, "geometry": { "type": "Polygon", "coordinates": [ [ [ -101.25, -16.875 ], [ -101.25, -22.5 ], [ -95.625, -22.5 ], [ -95.625, -16.875 ], [ -101.25, -16.875 ] ] ] } },
{ "type": "Feature", "properties": { "dggal_gnosis": "4-13-F", "resolution": 4, "center_lat": -19.6875, "center_lon": -92.8125, "avg_edge_len": 605875.73477367463, "cell_area": 367308354088.71289, "cell_perimeter": 2423502.9390946985 }, "geometry": { "type": "Polygon", "coordinates": [ [ [ -95.625, -16.875 ], [ -95.625, -22.5 ], [ -90.0, -22.5 ], [ -90.0, -16.875 ], [ -95.625, -16.875 ] ] ] } },
{ "type": "Feature", "properties": { "dggal_gnosis": "4-13-10", "resolution": 4, "center_lat": -19.6875, "center_lon": -87.1875, "avg_edge_len": 605875.73477367545, "cell_area": 367308354088.71362, "cell_perimeter": 2423502.9390947018 }, "geometry": { "type": "Polygon", "coordinates": [ [ [ -90.0, -16.875 ], [ -90.0, -22.5 ], [ -84.375, -22.5 ], [ -84.375, -16.875 ], [ -90.0, -16.875 ] ] ] } },
{ "type": "Feature", "properties": { "dggal_gnosis": "4-13-11", "resolution": 4, "center_lat": -19.6875, "center_lon": -81.5625, "avg_edge_len": 605875.73477367463, "cell_area": 367308354088.71289, "cell_perimeter": 2423502.9390946985 }, "geometry": { "type": "Polygon", "coordinates": [ [ [ -84.375, -16.875 ], [ -84.375, -22.5 ], [ -78.75, -22.5 ], [ -78.75, -16.875 ], [ -84.375, -16.875 ] ] ] } },
{ "type": "Feature", "properties": { "dggal_gnosis": "4-13-12", "resolution": 4, "center_lat": -19.6875, "center_lon": -75.9375, "avg_edge_len": 605875.73477367382, "cell_area": 367308354088.71216, "cell_perimeter": 2423502.9390946953 }, "geometry": { "type": "Polygon", "coordinates": [ [ [ -78.75, -16.875 ], [ -78.75, -22.5 ], [ -73.125, -22.5 ], [ -73.125, -16.875 ], [ -78.75, -16.875 ] ] ] } },
{ "type": "Feature", "properties": { "dggal_gnosis": "4-13-13", "resolution": 4, "center_lat": -19.6875, "center_lon": -70.3125, "avg_edge_len": 605875.73477367545, "cell_area": 367308354088.71362, "cell_perimeter": 2423502.9390947018 }, "geometry": { "type": "Polygon", "coordinates": [ [ [ -73.125, -16.875 ], [ -73.125, -22.5 ], [ -67.5, -22.5 ], [ -67.5, -16.875 ], [ -73.125, -16.875 ] ] ] } },
{ "type": "Feature", "properties": { "dggal_gnosis": "4-13-14", "resolution": 4, "center_lat": -19.6875, "center_lon": -64.6875, "avg_edge_len": 605875.73477367463, "cell_area": 367308354088.71289, "cell_perimeter": 2423502.9390946985 }, "geometry": { "type": "Polygon", "coordinates": [ [ [ -67.5, -16.875 ], [ -67.5, -22.5 ], [ -61.875, -22.5 ], [ -61.875, -16.875 ], [ -67.5, -16.875 ] ] ] } },
{ "type": "Feature", "properties": { "dggal_gnosis": "4-13-15", "resolution": 4, "center_lat": -19.6875, "center_lon": -59.0625, "avg_edge_len": 605875.73477367463, "cell_area": 367308354088.71289, "cell_perimeter": 2423502.9390946985 }, "geometry": { "type": "Polygon", "coordinates": [ [ [ -61.875, -16.875 ], [ -61.875, -22.5 ], [ -56.25, -22.5 ], [ -56.25, -16.875 ], [ -61.875, -16.875 ] ] ] } },
{ "type": "Feature", "properties": { "dggal_gnosis": "4-13-16", "resolution": 4, "center_lat": -19.6875, "center_lon": -53.4375, "avg_edge_len": 605875.73477367463, "cell_area": 367308354088.71289, "cell_perimeter": 2423502.9390946985 }, "geometry": { "type": "Polygon", "coordinates": [ [ [ -56.25, -16.875 ], [ -56.25, -22.5 ], [ -50.625, -22.5 ], [ -50.625, -16.875 ], [ -56.25, -16.875 ] ] ] } },
{ "type": "Feature", "properties": { "dggal_gnosis": "4-13-17", "resolution": 4, "center_lat": -19.6875, "center_lon": -47.8125, "avg_edge_len": 605875.73477367428, "cell_area": 367308354088.71216, "cell_perimeter": 2423502.9390946971 }, "geometry": { "type": "Polygon", "coordinates": [ [ [ -50.625, -16.875 ], [ -50.625, -22.5 ], [ -45.0, -22.5 ], [ -45.0, -16.875 ], [ -50.625, -16.875 ] ] ] } },
{ "type": "Feature", "properties": { "dggal_gnosis": "4-13-18", "resolution": 4, "center_lat": -19.6875, "center_lon": -42.1875, "avg_edge_len": 605875.73477367463, "cell_area": 367308354088.71289, "cell_perimeter": 2423502.9390946985 }, "geometry": { "type": "Polygon", "coordinates": [ [ [ -45.0, -16.875 ], [ -45.0, -22.5 ], [ -39.375, -22.5 ], [ -39.375, -16.875 ], [ -45.0, -16.875 ] ] ] } },
{ "type": "Feature", "properties": { "dggal_gnosis": "4-13-19", "resolution": 4, "center_lat": -19.6875, "center_lon": -36.5625, "avg_edge_len": 605875.73477367463, "cell_area": 367308354088.71289, "cell_perimeter": 2423502.9390946985 }, "geometry": { "type": "Polygon", "coordinates": [ [ [ -39.375, -16.875 ], [ -39.375, -22.5 ], [ -33.75, -22.5 ], [ -33.75, -16.875 ], [ -39.375, -16.875 ] ] ] } },
{ "type": "Feature", "properties": { "dggal_gnosis": "4-13-1A", "resolution": 4, "center_lat": -19.6875, "center_lon": -30.9375, "avg_edge_len": 605875.73477367451, "cell_area": 367308354088.7124, "cell_perimeter": 2423502.9390946981 }, "geometry": { "type": "Polygon", "coordinates": [ [ [ -33.75, -16.875 ], [ -33.75, -22.5 ], [ -28.125, -22.5 ], [ -28.125, -16.875 ], [ -33.75, -16.875 ] ] ] } },
{ "type": "Feature", "properties": { "dggal_gnosis": "4-13-1B", "resolution": 4, "center_lat": -19.6875, "center_lon": -25.3125, "avg_edge_len": 605875.73477367463, "cell_area": 367308354088.71289, "cell_perimeter": 2423502.9390946985 }, "geometry": { "type": "Polygon", "coordinates": [ [ [ -28.125, -16.875 ], [ -28.125, -22.5 ], [ -22.5, -22.5 ], [ -22.5, -16.875 ], [ -28.125, -16.875 ] ] ] } },
{ "type": "Feature", "properties": { "dggal_gnosis": "4-13-1C", "resolution": 4, "center_lat": -19.6875, "center_lon": -19.6875, "avg_edge_len": 605875.73477367463, "cell_area": 367308354088.71289, "cell_perimeter": 2423502.9390946985 }, "geometry": { "type": "Polygon", "coordinates": [ [ [ -22.5, -16.875 ], [ -22.5, -22.5 ], [ -16.875, -22.5 ], [ -16.875, -16.875 ], [ -22.5, -16.875 ] ] ] } },
{ "type": "Feature", "properties": { "dggal_gnosis": "4-13-1D", "resolution": 4, "center_lat": -19.6875, "center_lon": -14.0625, "avg_edge_len": 605875.73477367451, "cell_area": 367308354088.7124, "cell_perimeter": 2423502.9390946981 }, "geometry": { "type": "Polygon", "coordinates": [ [ [ -16.875, -16.875 ], [ -16.875, -22.5 ], [ -11.25, -22.5 ], [ -11.25, -16.875 ], [ -16.875, -16.875 ] ] ] } },
{ "type": "Feature", "properties": { "dggal_gnosis": "4-13-1E", "resolution": 4, "center_lat": -19.6875, "center_lon": -8.4375, "avg_edge_len": 605875.73477367451, "cell_area": 367308354088.71289, "cell_perimeter": 2423502.9390946981 }, "geometry": { "type": "Polygon", "coordinates": [ [ [ -11.25, -16.875 ], [ -11.25, -22.5 ], [ -5.625, -22.5 ], [ -5.625, -16.875 ], [ -11.25, -16.875 ] ] ] } },
{ "type": "Feature", "properties": { "dggal_gnosis": "4-13-1F", "resolution": 4, "center_lat": -19.6875, "center_lon": -2.8125, "avg_edge_len": 605875.73477367451, "cell_area": 367308354088.71289, "cell_perimeter": 2423502.9390946981 }, "geometry": { "type": "Polygon", "coordinates": [ [ [ -5.625, -16.875 ], [ -5.625, -22.5 ], [ -0.0, -22.5 ], [ -0.0, -16.875 ], [ -5.625, -16.875 ] ] ] } },
{ "type": "Feature", "properties": { "dggal_gnosis": "4-13-20", "resolution": 4, "center_lat": -19.6875, "center_lon": 2.8125, "avg_edge_len": 605875.73477367451, "cell_area": 367308354088.71289, "cell_perimeter": 2423502.9390946981 }, "geometry": { "type": "Polygon", "coordinates": [ [ [ 0.0, -16.875 ], [ 0.0, -22.5 ], [ 5.625, -22.5 ], [ 5.625, -16.875 ], [ 0.0, -16.875 ] ] ] } },
{ "type": "Feature", "properties": { "dggal_gnosis": "4-13-21", "resolution": 4, "center_lat": -19.6875, "center_lon": 8.4375, "avg_edge_len": 605875.73477367451, "cell_area": 367308354088.71289, "cell_perimeter": 2423502.9390946981 }, "geometry": { "type": "Polygon", "coordinates": [ [ [ 5.625, -16.875 ], [ 5.625, -22.5 ], [ 11.25, -22.5 ], [ 11.25, -16.875 ], [ 5.625, -16.875 ] ] ] } },
{ "type": "Feature", "properties": { "dggal_gnosis": "4-13-22", "resolution": 4, "center_lat": -19.6875, "center_lon": 14.0625, "avg_edge_len": 605875.73477367451, "cell_area": 367308354088.71289, "cell_perimeter": 2423502.9390946981 }, "geometry": { "type": "Polygon", "coordinates": [ [ [ 11.25, -16.875 ], [ 11.25, -22.5 ], [ 16.875, -22.5 ], [ 16.875, -16.875 ], [ 11.25, -16.875 ] ] ] } },
{ "type": "Feature", "properties": { "dggal_gnosis": "4-13-23", "resolution": 4, "center_lat": -19.6875, "center_lon": 19.6875, "avg_edge_len": 605875.73477367463, "cell_area": 367308354088.71289, "cell_perimeter": 2423502.9390946985 }, "geometry": { "type": "Polygon", "coordinates": [ [ [ 16.875, -16.875 ], [ 16.875, -22.5 ], [ 22.5, -22.5 ], [ 22.5, -16.875 ], [ 16.875, -16.875 ] ] ] } },
{ "type": "Feature", "properties": { "dggal_gnosis": "4-13-24", "resolution": 4, "center_lat": -19.6875, "center_lon": 25.3125, "avg_edge_len": 605875.73477367451, "cell_area": 367308354088.7124, "cell_perimeter": 2423502.9390946981 }, "geometry": { "type": "Polygon", "coordinates": [ [ [ 22.5, -16.875 ], [ 22.5, -22.5 ], [ 28.125, -22.5 ], [ 28.125, -16.875 ], [ 22.5, -16.875 ] ] ] } },
{ "type": "Feature", "properties": { "dggal_gnosis": "4-13-25", "resolution": 4, "center_lat": -19.6875, "center_lon": 30.9375, "avg_edge_len": 605875.73477367451, "cell_area": 367308354088.7124, "cell_perimeter": 2423502.9390946981 }, "geometry": { "type": "Polygon", "coordinates": [ [ [ 28.125, -16.875 ], [ 28.125, -22.5 ], [ 33.75, -22.5 ], [ 33.75, -16.875 ], [ 28.125, -16.875 ] ] ] } },
{ "type": "Feature", "properties": { "dggal_gnosis": "4-13-26", "resolution": 4, "center_lat": -19.6875, "center_lon": 36.5625, "avg_edge_len": 605875.73477367463, "cell_area": 367308354088.71289, "cell_perimeter": 2423502.9390946985 }, "geometry": { "type": "Polygon", "coordinates": [ [ [ 33.75, -16.875 ], [ 33.75, -22.5 ], [ 39.375, -22.5 ], [ 39.375, -16.875 ], [ 33.75, -16.875 ] ] ] } },
{ "type": "Feature", "properties": { "dggal_gnosis": "4-13-27", "resolution": 4, "center_lat": -19.6875, "center_lon": 42.1875, "avg_edge_len": 605875.73477367463, "cell_area": 367308354088.71289, "cell_perimeter": 2423502.9390946985 }, "geometry": { "type": "Polygon", "coordinates": [ [ [ 39.375, -16.875 ], [ 39.375, -22.5 ], [ 45.0, -22.5 ], [ 45.0, -16.875 ], [ 39.375, -16.875 ] ] ] } },
{ "type": "Feature", "properties": { "dggal_gnosis": "4-13-28", "resolution": 4, "center_lat": -19.6875, "center_lon": 47.8125, "avg_edge_len": 605875.73477367428, "cell_area": 367308354088.71216, "cell_perimeter": 2423502.9390946971 }, "geometry": { "type": "Polygon", "coordinates": [ [ [ 45.0, -16.875 ], [ 45.0, -22.5 ], [ 50.625, -22.5 ], [ 50.625, -16.875 ], [ 45.0, -16.875 ] ] ] } },
{ "type": "Feature", "properties": { "dggal_gnosis": "4-13-29", "resolution": 4, "center_lat": -19.6875, "center_lon": 53.4375, "avg_edge_len": 605875.73477367428, "cell_area": 367308354088.71216, "cell_perimeter": 2423502.9390946971 }, "geometry": { "type": "Polygon", "coordinates": [ [ [ 50.625, -16.875 ], [ 50.625, -22.5 ], [ 56.25, -22.5 ], [ 56.25, -16.875 ], [ 50.625, -16.875 ] ] ] } },
{ "type": "Feature", "properties": { "dggal_gnosis": "4-13-2A", "resolution": 4, "center_lat": -19.6875, "center_lon": 59.0625, "avg_edge_len": 605875.73477367463, "cell_area": 367308354088.71289, "cell_perimeter": 2423502.9390946985 }, "geometry": { "type": "Polygon", "coordinates": [ [ [ 56.25, -16.875 ], [ 56.25, -22.5 ], [ 61.875, -22.5 ], [ 61.875, -16.875 ], [ 56.25, -16.875 ] ] ] } },
{ "type": "Feature", "properties": { "dggal_gnosis": "4-13-2B", "resolution": 4, "center_lat": -19.6875, "center_lon": 64.6875, "avg_edge_len": 605875.73477367463, "cell_area": 367308354088.71289, "cell_perimeter": 2423502.9390946985 }, "geometry": { "type": "Polygon", "coordinates": [ [ [ 61.875, -16.875 ], [ 61.875, -22.5 ], [ 67.5, -22.5 ], [ 67.5, -16.875 ], [ 61.875, -16.875 ] ] ] } },
{ "type": "Feature", "properties": { "dggal_gnosis": "4-13-2C", "resolution": 4, "center_lat": -19.6875, "center_lon": 70.3125, "avg_edge_len": 605875.73477367545, "cell_area": 367308354088.71362, "cell_perimeter": 2423502.9390947018 }, "geometry": { "type": "Polygon", "coordinates": [ [ [ 67.5, -16.875 ], [ 67.5, -22.5 ], [ 73.125, -22.5 ], [ 73.125, -16.875 ], [ 67.5, -16.875 ] ] ] } },
{ "type": "Feature", "properties": { "dggal_gnosis": "4-13-2D", "resolution": 4, "center_lat": -19.6875, "center_lon": 75.9375, "avg_edge_len": 605875.73477367463, "cell_area": 367308354088.71289, "cell_perimeter": 2423502.9390946985 }, "geometry": { "type": "Polygon", "coordinates": [ [ [ 73.125, -16.875 ], [ 73.125, -22.5 ], [ 78.75, -22.5 ], [ 78.75, -16.875 ], [ 73.125, -16.875 ] ] ] } },
{ "type": "Feature", "properties": { "dggal_gnosis": "4-13-2E", "resolution": 4, "center_lat": -19.6875, "center_lon": 81.5625, "avg_edge_len": 605875.73477367463, "cell_area": 367308354088.71289, "cell_perimeter": 2423502.9390946985 }, "geometry": { "type": "Polygon", "coordinates": [ [ [ 78.75, -16.875 ], [ 78.75, -22.5 ], [ 84.375, -22.5 ], [ 84.375, -16.875 ], [ 78.75, -16.875 ] ] ] } },
{ "type": "Feature", "properties": { "dggal_gnosis": "4-13-2F", "resolution": 4, "center_lat": -19.6875, "center_lon": 87.1875, "avg_edge_len": 605875.73477367463, "cell_area": 367308354088.71289, "cell_perimeter": 2423502.9390946985 }, "geometry": { "type": "Polygon", "coordinates": [ [ [ 84.375, -16.875 ], [ 84.375, -22.5 ], [ 90.0, -22.5 ], [ 90.0, -16.875 ], [ 84.375, -16.875 ] ] ] } },
{ "type": "Feature", "properties": { "dggal_gnosis": "4-13-30", "resolution": 4, "center_lat": -19.6875, "center_lon": 92.8125, "avg_edge_len": 605875.73477367463, "cell_area": 367308354088.71289, "cell_perimeter": 2423502.9390946985 }, "geometry": { "type": "Polygon", "coordinates": [ [ [ 90.0, -16.875 ], [ 90.0, -22.5 ], [ 95.625, -22.5 ], [ 95.625, -16.875 ], [ 90.0, -16.875 ] ] ] } },
{ "type": "Feature", "properties": { "dggal_gnosis": "4-13-31", "resolution": 4, "center_lat": -19.6875, "center_lon": 98.4375, "avg_edge_len": 605875.73477367463, "cell_area": 367308354088.71289, "cell_perimeter": 2423502.9390946985 }, "geometry": { "type": "Polygon", "coordinates": [ [ [ 95.625, -16.875 ], [ 95.625, -22.5 ], [ 101.25, -22.5 ], [ 101.25, -16.875 ], [ 95.625, -16.875 ] ] ] } },
{ "type": "Feature", "properties": { "dggal_gnosis": "4-13-32", "resolution": 4, "center_lat": -19.6875, "center_lon": 104.0625, "avg_edge_len": 605875.73477367545, "cell_area": 367308354088.71362, "cell_perimeter": 2423502.9390947018 }, "geometry": { "type": "Polygon", "coordinates": [ [ [ 101.25, -16.875 ], [ 101.25, -22.5 ], [ 106.875, -22.5 ], [ 106.875, -16.875 ], [ 101.25, -16.875 ] ] ] } },
{ "type": "Feature", "properties": { "dggal_gnosis": "4-13-33", "resolution": 4, "center_lat": -19.6875, "center_lon": 109.6875, "avg_edge_len": 605875.73477367463, "cell_area": 367308354088.71289, "cell_perimeter": 2423502.9390946985 }, "geometry": { "type": "Polygon", "coordinates": [ [ [ 106.875, -16.875 ], [ 106.875, -22.5 ], [ 112.5, -22.5 ], [ 112.5, -16.875 ], [ 106.875, -16.875 ] ] ] } },
{ "type": "Feature", "properties": { "dggal_gnosis": "4-13-34", "resolution": 4, "center_lat": -19.6875, "center_lon": 115.3125, "avg_edge_len": 605875.73477367463, "cell_area": 367308354088.71289, "cell_perimeter": 2423502.9390946985 }, "geometry": { "type": "Polygon", "coordinates": [ [ [ 112.5, -16.875 ], [ 112.5, -22.5 ], [ 118.125, -22.5 ], [ 118.125, -16.875 ], [ 112.5, -16.875 ] ] ] } },
{ "type": "Feature", "properties": { "dggal_gnosis": "4-13-35", "resolution": 4, "center_lat": -19.6875, "center_lon": 120.9375, "avg_edge_len": 605875.73477367545, "cell_area": 367308354088.71362, "cell_perimeter": 2423502.9390947018 }, "geometry": { "type": "Polygon", "coordinates": [ [ [ 118.125, -16.875 ], [ 118.125, -22.5 ], [ 123.75, -22.5 ], [ 123.75, -16.875 ], [ 118.125, -16.875 ] ] ] } },
{ "type": "Feature", "properties": { "dggal_gnosis": "4-13-36", "resolution": 4, "center_lat": -19.6875, "center_lon": 126.5625, "avg_edge_len": 605875.73477367463, "cell_area": 367308354088.71289, "cell_perimeter": 2423502.9390946985 }, "geometry": { "type": "Polygon", "coordinates": [ [ [ 123.75, -16.875 ], [ 123.75, -22.5 ], [ 129.375, -22.5 ], [ 129.375, -16.875 ], [ 123.75, -16.875 ] ] ] } },
{ "type": "Feature", "properties": { "dggal_gnosis": "4-13-37", "resolution": 4, "center_lat": -19.6875, "center_lon": 132.1875, "avg_edge_len": 605875.73477367463, "cell_area": 367308354088.71289, "cell_perimeter": 2423502.9390946985 }, "geometry": { "type": "Polygon", "coordinates": [ [ [ 129.375, -16.875 ], [ 129.375, -22.5 ], [ 135.0, -22.5 ], [ 135.0, -16.875 ], [ 129.375, -16.875 ] ] ] } },
{ "type": "Feature", "properties": { "dggal_gnosis": "4-13-38", "resolution": 4, "center_lat": -19.6875, "center_lon": 137.8125, "avg_edge_len": 605875.73477367463, "cell_area": 367308354088.71289, "cell_perimeter": 2423502.9390946985 }, "geometry": { "type": "Polygon", "coordinates": [ [ [ 135.0, -16.875 ], [ 135.0, -22.5 ], [ 140.625, -22.5 ], [ 140.625, -16.875 ], [ 135.0, -16.875 ] ] ] } },
{ "type": "Feature", "properties": { "dggal_gnosis": "4-13-39", "resolution": 4, "center_lat": -19.6875, "center_lon": 143.4375, "avg_edge_len": 605875.73477367614, "cell_area": 367308354088.71509, "cell_perimeter": 2423502.9390947046 }, "geometry": { "type": "Polygon", "coordinates": [ [ [ 140.625, -16.875 ], [ 140.625, -22.5 ], [ 146.25, -22.5 ], [ 146.25, -16.875 ], [ 140.625, -16.875 ] ] ] } },
{ "type": "Feature", "properties": { "dggal_gnosis": "4-13-3A", "resolution": 4, "center_lat": -19.6875, "center_lon": 149.0625, "avg_edge_len": 605875.73477367463, "cell_area": 367308354088.71289, "cell_perimeter": 2423502.9390946985 }, "geometry": { "type": "Polygon", "coordinates": [ [ [ 146.25, -16.875 ], [ 146.25, -22.5 ], [ 151.875, -22.5 ], [ 151.875, -16.875 ], [ 146.25, -16.875 ] ] ] } },
{ "type": "Feature", "properties": { "dggal_gnosis": "4-13-3B", "resolution": 4, "center_lat": -19.6875, "center_lon": 154.6875, "avg_edge_len": 605875.73477367463, "cell_area": 367308354088.71289, "cell_perimeter": 2423502.9390946985 }, "geometry": { "type": "Polygon", "coordinates": [ [ [ 151.875, -16.875 ], [ 151.875, -22.5 ], [ 157.5, -22.5 ], [ 157.5, -16.875 ], [ 151.875, -16.875 ] ] ] } },
{ "type": "Feature", "properties": { "dggal_gnosis": "4-13-3C", "resolution": 4, "center_lat": -19.6875, "center_lon": 160.3125, "avg_edge_len": 605875.73477367463, "cell_area": 367308354088.71289, "cell_perimeter": 2423502.9390946985 }, "geometry": { "type": "Polygon", "coordinates": [ [ [ 157.5, -16.875 ], [ 157.5, -22.5 ], [ 163.125, -22.5 ], [ 163.125, -16.875 ], [ 157.5, -16.875 ] ] ] } },
{ "type": "Feature", "properties": { "dggal_gnosis": "4-13-3D", "resolution": 4, "center_lat": -19.6875, "center_lon": 165.9375, "avg_edge_len": 605875.73477367463, "cell_area": 367308354088.71289, "cell_perimeter": 2423502.9390946985 }, "geometry": { "type": "Polygon", "coordinates": [ [ [ 163.125, -16.875 ], [ 163.125, -22.5 ], [ 168.75, -22.5 ], [ 168.75, -16.875 ], [ 163.125, -16.875 ] ] ] } },
{ "type": "Feature", "properties": { "dggal_gnosis": "4-13-3E", "resolution": 4, "center_lat": -19.6875, "center_lon": 171.5625, "avg_edge_len": 605875.73477367463, "cell_area": 367308354088.71289, "cell_perimeter": 2423502.9390946985 }, "geometry": { "type": "Polygon", "coordinates": [ [ [ 168.75, -16.875 ], [ 168.75, -22.5 ], [ 174.375, -22.5 ], [ 174.375, -16.875 ], [ 168.75, -16.875 ] ] ] } },
{ "type": "Feature", "properties": { "dggal_gnosis": "4-13-3F", "resolution": 4, "center_lat": -19.6875, "center_lon": 177.1875, "avg_edge_len": 605875.73477367463, "cell_area": 367308354088.71289, "cell_perimeter": 2423502.9390946985 }, "geometry": { "type": "Polygon", "coordinates": [ [ [ 174.375, -16.875 ], [ 174.375, -22.5 ], [ 180.0, -22.5 ], [ 180.0, -16.875 ], [ 174.375, -16.875 ] ] ] } },
{ "type": "Feature", "properties": { "dggal_gnosis": "4-14-0", "resolution": 4, "center_lat": -25.3125, "center_lon": -177.1875, "avg_edge_len": 594401.92492869182, "cell_area": 352925386020.42578, "cell_perimeter": 2377607.6997147673 }, "geometry": { "type": "Polygon", "coordinates": [ [ [ -180.0, -22.5 ], [ -180.0, -28.125 ], [ -174.375, -28.125 ], [ -174.375, -22.5 ], [ -180.0, -22.5 ] ] ] } },
{ "type": "Feature", "properties": { "dggal_gnosis": "4-14-1", "resolution": 4, "center_lat": -25.3125, "center_lon": -171.5625, "avg_edge_len": 594401.92492869042, "cell_area": 352925386020.42407, "cell_perimeter": 2377607.6997147617 }, "geometry": { "type": "Polygon", "coordinates": [ [ [ -174.375, -22.5 ], [ -174.375, -28.125 ], [ -168.75, -28.125 ], [ -168.75, -22.5 ], [ -174.375, -22.5 ] ] ] } },
{ "type": "Feature", "properties": { "dggal_gnosis": "4-14-2", "resolution": 4, "center_lat": -25.3125, "center_lon": -165.9375, "avg_edge_len": 594401.92492869042, "cell_area": 352925386020.42407, "cell_perimeter": 2377607.6997147617 }, "geometry": { "type": "Polygon", "coordinates": [ [ [ -168.75, -22.5 ], [ -168.75, -28.125 ], [ -163.125, -28.125 ], [ -163.125, -22.5 ], [ -168.75, -22.5 ] ] ] } },
{ "type": "Feature", "properties": { "dggal_gnosis": "4-14-3", "resolution": 4, "center_lat": -25.3125, "center_lon": -160.3125, "avg_edge_len": 594401.92492869042, "cell_area": 352925386020.42407, "cell_perimeter": 2377607.6997147617 }, "geometry": { "type": "Polygon", "coordinates": [ [ [ -163.125, -22.5 ], [ -163.125, -28.125 ], [ -157.5, -28.125 ], [ -157.5, -22.5 ], [ -163.125, -22.5 ] ] ] } },
{ "type": "Feature", "properties": { "dggal_gnosis": "4-14-4", "resolution": 4, "center_lat": -25.3125, "center_lon": -154.6875, "avg_edge_len": 594401.92492869042, "cell_area": 352925386020.42407, "cell_perimeter": 2377607.6997147617 }, "geometry": { "type": "Polygon", "coordinates": [ [ [ -157.5, -22.5 ], [ -157.5, -28.125 ], [ -151.875, -28.125 ], [ -151.875, -22.5 ], [ -157.5, -22.5 ] ] ] } },
{ "type": "Feature", "properties": { "dggal_gnosis": "4-14-5", "resolution": 4, "center_lat": -25.3125, "center_lon": -149.0625, "avg_edge_len": 594401.92492869042, "cell_area": 352925386020.42407, "cell_perimeter": 2377607.6997147617 }, "geometry": { "type": "Polygon", "coordinates": [ [ [ -151.875, -22.5 ], [ -151.875, -28.125 ], [ -146.25, -28.125 ], [ -146.25, -22.5 ], [ -151.875, -22.5 ] ] ] } },
{ "type": "Feature", "properties": { "dggal_gnosis": "4-14-6", "resolution": 4, "center_lat": -25.3125, "center_lon": -143.4375, "avg_edge_len": 594401.92492869182, "cell_area": 352925386020.42578, "cell_perimeter": 2377607.6997147673 }, "geometry": { "type": "Polygon", "coordinates": [ [ [ -146.25, -22.5 ], [ -146.25, -28.125 ], [ -140.625, -28.125 ], [ -140.625, -22.5 ], [ -146.25, -22.5 ] ] ] } },
{ "type": "Feature", "properties": { "dggal_gnosis": "4-14-7", "resolution": 4, "center_lat": -25.3125, "center_lon": -137.8125, "avg_edge_len": 594401.92492869042, "cell_area": 352925386020.42407, "cell_perimeter": 2377607.6997147617 }, "geometry": { "type": "Polygon", "coordinates": [ [ [ -140.625, -22.5 ], [ -140.625, -28.125 ], [ -135.0, -28.125 ], [ -135.0, -22.5 ], [ -140.625, -22.5 ] ] ] } },
{ "type": "Feature", "properties": { "dggal_gnosis": "4-14-8", "resolution": 4, "center_lat": -25.3125, "center_lon": -132.1875, "avg_edge_len": 594401.92492869042, "cell_area": 352925386020.42407, "cell_perimeter": 2377607.6997147617 }, "geometry": { "type": "Polygon", "coordinates": [ [ [ -135.0, -22.5 ], [ -135.0, -28.125 ], [ -129.375, -28.125 ], [ -129.375, -22.5 ], [ -135.0, -22.5 ] ] ] } },
{ "type": "Feature", "properties": { "dggal_gnosis": "4-14-9", "resolution": 4, "center_lat": -25.3125, "center_lon": -126.5625, "avg_edge_len": 594401.92492869042, "cell_area": 352925386020.42407, "cell_perimeter": 2377607.6997147617 }, "geometry": { "type": "Polygon", "coordinates": [ [ [ -129.375, -22.5 ], [ -129.375, -28.125 ], [ -123.75, -28.125 ], [ -123.75, -22.5 ], [ -129.375, -22.5 ] ] ] } },
{ "type": "Feature", "properties": { "dggal_gnosis": "4-14-A", "resolution": 4, "center_lat": -25.3125, "center_lon": -120.9375, "avg_edge_len": 594401.92492869042, "cell_area": 352925386020.42407, "cell_perimeter": 2377607.6997147617 }, "geometry": { "type": "Polygon", "coordinates": [ [ [ -123.75, -22.5 ], [ -123.75, -28.125 ], [ -118.125, -28.125 ], [ -118.125, -22.5 ], [ -123.75, -22.5 ] ] ] } },
{ "type": "Feature", "properties": { "dggal_gnosis": "4-14-B", "resolution": 4, "center_lat": -25.3125, "center_lon": -115.3125, "avg_edge_len": 594401.92492869042, "cell_area": 352925386020.42407, "cell_perimeter": 2377607.6997147617 }, "geometry": { "type": "Polygon", "coordinates": [ [ [ -118.125, -22.5 ], [ -118.125, -28.125 ], [ -112.5, -28.125 ], [ -112.5, -22.5 ], [ -118.125, -22.5 ] ] ] } },
{ "type": "Feature", "properties": { "dggal_gnosis": "4-14-C", "resolution": 4, "center_lat": -25.3125, "center_lon": -109.6875, "avg_edge_len": 594401.92492869042, "cell_area": 352925386020.42407, "cell_perimeter": 2377607.6997147617 }, "geometry": { "type": "Polygon", "coordinates": [ [ [ -112.5, -22.5 ], [ -112.5, -28.125 ], [ -106.875, -28.125 ], [ -106.875, -22.5 ], [ -112.5, -22.5 ] ] ] } },
{ "type": "Feature", "properties": { "dggal_gnosis": "4-14-D", "resolution": 4, "center_lat": -25.3125, "center_lon": -104.0625, "avg_edge_len": 594401.92492869112, "cell_area": 352925386020.4248, "cell_perimeter": 2377607.6997147645 }, "geometry": { "type": "Polygon", "coordinates": [ [ [ -106.875, -22.5 ], [ -106.875, -28.125 ], [ -101.25, -28.125 ], [ -101.25, -22.5 ], [ -106.875, -22.5 ] ] ] } },
{ "type": "Feature", "properties": { "dggal_gnosis": "4-14-E", "resolution": 4, "center_lat": -25.3125, "center_lon": -98.4375, "avg_edge_len": 594401.92492868972, "cell_area": 352925386020.4231, "cell_perimeter": 2377607.6997147589 }, "geometry": { "type": "Polygon", "coordinates": [ [ [ -101.25, -22.5 ], [ -101.25, -28.125 ], [ -95.625, -28.125 ], [ -95.625, -22.5 ], [ -101.25, -22.5 ] ] ] } },
{ "type": "Feature", "properties": { "dggal_gnosis": "4-14-F", "resolution": 4, "center_lat": -25.3125, "center_lon": -92.8125, "avg_edge_len": 594401.92492869042, "cell_area": 352925386020.42407, "cell_perimeter": 2377607.6997147617 }, "geometry": { "type": "Polygon", "coordinates": [ [ [ -95.625, -22.5 ], [ -95.625, -28.125 ], [ -90.0, -28.125 ], [ -90.0, -22.5 ], [ -95.625, -22.5 ] ] ] } },
{ "type": "Feature", "properties": { "dggal_gnosis": "4-14-10", "resolution": 4, "center_lat": -25.3125, "center_lon": -87.1875, "avg_edge_len": 594401.92492869112, "cell_area": 352925386020.4248, "cell_perimeter": 2377607.6997147645 }, "geometry": { "type": "Polygon", "coordinates": [ [ [ -90.0, -22.5 ], [ -90.0, -28.125 ], [ -84.375, -28.125 ], [ -84.375, -22.5 ], [ -90.0, -22.5 ] ] ] } },
{ "type": "Feature", "properties": { "dggal_gnosis": "4-14-11", "resolution": 4, "center_lat": -25.3125, "center_lon": -81.5625, "avg_edge_len": 594401.92492869042, "cell_area": 352925386020.42407, "cell_perimeter": 2377607.6997147617 }, "geometry": { "type": "Polygon", "coordinates": [ [ [ -84.375, -22.5 ], [ -84.375, -28.125 ], [ -78.75, -28.125 ], [ -78.75, -22.5 ], [ -84.375, -22.5 ] ] ] } },
{ "type": "Feature", "properties": { "dggal_gnosis": "4-14-12", "resolution": 4, "center_lat": -25.3125, "center_lon": -75.9375, "avg_edge_len": 594401.92492868972, "cell_area": 352925386020.4231, "cell_perimeter": 2377607.6997147589 }, "geometry": { "type": "Polygon", "coordinates": [ [ [ -78.75, -22.5 ], [ -78.75, -28.125 ], [ -73.125, -28.125 ], [ -73.125, -22.5 ], [ -78.75, -22.5 ] ] ] } },
{ "type": "Feature", "properties": { "dggal_gnosis": "4-14-13", "resolution": 4, "center_lat": -25.3125, "center_lon": -70.3125, "avg_edge_len": 594401.92492869112, "cell_area": 352925386020.4248, "cell_perimeter": 2377607.6997147645 }, "geometry": { "type": "Polygon", "coordinates": [ [ [ -73.125, -22.5 ], [ -73.125, -28.125 ], [ -67.5, -28.125 ], [ -67.5, -22.5 ], [ -73.125, -22.5 ] ] ] } },
{ "type": "Feature", "properties": { "dggal_gnosis": "4-14-14", "resolution": 4, "center_lat": -25.3125, "center_lon": -64.6875, "avg_edge_len": 594401.92492869042, "cell_area": 352925386020.42407, "cell_perimeter": 2377607.6997147617 }, "geometry": { "type": "Polygon", "coordinates": [ [ [ -67.5, -22.5 ], [ -67.5, -28.125 ], [ -61.875, -28.125 ], [ -61.875, -22.5 ], [ -67.5, -22.5 ] ] ] } },
{ "type": "Feature", "properties": { "dggal_gnosis": "4-14-15", "resolution": 4, "center_lat": -25.3125, "center_lon": -59.0625, "avg_edge_len": 594401.92492869042, "cell_area": 352925386020.42407, "cell_perimeter": 2377607.6997147617 }, "geometry": { "type": "Polygon", "coordinates": [ [ [ -61.875, -22.5 ], [ -61.875, -28.125 ], [ -56.25, -28.125 ], [ -56.25, -22.5 ], [ -61.875, -22.5 ] ] ] } },
{ "type": "Feature", "properties": { "dggal_gnosis": "4-14-16", "resolution": 4, "center_lat": -25.3125, "center_lon": -53.4375, "avg_edge_len": 594401.92492869042, "cell_area": 352925386020.42407, "cell_perimeter": 2377607.6997147617 }, "geometry": { "type": "Polygon", "coordinates": [ [ [ -56.25, -22.5 ], [ -56.25, -28.125 ], [ -50.625, -28.125 ], [ -50.625, -22.5 ], [ -56.25, -22.5 ] ] ] } },
{ "type": "Feature", "properties": { "dggal_gnosis": "4-14-17", "resolution": 4, "center_lat": -25.3125, "center_lon": -47.8125, "avg_edge_len": 594401.92492869007, "cell_area": 352925386020.42358, "cell_perimeter": 2377607.6997147603 }, "geometry": { "type": "Polygon", "coordinates": [ [ [ -50.625, -22.5 ], [ -50.625, -28.125 ], [ -45.0, -28.125 ], [ -45.0, -22.5 ], [ -50.625, -22.5 ] ] ] } },
{ "type": "Feature", "properties": { "dggal_gnosis": "4-14-18", "resolution": 4, "center_lat": -25.3125, "center_lon": -42.1875, "avg_edge_len": 594401.92492869042, "cell_area": 352925386020.42407, "cell_perimeter": 2377607.6997147617 }, "geometry": { "type": "Polygon", "coordinates": [ [ [ -45.0, -22.5 ], [ -45.0, -28.125 ], [ -39.375, -28.125 ], [ -39.375, -22.5 ], [ -45.0, -22.5 ] ] ] } },
{ "type": "Feature", "properties": { "dggal_gnosis": "4-14-19", "resolution": 4, "center_lat": -25.3125, "center_lon": -36.5625, "avg_edge_len": 594401.92492869042, "cell_area": 352925386020.42407, "cell_perimeter": 2377607.6997147617 }, "geometry": { "type": "Polygon", "coordinates": [ [ [ -39.375, -22.5 ], [ -39.375, -28.125 ], [ -33.75, -28.125 ], [ -33.75, -22.5 ], [ -39.375, -22.5 ] ] ] } },
{ "type": "Feature", "properties": { "dggal_gnosis": "4-14-1A", "resolution": 4, "center_lat": -25.3125, "center_lon": -30.9375, "avg_edge_len": 594401.92492869031, "cell_area": 352925386020.42383, "cell_perimeter": 2377607.6997147612 }, "geometry": { "type": "Polygon", "coordinates": [ [ [ -33.75, -22.5 ], [ -33.75, -28.125 ], [ -28.125, -28.125 ], [ -28.125, -22.5 ], [ -33.75, -22.5 ] ] ] } },
{ "type": "Feature", "properties": { "dggal_gnosis": "4-14-1B", "resolution": 4, "center_lat": -25.3125, "center_lon": -25.3125, "avg_edge_len": 594401.92492869042, "cell_area": 352925386020.42407, "cell_perimeter": 2377607.6997147617 }, "geometry": { "type": "Polygon", "coordinates": [ [ [ -28.125, -22.5 ], [ -28.125, -28.125 ], [ -22.5, -28.125 ], [ -22.5, -22.5 ], [ -28.125, -22.5 ] ] ] } },
{ "type": "Feature", "properties": { "dggal_gnosis": "4-14-1C", "resolution": 4, "center_lat": -25.3125, "center_lon": -19.6875, "avg_edge_len": 594401.92492869042, "cell_area": 352925386020.42407, "cell_perimeter": 2377607.6997147617 }, "geometry": { "type": "Polygon", "coordinates": [ [ [ -22.5, -22.5 ], [ -22.5, -28.125 ], [ -16.875, -28.125 ], [ -16.875, -22.5 ], [ -22.5, -22.5 ] ] ] } },
{ "type": "Feature", "properties": { "dggal_gnosis": "4-14-1D", "resolution": 4, "center_lat": -25.3125, "center_lon": -14.0625, "avg_edge_len": 594401.92492869031, "cell_area": 352925386020.42383, "cell_perimeter": 2377607.6997147612 }, "geometry": { "type": "Polygon", "coordinates": [ [ [ -16.875, -22.5 ], [ -16.875, -28.125 ], [ -11.25, -28.125 ], [ -11.25, -22.5 ], [ -16.875, -22.5 ] ] ] } },
{ "type": "Feature", "properties": { "dggal_gnosis": "4-14-1E", "resolution": 4, "center_lat": -25.3125, "center_lon": -8.4375, "avg_edge_len": 594401.92492869031, "cell_area": 352925386020.42358, "cell_perimeter": 2377607.6997147612 }, "geometry": { "type": "Polygon", "coordinates": [ [ [ -11.25, -22.5 ], [ -11.25, -28.125 ], [ -5.625, -28.125 ], [ -5.625, -22.5 ], [ -11.25, -22.5 ] ] ] } },
{ "type": "Feature", "properties": { "dggal_gnosis": "4-14-1F", "resolution": 4, "center_lat": -25.3125, "center_lon": -2.8125, "avg_edge_len": 594401.92492869031, "cell_area": 352925386020.42358, "cell_perimeter": 2377607.6997147612 }, "geometry": { "type": "Polygon", "coordinates": [ [ [ -5.625, -22.5 ], [ -5.625, -28.125 ], [ -0.0, -28.125 ], [ -0.0, -22.5 ], [ -5.625, -22.5 ] ] ] } },
{ "type": "Feature", "properties": { "dggal_gnosis": "4-14-20", "resolution": 4, "center_lat": -25.3125, "center_lon": 2.8125, "avg_edge_len": 594401.92492869031, "cell_area": 352925386020.42358, "cell_perimeter": 2377607.6997147612 }, "geometry": { "type": "Polygon", "coordinates": [ [ [ 0.0, -22.5 ], [ 0.0, -28.125 ], [ 5.625, -28.125 ], [ 5.625, -22.5 ], [ 0.0, -22.5 ] ] ] } },
{ "type": "Feature", "properties": { "dggal_gnosis": "4-14-21", "resolution": 4, "center_lat": -25.3125, "center_lon": 8.4375, "avg_edge_len": 594401.92492869031, "cell_area": 352925386020.42383, "cell_perimeter": 2377607.6997147612 }, "geometry": { "type": "Polygon", "coordinates": [ [ [ 5.625, -22.5 ], [ 5.625, -28.125 ], [ 11.25, -28.125 ], [ 11.25, -22.5 ], [ 5.625, -22.5 ] ] ] } },
{ "type": "Feature", "properties": { "dggal_gnosis": "4-14-22", "resolution": 4, "center_lat": -25.3125, "center_lon": 14.0625, "avg_edge_len": 594401.92492869031, "cell_area": 352925386020.42358, "cell_perimeter": 2377607.6997147612 }, "geometry": { "type": "Polygon", "coordinates": [ [ [ 11.25, -22.5 ], [ 11.25, -28.125 ], [ 16.875, -28.125 ], [ 16.875, -22.5 ], [ 11.25, -22.5 ] ] ] } },
{ "type": "Feature", "properties": { "dggal_gnosis": "4-14-23", "resolution": 4, "center_lat": -25.3125, "center_lon": 19.6875, "avg_edge_len": 594401.92492869042, "cell_area": 352925386020.42407, "cell_perimeter": 2377607.6997147617 }, "geometry": { "type": "Polygon", "coordinates": [ [ [ 16.875, -22.5 ], [ 16.875, -28.125 ], [ 22.5, -28.125 ], [ 22.5, -22.5 ], [ 16.875, -22.5 ] ] ] } },
{ "type": "Feature", "properties": { "dggal_gnosis": "4-14-24", "resolution": 4, "center_lat": -25.3125, "center_lon": 25.3125, "avg_edge_len": 594401.92492869031, "cell_area": 352925386020.42383, "cell_perimeter": 2377607.6997147612 }, "geometry": { "type": "Polygon", "coordinates": [ [ [ 22.5, -22.5 ], [ 22.5, -28.125 ], [ 28.125, -28.125 ], [ 28.125, -22.5 ], [ 22.5, -22.5 ] ] ] } },
{ "type": "Feature", "properties": { "dggal_gnosis": "4-14-25", "resolution": 4, "center_lat": -25.3125, "center_lon": 30.9375, "avg_edge_len": 594401.92492869031, "cell_area": 352925386020.42383, "cell_perimeter": 2377607.6997147612 }, "geometry": { "type": "Polygon", "coordinates": [ [ [ 28.125, -22.5 ], [ 28.125, -28.125 ], [ 33.75, -28.125 ], [ 33.75, -22.5 ], [ 28.125, -22.5 ] ] ] } },
{ "type": "Feature", "properties": { "dggal_gnosis": "4-14-26", "resolution": 4, "center_lat": -25.3125, "center_lon": 36.5625, "avg_edge_len": 594401.92492869042, "cell_area": 352925386020.42407, "cell_perimeter": 2377607.6997147617 }, "geometry": { "type": "Polygon", "coordinates": [ [ [ 33.75, -22.5 ], [ 33.75, -28.125 ], [ 39.375, -28.125 ], [ 39.375, -22.5 ], [ 33.75, -22.5 ] ] ] } },
{ "type": "Feature", "properties": { "dggal_gnosis": "4-14-27", "resolution": 4, "center_lat": -25.3125, "center_lon": 42.1875, "avg_edge_len": 594401.92492869042, "cell_area": 352925386020.42407, "cell_perimeter": 2377607.6997147617 }, "geometry": { "type": "Polygon", "coordinates": [ [ [ 39.375, -22.5 ], [ 39.375, -28.125 ], [ 45.0, -28.125 ], [ 45.0, -22.5 ], [ 39.375, -22.5 ] ] ] } },
{ "type": "Feature", "properties": { "dggal_gnosis": "4-14-28", "resolution": 4, "center_lat": -25.3125, "center_lon": 47.8125, "avg_edge_len": 594401.92492869007, "cell_area": 352925386020.42358, "cell_perimeter": 2377607.6997147603 }, "geometry": { "type": "Polygon", "coordinates": [ [ [ 45.0, -22.5 ], [ 45.0, -28.125 ], [ 50.625, -28.125 ], [ 50.625, -22.5 ], [ 45.0, -22.5 ] ] ] } },
{ "type": "Feature", "properties": { "dggal_gnosis": "4-14-29", "resolution": 4, "center_lat": -25.3125, "center_lon": 53.4375, "avg_edge_len": 594401.92492869007, "cell_area": 352925386020.42358, "cell_perimeter": 2377607.6997147603 }, "geometry": { "type": "Polygon", "coordinates": [ [ [ 50.625, -22.5 ], [ 50.625, -28.125 ], [ 56.25, -28.125 ], [ 56.25, -22.5 ], [ 50.625, -22.5 ] ] ] } },
{ "type": "Feature", "properties": { "dggal_gnosis": "4-14-2A", "resolution": 4, "center_lat": -25.3125, "center_lon": 59.0625, "avg_edge_len": 594401.92492869042, "cell_area": 352925386020.42407, "cell_perimeter": 2377607.6997147617 }, "geometry": { "type": "Polygon", "coordinates": [ [ [ 56.25, -22.5 ], [ 56.25, -28.125 ], [ 61.875, -28.125 ], [ 61.875, -22.5 ], [ 56.25, -22.5 ] ] ] } },
{ "type": "Feature", "properties": { "dggal_gnosis": "4-14-2B", "resolution": 4, "center_lat": -25.3125, "center_lon": 64.6875, "avg_edge_len": 594401.92492869042, "cell_area": 352925386020.42407, "cell_perimeter": 2377607.6997147617 }, "geometry": { "type": "Polygon", "coordinates": [ [ [ 61.875, -22.5 ], [ 61.875, -28.125 ], [ 67.5, -28.125 ], [ 67.5, -22.5 ], [ 61.875, -22.5 ] ] ] } },
{ "type": "Feature", "properties": { "dggal_gnosis": "4-14-2C", "resolution": 4, "center_lat": -25.3125, "center_lon": 70.3125, "avg_edge_len": 594401.92492869112, "cell_area": 352925386020.4248, "cell_perimeter": 2377607.6997147645 }, "geometry": { "type": "Polygon", "coordinates": [ [ [ 67.5, -22.5 ], [ 67.5, -28.125 ], [ 73.125, -28.125 ], [ 73.125, -22.5 ], [ 67.5, -22.5 ] ] ] } },
{ "type": "Feature", "properties": { "dggal_gnosis": "4-14-2D", "resolution": 4, "center_lat": -25.3125, "center_lon": 75.9375, "avg_edge_len": 594401.92492869042, "cell_area": 352925386020.42407, "cell_perimeter": 2377607.6997147617 }, "geometry": { "type": "Polygon", "coordinates": [ [ [ 73.125, -22.5 ], [ 73.125, -28.125 ], [ 78.75, -28.125 ], [ 78.75, -22.5 ], [ 73.125, -22.5 ] ] ] } },
{ "type": "Feature", "properties": { "dggal_gnosis": "4-14-2E", "resolution": 4, "center_lat": -25.3125, "center_lon": 81.5625, "avg_edge_len": 594401.92492869042, "cell_area": 352925386020.42407, "cell_perimeter": 2377607.6997147617 }, "geometry": { "type": "Polygon", "coordinates": [ [ [ 78.75, -22.5 ], [ 78.75, -28.125 ], [ 84.375, -28.125 ], [ 84.375, -22.5 ], [ 78.75, -22.5 ] ] ] } },
{ "type": "Feature", "properties": { "dggal_gnosis": "4-14-2F", "resolution": 4, "center_lat": -25.3125, "center_lon": 87.1875, "avg_edge_len": 594401.92492869042, "cell_area": 352925386020.42407, "cell_perimeter": 2377607.6997147617 }, "geometry": { "type": "Polygon", "coordinates": [ [ [ 84.375, -22.5 ], [ 84.375, -28.125 ], [ 90.0, -28.125 ], [ 90.0, -22.5 ], [ 84.375, -22.5 ] ] ] } },
{ "type": "Feature", "properties": { "dggal_gnosis": "4-14-30", "resolution": 4, "center_lat": -25.3125, "center_lon": 92.8125, "avg_edge_len": 594401.92492869042, "cell_area": 352925386020.42407, "cell_perimeter": 2377607.6997147617 }, "geometry": { "type": "Polygon", "coordinates": [ [ [ 90.0, -22.5 ], [ 90.0, -28.125 ], [ 95.625, -28.125 ], [ 95.625, -22.5 ], [ 90.0, -22.5 ] ] ] } },
{ "type": "Feature", "properties": { "dggal_gnosis": "4-14-31", "resolution": 4, "center_lat": -25.3125, "center_lon": 98.4375, "avg_edge_len": 594401.92492869042, "cell_area": 352925386020.42407, "cell_perimeter": 2377607.6997147617 }, "geometry": { "type": "Polygon", "coordinates": [ [ [ 95.625, -22.5 ], [ 95.625, -28.125 ], [ 101.25, -28.125 ], [ 101.25, -22.5 ], [ 95.625, -22.5 ] ] ] } },
{ "type": "Feature", "properties": { "dggal_gnosis": "4-14-32", "resolution": 4, "center_lat": -25.3125, "center_lon": 104.0625, "avg_edge_len": 594401.92492869112, "cell_area": 352925386020.4248, "cell_perimeter": 2377607.6997147645 }, "geometry": { "type": "Polygon", "coordinates": [ [ [ 101.25, -22.5 ], [ 101.25, -28.125 ], [ 106.875, -28.125 ], [ 106.875, -22.5 ], [ 101.25, -22.5 ] ] ] } },
{ "type": "Feature", "properties": { "dggal_gnosis": "4-14-33", "resolution": 4, "center_lat": -25.3125, "center_lon": 109.6875, "avg_edge_len": 594401.92492869042, "cell_area": 352925386020.42407, "cell_perimeter": 2377607.6997147617 }, "geometry": { "type": "Polygon", "coordinates": [ [ [ 106.875, -22.5 ], [ 106.875, -28.125 ], [ 112.5, -28.125 ], [ 112.5, -22.5 ], [ 106.875, -22.5 ] ] ] } },
{ "type": "Feature", "properties": { "dggal_gnosis": "4-14-34", "resolution": 4, "center_lat": -25.3125, "center_lon": 115.3125, "avg_edge_len": 594401.92492869042, "cell_area": 352925386020.42407, "cell_perimeter": 2377607.6997147617 }, "geometry": { "type": "Polygon", "coordinates": [ [ [ 112.5, -22.5 ], [ 112.5, -28.125 ], [ 118.125, -28.125 ], [ 118.125, -22.5 ], [ 112.5, -22.5 ] ] ] } },
{ "type": "Feature", "properties": { "dggal_gnosis": "4-14-35", "resolution": 4, "center_lat": -25.3125, "center_lon": 120.9375, "avg_edge_len": 594401.92492869112, "cell_area": 352925386020.4248, "cell_perimeter": 2377607.6997147645 }, "geometry": { "type": "Polygon", "coordinates": [ [ [ 118.125, -22.5 ], [ 118.125, -28.125 ], [ 123.75, -28.125 ], [ 123.75, -22.5 ], [ 118.125, -22.5 ] ] ] } },
{ "type": "Feature", "properties": { "dggal_gnosis": "4-14-36", "resolution": 4, "center_lat": -25.3125, "center_lon": 126.5625, "avg_edge_len": 594401.92492869042, "cell_area": 352925386020.42407, "cell_perimeter": 2377607.6997147617 }, "geometry": { "type": "Polygon", "coordinates": [ [ [ 123.75, -22.5 ], [ 123.75, -28.125 ], [ 129.375, -28.125 ], [ 129.375, -22.5 ], [ 123.75, -22.5 ] ] ] } },
{ "type": "Feature", "properties": { "dggal_gnosis": "4-14-37", "resolution": 4, "center_lat": -25.3125, "center_lon": 132.1875, "avg_edge_len": 594401.92492869042, "cell_area": 352925386020.42407, "cell_perimeter": 2377607.6997147617 }, "geometry": { "type": "Polygon", "coordinates": [ [ [ 129.375, -22.5 ], [ 129.375, -28.125 ], [ 135.0, -28.125 ], [ 135.0, -22.5 ], [ 129.375, -22.5 ] ] ] } },
{ "type": "Feature", "properties": { "dggal_gnosis": "4-14-38", "resolution": 4, "center_lat": -25.3125, "center_lon": 137.8125, "avg_edge_len": 594401.92492869042, "cell_area": 352925386020.42407, "cell_perimeter": 2377607.6997147617 }, "geometry": { "type": "Polygon", "coordinates": [ [ [ 135.0, -22.5 ], [ 135.0, -28.125 ], [ 140.625, -28.125 ], [ 140.625, -22.5 ], [ 135.0, -22.5 ] ] ] } },
{ "type": "Feature", "properties": { "dggal_gnosis": "4-14-39", "resolution": 4, "center_lat": -25.3125, "center_lon": 143.4375, "avg_edge_len": 594401.92492869182, "cell_area": 352925386020.42578, "cell_perimeter": 2377607.6997147673 }, "geometry": { "type": "Polygon", "coordinates": [ [ [ 140.625, -22.5 ], [ 140.625, -28.125 ], [ 146.25, -28.125 ], [ 146.25, -22.5 ], [ 140.625, -22.5 ] ] ] } },
{ "type": "Feature", "properties": { "dggal_gnosis": "4-14-3A", "resolution": 4, "center_lat": -25.3125, "center_lon": 149.0625, "avg_edge_len": 594401.92492869042, "cell_area": 352925386020.42407, "cell_perimeter": 2377607.6997147617 }, "geometry": { "type": "Polygon", "coordinates": [ [ [ 146.25, -22.5 ], [ 146.25, -28.125 ], [ 151.875, -28.125 ], [ 151.875, -22.5 ], [ 146.25, -22.5 ] ] ] } },
{ "type": "Feature", "properties": { "dggal_gnosis": "4-14-3B", "resolution": 4, "center_lat": -25.3125, "center_lon": 154.6875, "avg_edge_len": 594401.92492869042, "cell_area": 352925386020.42407, "cell_perimeter": 2377607.6997147617 }, "geometry": { "type": "Polygon", "coordinates": [ [ [ 151.875, -22.5 ], [ 151.875, -28.125 ], [ 157.5, -28.125 ], [ 157.5, -22.5 ], [ 151.875, -22.5 ] ] ] } },
{ "type": "Feature", "properties": { "dggal_gnosis": "4-14-3C", "resolution": 4, "center_lat": -25.3125, "center_lon": 160.3125, "avg_edge_len": 594401.92492869042, "cell_area": 352925386020.42407, "cell_perimeter": 2377607.6997147617 }, "geometry": { "type": "Polygon", "coordinates": [ [ [ 157.5, -22.5 ], [ 157.5, -28.125 ], [ 163.125, -28.125 ], [ 163.125, -22.5 ], [ 157.5, -22.5 ] ] ] } },
{ "type": "Feature", "properties": { "dggal_gnosis": "4-14-3D", "resolution": 4, "center_lat": -25.3125, "center_lon": 165.9375, "avg_edge_len": 594401.92492869042, "cell_area": 352925386020.42407, "cell_perimeter": 2377607.6997147617 }, "geometry": { "type": "Polygon", "coordinates": [ [ [ 163.125, -22.5 ], [ 163.125, -28.125 ], [ 168.75, -28.125 ], [ 168.75, -22.5 ], [ 163.125, -22.5 ] ] ] } },
{ "type": "Feature", "properties": { "dggal_gnosis": "4-14-3E", "resolution": 4, "center_lat": -25.3125, "center_lon": 171.5625, "avg_edge_len": 594401.92492869042, "cell_area": 352925386020.42407, "cell_perimeter": 2377607.6997147617 }, "geometry": { "type": "Polygon", "coordinates": [ [ [ 168.75, -22.5 ], [ 168.75, -28.125 ], [ 174.375, -28.125 ], [ 174.375, -22.5 ], [ 168.75, -22.5 ] ] ] } },
{ "type": "Feature", "properties": { "dggal_gnosis": "4-14-3F", "resolution": 4, "center_lat": -25.3125, "center_lon": 177.1875, "avg_edge_len": 594401.92492869042, "cell_area": 352925386020.42407, "cell_perimeter": 2377607.6997147617 }, "geometry": { "type": "Polygon", "coordinates": [ [ [ 174.375, -22.5 ], [ 174.375, -28.125 ], [ 180.0, -28.125 ], [ 180.0, -22.5 ], [ 174.375, -22.5 ] ] ] } },
{ "type": "Feature", "properties": { "dggal_gnosis": "4-15-0", "resolution": 4, "center_lat": -30.9375, "center_lon": -177.1875, "avg_edge_len": 580246.94368641486, "cell_area": 335163863606.98926, "cell_perimeter": 2320987.7747456594 }, "geometry": { "type": "Polygon", "coordinates": [ [ [ -180.0, -28.125 ], [ -180.0, -33.75 ], [ -174.375, -33.75 ], [ -174.375, -28.125 ], [ -180.0, -28.125 ] ] ] } },
{ "type": "Feature", "properties": { "dggal_gnosis": "4-15-1", "resolution": 4, "center_lat": -30.9375, "center_lon": -171.5625, "avg_edge_len": 580246.94368641311, "cell_area": 335163863606.98779, "cell_perimeter": 2320987.7747456525 }, "geometry": { "type": "Polygon", "coordinates": [ [ [ -174.375, -28.125 ], [ -174.375, -33.75 ], [ -168.75, -33.75 ], [ -168.75, -28.125 ], [ -174.375, -28.125 ] ] ] } },
{ "type": "Feature", "properties": { "dggal_gnosis": "4-15-2", "resolution": 4, "center_lat": -30.9375, "center_lon": -165.9375, "avg_edge_len": 580246.94368641311, "cell_area": 335163863606.98779, "cell_perimeter": 2320987.7747456525 }, "geometry": { "type": "Polygon", "coordinates": [ [ [ -168.75, -28.125 ], [ -168.75, -33.75 ], [ -163.125, -33.75 ], [ -163.125, -28.125 ], [ -168.75, -28.125 ] ] ] } },
{ "type": "Feature", "properties": { "dggal_gnosis": "4-15-3", "resolution": 4, "center_lat": -30.9375, "center_lon": -160.3125, "avg_edge_len": 580246.94368641311, "cell_area": 335163863606.98779, "cell_perimeter": 2320987.7747456525 }, "geometry": { "type": "Polygon", "coordinates": [ [ [ -163.125, -28.125 ], [ -163.125, -33.75 ], [ -157.5, -33.75 ], [ -157.5, -28.125 ], [ -163.125, -28.125 ] ] ] } },
{ "type": "Feature", "properties": { "dggal_gnosis": "4-15-4", "resolution": 4, "center_lat": -30.9375, "center_lon": -154.6875, "avg_edge_len": 580246.94368641311, "cell_area": 335163863606.98779, "cell_perimeter": 2320987.7747456525 }, "geometry": { "type": "Polygon", "coordinates": [ [ [ -157.5, -28.125 ], [ -157.5, -33.75 ], [ -151.875, -33.75 ], [ -151.875, -28.125 ], [ -157.5, -28.125 ] ] ] } },
{ "type": "Feature", "properties": { "dggal_gnosis": "4-15-5", "resolution": 4, "center_lat": -30.9375, "center_lon": -149.0625, "avg_edge_len": 580246.94368641311, "cell_area": 335163863606.98779, "cell_perimeter": 2320987.7747456525 }, "geometry": { "type": "Polygon", "coordinates": [ [ [ -151.875, -28.125 ], [ -151.875, -33.75 ], [ -146.25, -33.75 ], [ -146.25, -28.125 ], [ -151.875, -28.125 ] ] ] } },
{ "type": "Feature", "properties": { "dggal_gnosis": "4-15-6", "resolution": 4, "center_lat": -30.9375, "center_lon": -143.4375, "avg_edge_len": 580246.94368641486, "cell_area": 335163863606.98926, "cell_perimeter": 2320987.7747456594 }, "geometry": { "type": "Polygon", "coordinates": [ [ [ -146.25, -28.125 ], [ -146.25, -33.75 ], [ -140.625, -33.75 ], [ -140.625, -28.125 ], [ -146.25, -28.125 ] ] ] } },
{ "type": "Feature", "properties": { "dggal_gnosis": "4-15-7", "resolution": 4, "center_lat": -30.9375, "center_lon": -137.8125, "avg_edge_len": 580246.94368641311, "cell_area": 335163863606.98779, "cell_perimeter": 2320987.7747456525 }, "geometry": { "type": "Polygon", "coordinates": [ [ [ -140.625, -28.125 ], [ -140.625, -33.75 ], [ -135.0, -33.75 ], [ -135.0, -28.125 ], [ -140.625, -28.125 ] ] ] } },
{ "type": "Feature", "properties": { "dggal_gnosis": "4-15-8", "resolution": 4, "center_lat": -30.9375, "center_lon": -132.1875, "avg_edge_len": 580246.94368641311, "cell_area": 335163863606.98779, "cell_perimeter": 2320987.7747456525 }, "geometry": { "type": "Polygon", "coordinates": [ [ [ -135.0, -28.125 ], [ -135.0, -33.75 ], [ -129.375, -33.75 ], [ -129.375, -28.125 ], [ -135.0, -28.125 ] ] ] } },
{ "type": "Feature", "properties": { "dggal_gnosis": "4-15-9", "resolution": 4, "center_lat": -30.9375, "center_lon": -126.5625, "avg_edge_len": 580246.94368641311, "cell_area": 335163863606.98779, "cell_perimeter": 2320987.7747456525 }, "geometry": { "type": "Polygon", "coordinates": [ [ [ -129.375, -28.125 ], [ -129.375, -33.75 ], [ -123.75, -33.75 ], [ -123.75, -28.125 ], [ -129.375, -28.125 ] ] ] } },
{ "type": "Feature", "properties": { "dggal_gnosis": "4-15-A", "resolution": 4, "center_lat": -30.9375, "center_lon": -120.9375, "avg_edge_len": 580246.94368641311, "cell_area": 335163863606.98779, "cell_perimeter": 2320987.7747456525 }, "geometry": { "type": "Polygon", "coordinates": [ [ [ -123.75, -28.125 ], [ -123.75, -33.75 ], [ -118.125, -33.75 ], [ -118.125, -28.125 ], [ -123.75, -28.125 ] ] ] } },
{ "type": "Feature", "properties": { "dggal_gnosis": "4-15-B", "resolution": 4, "center_lat": -30.9375, "center_lon": -115.3125, "avg_edge_len": 580246.94368641311, "cell_area": 335163863606.98779, "cell_perimeter": 2320987.7747456525 }, "geometry": { "type": "Polygon", "coordinates": [ [ [ -118.125, -28.125 ], [ -118.125, -33.75 ], [ -112.5, -33.75 ], [ -112.5, -28.125 ], [ -118.125, -28.125 ] ] ] } },
{ "type": "Feature", "properties": { "dggal_gnosis": "4-15-C", "resolution": 4, "center_lat": -30.9375, "center_lon": -109.6875, "avg_edge_len": 580246.94368641311, "cell_area": 335163863606.98779, "cell_perimeter": 2320987.7747456525 }, "geometry": { "type": "Polygon", "coordinates": [ [ [ -112.5, -28.125 ], [ -112.5, -33.75 ], [ -106.875, -33.75 ], [ -106.875, -28.125 ], [ -112.5, -28.125 ] ] ] } },
{ "type": "Feature", "properties": { "dggal_gnosis": "4-15-D", "resolution": 4, "center_lat": -30.9375, "center_lon": -104.0625, "avg_edge_len": 580246.94368641381, "cell_area": 335163863606.98901, "cell_perimeter": 2320987.7747456552 }, "geometry": { "type": "Polygon", "coordinates": [ [ [ -106.875, -28.125 ], [ -106.875, -33.75 ], [ -101.25, -33.75 ], [ -101.25, -28.125 ], [ -106.875, -28.125 ] ] ] } },
{ "type": "Feature", "properties": { "dggal_gnosis": "4-15-E", "resolution": 4, "center_lat": -30.9375, "center_lon": -98.4375, "avg_edge_len": 580246.94368641276, "cell_area": 335163863606.98706, "cell_perimeter": 2320987.7747456511 }, "geometry": { "type": "Polygon", "coordinates": [ [ [ -101.25, -28.125 ], [ -101.25, -33.75 ], [ -95.625, -33.75 ], [ -95.625, -28.125 ], [ -101.25, -28.125 ] ] ] } },
{ "type": "Feature", "properties": { "dggal_gnosis": "4-15-F", "resolution": 4, "center_lat": -30.9375, "center_lon": -92.8125, "avg_edge_len": 580246.94368641311, "cell_area": 335163863606.98779, "cell_perimeter": 2320987.7747456525 }, "geometry": { "type": "Polygon", "coordinates": [ [ [ -95.625, -28.125 ], [ -95.625, -33.75 ], [ -90.0, -33.75 ], [ -90.0, -28.125 ], [ -95.625, -28.125 ] ] ] } },
{ "type": "Feature", "properties": { "dggal_gnosis": "4-15-10", "resolution": 4, "center_lat": -30.9375, "center_lon": -87.1875, "avg_edge_len": 580246.94368641381, "cell_area": 335163863606.98901, "cell_perimeter": 2320987.7747456552 }, "geometry": { "type": "Polygon", "coordinates": [ [ [ -90.0, -28.125 ], [ -90.0, -33.75 ], [ -84.375, -33.75 ], [ -84.375, -28.125 ], [ -90.0, -28.125 ] ] ] } },
{ "type": "Feature", "properties": { "dggal_gnosis": "4-15-11", "resolution": 4, "center_lat": -30.9375, "center_lon": -81.5625, "avg_edge_len": 580246.94368641311, "cell_area": 335163863606.98779, "cell_perimeter": 2320987.7747456525 }, "geometry": { "type": "Polygon", "coordinates": [ [ [ -84.375, -28.125 ], [ -84.375, -33.75 ], [ -78.75, -33.75 ], [ -78.75, -28.125 ], [ -84.375, -28.125 ] ] ] } },
{ "type": "Feature", "properties": { "dggal_gnosis": "4-15-12", "resolution": 4, "center_lat": -30.9375, "center_lon": -75.9375, "avg_edge_len": 580246.94368641276, "cell_area": 335163863606.98706, "cell_perimeter": 2320987.7747456511 }, "geometry": { "type": "Polygon", "coordinates": [ [ [ -78.75, -28.125 ], [ -78.75, -33.75 ], [ -73.125, -33.75 ], [ -73.125, -28.125 ], [ -78.75, -28.125 ] ] ] } },
{ "type": "Feature", "properties": { "dggal_gnosis": "4-15-13", "resolution": 4, "center_lat": -30.9375, "center_lon": -70.3125, "avg_edge_len": 580246.94368641381, "cell_area": 335163863606.98901, "cell_perimeter": 2320987.7747456552 }, "geometry": { "type": "Polygon", "coordinates": [ [ [ -73.125, -28.125 ], [ -73.125, -33.75 ], [ -67.5, -33.75 ], [ -67.5, -28.125 ], [ -73.125, -28.125 ] ] ] } },
{ "type": "Feature", "properties": { "dggal_gnosis": "4-15-14", "resolution": 4, "center_lat": -30.9375, "center_lon": -64.6875, "avg_edge_len": 580246.94368641311, "cell_area": 335163863606.98779, "cell_perimeter": 2320987.7747456525 }, "geometry": { "type": "Polygon", "coordinates": [ [ [ -67.5, -28.125 ], [ -67.5, -33.75 ], [ -61.875, -33.75 ], [ -61.875, -28.125 ], [ -67.5, -28.125 ] ] ] } },
{ "type": "Feature", "properties": { "dggal_gnosis": "4-15-15", "resolution": 4, "center_lat": -30.9375, "center_lon": -59.0625, "avg_edge_len": 580246.94368641311, "cell_area": 335163863606.98779, "cell_perimeter": 2320987.7747456525 }, "geometry": { "type": "Polygon", "coordinates": [ [ [ -61.875, -28.125 ], [ -61.875, -33.75 ], [ -56.25, -33.75 ], [ -56.25, -28.125 ], [ -61.875, -28.125 ] ] ] } },
{ "type": "Feature", "properties": { "dggal_gnosis": "4-15-16", "resolution": 4, "center_lat": -30.9375, "center_lon": -53.4375, "avg_edge_len": 580246.94368641311, "cell_area": 335163863606.98779, "cell_perimeter": 2320987.7747456525 }, "geometry": { "type": "Polygon", "coordinates": [ [ [ -56.25, -28.125 ], [ -56.25, -33.75 ], [ -50.625, -33.75 ], [ -50.625, -28.125 ], [ -56.25, -28.125 ] ] ] } },
{ "type": "Feature", "properties": { "dggal_gnosis": "4-15-17", "resolution": 4, "center_lat": -30.9375, "center_lon": -47.8125, "avg_edge_len": 580246.94368641311, "cell_area": 335163863606.9873, "cell_perimeter": 2320987.7747456525 }, "geometry": { "type": "Polygon", "coordinates": [ [ [ -50.625, -28.125 ], [ -50.625, -33.75 ], [ -45.0, -33.75 ], [ -45.0, -28.125 ], [ -50.625, -28.125 ] ] ] } },
{ "type": "Feature", "properties": { "dggal_gnosis": "4-15-18", "resolution": 4, "center_lat": -30.9375, "center_lon": -42.1875, "avg_edge_len": 580246.94368641311, "cell_area": 335163863606.98779, "cell_perimeter": 2320987.7747456525 }, "geometry": { "type": "Polygon", "coordinates": [ [ [ -45.0, -28.125 ], [ -45.0, -33.75 ], [ -39.375, -33.75 ], [ -39.375, -28.125 ], [ -45.0, -28.125 ] ] ] } },
{ "type": "Feature", "properties": { "dggal_gnosis": "4-15-19", "resolution": 4, "center_lat": -30.9375, "center_lon": -36.5625, "avg_edge_len": 580246.94368641311, "cell_area": 335163863606.98779, "cell_perimeter": 2320987.7747456525 }, "geometry": { "type": "Polygon", "coordinates": [ [ [ -39.375, -28.125 ], [ -39.375, -33.75 ], [ -33.75, -33.75 ], [ -33.75, -28.125 ], [ -39.375, -28.125 ] ] ] } },
{ "type": "Feature", "properties": { "dggal_gnosis": "4-15-1A", "resolution": 4, "center_lat": -30.9375, "center_lon": -30.9375, "avg_edge_len": 580246.943686413, "cell_area": 335163863606.98755, "cell_perimeter": 2320987.774745652 }, "geometry": { "type": "Polygon", "coordinates": [ [ [ -33.75, -28.125 ], [ -33.75, -33.75 ], [ -28.125, -33.75 ], [ -28.125, -28.125 ], [ -33.75, -28.125 ] ] ] } },
{ "type": "Feature", "properties": { "dggal_gnosis": "4-15-1B", "resolution": 4, "center_lat": -30.9375, "center_lon": -25.3125, "avg_edge_len": 580246.94368641311, "cell_area": 335163863606.98779, "cell_perimeter": 2320987.7747456525 }, "geometry": { "type": "Polygon", "coordinates": [ [ [ -28.125, -28.125 ], [ -28.125, -33.75 ], [ -22.5, -33.75 ], [ -22.5, -28.125 ], [ -28.125, -28.125 ] ] ] } },
{ "type": "Feature", "properties": { "dggal_gnosis": "4-15-1C", "resolution": 4, "center_lat": -30.9375, "center_lon": -19.6875, "avg_edge_len": 580246.94368641311, "cell_area": 335163863606.98779, "cell_perimeter": 2320987.7747456525 }, "geometry": { "type": "Polygon", "coordinates": [ [ [ -22.5, -28.125 ], [ -22.5, -33.75 ], [ -16.875, -33.75 ], [ -16.875, -28.125 ], [ -22.5, -28.125 ] ] ] } },
{ "type": "Feature", "properties": { "dggal_gnosis": "4-15-1D", "resolution": 4, "center_lat": -30.9375, "center_lon": -14.0625, "avg_edge_len": 580246.943686413, "cell_area": 335163863606.98755, "cell_perimeter": 2320987.774745652 }, "geometry": { "type": "Polygon", "coordinates": [ [ [ -16.875, -28.125 ], [ -16.875, -33.75 ], [ -11.25, -33.75 ], [ -11.25, -28.125 ], [ -16.875, -28.125 ] ] ] } },
{ "type": "Feature", "properties": { "dggal_gnosis": "4-15-1E", "resolution": 4, "center_lat": -30.9375, "center_lon": -8.4375, "avg_edge_len": 580246.94368641335, "cell_area": 335163863606.98779, "cell_perimeter": 2320987.7747456534 }, "geometry": { "type": "Polygon", "coordinates": [ [ [ -11.25, -28.125 ], [ -11.25, -33.75 ], [ -5.625, -33.75 ], [ -5.625, -28.125 ], [ -11.25, -28.125 ] ] ] } },
{ "type": "Feature", "properties": { "dggal_gnosis": "4-15-1F", "resolution": 4, "center_lat": -30.9375, "center_lon": -2.8125, "avg_edge_len": 580246.94368641335, "cell_area": 335163863606.98779, "cell_perimeter": 2320987.7747456534 }, "geometry": { "type": "Polygon", "coordinates": [ [ [ -5.625, -28.125 ], [ -5.625, -33.75 ], [ -0.0, -33.75 ], [ -0.0, -28.125 ], [ -5.625, -28.125 ] ] ] } },
{ "type": "Feature", "properties": { "dggal_gnosis": "4-15-20", "resolution": 4, "center_lat": -30.9375, "center_lon": 2.8125, "avg_edge_len": 580246.94368641335, "cell_area": 335163863606.98779, "cell_perimeter": 2320987.7747456534 }, "geometry": { "type": "Polygon", "coordinates": [ [ [ 0.0, -28.125 ], [ 0.0, -33.75 ], [ 5.625, -33.75 ], [ 5.625, -28.125 ], [ 0.0, -28.125 ] ] ] } },
{ "type": "Feature", "properties": { "dggal_gnosis": "4-15-21", "resolution": 4, "center_lat": -30.9375, "center_lon": 8.4375, "avg_edge_len": 580246.94368641335, "cell_area": 335163863606.98828, "cell_perimeter": 2320987.7747456534 }, "geometry": { "type": "Polygon", "coordinates": [ [ [ 5.625, -28.125 ], [ 5.625, -33.75 ], [ 11.25, -33.75 ], [ 11.25, -28.125 ], [ 5.625, -28.125 ] ] ] } },
{ "type": "Feature", "properties": { "dggal_gnosis": "4-15-22", "resolution": 4, "center_lat": -30.9375, "center_lon": 14.0625, "avg_edge_len": 580246.94368641335, "cell_area": 335163863606.98779, "cell_perimeter": 2320987.7747456534 }, "geometry": { "type": "Polygon", "coordinates": [ [ [ 11.25, -28.125 ], [ 11.25, -33.75 ], [ 16.875, -33.75 ], [ 16.875, -28.125 ], [ 11.25, -28.125 ] ] ] } },
{ "type": "Feature", "properties": { "dggal_gnosis": "4-15-23", "resolution": 4, "center_lat": -30.9375, "center_lon": 19.6875, "avg_edge_len": 580246.94368641311, "cell_area": 335163863606.98779, "cell_perimeter": 2320987.7747456525 }, "geometry": { "type": "Polygon", "coordinates": [ [ [ 16.875, -28.125 ], [ 16.875, -33.75 ], [ 22.5, -33.75 ], [ 22.5, -28.125 ], [ 16.875, -28.125 ] ] ] } },
{ "type": "Feature", "properties": { "dggal_gnosis": "4-15-24", "resolution": 4, "center_lat": -30.9375, "center_lon": 25.3125, "avg_edge_len": 580246.943686413, "cell_area": 335163863606.98755, "cell_perimeter": 2320987.774745652 }, "geometry": { "type": "Polygon", "coordinates": [ [ [ 22.5, -28.125 ], [ 22.5, -33.75 ], [ 28.125, -33.75 ], [ 28.125, -28.125 ], [ 22.5, -28.125 ] ] ] } },
{ "type": "Feature", "properties": { "dggal_gnosis": "4-15-25", "resolution": 4, "center_lat": -30.9375, "center_lon": 30.9375, "avg_edge_len": 580246.943686413, "cell_area": 335163863606.98755, "cell_perimeter": 2320987.774745652 }, "geometry": { "type": "Polygon", "coordinates": [ [ [ 28.125, -28.125 ], [ 28.125, -33.75 ], [ 33.75, -33.75 ], [ 33.75, -28.125 ], [ 28.125, -28.125 ] ] ] } },
{ "type": "Feature", "properties": { "dggal_gnosis": "4-15-26", "resolution": 4, "center_lat": -30.9375, "center_lon": 36.5625, "avg_edge_len": 580246.94368641311, "cell_area": 335163863606.98779, "cell_perimeter": 2320987.7747456525 }, "geometry": { "type": "Polygon", "coordinates": [ [ [ 33.75, -28.125 ], [ 33.75, -33.75 ], [ 39.375, -33.75 ], [ 39.375, -28.125 ], [ 33.75, -28.125 ] ] ] } },
{ "type": "Feature", "properties": { "dggal_gnosis": "4-15-27", "resolution": 4, "center_lat": -30.9375, "center_lon": 42.1875, "avg_edge_len": 580246.94368641311, "cell_area": 335163863606.98779, "cell_perimeter": 2320987.7747456525 }, "geometry": { "type": "Polygon", "coordinates": [ [ [ 39.375, -28.125 ], [ 39.375, -33.75 ], [ 45.0, -33.75 ], [ 45.0, -28.125 ], [ 39.375, -28.125 ] ] ] } },
{ "type": "Feature", "properties": { "dggal_gnosis": "4-15-28", "resolution": 4, "center_lat": -30.9375, "center_lon": 47.8125, "avg_edge_len": 580246.94368641311, "cell_area": 335163863606.9873, "cell_perimeter": 2320987.7747456525 }, "geometry": { "type": "Polygon", "coordinates": [ [ [ 45.0, -28.125 ], [ 45.0, -33.75 ], [ 50.625, -33.75 ], [ 50.625, -28.125 ], [ 45.0, -28.125 ] ] ] } },
{ "type": "Feature", "properties": { "dggal_gnosis": "4-15-29", "resolution": 4, "center_lat": -30.9375, "center_lon": 53.4375, "avg_edge_len": 580246.94368641311, "cell_area": 335163863606.9873, "cell_perimeter": 2320987.7747456525 }, "geometry": { "type": "Polygon", "coordinates": [ [ [ 50.625, -28.125 ], [ 50.625, -33.75 ], [ 56.25, -33.75 ], [ 56.25, -28.125 ], [ 50.625, -28.125 ] ] ] } },
{ "type": "Feature", "properties": { "dggal_gnosis": "4-15-2A", "resolution": 4, "center_lat": -30.9375, "center_lon": 59.0625, "avg_edge_len": 580246.94368641311, "cell_area": 335163863606.98779, "cell_perimeter": 2320987.7747456525 }, "geometry": { "type": "Polygon", "coordinates": [ [ [ 56.25, -28.125 ], [ 56.25, -33.75 ], [ 61.875, -33.75 ], [ 61.875, -28.125 ], [ 56.25, -28.125 ] ] ] } },
{ "type": "Feature", "properties": { "dggal_gnosis": "4-15-2B", "resolution": 4, "center_lat": -30.9375, "center_lon": 64.6875, "avg_edge_len": 580246.94368641311, "cell_area": 335163863606.98779, "cell_perimeter": 2320987.7747456525 }, "geometry": { "type": "Polygon", "coordinates": [ [ [ 61.875, -28.125 ], [ 61.875, -33.75 ], [ 67.5, -33.75 ], [ 67.5, -28.125 ], [ 61.875, -28.125 ] ] ] } },
{ "type": "Feature", "properties": { "dggal_gnosis": "4-15-2C", "resolution": 4, "center_lat": -30.9375, "center_lon": 70.3125, "avg_edge_len": 580246.94368641381, "cell_area": 335163863606.98901, "cell_perimeter": 2320987.7747456552 }, "geometry": { "type": "Polygon", "coordinates": [ [ [ 67.5, -28.125 ], [ 67.5, -33.75 ], [ 73.125, -33.75 ], [ 73.125, -28.125 ], [ 67.5, -28.125 ] ] ] } },
{ "type": "Feature", "properties": { "dggal_gnosis": "4-15-2D", "resolution": 4, "center_lat": -30.9375, "center_lon": 75.9375, "avg_edge_len": 580246.94368641311, "cell_area": 335163863606.98779, "cell_perimeter": 2320987.7747456525 }, "geometry": { "type": "Polygon", "coordinates": [ [ [ 73.125, -28.125 ], [ 73.125, -33.75 ], [ 78.75, -33.75 ], [ 78.75, -28.125 ], [ 73.125, -28.125 ] ] ] } },
{ "type": "Feature", "properties": { "dggal_gnosis": "4-15-2E", "resolution": 4, "center_lat": -30.9375, "center_lon": 81.5625, "avg_edge_len": 580246.94368641311, "cell_area": 335163863606.98779, "cell_perimeter": 2320987.7747456525 }, "geometry": { "type": "Polygon", "coordinates": [ [ [ 78.75, -28.125 ], [ 78.75, -33.75 ], [ 84.375, -33.75 ], [ 84.375, -28.125 ], [ 78.75, -28.125 ] ] ] } },
{ "type": "Feature", "properties": { "dggal_gnosis": "4-15-2F", "resolution": 4, "center_lat": -30.9375, "center_lon": 87.1875, "avg_edge_len": 580246.94368641311, "cell_area": 335163863606.98779, "cell_perimeter": 2320987.7747456525 }, "geometry": { "type": "Polygon", "coordinates": [ [ [ 84.375, -28.125 ], [ 84.375, -33.75 ], [ 90.0, -33.75 ], [ 90.0, -28.125 ], [ 84.375, -28.125 ] ] ] } },
{ "type": "Feature", "properties": { "dggal_gnosis": "4-15-30", "resolution": 4, "center_lat": -30.9375, "center_lon": 92.8125, "avg_edge_len": 580246.94368641311, "cell_area": 335163863606.98779, "cell_perimeter": 2320987.7747456525 }, "geometry": { "type": "Polygon", "coordinates": [ [ [ 90.0, -28.125 ], [ 90.0, -33.75 ], [ 95.625, -33.75 ], [ 95.625, -28.125 ], [ 90.0, -28.125 ] ] ] } },
{ "type": "Feature", "properties": { "dggal_gnosis": "4-15-31", "resolution": 4, "center_lat": -30.9375, "center_lon": 98.4375, "avg_edge_len": 580246.94368641311, "cell_area": 335163863606.98779, "cell_perimeter": 2320987.7747456525 }, "geometry": { "type": "Polygon", "coordinates": [ [ [ 95.625, -28.125 ], [ 95.625, -33.75 ], [ 101.25, -33.75 ], [ 101.25, -28.125 ], [ 95.625, -28.125 ] ] ] } },
{ "type": "Feature", "properties": { "dggal_gnosis": "4-15-32", "resolution": 4, "center_lat": -30.9375, "center_lon": 104.0625, "avg_edge_len": 580246.94368641381, "cell_area": 335163863606.98901, "cell_perimeter": 2320987.7747456552 }, "geometry": { "type": "Polygon", "coordinates": [ [ [ 101.25, -28.125 ], [ 101.25, -33.75 ], [ 106.875, -33.75 ], [ 106.875, -28.125 ], [ 101.25, -28.125 ] ] ] } },
{ "type": "Feature", "properties": { "dggal_gnosis": "4-15-33", "resolution": 4, "center_lat": -30.9375, "center_lon": 109.6875, "avg_edge_len": 580246.94368641311, "cell_area": 335163863606.98779, "cell_perimeter": 2320987.7747456525 }, "geometry": { "type": "Polygon", "coordinates": [ [ [ 106.875, -28.125 ], [ 106.875, -33.75 ], [ 112.5, -33.75 ], [ 112.5, -28.125 ], [ 106.875, -28.125 ] ] ] } },
{ "type": "Feature", "properties": { "dggal_gnosis": "4-15-34", "resolution": 4, "center_lat": -30.9375, "center_lon": 115.3125, "avg_edge_len": 580246.94368641311, "cell_area": 335163863606.98779, "cell_perimeter": 2320987.7747456525 }, "geometry": { "type": "Polygon", "coordinates": [ [ [ 112.5, -28.125 ], [ 112.5, -33.75 ], [ 118.125, -33.75 ], [ 118.125, -28.125 ], [ 112.5, -28.125 ] ] ] } },
{ "type": "Feature", "properties": { "dggal_gnosis": "4-15-35", "resolution": 4, "center_lat": -30.9375, "center_lon": 120.9375, "avg_edge_len": 580246.94368641381, "cell_area": 335163863606.98901, "cell_perimeter": 2320987.7747456552 }, "geometry": { "type": "Polygon", "coordinates": [ [ [ 118.125, -28.125 ], [ 118.125, -33.75 ], [ 123.75, -33.75 ], [ 123.75, -28.125 ], [ 118.125, -28.125 ] ] ] } },
{ "type": "Feature", "properties": { "dggal_gnosis": "4-15-36", "resolution": 4, "center_lat": -30.9375, "center_lon": 126.5625, "avg_edge_len": 580246.94368641311, "cell_area": 335163863606.98779, "cell_perimeter": 2320987.7747456525 }, "geometry": { "type": "Polygon", "coordinates": [ [ [ 123.75, -28.125 ], [ 123.75, -33.75 ], [ 129.375, -33.75 ], [ 129.375, -28.125 ], [ 123.75, -28.125 ] ] ] } },
{ "type": "Feature", "properties": { "dggal_gnosis": "4-15-37", "resolution": 4, "center_lat": -30.9375, "center_lon": 132.1875, "avg_edge_len": 580246.94368641311, "cell_area": 335163863606.98779, "cell_perimeter": 2320987.7747456525 }, "geometry": { "type": "Polygon", "coordinates": [ [ [ 129.375, -28.125 ], [ 129.375, -33.75 ], [ 135.0, -33.75 ], [ 135.0, -28.125 ], [ 129.375, -28.125 ] ] ] } },
{ "type": "Feature", "properties": { "dggal_gnosis": "4-15-38", "resolution": 4, "center_lat": -30.9375, "center_lon": 137.8125, "avg_edge_len": 580246.94368641311, "cell_area": 335163863606.98779, "cell_perimeter": 2320987.7747456525 }, "geometry": { "type": "Polygon", "coordinates": [ [ [ 135.0, -28.125 ], [ 135.0, -33.75 ], [ 140.625, -33.75 ], [ 140.625, -28.125 ], [ 135.0, -28.125 ] ] ] } },
{ "type": "Feature", "properties": { "dggal_gnosis": "4-15-39", "resolution": 4, "center_lat": -30.9375, "center_lon": 143.4375, "avg_edge_len": 580246.94368641486, "cell_area": 335163863606.98926, "cell_perimeter": 2320987.7747456594 }, "geometry": { "type": "Polygon", "coordinates": [ [ [ 140.625, -28.125 ], [ 140.625, -33.75 ], [ 146.25, -33.75 ], [ 146.25, -28.125 ], [ 140.625, -28.125 ] ] ] } },
{ "type": "Feature", "properties": { "dggal_gnosis": "4-15-3A", "resolution": 4, "center_lat": -30.9375, "center_lon": 149.0625, "avg_edge_len": 580246.94368641311, "cell_area": 335163863606.98779, "cell_perimeter": 2320987.7747456525 }, "geometry": { "type": "Polygon", "coordinates": [ [ [ 146.25, -28.125 ], [ 146.25, -33.75 ], [ 151.875, -33.75 ], [ 151.875, -28.125 ], [ 146.25, -28.125 ] ] ] } },
{ "type": "Feature", "properties": { "dggal_gnosis": "4-15-3B", "resolution": 4, "center_lat": -30.9375, "center_lon": 154.6875, "avg_edge_len": 580246.94368641311, "cell_area": 335163863606.98779, "cell_perimeter": 2320987.7747456525 }, "geometry": { "type": "Polygon", "coordinates": [ [ [ 151.875, -28.125 ], [ 151.875, -33.75 ], [ 157.5, -33.75 ], [ 157.5, -28.125 ], [ 151.875, -28.125 ] ] ] } },
{ "type": "Feature", "properties": { "dggal_gnosis": "4-15-3C", "resolution": 4, "center_lat": -30.9375, "center_lon": 160.3125, "avg_edge_len": 580246.94368641311, "cell_area": 335163863606.98779, "cell_perimeter": 2320987.7747456525 }, "geometry": { "type": "Polygon", "coordinates": [ [ [ 157.5, -28.125 ], [ 157.5, -33.75 ], [ 163.125, -33.75 ], [ 163.125, -28.125 ], [ 157.5, -28.125 ] ] ] } },
{ "type": "Feature", "properties": { "dggal_gnosis": "4-15-3D", "resolution": 4, "center_lat": -30.9375, "center_lon": 165.9375, "avg_edge_len": 580246.94368641311, "cell_area": 335163863606.98779, "cell_perimeter": 2320987.7747456525 }, "geometry": { "type": "Polygon", "coordinates": [ [ [ 163.125, -28.125 ], [ 163.125, -33.75 ], [ 168.75, -33.75 ], [ 168.75, -28.125 ], [ 163.125, -28.125 ] ] ] } },
{ "type": "Feature", "properties": { "dggal_gnosis": "4-15-3E", "resolution": 4, "center_lat": -30.9375, "center_lon": 171.5625, "avg_edge_len": 580246.94368641311, "cell_area": 335163863606.98779, "cell_perimeter": 2320987.7747456525 }, "geometry": { "type": "Polygon", "coordinates": [ [ [ 168.75, -28.125 ], [ 168.75, -33.75 ], [ 174.375, -33.75 ], [ 174.375, -28.125 ], [ 168.75, -28.125 ] ] ] } },
{ "type": "Feature", "properties": { "dggal_gnosis": "4-15-3F", "resolution": 4, "center_lat": -30.9375, "center_lon": 177.1875, "avg_edge_len": 580246.94368641311, "cell_area": 335163863606.98779, "cell_perimeter": 2320987.7747456525 }, "geometry": { "type": "Polygon", "coordinates": [ [ [ 174.375, -28.125 ], [ 174.375, -33.75 ], [ 180.0, -33.75 ], [ 180.0, -28.125 ], [ 174.375, -28.125 ] ] ] } },
{ "type": "Feature", "properties": { "dggal_gnosis": "4-16-0", "resolution": 4, "center_lat": -36.5625, "center_lon": -177.1875, "avg_edge_len": 563534.80715747003, "cell_area": 314171066972.7627, "cell_perimeter": 2254139.2286298801 }, "geometry": { "type": "Polygon", "coordinates": [ [ [ -180.0, -33.75 ], [ -180.0, -39.375 ], [ -174.375, -39.375 ], [ -174.375, -33.75 ], [ -180.0, -33.75 ] ] ] } },
{ "type": "Feature", "properties": { "dggal_gnosis": "4-16-1", "resolution": 4, "center_lat": -36.5625, "center_lon": -171.5625, "avg_edge_len": 563534.80715746817, "cell_area": 314171066972.76123, "cell_perimeter": 2254139.2286298727 }, "geometry": { "type": "Polygon", "coordinates": [ [ [ -174.375, -33.75 ], [ -174.375, -39.375 ], [ -168.75, -39.375 ], [ -168.75, -33.75 ], [ -174.375, -33.75 ] ] ] } },
{ "type": "Feature", "properties": { "dggal_gnosis": "4-16-2", "resolution": 4, "center_lat": -36.5625, "center_lon": -165.9375, "avg_edge_len": 563534.80715746817, "cell_area": 314171066972.76123, "cell_perimeter": 2254139.2286298727 }, "geometry": { "type": "Polygon", "coordinates": [ [ [ -168.75, -33.75 ], [ -168.75, -39.375 ], [ -163.125, -39.375 ], [ -163.125, -33.75 ], [ -168.75, -33.75 ] ] ] } },
{ "type": "Feature", "properties": { "dggal_gnosis": "4-16-3", "resolution": 4, "center_lat": -36.5625, "center_lon": -160.3125, "avg_edge_len": 563534.80715746817, "cell_area": 314171066972.76123, "cell_perimeter": 2254139.2286298727 }, "geometry": { "type": "Polygon", "coordinates": [ [ [ -163.125, -33.75 ], [ -163.125, -39.375 ], [ -157.5, -39.375 ], [ -157.5, -33.75 ], [ -163.125, -33.75 ] ] ] } },
{ "type": "Feature", "properties": { "dggal_gnosis": "4-16-4", "resolution": 4, "center_lat": -36.5625, "center_lon": -154.6875, "avg_edge_len": 563534.80715746817, "cell_area": 314171066972.76123, "cell_perimeter": 2254139.2286298727 }, "geometry": { "type": "Polygon", "coordinates": [ [ [ -157.5, -33.75 ], [ -157.5, -39.375 ], [ -151.875, -39.375 ], [ -151.875, -33.75 ], [ -157.5, -33.75 ] ] ] } },
{ "type": "Feature", "properties": { "dggal_gnosis": "4-16-5", "resolution": 4, "center_lat": -36.5625, "center_lon": -149.0625, "avg_edge_len": 563534.80715746817, "cell_area": 314171066972.76123, "cell_perimeter": 2254139.2286298727 }, "geometry": { "type": "Polygon", "coordinates": [ [ [ -151.875, -33.75 ], [ -151.875, -39.375 ], [ -146.25, -39.375 ], [ -146.25, -33.75 ], [ -151.875, -33.75 ] ] ] } },
{ "type": "Feature", "properties": { "dggal_gnosis": "4-16-6", "resolution": 4, "center_lat": -36.5625, "center_lon": -143.4375, "avg_edge_len": 563534.80715747003, "cell_area": 314171066972.7627, "cell_perimeter": 2254139.2286298801 }, "geometry": { "type": "Polygon", "coordinates": [ [ [ -146.25, -33.75 ], [ -146.25, -39.375 ], [ -140.625, -39.375 ], [ -140.625, -33.75 ], [ -146.25, -33.75 ] ] ] } },
{ "type": "Feature", "properties": { "dggal_gnosis": "4-16-7", "resolution": 4, "center_lat": -36.5625, "center_lon": -137.8125, "avg_edge_len": 563534.80715746817, "cell_area": 314171066972.76123, "cell_perimeter": 2254139.2286298727 }, "geometry": { "type": "Polygon", "coordinates": [ [ [ -140.625, -33.75 ], [ -140.625, -39.375 ], [ -135.0, -39.375 ], [ -135.0, -33.75 ], [ -140.625, -33.75 ] ] ] } },
{ "type": "Feature", "properties": { "dggal_gnosis": "4-16-8", "resolution": 4, "center_lat": -36.5625, "center_lon": -132.1875, "avg_edge_len": 563534.80715746817, "cell_area": 314171066972.76123, "cell_perimeter": 2254139.2286298727 }, "geometry": { "type": "Polygon", "coordinates": [ [ [ -135.0, -33.75 ], [ -135.0, -39.375 ], [ -129.375, -39.375 ], [ -129.375, -33.75 ], [ -135.0, -33.75 ] ] ] } },
{ "type": "Feature", "properties": { "dggal_gnosis": "4-16-9", "resolution": 4, "center_lat": -36.5625, "center_lon": -126.5625, "avg_edge_len": 563534.80715746817, "cell_area": 314171066972.76123, "cell_perimeter": 2254139.2286298727 }, "geometry": { "type": "Polygon", "coordinates": [ [ [ -129.375, -33.75 ], [ -129.375, -39.375 ], [ -123.75, -39.375 ], [ -123.75, -33.75 ], [ -129.375, -33.75 ] ] ] } },
{ "type": "Feature", "properties": { "dggal_gnosis": "4-16-A", "resolution": 4, "center_lat": -36.5625, "center_lon": -120.9375, "avg_edge_len": 563534.80715746817, "cell_area": 314171066972.76123, "cell_perimeter": 2254139.2286298727 }, "geometry": { "type": "Polygon", "coordinates": [ [ [ -123.75, -33.75 ], [ -123.75, -39.375 ], [ -118.125, -39.375 ], [ -118.125, -33.75 ], [ -123.75, -33.75 ] ] ] } },
{ "type": "Feature", "properties": { "dggal_gnosis": "4-16-B", "resolution": 4, "center_lat": -36.5625, "center_lon": -115.3125, "avg_edge_len": 563534.80715746817, "cell_area": 314171066972.76123, "cell_perimeter": 2254139.2286298727 }, "geometry": { "type": "Polygon", "coordinates": [ [ [ -118.125, -33.75 ], [ -118.125, -39.375 ], [ -112.5, -39.375 ], [ -112.5, -33.75 ], [ -118.125, -33.75 ] ] ] } },
{ "type": "Feature", "properties": { "dggal_gnosis": "4-16-C", "resolution": 4, "center_lat": -36.5625, "center_lon": -109.6875, "avg_edge_len": 563534.80715746817, "cell_area": 314171066972.76123, "cell_perimeter": 2254139.2286298727 }, "geometry": { "type": "Polygon", "coordinates": [ [ [ -112.5, -33.75 ], [ -112.5, -39.375 ], [ -106.875, -39.375 ], [ -106.875, -33.75 ], [ -112.5, -33.75 ] ] ] } },
{ "type": "Feature", "properties": { "dggal_gnosis": "4-16-D", "resolution": 4, "center_lat": -36.5625, "center_lon": -104.0625, "avg_edge_len": 563534.8071574691, "cell_area": 314171066972.76123, "cell_perimeter": 2254139.2286298764 }, "geometry": { "type": "Polygon", "coordinates": [ [ [ -106.875, -33.75 ], [ -106.875, -39.375 ], [ -101.25, -39.375 ], [ -101.25, -33.75 ], [ -106.875, -33.75 ] ] ] } },
{ "type": "Feature", "properties": { "dggal_gnosis": "4-16-E", "resolution": 4, "center_lat": -36.5625, "center_lon": -98.4375, "avg_edge_len": 563534.80715746805, "cell_area": 314171066972.76025, "cell_perimeter": 2254139.2286298722 }, "geometry": { "type": "Polygon", "coordinates": [ [ [ -101.25, -33.75 ], [ -101.25, -39.375 ], [ -95.625, -39.375 ], [ -95.625, -33.75 ], [ -101.25, -33.75 ] ] ] } },
{ "type": "Feature", "properties": { "dggal_gnosis": "4-16-F", "resolution": 4, "center_lat": -36.5625, "center_lon": -92.8125, "avg_edge_len": 563534.80715746817, "cell_area": 314171066972.76123, "cell_perimeter": 2254139.2286298727 }, "geometry": { "type": "Polygon", "coordinates": [ [ [ -95.625, -33.75 ], [ -95.625, -39.375 ], [ -90.0, -39.375 ], [ -90.0, -33.75 ], [ -95.625, -33.75 ] ] ] } },
{ "type": "Feature", "properties": { "dggal_gnosis": "4-16-10", "resolution": 4, "center_lat": -36.5625, "center_lon": -87.1875, "avg_edge_len": 563534.8071574691, "cell_area": 314171066972.76123, "cell_perimeter": 2254139.2286298764 }, "geometry": { "type": "Polygon", "coordinates": [ [ [ -90.0, -33.75 ], [ -90.0, -39.375 ], [ -84.375, -39.375 ], [ -84.375, -33.75 ], [ -90.0, -33.75 ] ] ] } },
{ "type": "Feature", "properties": { "dggal_gnosis": "4-16-11", "resolution": 4, "center_lat": -36.5625, "center_lon": -81.5625, "avg_edge_len": 563534.80715746817, "cell_area": 314171066972.76123, "cell_perimeter": 2254139.2286298727 }, "geometry": { "type": "Polygon", "coordinates": [ [ [ -84.375, -33.75 ], [ -84.375, -39.375 ], [ -78.75, -39.375 ], [ -78.75, -33.75 ], [ -84.375, -33.75 ] ] ] } },
{ "type": "Feature", "properties": { "dggal_gnosis": "4-16-12", "resolution": 4, "center_lat": -36.5625, "center_lon": -75.9375, "avg_edge_len": 563534.80715746805, "cell_area": 314171066972.76025, "cell_perimeter": 2254139.2286298722 }, "geometry": { "type": "Polygon", "coordinates": [ [ [ -78.75, -33.75 ], [ -78.75, -39.375 ], [ -73.125, -39.375 ], [ -73.125, -33.75 ], [ -78.75, -33.75 ] ] ] } },
{ "type": "Feature", "properties": { "dggal_gnosis": "4-16-13", "resolution": 4, "center_lat": -36.5625, "center_lon": -70.3125, "avg_edge_len": 563534.8071574691, "cell_area": 314171066972.76123, "cell_perimeter": 2254139.2286298764 }, "geometry": { "type": "Polygon", "coordinates": [ [ [ -73.125, -33.75 ], [ -73.125, -39.375 ], [ -67.5, -39.375 ], [ -67.5, -33.75 ], [ -73.125, -33.75 ] ] ] } },
{ "type": "Feature", "properties": { "dggal_gnosis": "4-16-14", "resolution": 4, "center_lat": -36.5625, "center_lon": -64.6875, "avg_edge_len": 563534.80715746817, "cell_area": 314171066972.76123, "cell_perimeter": 2254139.2286298727 }, "geometry": { "type": "Polygon", "coordinates": [ [ [ -67.5, -33.75 ], [ -67.5, -39.375 ], [ -61.875, -39.375 ], [ -61.875, -33.75 ], [ -67.5, -33.75 ] ] ] } },
{ "type": "Feature", "properties": { "dggal_gnosis": "4-16-15", "resolution": 4, "center_lat": -36.5625, "center_lon": -59.0625, "avg_edge_len": 563534.80715746817, "cell_area": 314171066972.76123, "cell_perimeter": 2254139.2286298727 }, "geometry": { "type": "Polygon", "coordinates": [ [ [ -61.875, -33.75 ], [ -61.875, -39.375 ], [ -56.25, -39.375 ], [ -56.25, -33.75 ], [ -61.875, -33.75 ] ] ] } },
{ "type": "Feature", "properties": { "dggal_gnosis": "4-16-16", "resolution": 4, "center_lat": -36.5625, "center_lon": -53.4375, "avg_edge_len": 563534.80715746817, "cell_area": 314171066972.76123, "cell_perimeter": 2254139.2286298727 }, "geometry": { "type": "Polygon", "coordinates": [ [ [ -56.25, -33.75 ], [ -56.25, -39.375 ], [ -50.625, -39.375 ], [ -50.625, -33.75 ], [ -56.25, -33.75 ] ] ] } },
{ "type": "Feature", "properties": { "dggal_gnosis": "4-16-17", "resolution": 4, "center_lat": -36.5625, "center_lon": -47.8125, "avg_edge_len": 563534.80715746852, "cell_area": 314171066972.76074, "cell_perimeter": 2254139.2286298741 }, "geometry": { "type": "Polygon", "coordinates": [ [ [ -50.625, -33.75 ], [ -50.625, -39.375 ], [ -45.0, -39.375 ], [ -45.0, -33.75 ], [ -50.625, -33.75 ] ] ] } },
{ "type": "Feature", "properties": { "dggal_gnosis": "4-16-18", "resolution": 4, "center_lat": -36.5625, "center_lon": -42.1875, "avg_edge_len": 563534.80715746817, "cell_area": 314171066972.76123, "cell_perimeter": 2254139.2286298727 }, "geometry": { "type": "Polygon", "coordinates": [ [ [ -45.0, -33.75 ], [ -45.0, -39.375 ], [ -39.375, -39.375 ], [ -39.375, -33.75 ], [ -45.0, -33.75 ] ] ] } },
{ "type": "Feature", "properties": { "dggal_gnosis": "4-16-19", "resolution": 4, "center_lat": -36.5625, "center_lon": -36.5625, "avg_edge_len": 563534.80715746817, "cell_area": 314171066972.76123, "cell_perimeter": 2254139.2286298727 }, "geometry": { "type": "Polygon", "coordinates": [ [ [ -39.375, -33.75 ], [ -39.375, -39.375 ], [ -33.75, -39.375 ], [ -33.75, -33.75 ], [ -39.375, -33.75 ] ] ] } },
{ "type": "Feature", "properties": { "dggal_gnosis": "4-16-1A", "resolution": 4, "center_lat": -36.5625, "center_lon": -30.9375, "avg_edge_len": 563534.80715746805, "cell_area": 314171066972.76123, "cell_perimeter": 2254139.2286298722 }, "geometry": { "type": "Polygon", "coordinates": [ [ [ -33.75, -33.75 ], [ -33.75, -39.375 ], [ -28.125, -39.375 ], [ -28.125, -33.75 ], [ -33.75, -33.75 ] ] ] } },
{ "type": "Feature", "properties": { "dggal_gnosis": "4-16-1B", "resolution": 4, "center_lat": -36.5625, "center_lon": -25.3125, "avg_edge_len": 563534.80715746817, "cell_area": 314171066972.76123, "cell_perimeter": 2254139.2286298727 }, "geometry": { "type": "Polygon", "coordinates": [ [ [ -28.125, -33.75 ], [ -28.125, -39.375 ], [ -22.5, -39.375 ], [ -22.5, -33.75 ], [ -28.125, -33.75 ] ] ] } },
{ "type": "Feature", "properties": { "dggal_gnosis": "4-16-1C", "resolution": 4, "center_lat": -36.5625, "center_lon": -19.6875, "avg_edge_len": 563534.80715746817, "cell_area": 314171066972.76123, "cell_perimeter": 2254139.2286298727 }, "geometry": { "type": "Polygon", "coordinates": [ [ [ -22.5, -33.75 ], [ -22.5, -39.375 ], [ -16.875, -39.375 ], [ -16.875, -33.75 ], [ -22.5, -33.75 ] ] ] } },
{ "type": "Feature", "properties": { "dggal_gnosis": "4-16-1D", "resolution": 4, "center_lat": -36.5625, "center_lon": -14.0625, "avg_edge_len": 563534.80715746805, "cell_area": 314171066972.76123, "cell_perimeter": 2254139.2286298722 }, "geometry": { "type": "Polygon", "coordinates": [ [ [ -16.875, -33.75 ], [ -16.875, -39.375 ], [ -11.25, -39.375 ], [ -11.25, -33.75 ], [ -16.875, -33.75 ] ] ] } },
{ "type": "Feature", "properties": { "dggal_gnosis": "4-16-1E", "resolution": 4, "center_lat": -36.5625, "center_lon": -8.4375, "avg_edge_len": 563534.80715746863, "cell_area": 314171066972.76123, "cell_perimeter": 2254139.2286298745 }, "geometry": { "type": "Polygon", "coordinates": [ [ [ -11.25, -33.75 ], [ -11.25, -39.375 ], [ -5.625, -39.375 ], [ -5.625, -33.75 ], [ -11.25, -33.75 ] ] ] } },
{ "type": "Feature", "properties": { "dggal_gnosis": "4-16-1F", "resolution": 4, "center_lat": -36.5625, "center_lon": -2.8125, "avg_edge_len": 563534.80715746863, "cell_area": 314171066972.76123, "cell_perimeter": 2254139.2286298745 }, "geometry": { "type": "Polygon", "coordinates": [ [ [ -5.625, -33.75 ], [ -5.625, -39.375 ], [ -0.0, -39.375 ], [ -0.0, -33.75 ], [ -5.625, -33.75 ] ] ] } },
{ "type": "Feature", "properties": { "dggal_gnosis": "4-16-20", "resolution": 4, "center_lat": -36.5625, "center_lon": 2.8125, "avg_edge_len": 563534.80715746863, "cell_area": 314171066972.76123, "cell_perimeter": 2254139.2286298745 }, "geometry": { "type": "Polygon", "coordinates": [ [ [ 0.0, -33.75 ], [ 0.0, -39.375 ], [ 5.625, -39.375 ], [ 5.625, -33.75 ], [ 0.0, -33.75 ] ] ] } },
{ "type": "Feature", "properties": { "dggal_gnosis": "4-16-21", "resolution": 4, "center_lat": -36.5625, "center_lon": 8.4375, "avg_edge_len": 563534.80715746863, "cell_area": 314171066972.76074, "cell_perimeter": 2254139.2286298745 }, "geometry": { "type": "Polygon", "coordinates": [ [ [ 5.625, -33.75 ], [ 5.625, -39.375 ], [ 11.25, -39.375 ], [ 11.25, -33.75 ], [ 5.625, -33.75 ] ] ] } },
{ "type": "Feature", "properties": { "dggal_gnosis": "4-16-22", "resolution": 4, "center_lat": -36.5625, "center_lon": 14.0625, "avg_edge_len": 563534.80715746863, "cell_area": 314171066972.76123, "cell_perimeter": 2254139.2286298745 }, "geometry": { "type": "Polygon", "coordinates": [ [ [ 11.25, -33.75 ], [ 11.25, -39.375 ], [ 16.875, -39.375 ], [ 16.875, -33.75 ], [ 11.25, -33.75 ] ] ] } },
{ "type": "Feature", "properties": { "dggal_gnosis": "4-16-23", "resolution": 4, "center_lat": -36.5625, "center_lon": 19.6875, "avg_edge_len": 563534.80715746817, "cell_area": 314171066972.76123, "cell_perimeter": 2254139.2286298727 }, "geometry": { "type": "Polygon", "coordinates": [ [ [ 16.875, -33.75 ], [ 16.875, -39.375 ], [ 22.5, -39.375 ], [ 22.5, -33.75 ], [ 16.875, -33.75 ] ] ] } },
{ "type": "Feature", "properties": { "dggal_gnosis": "4-16-24", "resolution": 4, "center_lat": -36.5625, "center_lon": 25.3125, "avg_edge_len": 563534.80715746805, "cell_area": 314171066972.76123, "cell_perimeter": 2254139.2286298722 }, "geometry": { "type": "Polygon", "coordinates": [ [ [ 22.5, -33.75 ], [ 22.5, -39.375 ], [ 28.125, -39.375 ], [ 28.125, -33.75 ], [ 22.5, -33.75 ] ] ] } },
{ "type": "Feature", "properties": { "dggal_gnosis": "4-16-25", "resolution": 4, "center_lat": -36.5625, "center_lon": 30.9375, "avg_edge_len": 563534.80715746805, "cell_area": 314171066972.76123, "cell_perimeter": 2254139.2286298722 }, "geometry": { "type": "Polygon", "coordinates": [ [ [ 28.125, -33.75 ], [ 28.125, -39.375 ], [ 33.75, -39.375 ], [ 33.75, -33.75 ], [ 28.125, -33.75 ] ] ] } },
{ "type": "Feature", "properties": { "dggal_gnosis": "4-16-26", "resolution": 4, "center_lat": -36.5625, "center_lon": 36.5625, "avg_edge_len": 563534.80715746817, "cell_area": 314171066972.76123, "cell_perimeter": 2254139.2286298727 }, "geometry": { "type": "Polygon", "coordinates": [ [ [ 33.75, -33.75 ], [ 33.75, -39.375 ], [ 39.375, -39.375 ], [ 39.375, -33.75 ], [ 33.75, -33.75 ] ] ] } },
{ "type": "Feature", "properties": { "dggal_gnosis": "4-16-27", "resolution": 4, "center_lat": -36.5625, "center_lon": 42.1875, "avg_edge_len": 563534.80715746817, "cell_area": 314171066972.76123, "cell_perimeter": 2254139.2286298727 }, "geometry": { "type": "Polygon", "coordinates": [ [ [ 39.375, -33.75 ], [ 39.375, -39.375 ], [ 45.0, -39.375 ], [ 45.0, -33.75 ], [ 39.375, -33.75 ] ] ] } },
{ "type": "Feature", "properties": { "dggal_gnosis": "4-16-28", "resolution": 4, "center_lat": -36.5625, "center_lon": 47.8125, "avg_edge_len": 563534.80715746852, "cell_area": 314171066972.76074, "cell_perimeter": 2254139.2286298741 }, "geometry": { "type": "Polygon", "coordinates": [ [ [ 45.0, -33.75 ], [ 45.0, -39.375 ], [ 50.625, -39.375 ], [ 50.625, -33.75 ], [ 45.0, -33.75 ] ] ] } },
{ "type": "Feature", "properties": { "dggal_gnosis": "4-16-29", "resolution": 4, "center_lat": -36.5625, "center_lon": 53.4375, "avg_edge_len": 563534.80715746852, "cell_area": 314171066972.76074, "cell_perimeter": 2254139.2286298741 }, "geometry": { "type": "Polygon", "coordinates": [ [ [ 50.625, -33.75 ], [ 50.625, -39.375 ], [ 56.25, -39.375 ], [ 56.25, -33.75 ], [ 50.625, -33.75 ] ] ] } },
{ "type": "Feature", "properties": { "dggal_gnosis": "4-16-2A", "resolution": 4, "center_lat": -36.5625, "center_lon": 59.0625, "avg_edge_len": 563534.80715746817, "cell_area": 314171066972.76123, "cell_perimeter": 2254139.2286298727 }, "geometry": { "type": "Polygon", "coordinates": [ [ [ 56.25, -33.75 ], [ 56.25, -39.375 ], [ 61.875, -39.375 ], [ 61.875, -33.75 ], [ 56.25, -33.75 ] ] ] } },
{ "type": "Feature", "properties": { "dggal_gnosis": "4-16-2B", "resolution": 4, "center_lat": -36.5625, "center_lon": 64.6875, "avg_edge_len": 563534.80715746817, "cell_area": 314171066972.76123, "cell_perimeter": 2254139.2286298727 }, "geometry": { "type": "Polygon", "coordinates": [ [ [ 61.875, -33.75 ], [ 61.875, -39.375 ], [ 67.5, -39.375 ], [ 67.5, -33.75 ], [ 61.875, -33.75 ] ] ] } },
{ "type": "Feature", "properties": { "dggal_gnosis": "4-16-2C", "resolution": 4, "center_lat": -36.5625, "center_lon": 70.3125, "avg_edge_len": 563534.8071574691, "cell_area": 314171066972.76123, "cell_perimeter": 2254139.2286298764 }, "geometry": { "type": "Polygon", "coordinates": [ [ [ 67.5, -33.75 ], [ 67.5, -39.375 ], [ 73.125, -39.375 ], [ 73.125, -33.75 ], [ 67.5, -33.75 ] ] ] } },
{ "type": "Feature", "properties": { "dggal_gnosis": "4-16-2D", "resolution": 4, "center_lat": -36.5625, "center_lon": 75.9375, "avg_edge_len": 563534.80715746817, "cell_area": 314171066972.76123, "cell_perimeter": 2254139.2286298727 }, "geometry": { "type": "Polygon", "coordinates": [ [ [ 73.125, -33.75 ], [ 73.125, -39.375 ], [ 78.75, -39.375 ], [ 78.75, -33.75 ], [ 73.125, -33.75 ] ] ] } },
{ "type": "Feature", "properties": { "dggal_gnosis": "4-16-2E", "resolution": 4, "center_lat": -36.5625, "center_lon": 81.5625, "avg_edge_len": 563534.80715746817, "cell_area": 314171066972.76123, "cell_perimeter": 2254139.2286298727 }, "geometry": { "type": "Polygon", "coordinates": [ [ [ 78.75, -33.75 ], [ 78.75, -39.375 ], [ 84.375, -39.375 ], [ 84.375, -33.75 ], [ 78.75, -33.75 ] ] ] } },
{ "type": "Feature", "properties": { "dggal_gnosis": "4-16-2F", "resolution": 4, "center_lat": -36.5625, "center_lon": 87.1875, "avg_edge_len": 563534.80715746817, "cell_area": 314171066972.76123, "cell_perimeter": 2254139.2286298727 }, "geometry": { "type": "Polygon", "coordinates": [ [ [ 84.375, -33.75 ], [ 84.375, -39.375 ], [ 90.0, -39.375 ], [ 90.0, -33.75 ], [ 84.375, -33.75 ] ] ] } },
{ "type": "Feature", "properties": { "dggal_gnosis": "4-16-30", "resolution": 4, "center_lat": -36.5625, "center_lon": 92.8125, "avg_edge_len": 563534.80715746817, "cell_area": 314171066972.76123, "cell_perimeter": 2254139.2286298727 }, "geometry": { "type": "Polygon", "coordinates": [ [ [ 90.0, -33.75 ], [ 90.0, -39.375 ], [ 95.625, -39.375 ], [ 95.625, -33.75 ], [ 90.0, -33.75 ] ] ] } },
{ "type": "Feature", "properties": { "dggal_gnosis": "4-16-31", "resolution": 4, "center_lat": -36.5625, "center_lon": 98.4375, "avg_edge_len": 563534.80715746817, "cell_area": 314171066972.76123, "cell_perimeter": 2254139.2286298727 }, "geometry": { "type": "Polygon", "coordinates": [ [ [ 95.625, -33.75 ], [ 95.625, -39.375 ], [ 101.25, -39.375 ], [ 101.25, -33.75 ], [ 95.625, -33.75 ] ] ] } },
{ "type": "Feature", "properties": { "dggal_gnosis": "4-16-32", "resolution": 4, "center_lat": -36.5625, "center_lon": 104.0625, "avg_edge_len": 563534.8071574691, "cell_area": 314171066972.76123, "cell_perimeter": 2254139.2286298764 }, "geometry": { "type": "Polygon", "coordinates": [ [ [ 101.25, -33.75 ], [ 101.25, -39.375 ], [ 106.875, -39.375 ], [ 106.875, -33.75 ], [ 101.25, -33.75 ] ] ] } },
{ "type": "Feature", "properties": { "dggal_gnosis": "4-16-33", "resolution": 4, "center_lat": -36.5625, "center_lon": 109.6875, "avg_edge_len": 563534.80715746817, "cell_area": 314171066972.76123, "cell_perimeter": 2254139.2286298727 }, "geometry": { "type": "Polygon", "coordinates": [ [ [ 106.875, -33.75 ], [ 106.875, -39.375 ], [ 112.5, -39.375 ], [ 112.5, -33.75 ], [ 106.875, -33.75 ] ] ] } },
{ "type": "Feature", "properties": { "dggal_gnosis": "4-16-34", "resolution": 4, "center_lat": -36.5625, "center_lon": 115.3125, "avg_edge_len": 563534.80715746817, "cell_area": 314171066972.76123, "cell_perimeter": 2254139.2286298727 }, "geometry": { "type": "Polygon", "coordinates": [ [ [ 112.5, -33.75 ], [ 112.5, -39.375 ], [ 118.125, -39.375 ], [ 118.125, -33.75 ], [ 112.5, -33.75 ] ] ] } },
{ "type": "Feature", "properties": { "dggal_gnosis": "4-16-35", "resolution": 4, "center_lat": -36.5625, "center_lon": 120.9375, "avg_edge_len": 563534.8071574691, "cell_area": 314171066972.76123, "cell_perimeter": 2254139.2286298764 }, "geometry": { "type": "Polygon", "coordinates": [ [ [ 118.125, -33.75 ], [ 118.125, -39.375 ], [ 123.75, -39.375 ], [ 123.75, -33.75 ], [ 118.125, -33.75 ] ] ] } },
{ "type": "Feature", "properties": { "dggal_gnosis": "4-16-36", "resolution": 4, "center_lat": -36.5625, "center_lon": 126.5625, "avg_edge_len": 563534.80715746817, "cell_area": 314171066972.76123, "cell_perimeter": 2254139.2286298727 }, "geometry": { "type": "Polygon", "coordinates": [ [ [ 123.75, -33.75 ], [ 123.75, -39.375 ], [ 129.375, -39.375 ], [ 129.375, -33.75 ], [ 123.75, -33.75 ] ] ] } },
{ "type": "Feature", "properties": { "dggal_gnosis": "4-16-37", "resolution": 4, "center_lat": -36.5625, "center_lon": 132.1875, "avg_edge_len": 563534.80715746817, "cell_area": 314171066972.76123, "cell_perimeter": 2254139.2286298727 }, "geometry": { "type": "Polygon", "coordinates": [ [ [ 129.375, -33.75 ], [ 129.375, -39.375 ], [ 135.0, -39.375 ], [ 135.0, -33.75 ], [ 129.375, -33.75 ] ] ] } },
{ "type": "Feature", "properties": { "dggal_gnosis": "4-16-38", "resolution": 4, "center_lat": -36.5625, "center_lon": 137.8125, "avg_edge_len": 563534.80715746817, "cell_area": 314171066972.76123, "cell_perimeter": 2254139.2286298727 }, "geometry": { "type": "Polygon", "coordinates": [ [ [ 135.0, -33.75 ], [ 135.0, -39.375 ], [ 140.625, -39.375 ], [ 140.625, -33.75 ], [ 135.0, -33.75 ] ] ] } },
{ "type": "Feature", "properties": { "dggal_gnosis": "4-16-39", "resolution": 4, "center_lat": -36.5625, "center_lon": 143.4375, "avg_edge_len": 563534.80715747003, "cell_area": 314171066972.7627, "cell_perimeter": 2254139.2286298801 }, "geometry": { "type": "Polygon", "coordinates": [ [ [ 140.625, -33.75 ], [ 140.625, -39.375 ], [ 146.25, -39.375 ], [ 146.25, -33.75 ], [ 140.625, -33.75 ] ] ] } },
{ "type": "Feature", "properties": { "dggal_gnosis": "4-16-3A", "resolution": 4, "center_lat": -36.5625, "center_lon": 149.0625, "avg_edge_len": 563534.80715746817, "cell_area": 314171066972.76123, "cell_perimeter": 2254139.2286298727 }, "geometry": { "type": "Polygon", "coordinates": [ [ [ 146.25, -33.75 ], [ 146.25, -39.375 ], [ 151.875, -39.375 ], [ 151.875, -33.75 ], [ 146.25, -33.75 ] ] ] } },
{ "type": "Feature", "properties": { "dggal_gnosis": "4-16-3B", "resolution": 4, "center_lat": -36.5625, "center_lon": 154.6875, "avg_edge_len": 563534.80715746817, "cell_area": 314171066972.76123, "cell_perimeter": 2254139.2286298727 }, "geometry": { "type": "Polygon", "coordinates": [ [ [ 151.875, -33.75 ], [ 151.875, -39.375 ], [ 157.5, -39.375 ], [ 157.5, -33.75 ], [ 151.875, -33.75 ] ] ] } },
{ "type": "Feature", "properties": { "dggal_gnosis": "4-16-3C", "resolution": 4, "center_lat": -36.5625, "center_lon": 160.3125, "avg_edge_len": 563534.80715746817, "cell_area": 314171066972.76123, "cell_perimeter": 2254139.2286298727 }, "geometry": { "type": "Polygon", "coordinates": [ [ [ 157.5, -33.75 ], [ 157.5, -39.375 ], [ 163.125, -39.375 ], [ 163.125, -33.75 ], [ 157.5, -33.75 ] ] ] } },
{ "type": "Feature", "properties": { "dggal_gnosis": "4-16-3D", "resolution": 4, "center_lat": -36.5625, "center_lon": 165.9375, "avg_edge_len": 563534.80715746817, "cell_area": 314171066972.76123, "cell_perimeter": 2254139.2286298727 }, "geometry": { "type": "Polygon", "coordinates": [ [ [ 163.125, -33.75 ], [ 163.125, -39.375 ], [ 168.75, -39.375 ], [ 168.75, -33.75 ], [ 163.125, -33.75 ] ] ] } },
{ "type": "Feature", "properties": { "dggal_gnosis": "4-16-3E", "resolution": 4, "center_lat": -36.5625, "center_lon": 171.5625, "avg_edge_len": 563534.80715746817, "cell_area": 314171066972.76123, "cell_perimeter": 2254139.2286298727 }, "geometry": { "type": "Polygon", "coordinates": [ [ [ 168.75, -33.75 ], [ 168.75, -39.375 ], [ 174.375, -39.375 ], [ 174.375, -33.75 ], [ 168.75, -33.75 ] ] ] } },
{ "type": "Feature", "properties": { "dggal_gnosis": "4-16-3F", "resolution": 4, "center_lat": -36.5625, "center_lon": 177.1875, "avg_edge_len": 563534.80715746817, "cell_area": 314171066972.76123, "cell_perimeter": 2254139.2286298727 }, "geometry": { "type": "Polygon", "coordinates": [ [ [ 174.375, -33.75 ], [ 174.375, -39.375 ], [ 180.0, -39.375 ], [ 180.0, -33.75 ], [ 174.375, -33.75 ] ] ] } },
{ "type": "Feature", "properties": { "dggal_gnosis": "4-17-0", "resolution": 4, "center_lat": -42.1875, "center_lon": -177.1875, "avg_edge_len": 544413.35856852727, "cell_area": 290125609286.69922, "cell_perimeter": 2177653.4342741091 }, "geometry": { "type": "Polygon", "coordinates": [ [ [ -180.0, -39.375 ], [ -180.0, -45.0 ], [ -174.375, -45.0 ], [ -174.375, -39.375 ], [ -180.0, -39.375 ] ] ] } },
{ "type": "Feature", "properties": { "dggal_gnosis": "4-17-1", "resolution": 4, "center_lat": -42.1875, "center_lon": -171.5625, "avg_edge_len": 544413.35856852587, "cell_area": 290125609286.69775, "cell_perimeter": 2177653.4342741035 }, "geometry": { "type": "Polygon", "coordinates": [ [ [ -174.375, -39.375 ], [ -174.375, -45.0 ], [ -168.75, -45.0 ], [ -168.75, -39.375 ], [ -174.375, -39.375 ] ] ] } },
{ "type": "Feature", "properties": { "dggal_gnosis": "4-17-2", "resolution": 4, "center_lat": -42.1875, "center_lon": -165.9375, "avg_edge_len": 544413.35856852587, "cell_area": 290125609286.69775, "cell_perimeter": 2177653.4342741035 }, "geometry": { "type": "Polygon", "coordinates": [ [ [ -168.75, -39.375 ], [ -168.75, -45.0 ], [ -163.125, -45.0 ], [ -163.125, -39.375 ], [ -168.75, -39.375 ] ] ] } },
{ "type": "Feature", "properties": { "dggal_gnosis": "4-17-3", "resolution": 4, "center_lat": -42.1875, "center_lon": -160.3125, "avg_edge_len": 544413.35856852587, "cell_area": 290125609286.69775, "cell_perimeter": 2177653.4342741035 }, "geometry": { "type": "Polygon", "coordinates": [ [ [ -163.125, -39.375 ], [ -163.125, -45.0 ], [ -157.5, -45.0 ], [ -157.5, -39.375 ], [ -163.125, -39.375 ] ] ] } },
{ "type": "Feature", "properties": { "dggal_gnosis": "4-17-4", "resolution": 4, "center_lat": -42.1875, "center_lon": -154.6875, "avg_edge_len": 544413.35856852587, "cell_area": 290125609286.69775, "cell_perimeter": 2177653.4342741035 }, "geometry": { "type": "Polygon", "coordinates": [ [ [ -157.5, -39.375 ], [ -157.5, -45.0 ], [ -151.875, -45.0 ], [ -151.875, -39.375 ], [ -157.5, -39.375 ] ] ] } },
{ "type": "Feature", "properties": { "dggal_gnosis": "4-17-5", "resolution": 4, "center_lat": -42.1875, "center_lon": -149.0625, "avg_edge_len": 544413.35856852587, "cell_area": 290125609286.69775, "cell_perimeter": 2177653.4342741035 }, "geometry": { "type": "Polygon", "coordinates": [ [ [ -151.875, -39.375 ], [ -151.875, -45.0 ], [ -146.25, -45.0 ], [ -146.25, -39.375 ], [ -151.875, -39.375 ] ] ] } },
{ "type": "Feature", "properties": { "dggal_gnosis": "4-17-6", "resolution": 4, "center_lat": -42.1875, "center_lon": -143.4375, "avg_edge_len": 544413.35856852727, "cell_area": 290125609286.69922, "cell_perimeter": 2177653.4342741091 }, "geometry": { "type": "Polygon", "coordinates": [ [ [ -146.25, -39.375 ], [ -146.25, -45.0 ], [ -140.625, -45.0 ], [ -140.625, -39.375 ], [ -146.25, -39.375 ] ] ] } },
{ "type": "Feature", "properties": { "dggal_gnosis": "4-17-7", "resolution": 4, "center_lat": -42.1875, "center_lon": -137.8125, "avg_edge_len": 544413.35856852587, "cell_area": 290125609286.69775, "cell_perimeter": 2177653.4342741035 }, "geometry": { "type": "Polygon", "coordinates": [ [ [ -140.625, -39.375 ], [ -140.625, -45.0 ], [ -135.0, -45.0 ], [ -135.0, -39.375 ], [ -140.625, -39.375 ] ] ] } },
{ "type": "Feature", "properties": { "dggal_gnosis": "4-17-8", "resolution": 4, "center_lat": -42.1875, "center_lon": -132.1875, "avg_edge_len": 544413.35856852587, "cell_area": 290125609286.69775, "cell_perimeter": 2177653.4342741035 }, "geometry": { "type": "Polygon", "coordinates": [ [ [ -135.0, -39.375 ], [ -135.0, -45.0 ], [ -129.375, -45.0 ], [ -129.375, -39.375 ], [ -135.0, -39.375 ] ] ] } },
{ "type": "Feature", "properties": { "dggal_gnosis": "4-17-9", "resolution": 4, "center_lat": -42.1875, "center_lon": -126.5625, "avg_edge_len": 544413.35856852587, "cell_area": 290125609286.69775, "cell_perimeter": 2177653.4342741035 }, "geometry": { "type": "Polygon", "coordinates": [ [ [ -129.375, -39.375 ], [ -129.375, -45.0 ], [ -123.75, -45.0 ], [ -123.75, -39.375 ], [ -129.375, -39.375 ] ] ] } },
{ "type": "Feature", "properties": { "dggal_gnosis": "4-17-A", "resolution": 4, "center_lat": -42.1875, "center_lon": -120.9375, "avg_edge_len": 544413.35856852587, "cell_area": 290125609286.69775, "cell_perimeter": 2177653.4342741035 }, "geometry": { "type": "Polygon", "coordinates": [ [ [ -123.75, -39.375 ], [ -123.75, -45.0 ], [ -118.125, -45.0 ], [ -118.125, -39.375 ], [ -123.75, -39.375 ] ] ] } },
{ "type": "Feature", "properties": { "dggal_gnosis": "4-17-B", "resolution": 4, "center_lat": -42.1875, "center_lon": -115.3125, "avg_edge_len": 544413.35856852587, "cell_area": 290125609286.69775, "cell_perimeter": 2177653.4342741035 }, "geometry": { "type": "Polygon", "coordinates": [ [ [ -118.125, -39.375 ], [ -118.125, -45.0 ], [ -112.5, -45.0 ], [ -112.5, -39.375 ], [ -118.125, -39.375 ] ] ] } },
{ "type": "Feature", "properties": { "dggal_gnosis": "4-17-C", "resolution": 4, "center_lat": -42.1875, "center_lon": -109.6875, "avg_edge_len": 544413.35856852587, "cell_area": 290125609286.69775, "cell_perimeter": 2177653.4342741035 }, "geometry": { "type": "Polygon", "coordinates": [ [ [ -112.5, -39.375 ], [ -112.5, -45.0 ], [ -106.875, -45.0 ], [ -106.875, -39.375 ], [ -112.5, -39.375 ] ] ] } },
{ "type": "Feature", "properties": { "dggal_gnosis": "4-17-D", "resolution": 4, "center_lat": -42.1875, "center_lon": -104.0625, "avg_edge_len": 544413.3585685268, "cell_area": 290125609286.69873, "cell_perimeter": 2177653.4342741072 }, "geometry": { "type": "Polygon", "coordinates": [ [ [ -106.875, -39.375 ], [ -106.875, -45.0 ], [ -101.25, -45.0 ], [ -101.25, -39.375 ], [ -106.875, -39.375 ] ] ] } },
{ "type": "Feature", "properties": { "dggal_gnosis": "4-17-E", "resolution": 4, "center_lat": -42.1875, "center_lon": -98.4375, "avg_edge_len": 544413.35856852587, "cell_area": 290125609286.69727, "cell_perimeter": 2177653.4342741035 }, "geometry": { "type": "Polygon", "coordinates": [ [ [ -101.25, -39.375 ], [ -101.25, -45.0 ], [ -95.625, -45.0 ], [ -95.625, -39.375 ], [ -101.25, -39.375 ] ] ] } },
{ "type": "Feature", "properties": { "dggal_gnosis": "4-17-F", "resolution": 4, "center_lat": -42.1875, "center_lon": -92.8125, "avg_edge_len": 544413.35856852587, "cell_area": 290125609286.69775, "cell_perimeter": 2177653.4342741035 }, "geometry": { "type": "Polygon", "coordinates": [ [ [ -95.625, -39.375 ], [ -95.625, -45.0 ], [ -90.0, -45.0 ], [ -90.0, -39.375 ], [ -95.625, -39.375 ] ] ] } },
{ "type": "Feature", "properties": { "dggal_gnosis": "4-17-10", "resolution": 4, "center_lat": -42.1875, "center_lon": -87.1875, "avg_edge_len": 544413.3585685268, "cell_area": 290125609286.69873, "cell_perimeter": 2177653.4342741072 }, "geometry": { "type": "Polygon", "coordinates": [ [ [ -90.0, -39.375 ], [ -90.0, -45.0 ], [ -84.375, -45.0 ], [ -84.375, -39.375 ], [ -90.0, -39.375 ] ] ] } },
{ "type": "Feature", "properties": { "dggal_gnosis": "4-17-11", "resolution": 4, "center_lat": -42.1875, "center_lon": -81.5625, "avg_edge_len": 544413.35856852587, "cell_area": 290125609286.69775, "cell_perimeter": 2177653.4342741035 }, "geometry": { "type": "Polygon", "coordinates": [ [ [ -84.375, -39.375 ], [ -84.375, -45.0 ], [ -78.75, -45.0 ], [ -78.75, -39.375 ], [ -84.375, -39.375 ] ] ] } },
{ "type": "Feature", "properties": { "dggal_gnosis": "4-17-12", "resolution": 4, "center_lat": -42.1875, "center_lon": -75.9375, "avg_edge_len": 544413.35856852587, "cell_area": 290125609286.69727, "cell_perimeter": 2177653.4342741035 }, "geometry": { "type": "Polygon", "coordinates": [ [ [ -78.75, -39.375 ], [ -78.75, -45.0 ], [ -73.125, -45.0 ], [ -73.125, -39.375 ], [ -78.75, -39.375 ] ] ] } },
{ "type": "Feature", "properties": { "dggal_gnosis": "4-17-13", "resolution": 4, "center_lat": -42.1875, "center_lon": -70.3125, "avg_edge_len": 544413.3585685268, "cell_area": 290125609286.69873, "cell_perimeter": 2177653.4342741072 }, "geometry": { "type": "Polygon", "coordinates": [ [ [ -73.125, -39.375 ], [ -73.125, -45.0 ], [ -67.5, -45.0 ], [ -67.5, -39.375 ], [ -73.125, -39.375 ] ] ] } },
{ "type": "Feature", "properties": { "dggal_gnosis": "4-17-14", "resolution": 4, "center_lat": -42.1875, "center_lon": -64.6875, "avg_edge_len": 544413.35856852587, "cell_area": 290125609286.69775, "cell_perimeter": 2177653.4342741035 }, "geometry": { "type": "Polygon", "coordinates": [ [ [ -67.5, -39.375 ], [ -67.5, -45.0 ], [ -61.875, -45.0 ], [ -61.875, -39.375 ], [ -67.5, -39.375 ] ] ] } },
{ "type": "Feature", "properties": { "dggal_gnosis": "4-17-15", "resolution": 4, "center_lat": -42.1875, "center_lon": -59.0625, "avg_edge_len": 544413.35856852587, "cell_area": 290125609286.69775, "cell_perimeter": 2177653.4342741035 }, "geometry": { "type": "Polygon", "coordinates": [ [ [ -61.875, -39.375 ], [ -61.875, -45.0 ], [ -56.25, -45.0 ], [ -56.25, -39.375 ], [ -61.875, -39.375 ] ] ] } },
{ "type": "Feature", "properties": { "dggal_gnosis": "4-17-16", "resolution": 4, "center_lat": -42.1875, "center_lon": -53.4375, "avg_edge_len": 544413.35856852587, "cell_area": 290125609286.69775, "cell_perimeter": 2177653.4342741035 }, "geometry": { "type": "Polygon", "coordinates": [ [ [ -56.25, -39.375 ], [ -56.25, -45.0 ], [ -50.625, -45.0 ], [ -50.625, -39.375 ], [ -56.25, -39.375 ] ] ] } },
{ "type": "Feature", "properties": { "dggal_gnosis": "4-17-17", "resolution": 4, "center_lat": -42.1875, "center_lon": -47.8125, "avg_edge_len": 544413.35856852587, "cell_area": 290125609286.69775, "cell_perimeter": 2177653.4342741035 }, "geometry": { "type": "Polygon", "coordinates": [ [ [ -50.625, -39.375 ], [ -50.625, -45.0 ], [ -45.0, -45.0 ], [ -45.0, -39.375 ], [ -50.625, -39.375 ] ] ] } },
{ "type": "Feature", "properties": { "dggal_gnosis": "4-17-18", "resolution": 4, "center_lat": -42.1875, "center_lon": -42.1875, "avg_edge_len": 544413.35856852587, "cell_area": 290125609286.69775, "cell_perimeter": 2177653.4342741035 }, "geometry": { "type": "Polygon", "coordinates": [ [ [ -45.0, -39.375 ], [ -45.0, -45.0 ], [ -39.375, -45.0 ], [ -39.375, -39.375 ], [ -45.0, -39.375 ] ] ] } },
{ "type": "Feature", "properties": { "dggal_gnosis": "4-17-19", "resolution": 4, "center_lat": -42.1875, "center_lon": -36.5625, "avg_edge_len": 544413.35856852587, "cell_area": 290125609286.69775, "cell_perimeter": 2177653.4342741035 }, "geometry": { "type": "Polygon", "coordinates": [ [ [ -39.375, -39.375 ], [ -39.375, -45.0 ], [ -33.75, -45.0 ], [ -33.75, -39.375 ], [ -39.375, -39.375 ] ] ] } },
{ "type": "Feature", "properties": { "dggal_gnosis": "4-17-1A", "resolution": 4, "center_lat": -42.1875, "center_lon": -30.9375, "avg_edge_len": 544413.35856852576, "cell_area": 290125609286.69824, "cell_perimeter": 2177653.434274103 }, "geometry": { "type": "Polygon", "coordinates": [ [ [ -33.75, -39.375 ], [ -33.75, -45.0 ], [ -28.125, -45.0 ], [ -28.125, -39.375 ], [ -33.75, -39.375 ] ] ] } },
{ "type": "Feature", "properties": { "dggal_gnosis": "4-17-1B", "resolution": 4, "center_lat": -42.1875, "center_lon": -25.3125, "avg_edge_len": 544413.35856852587, "cell_area": 290125609286.69775, "cell_perimeter": 2177653.4342741035 }, "geometry": { "type": "Polygon", "coordinates": [ [ [ -28.125, -39.375 ], [ -28.125, -45.0 ], [ -22.5, -45.0 ], [ -22.5, -39.375 ], [ -28.125, -39.375 ] ] ] } },
{ "type": "Feature", "properties": { "dggal_gnosis": "4-17-1C", "resolution": 4, "center_lat": -42.1875, "center_lon": -19.6875, "avg_edge_len": 544413.35856852587, "cell_area": 290125609286.69775, "cell_perimeter": 2177653.4342741035 }, "geometry": { "type": "Polygon", "coordinates": [ [ [ -22.5, -39.375 ], [ -22.5, -45.0 ], [ -16.875, -45.0 ], [ -16.875, -39.375 ], [ -22.5, -39.375 ] ] ] } },
{ "type": "Feature", "properties": { "dggal_gnosis": "4-17-1D", "resolution": 4, "center_lat": -42.1875, "center_lon": -14.0625, "avg_edge_len": 544413.35856852576, "cell_area": 290125609286.69824, "cell_perimeter": 2177653.434274103 }, "geometry": { "type": "Polygon", "coordinates": [ [ [ -16.875, -39.375 ], [ -16.875, -45.0 ], [ -11.25, -45.0 ], [ -11.25, -39.375 ], [ -16.875, -39.375 ] ] ] } },
{ "type": "Feature", "properties": { "dggal_gnosis": "4-17-1E", "resolution": 4, "center_lat": -42.1875, "center_lon": -8.4375, "avg_edge_len": 544413.35856852634, "cell_area": 290125609286.69775, "cell_perimeter": 2177653.4342741054 }, "geometry": { "type": "Polygon", "coordinates": [ [ [ -11.25, -39.375 ], [ -11.25, -45.0 ], [ -5.625, -45.0 ], [ -5.625, -39.375 ], [ -11.25, -39.375 ] ] ] } },
{ "type": "Feature", "properties": { "dggal_gnosis": "4-17-1F", "resolution": 4, "center_lat": -42.1875, "center_lon": -2.8125, "avg_edge_len": 544413.35856852634, "cell_area": 290125609286.69775, "cell_perimeter": 2177653.4342741054 }, "geometry": { "type": "Polygon", "coordinates": [ [ [ -5.625, -39.375 ], [ -5.625, -45.0 ], [ -0.0, -45.0 ], [ -0.0, -39.375 ], [ -5.625, -39.375 ] ] ] } },
{ "type": "Feature", "properties": { "dggal_gnosis": "4-17-20", "resolution": 4, "center_lat": -42.1875, "center_lon": 2.8125, "avg_edge_len": 544413.35856852634, "cell_area": 290125609286.69775, "cell_perimeter": 2177653.4342741054 }, "geometry": { "type": "Polygon", "coordinates": [ [ [ 0.0, -39.375 ], [ 0.0, -45.0 ], [ 5.625, -45.0 ], [ 5.625, -39.375 ], [ 0.0, -39.375 ] ] ] } },
{ "type": "Feature", "properties": { "dggal_gnosis": "4-17-21", "resolution": 4, "center_lat": -42.1875, "center_lon": 8.4375, "avg_edge_len": 544413.35856852611, "cell_area": 290125609286.69775, "cell_perimeter": 2177653.4342741044 }, "geometry": { "type": "Polygon", "coordinates": [ [ [ 5.625, -39.375 ], [ 5.625, -45.0 ], [ 11.25, -45.0 ], [ 11.25, -39.375 ], [ 5.625, -39.375 ] ] ] } },
{ "type": "Feature", "properties": { "dggal_gnosis": "4-17-22", "resolution": 4, "center_lat": -42.1875, "center_lon": 14.0625, "avg_edge_len": 544413.35856852634, "cell_area": 290125609286.69775, "cell_perimeter": 2177653.4342741054 }, "geometry": { "type": "Polygon", "coordinates": [ [ [ 11.25, -39.375 ], [ 11.25, -45.0 ], [ 16.875, -45.0 ], [ 16.875, -39.375 ], [ 11.25, -39.375 ] ] ] } },
{ "type": "Feature", "properties": { "dggal_gnosis": "4-17-23", "resolution": 4, "center_lat": -42.1875, "center_lon": 19.6875, "avg_edge_len": 544413.35856852587, "cell_area": 290125609286.69775, "cell_perimeter": 2177653.4342741035 }, "geometry": { "type": "Polygon", "coordinates": [ [ [ 16.875, -39.375 ], [ 16.875, -45.0 ], [ 22.5, -45.0 ], [ 22.5, -39.375 ], [ 16.875, -39.375 ] ] ] } },
{ "type": "Feature", "properties": { "dggal_gnosis": "4-17-24", "resolution": 4, "center_lat": -42.1875, "center_lon": 25.3125, "avg_edge_len": 544413.35856852576, "cell_area": 290125609286.69824, "cell_perimeter": 2177653.434274103 }, "geometry": { "type": "Polygon", "coordinates": [ [ [ 22.5, -39.375 ], [ 22.5, -45.0 ], [ 28.125, -45.0 ], [ 28.125, -39.375 ], [ 22.5, -39.375 ] ] ] } },
{ "type": "Feature", "properties": { "dggal_gnosis": "4-17-25", "resolution": 4, "center_lat": -42.1875, "center_lon": 30.9375, "avg_edge_len": 544413.35856852576, "cell_area": 290125609286.69824, "cell_perimeter": 2177653.434274103 }, "geometry": { "type": "Polygon", "coordinates": [ [ [ 28.125, -39.375 ], [ 28.125, -45.0 ], [ 33.75, -45.0 ], [ 33.75, -39.375 ], [ 28.125, -39.375 ] ] ] } },
{ "type": "Feature", "properties": { "dggal_gnosis": "4-17-26", "resolution": 4, "center_lat": -42.1875, "center_lon": 36.5625, "avg_edge_len": 544413.35856852587, "cell_area": 290125609286.69775, "cell_perimeter": 2177653.4342741035 }, "geometry": { "type": "Polygon", "coordinates": [ [ [ 33.75, -39.375 ], [ 33.75, -45.0 ], [ 39.375, -45.0 ], [ 39.375, -39.375 ], [ 33.75, -39.375 ] ] ] } },
{ "type": "Feature", "properties": { "dggal_gnosis": "4-17-27", "resolution": 4, "center_lat": -42.1875, "center_lon": 42.1875, "avg_edge_len": 544413.35856852587, "cell_area": 290125609286.69775, "cell_perimeter": 2177653.4342741035 }, "geometry": { "type": "Polygon", "coordinates": [ [ [ 39.375, -39.375 ], [ 39.375, -45.0 ], [ 45.0, -45.0 ], [ 45.0, -39.375 ], [ 39.375, -39.375 ] ] ] } },
{ "type": "Feature", "properties": { "dggal_gnosis": "4-17-28", "resolution": 4, "center_lat": -42.1875, "center_lon": 47.8125, "avg_edge_len": 544413.35856852587, "cell_area": 290125609286.69775, "cell_perimeter": 2177653.4342741035 }, "geometry": { "type": "Polygon", "coordinates": [ [ [ 45.0, -39.375 ], [ 45.0, -45.0 ], [ 50.625, -45.0 ], [ 50.625, -39.375 ], [ 45.0, -39.375 ] ] ] } },
{ "type": "Feature", "properties": { "dggal_gnosis": "4-17-29", "resolution": 4, "center_lat": -42.1875, "center_lon": 53.4375, "avg_edge_len": 544413.35856852587, "cell_area": 290125609286.69775, "cell_perimeter": 2177653.4342741035 }, "geometry": { "type": "Polygon", "coordinates": [ [ [ 50.625, -39.375 ], [ 50.625, -45.0 ], [ 56.25, -45.0 ], [ 56.25, -39.375 ], [ 50.625, -39.375 ] ] ] } },
{ "type": "Feature", "properties": { "dggal_gnosis": "4-17-2A", "resolution": 4, "center_lat": -42.1875, "center_lon": 59.0625, "avg_edge_len": 544413.35856852587, "cell_area": 290125609286.69775, "cell_perimeter": 2177653.4342741035 }, "geometry": { "type": "Polygon", "coordinates": [ [ [ 56.25, -39.375 ], [ 56.25, -45.0 ], [ 61.875, -45.0 ], [ 61.875, -39.375 ], [ 56.25, -39.375 ] ] ] } },
{ "type": "Feature", "properties": { "dggal_gnosis": "4-17-2B", "resolution": 4, "center_lat": -42.1875, "center_lon": 64.6875, "avg_edge_len": 544413.35856852587, "cell_area": 290125609286.69775, "cell_perimeter": 2177653.4342741035 }, "geometry": { "type": "Polygon", "coordinates": [ [ [ 61.875, -39.375 ], [ 61.875, -45.0 ], [ 67.5, -45.0 ], [ 67.5, -39.375 ], [ 61.875, -39.375 ] ] ] } },
{ "type": "Feature", "properties": { "dggal_gnosis": "4-17-2C", "resolution": 4, "center_lat": -42.1875, "center_lon": 70.3125, "avg_edge_len": 544413.3585685268, "cell_area": 290125609286.69873, "cell_perimeter": 2177653.4342741072 }, "geometry": { "type": "Polygon", "coordinates": [ [ [ 67.5, -39.375 ], [ 67.5, -45.0 ], [ 73.125, -45.0 ], [ 73.125, -39.375 ], [ 67.5, -39.375 ] ] ] } },
{ "type": "Feature", "properties": { "dggal_gnosis": "4-17-2D", "resolution": 4, "center_lat": -42.1875, "center_lon": 75.9375, "avg_edge_len": 544413.35856852587, "cell_area": 290125609286.69775, "cell_perimeter": 2177653.4342741035 }, "geometry": { "type": "Polygon", "coordinates": [ [ [ 73.125, -39.375 ], [ 73.125, -45.0 ], [ 78.75, -45.0 ], [ 78.75, -39.375 ], [ 73.125, -39.375 ] ] ] } },
{ "type": "Feature", "properties": { "dggal_gnosis": "4-17-2E", "resolution": 4, "center_lat": -42.1875, "center_lon": 81.5625, "avg_edge_len": 544413.35856852587, "cell_area": 290125609286.69775, "cell_perimeter": 2177653.4342741035 }, "geometry": { "type": "Polygon", "coordinates": [ [ [ 78.75, -39.375 ], [ 78.75, -45.0 ], [ 84.375, -45.0 ], [ 84.375, -39.375 ], [ 78.75, -39.375 ] ] ] } },
{ "type": "Feature", "properties": { "dggal_gnosis": "4-17-2F", "resolution": 4, "center_lat": -42.1875, "center_lon": 87.1875, "avg_edge_len": 544413.35856852587, "cell_area": 290125609286.69775, "cell_perimeter": 2177653.4342741035 }, "geometry": { "type": "Polygon", "coordinates": [ [ [ 84.375, -39.375 ], [ 84.375, -45.0 ], [ 90.0, -45.0 ], [ 90.0, -39.375 ], [ 84.375, -39.375 ] ] ] } },
{ "type": "Feature", "properties": { "dggal_gnosis": "4-17-30", "resolution": 4, "center_lat": -42.1875, "center_lon": 92.8125, "avg_edge_len": 544413.35856852587, "cell_area": 290125609286.69775, "cell_perimeter": 2177653.4342741035 }, "geometry": { "type": "Polygon", "coordinates": [ [ [ 90.0, -39.375 ], [ 90.0, -45.0 ], [ 95.625, -45.0 ], [ 95.625, -39.375 ], [ 90.0, -39.375 ] ] ] } },
{ "type": "Feature", "properties": { "dggal_gnosis": "4-17-31", "resolution": 4, "center_lat": -42.1875, "center_lon": 98.4375, "avg_edge_len": 544413.35856852587, "cell_area": 290125609286.69775, "cell_perimeter": 2177653.4342741035 }, "geometry": { "type": "Polygon", "coordinates": [ [ [ 95.625, -39.375 ], [ 95.625, -45.0 ], [ 101.25, -45.0 ], [ 101.25, -39.375 ], [ 95.625, -39.375 ] ] ] } },
{ "type": "Feature", "properties": { "dggal_gnosis": "4-17-32", "resolution": 4, "center_lat": -42.1875, "center_lon": 104.0625, "avg_edge_len": 544413.3585685268, "cell_area": 290125609286.69873, "cell_perimeter": 2177653.4342741072 }, "geometry": { "type": "Polygon", "coordinates": [ [ [ 101.25, -39.375 ], [ 101.25, -45.0 ], [ 106.875, -45.0 ], [ 106.875, -39.375 ], [ 101.25, -39.375 ] ] ] } },
{ "type": "Feature", "properties": { "dggal_gnosis": "4-17-33", "resolution": 4, "center_lat": -42.1875, "center_lon": 109.6875, "avg_edge_len": 544413.35856852587, "cell_area": 290125609286.69775, "cell_perimeter": 2177653.4342741035 }, "geometry": { "type": "Polygon", "coordinates": [ [ [ 106.875, -39.375 ], [ 106.875, -45.0 ], [ 112.5, -45.0 ], [ 112.5, -39.375 ], [ 106.875, -39.375 ] ] ] } },
{ "type": "Feature", "properties": { "dggal_gnosis": "4-17-34", "resolution": 4, "center_lat": -42.1875, "center_lon": 115.3125, "avg_edge_len": 544413.35856852587, "cell_area": 290125609286.69775, "cell_perimeter": 2177653.4342741035 }, "geometry": { "type": "Polygon", "coordinates": [ [ [ 112.5, -39.375 ], [ 112.5, -45.0 ], [ 118.125, -45.0 ], [ 118.125, -39.375 ], [ 112.5, -39.375 ] ] ] } },
{ "type": "Feature", "properties": { "dggal_gnosis": "4-17-35", "resolution": 4, "center_lat": -42.1875, "center_lon": 120.9375, "avg_edge_len": 544413.3585685268, "cell_area": 290125609286.69873, "cell_perimeter": 2177653.4342741072 }, "geometry": { "type": "Polygon", "coordinates": [ [ [ 118.125, -39.375 ], [ 118.125, -45.0 ], [ 123.75, -45.0 ], [ 123.75, -39.375 ], [ 118.125, -39.375 ] ] ] } },
{ "type": "Feature", "properties": { "dggal_gnosis": "4-17-36", "resolution": 4, "center_lat": -42.1875, "center_lon": 126.5625, "avg_edge_len": 544413.35856852587, "cell_area": 290125609286.69775, "cell_perimeter": 2177653.4342741035 }, "geometry": { "type": "Polygon", "coordinates": [ [ [ 123.75, -39.375 ], [ 123.75, -45.0 ], [ 129.375, -45.0 ], [ 129.375, -39.375 ], [ 123.75, -39.375 ] ] ] } },
{ "type": "Feature", "properties": { "dggal_gnosis": "4-17-37", "resolution": 4, "center_lat": -42.1875, "center_lon": 132.1875, "avg_edge_len": 544413.35856852587, "cell_area": 290125609286.69775, "cell_perimeter": 2177653.4342741035 }, "geometry": { "type": "Polygon", "coordinates": [ [ [ 129.375, -39.375 ], [ 129.375, -45.0 ], [ 135.0, -45.0 ], [ 135.0, -39.375 ], [ 129.375, -39.375 ] ] ] } },
{ "type": "Feature", "properties": { "dggal_gnosis": "4-17-38", "resolution": 4, "center_lat": -42.1875, "center_lon": 137.8125, "avg_edge_len": 544413.35856852587, "cell_area": 290125609286.69775, "cell_perimeter": 2177653.4342741035 }, "geometry": { "type": "Polygon", "coordinates": [ [ [ 135.0, -39.375 ], [ 135.0, -45.0 ], [ 140.625, -45.0 ], [ 140.625, -39.375 ], [ 135.0, -39.375 ] ] ] } },
{ "type": "Feature", "properties": { "dggal_gnosis": "4-17-39", "resolution": 4, "center_lat": -42.1875, "center_lon": 143.4375, "avg_edge_len": 544413.35856852727, "cell_area": 290125609286.69922, "cell_perimeter": 2177653.4342741091 }, "geometry": { "type": "Polygon", "coordinates": [ [ [ 140.625, -39.375 ], [ 140.625, -45.0 ], [ 146.25, -45.0 ], [ 146.25, -39.375 ], [ 140.625, -39.375 ] ] ] } },
{ "type": "Feature", "properties": { "dggal_gnosis": "4-17-3A", "resolution": 4, "center_lat": -42.1875, "center_lon": 149.0625, "avg_edge_len": 544413.35856852587, "cell_area": 290125609286.69775, "cell_perimeter": 2177653.4342741035 }, "geometry": { "type": "Polygon", "coordinates": [ [ [ 146.25, -39.375 ], [ 146.25, -45.0 ], [ 151.875, -45.0 ], [ 151.875, -39.375 ], [ 146.25, -39.375 ] ] ] } },
{ "type": "Feature", "properties": { "dggal_gnosis": "4-17-3B", "resolution": 4, "center_lat": -42.1875, "center_lon": 154.6875, "avg_edge_len": 544413.35856852587, "cell_area": 290125609286.69775, "cell_perimeter": 2177653.4342741035 }, "geometry": { "type": "Polygon", "coordinates": [ [ [ 151.875, -39.375 ], [ 151.875, -45.0 ], [ 157.5, -45.0 ], [ 157.5, -39.375 ], [ 151.875, -39.375 ] ] ] } },
{ "type": "Feature", "properties": { "dggal_gnosis": "4-17-3C", "resolution": 4, "center_lat": -42.1875, "center_lon": 160.3125, "avg_edge_len": 544413.35856852587, "cell_area": 290125609286.69775, "cell_perimeter": 2177653.4342741035 }, "geometry": { "type": "Polygon", "coordinates": [ [ [ 157.5, -39.375 ], [ 157.5, -45.0 ], [ 163.125, -45.0 ], [ 163.125, -39.375 ], [ 157.5, -39.375 ] ] ] } },
{ "type": "Feature", "properties": { "dggal_gnosis": "4-17-3D", "resolution": 4, "center_lat": -42.1875, "center_lon": 165.9375, "avg_edge_len": 544413.35856852587, "cell_area": 290125609286.69775, "cell_perimeter": 2177653.4342741035 }, "geometry": { "type": "Polygon", "coordinates": [ [ [ 163.125, -39.375 ], [ 163.125, -45.0 ], [ 168.75, -45.0 ], [ 168.75, -39.375 ], [ 163.125, -39.375 ] ] ] } },
{ "type": "Feature", "properties": { "dggal_gnosis": "4-17-3E", "resolution": 4, "center_lat": -42.1875, "center_lon": 171.5625, "avg_edge_len": 544413.35856852587, "cell_area": 290125609286.69775, "cell_perimeter": 2177653.4342741035 }, "geometry": { "type": "Polygon", "coordinates": [ [ [ 168.75, -39.375 ], [ 168.75, -45.0 ], [ 174.375, -45.0 ], [ 174.375, -39.375 ], [ 168.75, -39.375 ] ] ] } },
{ "type": "Feature", "properties": { "dggal_gnosis": "4-17-3F", "resolution": 4, "center_lat": -42.1875, "center_lon": 177.1875, "avg_edge_len": 544413.35856852587, "cell_area": 290125609286.69775, "cell_perimeter": 2177653.4342741035 }, "geometry": { "type": "Polygon", "coordinates": [ [ [ 174.375, -39.375 ], [ 174.375, -45.0 ], [ 180.0, -45.0 ], [ 180.0, -39.375 ], [ 174.375, -39.375 ] ] ] } },
{ "type": "Feature", "properties": { "dggal_gnosis": "4-18-0", "resolution": 4, "center_lat": -47.8125, "center_lon": -174.375, "avg_edge_len": 733117.47967860894, "cell_area": 525654360548.97266, "cell_perimeter": 2932469.9187144358 }, "geometry": { "type": "Polygon", "coordinates": [ [ [ -180.0, -45.0 ], [ -180.0, -50.625 ], [ -168.75, -50.625 ], [ -168.75, -45.0 ], [ -180.0, -45.0 ] ] ] } },
{ "type": "Feature", "properties": { "dggal_gnosis": "4-18-2", "resolution": 4, "center_lat": -47.8125, "center_lon": -163.125, "avg_edge_len": 733117.4796786079, "cell_area": 525654360548.97168, "cell_perimeter": 2932469.9187144316 }, "geometry": { "type": "Polygon", "coordinates": [ [ [ -168.75, -45.0 ], [ -168.75, -50.625 ], [ -157.5, -50.625 ], [ -157.5, -45.0 ], [ -168.75, -45.0 ] ] ] } },
{ "type": "Feature", "properties": { "dggal_gnosis": "4-18-4", "resolution": 4, "center_lat": -47.8125, "center_lon": -151.875, "avg_edge_len": 733117.47967860673, "cell_area": 525654360548.96973, "cell_perimeter": 2932469.9187144269 }, "geometry": { "type": "Polygon", "coordinates": [ [ [ -157.5, -45.0 ], [ -157.5, -50.625 ], [ -146.25, -50.625 ], [ -146.25, -45.0 ], [ -157.5, -45.0 ] ] ] } },
{ "type": "Feature", "properties": { "dggal_gnosis": "4-18-6", "resolution": 4, "center_lat": -47.8125, "center_lon": -140.625, "avg_edge_len": 733117.47967860894, "cell_area": 525654360548.97266, "cell_perimeter": 2932469.9187144358 }, "geometry": { "type": "Polygon", "coordinates": [ [ [ -146.25, -45.0 ], [ -146.25, -50.625 ], [ -135.0, -50.625 ], [ -135.0, -45.0 ], [ -146.25, -45.0 ] ] ] } },
{ "type": "Feature", "properties": { "dggal_gnosis": "4-18-8", "resolution": 4, "center_lat": -47.8125, "center_lon": -129.375, "avg_edge_len": 733117.4796786079, "cell_area": 525654360548.97168, "cell_perimeter": 2932469.9187144316 }, "geometry": { "type": "Polygon", "coordinates": [ [ [ -135.0, -45.0 ], [ -135.0, -50.625 ], [ -123.75, -50.625 ], [ -123.75, -45.0 ], [ -135.0, -45.0 ] ] ] } },
{ "type": "Feature", "properties": { "dggal_gnosis": "4-18-A", "resolution": 4, "center_lat": -47.8125, "center_lon": -118.125, "avg_edge_len": 733117.4796786079, "cell_area": 525654360548.97168, "cell_perimeter": 2932469.9187144316 }, "geometry": { "type": "Polygon", "coordinates": [ [ [ -123.75, -45.0 ], [ -123.75, -50.625 ], [ -112.5, -50.625 ], [ -112.5, -45.0 ], [ -123.75, -45.0 ] ] ] } },
{ "type": "Feature", "properties": { "dggal_gnosis": "4-18-C", "resolution": 4, "center_lat": -47.8125, "center_lon": -106.875, "avg_edge_len": 733117.4796786079, "cell_area": 525654360548.97168, "cell_perimeter": 2932469.9187144316 }, "geometry": { "type": "Polygon", "coordinates": [ [ [ -112.5, -45.0 ], [ -112.5, -50.625 ], [ -101.25, -50.625 ], [ -101.25, -45.0 ], [ -112.5, -45.0 ] ] ] } },
{ "type": "Feature", "properties": { "dggal_gnosis": "4-18-E", "resolution": 4, "center_lat": -47.8125, "center_lon": -95.625, "avg_edge_len": 733117.47967860743, "cell_area": 525654360548.9707, "cell_perimeter": 2932469.9187144297 }, "geometry": { "type": "Polygon", "coordinates": [ [ [ -101.25, -45.0 ], [ -101.25, -50.625 ], [ -90.0, -50.625 ], [ -90.0, -45.0 ], [ -101.25, -45.0 ] ] ] } },
{ "type": "Feature", "properties": { "dggal_gnosis": "4-18-10", "resolution": 4, "center_lat": -47.8125, "center_lon": -84.375, "avg_edge_len": 733117.4796786079, "cell_area": 525654360548.97168, "cell_perimeter": 2932469.9187144316 }, "geometry": { "type": "Polygon", "coordinates": [ [ [ -90.0, -45.0 ], [ -90.0, -50.625 ], [ -78.75, -50.625 ], [ -78.75, -45.0 ], [ -90.0, -45.0 ] ] ] } },
{ "type": "Feature", "properties": { "dggal_gnosis": "4-18-12", "resolution": 4, "center_lat": -47.8125, "center_lon": -73.125, "avg_edge_len": 733117.4796786079, "cell_area": 525654360548.97168, "cell_perimeter": 2932469.9187144316 }, "geometry": { "type": "Polygon", "coordinates": [ [ [ -78.75, -45.0 ], [ -78.75, -50.625 ], [ -67.5, -50.625 ], [ -67.5, -45.0 ], [ -78.75, -45.0 ] ] ] } },
{ "type": "Feature", "properties": { "dggal_gnosis": "4-18-14", "resolution": 4, "center_lat": -47.8125, "center_lon": -61.875, "avg_edge_len": 733117.47967860755, "cell_area": 525654360548.97168, "cell_perimeter": 2932469.9187144302 }, "geometry": { "type": "Polygon", "coordinates": [ [ [ -67.5, -45.0 ], [ -67.5, -50.625 ], [ -56.25, -50.625 ], [ -56.25, -45.0 ], [ -67.5, -45.0 ] ] ] } },
{ "type": "Feature", "properties": { "dggal_gnosis": "4-18-16", "resolution": 4, "center_lat": -47.8125, "center_lon": -50.625, "avg_edge_len": 733117.4796786079, "cell_area": 525654360548.97168, "cell_perimeter": 2932469.9187144316 }, "geometry": { "type": "Polygon", "coordinates": [ [ [ -56.25, -45.0 ], [ -56.25, -50.625 ], [ -45.0, -50.625 ], [ -45.0, -45.0 ], [ -56.25, -45.0 ] ] ] } },
{ "type": "Feature", "properties": { "dggal_gnosis": "4-18-18", "resolution": 4, "center_lat": -47.8125, "center_lon": -39.375, "avg_edge_len": 733117.4796786079, "cell_area": 525654360548.97168, "cell_perimeter": 2932469.9187144316 }, "geometry": { "type": "Polygon", "coordinates": [ [ [ -45.0, -45.0 ], [ -45.0, -50.625 ], [ -33.75, -50.625 ], [ -33.75, -45.0 ], [ -45.0, -45.0 ] ] ] } },
{ "type": "Feature", "properties": { "dggal_gnosis": "4-18-1A", "resolution": 4, "center_lat": -47.8125, "center_lon": -28.125, "avg_edge_len": 733117.47967860755, "cell_area": 525654360548.97168, "cell_perimeter": 2932469.9187144302 }, "geometry": { "type": "Polygon", "coordinates": [ [ [ -33.75, -45.0 ], [ -33.75, -50.625 ], [ -22.5, -50.625 ], [ -22.5, -45.0 ], [ -33.75, -45.0 ] ] ] } },
{ "type": "Feature", "properties": { "dggal_gnosis": "4-18-1C", "resolution": 4, "center_lat": -47.8125, "center_lon": -16.875, "avg_edge_len": 733117.47967860755, "cell_area": 525654360548.9707, "cell_perimeter": 2932469.9187144302 }, "geometry": { "type": "Polygon", "coordinates": [ [ [ -22.5, -45.0 ], [ -22.5, -50.625 ], [ -11.25, -50.625 ], [ -11.25, -45.0 ], [ -22.5, -45.0 ] ] ] } },
{ "type": "Feature", "properties": { "dggal_gnosis": "4-18-1E", "resolution": 4, "center_lat": -47.8125, "center_lon": -5.625, "avg_edge_len": 733117.47967860755, "cell_area": 525654360548.9707, "cell_perimeter": 2932469.9187144302 }, "geometry": { "type": "Polygon", "coordinates": [ [ [ -11.25, -45.0 ], [ -11.25, -50.625 ], [ -0.0, -50.625 ], [ -0.0, -45.0 ], [ -11.25, -45.0 ] ] ] } },
{ "type": "Feature", "properties": { "dggal_gnosis": "4-18-20", "resolution": 4, "center_lat": -47.8125, "center_lon": 5.625, "avg_edge_len": 733117.47967860755, "cell_area": 525654360548.9707, "cell_perimeter": 2932469.9187144302 }, "geometry": { "type": "Polygon", "coordinates": [ [ [ 0.0, -45.0 ], [ 0.0, -50.625 ], [ 11.25, -50.625 ], [ 11.25, -45.0 ], [ 0.0, -45.0 ] ] ] } },
{ "type": "Feature", "properties": { "dggal_gnosis": "4-18-22", "resolution": 4, "center_lat": -47.8125, "center_lon": 16.875, "avg_edge_len": 733117.47967860755, "cell_area": 525654360548.97168, "cell_perimeter": 2932469.9187144302 }, "geometry": { "type": "Polygon", "coordinates": [ [ [ 11.25, -45.0 ], [ 11.25, -50.625 ], [ 22.5, -50.625 ], [ 22.5, -45.0 ], [ 11.25, -45.0 ] ] ] } },
{ "type": "Feature", "properties": { "dggal_gnosis": "4-18-24", "resolution": 4, "center_lat": -47.8125, "center_lon": 28.125, "avg_edge_len": 733117.47967860755, "cell_area": 525654360548.97168, "cell_perimeter": 2932469.9187144302 }, "geometry": { "type": "Polygon", "coordinates": [ [ [ 22.5, -45.0 ], [ 22.5, -50.625 ], [ 33.75, -50.625 ], [ 33.75, -45.0 ], [ 22.5, -45.0 ] ] ] } },
{ "type": "Feature", "properties": { "dggal_gnosis": "4-18-26", "resolution": 4, "center_lat": -47.8125, "center_lon": 39.375, "avg_edge_len": 733117.4796786079, "cell_area": 525654360548.97168, "cell_perimeter": 2932469.9187144316 }, "geometry": { "type": "Polygon", "coordinates": [ [ [ 33.75, -45.0 ], [ 33.75, -50.625 ], [ 45.0, -50.625 ], [ 45.0, -45.0 ], [ 33.75, -45.0 ] ] ] } },
{ "type": "Feature", "properties": { "dggal_gnosis": "4-18-28", "resolution": 4, "center_lat": -47.8125, "center_lon": 50.625, "avg_edge_len": 733117.47967860755, "cell_area": 525654360548.97168, "cell_perimeter": 2932469.9187144302 }, "geometry": { "type": "Polygon", "coordinates": [ [ [ 45.0, -45.0 ], [ 45.0, -50.625 ], [ 56.25, -50.625 ], [ 56.25, -45.0 ], [ 45.0, -45.0 ] ] ] } },
{ "type": "Feature", "properties": { "dggal_gnosis": "4-18-2A", "resolution": 4, "center_lat": -47.8125, "center_lon": 61.875, "avg_edge_len": 733117.47967860755, "cell_area": 525654360548.97168, "cell_perimeter": 2932469.9187144302 }, "geometry": { "type": "Polygon", "coordinates": [ [ [ 56.25, -45.0 ], [ 56.25, -50.625 ], [ 67.5, -50.625 ], [ 67.5, -45.0 ], [ 56.25, -45.0 ] ] ] } },
{ "type": "Feature", "properties": { "dggal_gnosis": "4-18-2C", "resolution": 4, "center_lat": -47.8125, "center_lon": 73.125, "avg_edge_len": 733117.4796786079, "cell_area": 525654360548.97168, "cell_perimeter": 2932469.9187144316 }, "geometry": { "type": "Polygon", "coordinates": [ [ [ 67.5, -45.0 ], [ 67.5, -50.625 ], [ 78.75, -50.625 ], [ 78.75, -45.0 ], [ 67.5, -45.0 ] ] ] } },
{ "type": "Feature", "properties": { "dggal_gnosis": "4-18-2E", "resolution": 4, "center_lat": -47.8125, "center_lon": 84.375, "avg_edge_len": 733117.4796786079, "cell_area": 525654360548.97168, "cell_perimeter": 2932469.9187144316 }, "geometry": { "type": "Polygon", "coordinates": [ [ [ 78.75, -45.0 ], [ 78.75, -50.625 ], [ 90.0, -50.625 ], [ 90.0, -45.0 ], [ 78.75, -45.0 ] ] ] } },
{ "type": "Feature", "properties": { "dggal_gnosis": "4-18-30", "resolution": 4, "center_lat": -47.8125, "center_lon": 95.625, "avg_edge_len": 733117.47967860743, "cell_area": 525654360548.9707, "cell_perimeter": 2932469.9187144297 }, "geometry": { "type": "Polygon", "coordinates": [ [ [ 90.0, -45.0 ], [ 90.0, -50.625 ], [ 101.25, -50.625 ], [ 101.25, -45.0 ], [ 90.0, -45.0 ] ] ] } },
{ "type": "Feature", "properties": { "dggal_gnosis": "4-18-32", "resolution": 4, "center_lat": -47.8125, "center_lon": 106.875, "avg_edge_len": 733117.4796786079, "cell_area": 525654360548.97168, "cell_perimeter": 2932469.9187144316 }, "geometry": { "type": "Polygon", "coordinates": [ [ [ 101.25, -45.0 ], [ 101.25, -50.625 ], [ 112.5, -50.625 ], [ 112.5, -45.0 ], [ 101.25, -45.0 ] ] ] } },
{ "type": "Feature", "properties": { "dggal_gnosis": "4-18-34", "resolution": 4, "center_lat": -47.8125, "center_lon": 118.125, "avg_edge_len": 733117.4796786079, "cell_area": 525654360548.97168, "cell_perimeter": 2932469.9187144316 }, "geometry": { "type": "Polygon", "coordinates": [ [ [ 112.5, -45.0 ], [ 112.5, -50.625 ], [ 123.75, -50.625 ], [ 123.75, -45.0 ], [ 112.5, -45.0 ] ] ] } },
{ "type": "Feature", "properties": { "dggal_gnosis": "4-18-36", "resolution": 4, "center_lat": -47.8125, "center_lon": 129.375, "avg_edge_len": 733117.4796786079, "cell_area": 525654360548.97168, "cell_perimeter": 2932469.9187144316 }, "geometry": { "type": "Polygon", "coordinates": [ [ [ 123.75, -45.0 ], [ 123.75, -50.625 ], [ 135.0, -50.625 ], [ 135.0, -45.0 ], [ 123.75, -45.0 ] ] ] } },
{ "type": "Feature", "properties": { "dggal_gnosis": "4-18-38", "resolution": 4, "center_lat": -47.8125, "center_lon": 140.625, "avg_edge_len": 733117.47967860894, "cell_area": 525654360548.97266, "cell_perimeter": 2932469.9187144358 }, "geometry": { "type": "Polygon", "coordinates": [ [ [ 135.0, -45.0 ], [ 135.0, -50.625 ], [ 146.25, -50.625 ], [ 146.25, -45.0 ], [ 135.0, -45.0 ] ] ] } },
{ "type": "Feature", "properties": { "dggal_gnosis": "4-18-3A", "resolution": 4, "center_lat": -47.8125, "center_lon": 151.875, "avg_edge_len": 733117.4796786079, "cell_area": 525654360548.97168, "cell_perimeter": 2932469.9187144316 }, "geometry": { "type": "Polygon", "coordinates": [ [ [ 146.25, -45.0 ], [ 146.25, -50.625 ], [ 157.5, -50.625 ], [ 157.5, -45.0 ], [ 146.25, -45.0 ] ] ] } },
{ "type": "Feature", "properties": { "dggal_gnosis": "4-18-3C", "resolution": 4, "center_lat": -47.8125, "center_lon": 163.125, "avg_edge_len": 733117.4796786079, "cell_area": 525654360548.97168, "cell_perimeter": 2932469.9187144316 }, "geometry": { "type": "Polygon", "coordinates": [ [ [ 157.5, -45.0 ], [ 157.5, -50.625 ], [ 168.75, -50.625 ], [ 168.75, -45.0 ], [ 157.5, -45.0 ] ] ] } },
{ "type": "Feature", "properties": { "dggal_gnosis": "4-18-3E", "resolution": 4, "center_lat": -47.8125, "center_lon": 174.375, "avg_edge_len": 733117.47967860894, "cell_area": 525654360548.97266, "cell_perimeter": 2932469.9187144358 }, "geometry": { "type": "Polygon", "coordinates": [ [ [ 168.75, -45.0 ], [ 168.75, -50.625 ], [ 180.0, -50.625 ], [ 180.0, -45.0 ], [ 168.75, -45.0 ] ] ] } },
{ "type": "Feature", "properties": { "dggal_gnosis": "4-19-0", "resolution": 4, "center_lat": -53.4375, "center_lon": -174.375, "avg_edge_len": 685993.33657031483, "cell_area": 466445102065.22168, "cell_perimeter": 2743973.3462812593 }, "geometry": { "type": "Polygon", "coordinates": [ [ [ -180.0, -50.625 ], [ -180.0, -56.25 ], [ -168.75, -56.25 ], [ -168.75, -50.625 ], [ -180.0, -50.625 ] ] ] } },
{ "type": "Feature", "properties": { "dggal_gnosis": "4-19-2", "resolution": 4, "center_lat": -53.4375, "center_lon": -163.125, "avg_edge_len": 685993.33657031402, "cell_area": 466445102065.22168, "cell_perimeter": 2743973.3462812561 }, "geometry": { "type": "Polygon", "coordinates": [ [ [ -168.75, -50.625 ], [ -168.75, -56.25 ], [ -157.5, -56.25 ], [ -157.5, -50.625 ], [ -168.75, -50.625 ] ] ] } },
{ "type": "Feature", "properties": { "dggal_gnosis": "4-19-4", "resolution": 4, "center_lat": -53.4375, "center_lon": -151.875, "avg_edge_len": 685993.33657031297, "cell_area": 466445102065.2207, "cell_perimeter": 2743973.3462812519 }, "geometry": { "type": "Polygon", "coordinates": [ [ [ -157.5, -50.625 ], [ -157.5, -56.25 ], [ -146.25, -56.25 ], [ -146.25, -50.625 ], [ -157.5, -50.625 ] ] ] } },
{ "type": "Feature", "properties": { "dggal_gnosis": "4-19-6", "resolution": 4, "center_lat": -53.4375, "center_lon": -140.625, "avg_edge_len": 685993.33657031483, "cell_area": 466445102065.22168, "cell_perimeter": 2743973.3462812593 }, "geometry": { "type": "Polygon", "coordinates": [ [ [ -146.25, -50.625 ], [ -146.25, -56.25 ], [ -135.0, -56.25 ], [ -135.0, -50.625 ], [ -146.25, -50.625 ] ] ] } },
{ "type": "Feature", "properties": { "dggal_gnosis": "4-19-8", "resolution": 4, "center_lat": -53.4375, "center_lon": -129.375, "avg_edge_len": 685993.33657031402, "cell_area": 466445102065.22168, "cell_perimeter": 2743973.3462812561 }, "geometry": { "type": "Polygon", "coordinates": [ [ [ -135.0, -50.625 ], [ -135.0, -56.25 ], [ -123.75, -56.25 ], [ -123.75, -50.625 ], [ -135.0, -50.625 ] ] ] } },
{ "type": "Feature", "properties": { "dggal_gnosis": "4-19-A", "resolution": 4, "center_lat": -53.4375, "center_lon": -118.125, "avg_edge_len": 685993.33657031402, "cell_area": 466445102065.22168, "cell_perimeter": 2743973.3462812561 }, "geometry": { "type": "Polygon", "coordinates": [ [ [ -123.75, -50.625 ], [ -123.75, -56.25 ], [ -112.5, -56.25 ], [ -112.5, -50.625 ], [ -123.75, -50.625 ] ] ] } },
{ "type": "Feature", "properties": { "dggal_gnosis": "4-19-C", "resolution": 4, "center_lat": -53.4375, "center_lon": -106.875, "avg_edge_len": 685993.33657031402, "cell_area": 466445102065.22168, "cell_perimeter": 2743973.3462812561 }, "geometry": { "type": "Polygon", "coordinates": [ [ [ -112.5, -50.625 ], [ -112.5, -56.25 ], [ -101.25, -56.25 ], [ -101.25, -50.625 ], [ -112.5, -50.625 ] ] ] } },
{ "type": "Feature", "properties": { "dggal_gnosis": "4-19-E", "resolution": 4, "center_lat": -53.4375, "center_lon": -95.625, "avg_edge_len": 685993.33657031355, "cell_area": 466445102065.2207, "cell_perimeter": 2743973.3462812542 }, "geometry": { "type": "Polygon", "coordinates": [ [ [ -101.25, -50.625 ], [ -101.25, -56.25 ], [ -90.0, -56.25 ], [ -90.0, -50.625 ], [ -101.25, -50.625 ] ] ] } },
{ "type": "Feature", "properties": { "dggal_gnosis": "4-19-10", "resolution": 4, "center_lat": -53.4375, "center_lon": -84.375, "avg_edge_len": 685993.33657031402, "cell_area": 466445102065.22168, "cell_perimeter": 2743973.3462812561 }, "geometry": { "type": "Polygon", "coordinates": [ [ [ -90.0, -50.625 ], [ -90.0, -56.25 ], [ -78.75, -56.25 ], [ -78.75, -50.625 ], [ -90.0, -50.625 ] ] ] } },
{ "type": "Feature", "properties": { "dggal_gnosis": "4-19-12", "resolution": 4, "center_lat": -53.4375, "center_lon": -73.125, "avg_edge_len": 685993.33657031402, "cell_area": 466445102065.22168, "cell_perimeter": 2743973.3462812561 }, "geometry": { "type": "Polygon", "coordinates": [ [ [ -78.75, -50.625 ], [ -78.75, -56.25 ], [ -67.5, -56.25 ], [ -67.5, -50.625 ], [ -78.75, -50.625 ] ] ] } },
{ "type": "Feature", "properties": { "dggal_gnosis": "4-19-14", "resolution": 4, "center_lat": -53.4375, "center_lon": -61.875, "avg_edge_len": 685993.33657031378, "cell_area": 466445102065.2207, "cell_perimeter": 2743973.3462812551 }, "geometry": { "type": "Polygon", "coordinates": [ [ [ -67.5, -50.625 ], [ -67.5, -56.25 ], [ -56.25, -56.25 ], [ -56.25, -50.625 ], [ -67.5, -50.625 ] ] ] } },
{ "type": "Feature", "properties": { "dggal_gnosis": "4-19-16", "resolution": 4, "center_lat": -53.4375, "center_lon": -50.625, "avg_edge_len": 685993.33657031402, "cell_area": 466445102065.22168, "cell_perimeter": 2743973.3462812561 }, "geometry": { "type": "Polygon", "coordinates": [ [ [ -56.25, -50.625 ], [ -56.25, -56.25 ], [ -45.0, -56.25 ], [ -45.0, -50.625 ], [ -56.25, -50.625 ] ] ] } },
{ "type": "Feature", "properties": { "dggal_gnosis": "4-19-18", "resolution": 4, "center_lat": -53.4375, "center_lon": -39.375, "avg_edge_len": 685993.33657031402, "cell_area": 466445102065.22168, "cell_perimeter": 2743973.3462812561 }, "geometry": { "type": "Polygon", "coordinates": [ [ [ -45.0, -50.625 ], [ -45.0, -56.25 ], [ -33.75, -56.25 ], [ -33.75, -50.625 ], [ -45.0, -50.625 ] ] ] } },
{ "type": "Feature", "properties": { "dggal_gnosis": "4-19-1A", "resolution": 4, "center_lat": -53.4375, "center_lon": -28.125, "avg_edge_len": 685993.33657031378, "cell_area": 466445102065.2207, "cell_perimeter": 2743973.3462812551 }, "geometry": { "type": "Polygon", "coordinates": [ [ [ -33.75, -50.625 ], [ -33.75, -56.25 ], [ -22.5, -56.25 ], [ -22.5, -50.625 ], [ -33.75, -50.625 ] ] ] } },
{ "type": "Feature", "properties": { "dggal_gnosis": "4-19-1C", "resolution": 4, "center_lat": -53.4375, "center_lon": -16.875, "avg_edge_len": 685993.33657031367, "cell_area": 466445102065.2207, "cell_perimeter": 2743973.3462812547 }, "geometry": { "type": "Polygon", "coordinates": [ [ [ -22.5, -50.625 ], [ -22.5, -56.25 ], [ -11.25, -56.25 ], [ -11.25, -50.625 ], [ -22.5, -50.625 ] ] ] } },
{ "type": "Feature", "properties": { "dggal_gnosis": "4-19-1E", "resolution": 4, "center_lat": -53.4375, "center_lon": -5.625, "avg_edge_len": 685993.33657031367, "cell_area": 466445102065.2207, "cell_perimeter": 2743973.3462812547 }, "geometry": { "type": "Polygon", "coordinates": [ [ [ -11.25, -50.625 ], [ -11.25, -56.25 ], [ -0.0, -56.25 ], [ -0.0, -50.625 ], [ -11.25, -50.625 ] ] ] } },
{ "type": "Feature", "properties": { "dggal_gnosis": "4-19-20", "resolution": 4, "center_lat": -53.4375, "center_lon": 5.625, "avg_edge_len": 685993.33657031367, "cell_area": 466445102065.2207, "cell_perimeter": 2743973.3462812547 }, "geometry": { "type": "Polygon", "coordinates": [ [ [ 0.0, -50.625 ], [ 0.0, -56.25 ], [ 11.25, -56.25 ], [ 11.25, -50.625 ], [ 0.0, -50.625 ] ] ] } },
{ "type": "Feature", "properties": { "dggal_gnosis": "4-19-22", "resolution": 4, "center_lat": -53.4375, "center_lon": 16.875, "avg_edge_len": 685993.33657031378, "cell_area": 466445102065.2207, "cell_perimeter": 2743973.3462812551 }, "geometry": { "type": "Polygon", "coordinates": [ [ [ 11.25, -50.625 ], [ 11.25, -56.25 ], [ 22.5, -56.25 ], [ 22.5, -50.625 ], [ 11.25, -50.625 ] ] ] } },
{ "type": "Feature", "properties": { "dggal_gnosis": "4-19-24", "resolution": 4, "center_lat": -53.4375, "center_lon": 28.125, "avg_edge_len": 685993.33657031378, "cell_area": 466445102065.2207, "cell_perimeter": 2743973.3462812551 }, "geometry": { "type": "Polygon", "coordinates": [ [ [ 22.5, -50.625 ], [ 22.5, -56.25 ], [ 33.75, -56.25 ], [ 33.75, -50.625 ], [ 22.5, -50.625 ] ] ] } },
{ "type": "Feature", "properties": { "dggal_gnosis": "4-19-26", "resolution": 4, "center_lat": -53.4375, "center_lon": 39.375, "avg_edge_len": 685993.33657031402, "cell_area": 466445102065.22168, "cell_perimeter": 2743973.3462812561 }, "geometry": { "type": "Polygon", "coordinates": [ [ [ 33.75, -50.625 ], [ 33.75, -56.25 ], [ 45.0, -56.25 ], [ 45.0, -50.625 ], [ 33.75, -50.625 ] ] ] } },
{ "type": "Feature", "properties": { "dggal_gnosis": "4-19-28", "resolution": 4, "center_lat": -53.4375, "center_lon": 50.625, "avg_edge_len": 685993.33657031378, "cell_area": 466445102065.2207, "cell_perimeter": 2743973.3462812551 }, "geometry": { "type": "Polygon", "coordinates": [ [ [ 45.0, -50.625 ], [ 45.0, -56.25 ], [ 56.25, -56.25 ], [ 56.25, -50.625 ], [ 45.0, -50.625 ] ] ] } },
{ "type": "Feature", "properties": { "dggal_gnosis": "4-19-2A", "resolution": 4, "center_lat": -53.4375, "center_lon": 61.875, "avg_edge_len": 685993.33657031378, "cell_area": 466445102065.2207, "cell_perimeter": 2743973.3462812551 }, "geometry": { "type": "Polygon", "coordinates": [ [ [ 56.25, -50.625 ], [ 56.25, -56.25 ], [ 67.5, -56.25 ], [ 67.5, -50.625 ], [ 56.25, -50.625 ] ] ] } },
{ "type": "Feature", "properties": { "dggal_gnosis": "4-19-2C", "resolution": 4, "center_lat": -53.4375, "center_lon": 73.125, "avg_edge_len": 685993.33657031402, "cell_area": 466445102065.22168, "cell_perimeter": 2743973.3462812561 }, "geometry": { "type": "Polygon", "coordinates": [ [ [ 67.5, -50.625 ], [ 67.5, -56.25 ], [ 78.75, -56.25 ], [ 78.75, -50.625 ], [ 67.5, -50.625 ] ] ] } },
{ "type": "Feature", "properties": { "dggal_gnosis": "4-19-2E", "resolution": 4, "center_lat": -53.4375, "center_lon": 84.375, "avg_edge_len": 685993.33657031402, "cell_area": 466445102065.22168, "cell_perimeter": 2743973.3462812561 }, "geometry": { "type": "Polygon", "coordinates": [ [ [ 78.75, -50.625 ], [ 78.75, -56.25 ], [ 90.0, -56.25 ], [ 90.0, -50.625 ], [ 78.75, -50.625 ] ] ] } },
{ "type": "Feature", "properties": { "dggal_gnosis": "4-19-30", "resolution": 4, "center_lat": -53.4375, "center_lon": 95.625, "avg_edge_len": 685993.33657031355, "cell_area": 466445102065.2207, "cell_perimeter": 2743973.3462812542 }, "geometry": { "type": "Polygon", "coordinates": [ [ [ 90.0, -50.625 ], [ 90.0, -56.25 ], [ 101.25, -56.25 ], [ 101.25, -50.625 ], [ 90.0, -50.625 ] ] ] } },
{ "type": "Feature", "properties": { "dggal_gnosis": "4-19-32", "resolution": 4, "center_lat": -53.4375, "center_lon": 106.875, "avg_edge_len": 685993.33657031402, "cell_area": 466445102065.22168, "cell_perimeter": 2743973.3462812561 }, "geometry": { "type": "Polygon", "coordinates": [ [ [ 101.25, -50.625 ], [ 101.25, -56.25 ], [ 112.5, -56.25 ], [ 112.5, -50.625 ], [ 101.25, -50.625 ] ] ] } },
{ "type": "Feature", "properties": { "dggal_gnosis": "4-19-34", "resolution": 4, "center_lat": -53.4375, "center_lon": 118.125, "avg_edge_len": 685993.33657031402, "cell_area": 466445102065.22168, "cell_perimeter": 2743973.3462812561 }, "geometry": { "type": "Polygon", "coordinates": [ [ [ 112.5, -50.625 ], [ 112.5, -56.25 ], [ 123.75, -56.25 ], [ 123.75, -50.625 ], [ 112.5, -50.625 ] ] ] } },
{ "type": "Feature", "properties": { "dggal_gnosis": "4-19-36", "resolution": 4, "center_lat": -53.4375, "center_lon": 129.375, "avg_edge_len": 685993.33657031402, "cell_area": 466445102065.22168, "cell_perimeter": 2743973.3462812561 }, "geometry": { "type": "Polygon", "coordinates": [ [ [ 123.75, -50.625 ], [ 123.75, -56.25 ], [ 135.0, -56.25 ], [ 135.0, -50.625 ], [ 123.75, -50.625 ] ] ] } },
{ "type": "Feature", "properties": { "dggal_gnosis": "4-19-38", "resolution": 4, "center_lat": -53.4375, "center_lon": 140.625, "avg_edge_len": 685993.33657031483, "cell_area": 466445102065.22168, "cell_perimeter": 2743973.3462812593 }, "geometry": { "type": "Polygon", "coordinates": [ [ [ 135.0, -50.625 ], [ 135.0, -56.25 ], [ 146.25, -56.25 ], [ 146.25, -50.625 ], [ 135.0, -50.625 ] ] ] } },
{ "type": "Feature", "properties": { "dggal_gnosis": "4-19-3A", "resolution": 4, "center_lat": -53.4375, "center_lon": 151.875, "avg_edge_len": 685993.33657031402, "cell_area": 466445102065.22168, "cell_perimeter": 2743973.3462812561 }, "geometry": { "type": "Polygon", "coordinates": [ [ [ 146.25, -50.625 ], [ 146.25, -56.25 ], [ 157.5, -56.25 ], [ 157.5, -50.625 ], [ 146.25, -50.625 ] ] ] } },
{ "type": "Feature", "properties": { "dggal_gnosis": "4-19-3C", "resolution": 4, "center_lat": -53.4375, "center_lon": 163.125, "avg_edge_len": 685993.33657031402, "cell_area": 466445102065.22168, "cell_perimeter": 2743973.3462812561 }, "geometry": { "type": "Polygon", "coordinates": [ [ [ 157.5, -50.625 ], [ 157.5, -56.25 ], [ 168.75, -56.25 ], [ 168.75, -50.625 ], [ 157.5, -50.625 ] ] ] } },
{ "type": "Feature", "properties": { "dggal_gnosis": "4-19-3E", "resolution": 4, "center_lat": -53.4375, "center_lon": 174.375, "avg_edge_len": 685993.33657031483, "cell_area": 466445102065.22168, "cell_perimeter": 2743973.3462812593 }, "geometry": { "type": "Polygon", "coordinates": [ [ [ 168.75, -50.625 ], [ 168.75, -56.25 ], [ 180.0, -56.25 ], [ 180.0, -50.625 ], [ 168.75, -50.625 ] ] ] } },
{ "type": "Feature", "properties": { "dggal_gnosis": "4-1A-0", "resolution": 4, "center_lat": -59.0625, "center_lon": -174.375, "avg_edge_len": 635240.59840382123, "cell_area": 402691423963.37988, "cell_perimeter": 2540962.3936152849 }, "geometry": { "type": "Polygon", "coordinates": [ [ [ -180.0, -56.25 ], [ -180.0, -61.875 ], [ -168.75, -61.875 ], [ -168.75, -56.25 ], [ -180.0, -56.25 ] ] ] } },
{ "type": "Feature", "properties": { "dggal_gnosis": "4-1A-2", "resolution": 4, "center_lat": -59.0625, "center_lon": -163.125, "avg_edge_len": 635240.59840382042, "cell_area": 402691423963.37988, "cell_perimeter": 2540962.3936152817 }, "geometry": { "type": "Polygon", "coordinates": [ [ [ -168.75, -56.25 ], [ -168.75, -61.875 ], [ -157.5, -61.875 ], [ -157.5, -56.25 ], [ -168.75, -56.25 ] ] ] } },
{ "type": "Feature", "properties": { "dggal_gnosis": "4-1A-4", "resolution": 4, "center_lat": -59.0625, "center_lon": -151.875, "avg_edge_len": 635240.5984038196, "cell_area": 402691423963.37793, "cell_perimeter": 2540962.3936152784 }, "geometry": { "type": "Polygon", "coordinates": [ [ [ -157.5, -56.25 ], [ -157.5, -61.875 ], [ -146.25, -61.875 ], [ -146.25, -56.25 ], [ -157.5, -56.25 ] ] ] } },
{ "type": "Feature", "properties": { "dggal_gnosis": "4-1A-6", "resolution": 4, "center_lat": -59.0625, "center_lon": -140.625, "avg_edge_len": 635240.59840382123, "cell_area": 402691423963.37988, "cell_perimeter": 2540962.3936152849 }, "geometry": { "type": "Polygon", "coordinates": [ [ [ -146.25, -56.25 ], [ -146.25, -61.875 ], [ -135.0, -61.875 ], [ -135.0, -56.25 ], [ -146.25, -56.25 ] ] ] } },
{ "type": "Feature", "properties": { "dggal_gnosis": "4-1A-8", "resolution": 4, "center_lat": -59.0625, "center_lon": -129.375, "avg_edge_len": 635240.59840382042, "cell_area": 402691423963.37988, "cell_perimeter": 2540962.3936152817 }, "geometry": { "type": "Polygon", "coordinates": [ [ [ -135.0, -56.25 ], [ -135.0, -61.875 ], [ -123.75, -61.875 ], [ -123.75, -56.25 ], [ -135.0, -56.25 ] ] ] } },
{ "type": "Feature", "properties": { "dggal_gnosis": "4-1A-A", "resolution": 4, "center_lat": -59.0625, "center_lon": -118.125, "avg_edge_len": 635240.59840382042, "cell_area": 402691423963.37988, "cell_perimeter": 2540962.3936152817 }, "geometry": { "type": "Polygon", "coordinates": [ [ [ -123.75, -56.25 ], [ -123.75, -61.875 ], [ -112.5, -61.875 ], [ -112.5, -56.25 ], [ -123.75, -56.25 ] ] ] } },
{ "type": "Feature", "properties": { "dggal_gnosis": "4-1A-C", "resolution": 4, "center_lat": -59.0625, "center_lon": -106.875, "avg_edge_len": 635240.59840382042, "cell_area": 402691423963.37988, "cell_perimeter": 2540962.3936152817 }, "geometry": { "type": "Polygon", "coordinates": [ [ [ -112.5, -56.25 ], [ -112.5, -61.875 ], [ -101.25, -61.875 ], [ -101.25, -56.25 ], [ -112.5, -56.25 ] ] ] } },
{ "type": "Feature", "properties": { "dggal_gnosis": "4-1A-E", "resolution": 4, "center_lat": -59.0625, "center_lon": -95.625, "avg_edge_len": 635240.59840382007, "cell_area": 402691423963.37695, "cell_perimeter": 2540962.3936152803 }, "geometry": { "type": "Polygon", "coordinates": [ [ [ -101.25, -56.25 ], [ -101.25, -61.875 ], [ -90.0, -61.875 ], [ -90.0, -56.25 ], [ -101.25, -56.25 ] ] ] } },
{ "type": "Feature", "properties": { "dggal_gnosis": "4-1A-10", "resolution": 4, "center_lat": -59.0625, "center_lon": -84.375, "avg_edge_len": 635240.59840382042, "cell_area": 402691423963.37988, "cell_perimeter": 2540962.3936152817 }, "geometry": { "type": "Polygon", "coordinates": [ [ [ -90.0, -56.25 ], [ -90.0, -61.875 ], [ -78.75, -61.875 ], [ -78.75, -56.25 ], [ -90.0, -56.25 ] ] ] } },
{ "type": "Feature", "properties": { "dggal_gnosis": "4-1A-12", "resolution": 4, "center_lat": -59.0625, "center_lon": -73.125, "avg_edge_len": 635240.59840382042, "cell_area": 402691423963.37988, "cell_perimeter": 2540962.3936152817 }, "geometry": { "type": "Polygon", "coordinates": [ [ [ -78.75, -56.25 ], [ -78.75, -61.875 ], [ -67.5, -61.875 ], [ -67.5, -56.25 ], [ -78.75, -56.25 ] ] ] } },
{ "type": "Feature", "properties": { "dggal_gnosis": "4-1A-14", "resolution": 4, "center_lat": -59.0625, "center_lon": -61.875, "avg_edge_len": 635240.5984038203, "cell_area": 402691423963.37891, "cell_perimeter": 2540962.3936152812 }, "geometry": { "type": "Polygon", "coordinates": [ [ [ -67.5, -56.25 ], [ -67.5, -61.875 ], [ -56.25, -61.875 ], [ -56.25, -56.25 ], [ -67.5, -56.25 ] ] ] } },
{ "type": "Feature", "properties": { "dggal_gnosis": "4-1A-16", "resolution": 4, "center_lat": -59.0625, "center_lon": -50.625, "avg_edge_len": 635240.59840382042, "cell_area": 402691423963.37988, "cell_perimeter": 2540962.3936152817 }, "geometry": { "type": "Polygon", "coordinates": [ [ [ -56.25, -56.25 ], [ -56.25, -61.875 ], [ -45.0, -61.875 ], [ -45.0, -56.25 ], [ -56.25, -56.25 ] ] ] } },
{ "type": "Feature", "properties": { "dggal_gnosis": "4-1A-18", "resolution": 4, "center_lat": -59.0625, "center_lon": -39.375, "avg_edge_len": 635240.59840382042, "cell_area": 402691423963.37988, "cell_perimeter": 2540962.3936152817 }, "geometry": { "type": "Polygon", "coordinates": [ [ [ -45.0, -56.25 ], [ -45.0, -61.875 ], [ -33.75, -61.875 ], [ -33.75, -56.25 ], [ -45.0, -56.25 ] ] ] } },
{ "type": "Feature", "properties": { "dggal_gnosis": "4-1A-1A", "resolution": 4, "center_lat": -59.0625, "center_lon": -28.125, "avg_edge_len": 635240.5984038203, "cell_area": 402691423963.37891, "cell_perimeter": 2540962.3936152812 }, "geometry": { "type": "Polygon", "coordinates": [ [ [ -33.75, -56.25 ], [ -33.75, -61.875 ], [ -22.5, -61.875 ], [ -22.5, -56.25 ], [ -33.75, -56.25 ] ] ] } },
{ "type": "Feature", "properties": { "dggal_gnosis": "4-1A-1C", "resolution": 4, "center_lat": -59.0625, "center_lon": -16.875, "avg_edge_len": 635240.5984038203, "cell_area": 402691423963.37988, "cell_perimeter": 2540962.3936152812 }, "geometry": { "type": "Polygon", "coordinates": [ [ [ -22.5, -56.25 ], [ -22.5, -61.875 ], [ -11.25, -61.875 ], [ -11.25, -56.25 ], [ -22.5, -56.25 ] ] ] } },
{ "type": "Feature", "properties": { "dggal_gnosis": "4-1A-1E", "resolution": 4, "center_lat": -59.0625, "center_lon": -5.625, "avg_edge_len": 635240.5984038203, "cell_area": 402691423963.37988, "cell_perimeter": 2540962.3936152812 }, "geometry": { "type": "Polygon", "coordinates": [ [ [ -11.25, -56.25 ], [ -11.25, -61.875 ], [ -0.0, -61.875 ], [ -0.0, -56.25 ], [ -11.25, -56.25 ] ] ] } },
{ "type": "Feature", "properties": { "dggal_gnosis": "4-1A-20", "resolution": 4, "center_lat": -59.0625, "center_lon": 5.625, "avg_edge_len": 635240.5984038203, "cell_area": 402691423963.37988, "cell_perimeter": 2540962.3936152812 }, "geometry": { "type": "Polygon", "coordinates": [ [ [ 0.0, -56.25 ], [ 0.0, -61.875 ], [ 11.25, -61.875 ], [ 11.25, -56.25 ], [ 0.0, -56.25 ] ] ] } },
{ "type": "Feature", "properties": { "dggal_gnosis": "4-1A-22", "resolution": 4, "center_lat": -59.0625, "center_lon": 16.875, "avg_edge_len": 635240.5984038203, "cell_area": 402691423963.37891, "cell_perimeter": 2540962.3936152812 }, "geometry": { "type": "Polygon", "coordinates": [ [ [ 11.25, -56.25 ], [ 11.25, -61.875 ], [ 22.5, -61.875 ], [ 22.5, -56.25 ], [ 11.25, -56.25 ] ] ] } },
{ "type": "Feature", "properties": { "dggal_gnosis": "4-1A-24", "resolution": 4, "center_lat": -59.0625, "center_lon": 28.125, "avg_edge_len": 635240.5984038203, "cell_area": 402691423963.37891, "cell_perimeter": 2540962.3936152812 }, "geometry": { "type": "Polygon", "coordinates": [ [ [ 22.5, -56.25 ], [ 22.5, -61.875 ], [ 33.75, -61.875 ], [ 33.75, -56.25 ], [ 22.5, -56.25 ] ] ] } },
{ "type": "Feature", "properties": { "dggal_gnosis": "4-1A-26", "resolution": 4, "center_lat": -59.0625, "center_lon": 39.375, "avg_edge_len": 635240.59840382042, "cell_area": 402691423963.37988, "cell_perimeter": 2540962.3936152817 }, "geometry": { "type": "Polygon", "coordinates": [ [ [ 33.75, -56.25 ], [ 33.75, -61.875 ], [ 45.0, -61.875 ], [ 45.0, -56.25 ], [ 33.75, -56.25 ] ] ] } },
{ "type": "Feature", "properties": { "dggal_gnosis": "4-1A-28", "resolution": 4, "center_lat": -59.0625, "center_lon": 50.625, "avg_edge_len": 635240.5984038203, "cell_area": 402691423963.37891, "cell_perimeter": 2540962.3936152812 }, "geometry": { "type": "Polygon", "coordinates": [ [ [ 45.0, -56.25 ], [ 45.0, -61.875 ], [ 56.25, -61.875 ], [ 56.25, -56.25 ], [ 45.0, -56.25 ] ] ] } },
{ "type": "Feature", "properties": { "dggal_gnosis": "4-1A-2A", "resolution": 4, "center_lat": -59.0625, "center_lon": 61.875, "avg_edge_len": 635240.5984038203, "cell_area": 402691423963.37891, "cell_perimeter": 2540962.3936152812 }, "geometry": { "type": "Polygon", "coordinates": [ [ [ 56.25, -56.25 ], [ 56.25, -61.875 ], [ 67.5, -61.875 ], [ 67.5, -56.25 ], [ 56.25, -56.25 ] ] ] } },
{ "type": "Feature", "properties": { "dggal_gnosis": "4-1A-2C", "resolution": 4, "center_lat": -59.0625, "center_lon": 73.125, "avg_edge_len": 635240.59840382042, "cell_area": 402691423963.37988, "cell_perimeter": 2540962.3936152817 }, "geometry": { "type": "Polygon", "coordinates": [ [ [ 67.5, -56.25 ], [ 67.5, -61.875 ], [ 78.75, -61.875 ], [ 78.75, -56.25 ], [ 67.5, -56.25 ] ] ] } },
{ "type": "Feature", "properties": { "dggal_gnosis": "4-1A-2E", "resolution": 4, "center_lat": -59.0625, "center_lon": 84.375, "avg_edge_len": 635240.59840382042, "cell_area": 402691423963.37988, "cell_perimeter": 2540962.3936152817 }, "geometry": { "type": "Polygon", "coordinates": [ [ [ 78.75, -56.25 ], [ 78.75, -61.875 ], [ 90.0, -61.875 ], [ 90.0, -56.25 ], [ 78.75, -56.25 ] ] ] } },
{ "type": "Feature", "properties": { "dggal_gnosis": "4-1A-30", "resolution": 4, "center_lat": -59.0625, "center_lon": 95.625, "avg_edge_len": 635240.59840382007, "cell_area": 402691423963.37695, "cell_perimeter": 2540962.3936152803 }, "geometry": { "type": "Polygon", "coordinates": [ [ [ 90.0, -56.25 ], [ 90.0, -61.875 ], [ 101.25, -61.875 ], [ 101.25, -56.25 ], [ 90.0, -56.25 ] ] ] } },
{ "type": "Feature", "properties": { "dggal_gnosis": "4-1A-32", "resolution": 4, "center_lat": -59.0625, "center_lon": 106.875, "avg_edge_len": 635240.59840382042, "cell_area": 402691423963.37988, "cell_perimeter": 2540962.3936152817 }, "geometry": { "type": "Polygon", "coordinates": [ [ [ 101.25, -56.25 ], [ 101.25, -61.875 ], [ 112.5, -61.875 ], [ 112.5, -56.25 ], [ 101.25, -56.25 ] ] ] } },
{ "type": "Feature", "properties": { "dggal_gnosis": "4-1A-34", "resolution": 4, "center_lat": -59.0625, "center_lon": 118.125, "avg_edge_len": 635240.59840382042, "cell_area": 402691423963.37988, "cell_perimeter": 2540962.3936152817 }, "geometry": { "type": "Polygon", "coordinates": [ [ [ 112.5, -56.25 ], [ 112.5, -61.875 ], [ 123.75, -61.875 ], [ 123.75, -56.25 ], [ 112.5, -56.25 ] ] ] } },
{ "type": "Feature", "properties": { "dggal_gnosis": "4-1A-36", "resolution": 4, "center_lat": -59.0625, "center_lon": 129.375, "avg_edge_len": 635240.59840382042, "cell_area": 402691423963.37988, "cell_perimeter": 2540962.3936152817 }, "geometry": { "type": "Polygon", "coordinates": [ [ [ 123.75, -56.25 ], [ 123.75, -61.875 ], [ 135.0, -61.875 ], [ 135.0, -56.25 ], [ 123.75, -56.25 ] ] ] } },
{ "type": "Feature", "properties": { "dggal_gnosis": "4-1A-38", "resolution": 4, "center_lat": -59.0625, "center_lon": 140.625, "avg_edge_len": 635240.59840382123, "cell_area": 402691423963.37988, "cell_perimeter": 2540962.3936152849 }, "geometry": { "type": "Polygon", "coordinates": [ [ [ 135.0, -56.25 ], [ 135.0, -61.875 ], [ 146.25, -61.875 ], [ 146.25, -56.25 ], [ 135.0, -56.25 ] ] ] } },
{ "type": "Feature", "properties": { "dggal_gnosis": "4-1A-3A", "resolution": 4, "center_lat": -59.0625, "center_lon": 151.875, "avg_edge_len": 635240.59840382042, "cell_area": 402691423963.37988, "cell_perimeter": 2540962.3936152817 }, "geometry": { "type": "Polygon", "coordinates": [ [ [ 146.25, -56.25 ], [ 146.25, -61.875 ], [ 157.5, -61.875 ], [ 157.5, -56.25 ], [ 146.25, -56.25 ] ] ] } },
{ "type": "Feature", "properties": { "dggal_gnosis": "4-1A-3C", "resolution": 4, "center_lat": -59.0625, "center_lon": 163.125, "avg_edge_len": 635240.59840382042, "cell_area": 402691423963.37988, "cell_perimeter": 2540962.3936152817 }, "geometry": { "type": "Polygon", "coordinates": [ [ [ 157.5, -56.25 ], [ 157.5, -61.875 ], [ 168.75, -61.875 ], [ 168.75, -56.25 ], [ 157.5, -56.25 ] ] ] } },
{ "type": "Feature", "properties": { "dggal_gnosis": "4-1A-3E", "resolution": 4, "center_lat": -59.0625, "center_lon": 174.375, "avg_edge_len": 635240.59840382123, "cell_area": 402691423963.37988, "cell_perimeter": 2540962.3936152849 }, "geometry": { "type": "Polygon", "coordinates": [ [ [ 168.75, -56.25 ], [ 168.75, -61.875 ], [ 180.0, -61.875 ], [ 180.0, -56.25 ], [ 168.75, -56.25 ] ] ] } },
{ "type": "Feature", "properties": { "dggal_gnosis": "4-1B-0", "resolution": 4, "center_lat": -64.6875, "center_lon": -174.375, "avg_edge_len": 581338.45192656934, "cell_area": 335003493103.79883, "cell_perimeter": 2325353.8077062774 }, "geometry": { "type": "Polygon", "coordinates": [ [ [ -180.0, -61.875 ], [ -180.0, -67.5 ], [ -168.75, -67.5 ], [ -168.75, -61.875 ], [ -180.0, -61.875 ] ] ] } },
{ "type": "Feature", "properties": { "dggal_gnosis": "4-1B-2", "resolution": 4, "center_lat": -64.6875, "center_lon": -163.125, "avg_edge_len": 581338.45192656864, "cell_area": 335003493103.79785, "cell_perimeter": 2325353.8077062746 }, "geometry": { "type": "Polygon", "coordinates": [ [ [ -168.75, -61.875 ], [ -168.75, -67.5 ], [ -157.5, -67.5 ], [ -157.5, -61.875 ], [ -168.75, -61.875 ] ] ] } },
{ "type": "Feature", "properties": { "dggal_gnosis": "4-1B-4", "resolution": 4, "center_lat": -64.6875, "center_lon": -151.875, "avg_edge_len": 581338.45192656806, "cell_area": 335003493103.79688, "cell_perimeter": 2325353.8077062722 }, "geometry": { "type": "Polygon", "coordinates": [ [ [ -157.5, -61.875 ], [ -157.5, -67.5 ], [ -146.25, -67.5 ], [ -146.25, -61.875 ], [ -157.5, -61.875 ] ] ] } },
{ "type": "Feature", "properties": { "dggal_gnosis": "4-1B-6", "resolution": 4, "center_lat": -64.6875, "center_lon": -140.625, "avg_edge_len": 581338.45192656934, "cell_area": 335003493103.79883, "cell_perimeter": 2325353.8077062774 }, "geometry": { "type": "Polygon", "coordinates": [ [ [ -146.25, -61.875 ], [ -146.25, -67.5 ], [ -135.0, -67.5 ], [ -135.0, -61.875 ], [ -146.25, -61.875 ] ] ] } },
{ "type": "Feature", "properties": { "dggal_gnosis": "4-1B-8", "resolution": 4, "center_lat": -64.6875, "center_lon": -129.375, "avg_edge_len": 581338.45192656864, "cell_area": 335003493103.79785, "cell_perimeter": 2325353.8077062746 }, "geometry": { "type": "Polygon", "coordinates": [ [ [ -135.0, -61.875 ], [ -135.0, -67.5 ], [ -123.75, -67.5 ], [ -123.75, -61.875 ], [ -135.0, -61.875 ] ] ] } },
{ "type": "Feature", "properties": { "dggal_gnosis": "4-1B-A", "resolution": 4, "center_lat": -64.6875, "center_lon": -118.125, "avg_edge_len": 581338.45192656864, "cell_area": 335003493103.79785, "cell_perimeter": 2325353.8077062746 }, "geometry": { "type": "Polygon", "coordinates": [ [ [ -123.75, -61.875 ], [ -123.75, -67.5 ], [ -112.5, -67.5 ], [ -112.5, -61.875 ], [ -123.75, -61.875 ] ] ] } },
{ "type": "Feature", "properties": { "dggal_gnosis": "4-1B-C", "resolution": 4, "center_lat": -64.6875, "center_lon": -106.875, "avg_edge_len": 581338.45192656864, "cell_area": 335003493103.79785, "cell_perimeter": 2325353.8077062746 }, "geometry": { "type": "Polygon", "coordinates": [ [ [ -112.5, -61.875 ], [ -112.5, -67.5 ], [ -101.25, -67.5 ], [ -101.25, -61.875 ], [ -112.5, -61.875 ] ] ] } },
{ "type": "Feature", "properties": { "dggal_gnosis": "4-1B-E", "resolution": 4, "center_lat": -64.6875, "center_lon": -95.625, "avg_edge_len": 581338.45192656829, "cell_area": 335003493103.79785, "cell_perimeter": 2325353.8077062732 }, "geometry": { "type": "Polygon", "coordinates": [ [ [ -101.25, -61.875 ], [ -101.25, -67.5 ], [ -90.0, -67.5 ], [ -90.0, -61.875 ], [ -101.25, -61.875 ] ] ] } },
{ "type": "Feature", "properties": { "dggal_gnosis": "4-1B-10", "resolution": 4, "center_lat": -64.6875, "center_lon": -84.375, "avg_edge_len": 581338.45192656864, "cell_area": 335003493103.79785, "cell_perimeter": 2325353.8077062746 }, "geometry": { "type": "Polygon", "coordinates": [ [ [ -90.0, -61.875 ], [ -90.0, -67.5 ], [ -78.75, -67.5 ], [ -78.75, -61.875 ], [ -90.0, -61.875 ] ] ] } },
{ "type": "Feature", "properties": { "dggal_gnosis": "4-1B-12", "resolution": 4, "center_lat": -64.6875, "center_lon": -73.125, "avg_edge_len": 581338.45192656864, "cell_area": 335003493103.79785, "cell_perimeter": 2325353.8077062746 }, "geometry": { "type": "Polygon", "coordinates": [ [ [ -78.75, -61.875 ], [ -78.75, -67.5 ], [ -67.5, -67.5 ], [ -67.5, -61.875 ], [ -78.75, -61.875 ] ] ] } },
{ "type": "Feature", "properties": { "dggal_gnosis": "4-1B-14", "resolution": 4, "center_lat": -64.6875, "center_lon": -61.875, "avg_edge_len": 581338.45192656852, "cell_area": 335003493103.79785, "cell_perimeter": 2325353.8077062741 }, "geometry": { "type": "Polygon", "coordinates": [ [ [ -67.5, -61.875 ], [ -67.5, -67.5 ], [ -56.25, -67.5 ], [ -56.25, -61.875 ], [ -67.5, -61.875 ] ] ] } },
{ "type": "Feature", "properties": { "dggal_gnosis": "4-1B-16", "resolution": 4, "center_lat": -64.6875, "center_lon": -50.625, "avg_edge_len": 581338.45192656864, "cell_area": 335003493103.79785, "cell_perimeter": 2325353.8077062746 }, "geometry": { "type": "Polygon", "coordinates": [ [ [ -56.25, -61.875 ], [ -56.25, -67.5 ], [ -45.0, -67.5 ], [ -45.0, -61.875 ], [ -56.25, -61.875 ] ] ] } },
{ "type": "Feature", "properties": { "dggal_gnosis": "4-1B-18", "resolution": 4, "center_lat": -64.6875, "center_lon": -39.375, "avg_edge_len": 581338.45192656864, "cell_area": 335003493103.79785, "cell_perimeter": 2325353.8077062746 }, "geometry": { "type": "Polygon", "coordinates": [ [ [ -45.0, -61.875 ], [ -45.0, -67.5 ], [ -33.75, -67.5 ], [ -33.75, -61.875 ], [ -45.0, -61.875 ] ] ] } },
{ "type": "Feature", "properties": { "dggal_gnosis": "4-1B-1A", "resolution": 4, "center_lat": -64.6875, "center_lon": -28.125, "avg_edge_len": 581338.45192656852, "cell_area": 335003493103.79785, "cell_perimeter": 2325353.8077062741 }, "geometry": { "type": "Polygon", "coordinates": [ [ [ -33.75, -61.875 ], [ -33.75, -67.5 ], [ -22.5, -67.5 ], [ -22.5, -61.875 ], [ -33.75, -61.875 ] ] ] } },
{ "type": "Feature", "properties": { "dggal_gnosis": "4-1B-1C", "resolution": 4, "center_lat": -64.6875, "center_lon": -16.875, "avg_edge_len": 581338.45192656852, "cell_area": 335003493103.79785, "cell_perimeter": 2325353.8077062741 }, "geometry": { "type": "Polygon", "coordinates": [ [ [ -22.5, -61.875 ], [ -22.5, -67.5 ], [ -11.25, -67.5 ], [ -11.25, -61.875 ], [ -22.5, -61.875 ] ] ] } },
{ "type": "Feature", "properties": { "dggal_gnosis": "4-1B-1E", "resolution": 4, "center_lat": -64.6875, "center_lon": -5.625, "avg_edge_len": 581338.45192656852, "cell_area": 335003493103.79785, "cell_perimeter": 2325353.8077062741 }, "geometry": { "type": "Polygon", "coordinates": [ [ [ -11.25, -61.875 ], [ -11.25, -67.5 ], [ -0.0, -67.5 ], [ -0.0, -61.875 ], [ -11.25, -61.875 ] ] ] } },
{ "type": "Feature", "properties": { "dggal_gnosis": "4-1B-20", "resolution": 4, "center_lat": -64.6875, "center_lon": 5.625, "avg_edge_len": 581338.45192656852, "cell_area": 335003493103.79785, "cell_perimeter": 2325353.8077062741 }, "geometry": { "type": "Polygon", "coordinates": [ [ [ 0.0, -61.875 ], [ 0.0, -67.5 ], [ 11.25, -67.5 ], [ 11.25, -61.875 ], [ 0.0, -61.875 ] ] ] } },
{ "type": "Feature", "properties": { "dggal_gnosis": "4-1B-22", "resolution": 4, "center_lat": -64.6875, "center_lon": 16.875, "avg_edge_len": 581338.45192656852, "cell_area": 335003493103.79785, "cell_perimeter": 2325353.8077062741 }, "geometry": { "type": "Polygon", "coordinates": [ [ [ 11.25, -61.875 ], [ 11.25, -67.5 ], [ 22.5, -67.5 ], [ 22.5, -61.875 ], [ 11.25, -61.875 ] ] ] } },
{ "type": "Feature", "properties": { "dggal_gnosis": "4-1B-24", "resolution": 4, "center_lat": -64.6875, "center_lon": 28.125, "avg_edge_len": 581338.45192656852, "cell_area": 335003493103.79785, "cell_perimeter": 2325353.8077062741 }, "geometry": { "type": "Polygon", "coordinates": [ [ [ 22.5, -61.875 ], [ 22.5, -67.5 ], [ 33.75, -67.5 ], [ 33.75, -61.875 ], [ 22.5, -61.875 ] ] ] } },
{ "type": "Feature", "properties": { "dggal_gnosis": "4-1B-26", "resolution": 4, "center_lat": -64.6875, "center_lon": 39.375, "avg_edge_len": 581338.45192656864, "cell_area": 335003493103.79785, "cell_perimeter": 2325353.8077062746 }, "geometry": { "type": "Polygon", "coordinates": [ [ [ 33.75, -61.875 ], [ 33.75, -67.5 ], [ 45.0, -67.5 ], [ 45.0, -61.875 ], [ 33.75, -61.875 ] ] ] } },
{ "type": "Feature", "properties": { "dggal_gnosis": "4-1B-28", "resolution": 4, "center_lat": -64.6875, "center_lon": 50.625, "avg_edge_len": 581338.45192656852, "cell_area": 335003493103.79785, "cell_perimeter": 2325353.8077062741 }, "geometry": { "type": "Polygon", "coordinates": [ [ [ 45.0, -61.875 ], [ 45.0, -67.5 ], [ 56.25, -67.5 ], [ 56.25, -61.875 ], [ 45.0, -61.875 ] ] ] } },
{ "type": "Feature", "properties": { "dggal_gnosis": "4-1B-2A", "resolution": 4, "center_lat": -64.6875, "center_lon": 61.875, "avg_edge_len": 581338.45192656852, "cell_area": 335003493103.79785, "cell_perimeter": 2325353.8077062741 }, "geometry": { "type": "Polygon", "coordinates": [ [ [ 56.25, -61.875 ], [ 56.25, -67.5 ], [ 67.5, -67.5 ], [ 67.5, -61.875 ], [ 56.25, -61.875 ] ] ] } },
{ "type": "Feature", "properties": { "dggal_gnosis": "4-1B-2C", "resolution": 4, "center_lat": -64.6875, "center_lon": 73.125, "avg_edge_len": 581338.45192656864, "cell_area": 335003493103.79785, "cell_perimeter": 2325353.8077062746 }, "geometry": { "type": "Polygon", "coordinates": [ [ [ 67.5, -61.875 ], [ 67.5, -67.5 ], [ 78.75, -67.5 ], [ 78.75, -61.875 ], [ 67.5, -61.875 ] ] ] } },
{ "type": "Feature", "properties": { "dggal_gnosis": "4-1B-2E", "resolution": 4, "center_lat": -64.6875, "center_lon": 84.375, "avg_edge_len": 581338.45192656864, "cell_area": 335003493103.79785, "cell_perimeter": 2325353.8077062746 }, "geometry": { "type": "Polygon", "coordinates": [ [ [ 78.75, -61.875 ], [ 78.75, -67.5 ], [ 90.0, -67.5 ], [ 90.0, -61.875 ], [ 78.75, -61.875 ] ] ] } },
{ "type": "Feature", "properties": { "dggal_gnosis": "4-1B-30", "resolution": 4, "center_lat": -64.6875, "center_lon": 95.625, "avg_edge_len": 581338.45192656829, "cell_area": 335003493103.79785, "cell_perimeter": 2325353.8077062732 }, "geometry": { "type": "Polygon", "coordinates": [ [ [ 90.0, -61.875 ], [ 90.0, -67.5 ], [ 101.25, -67.5 ], [ 101.25, -61.875 ], [ 90.0, -61.875 ] ] ] } },
{ "type": "Feature", "properties": { "dggal_gnosis": "4-1B-32", "resolution": 4, "center_lat": -64.6875, "center_lon": 106.875, "avg_edge_len": 581338.45192656864, "cell_area": 335003493103.79785, "cell_perimeter": 2325353.8077062746 }, "geometry": { "type": "Polygon", "coordinates": [ [ [ 101.25, -61.875 ], [ 101.25, -67.5 ], [ 112.5, -67.5 ], [ 112.5, -61.875 ], [ 101.25, -61.875 ] ] ] } },
{ "type": "Feature", "properties": { "dggal_gnosis": "4-1B-34", "resolution": 4, "center_lat": -64.6875, "center_lon": 118.125, "avg_edge_len": 581338.45192656864, "cell_area": 335003493103.79785, "cell_perimeter": 2325353.8077062746 }, "geometry": { "type": "Polygon", "coordinates": [ [ [ 112.5, -61.875 ], [ 112.5, -67.5 ], [ 123.75, -67.5 ], [ 123.75, -61.875 ], [ 112.5, -61.875 ] ] ] } },
{ "type": "Feature", "properties": { "dggal_gnosis": "4-1B-36", "resolution": 4, "center_lat": -64.6875, "center_lon": 129.375, "avg_edge_len": 581338.45192656864, "cell_area": 335003493103.79785, "cell_perimeter": 2325353.8077062746 }, "geometry": { "type": "Polygon", "coordinates": [ [ [ 123.75, -61.875 ], [ 123.75, -67.5 ], [ 135.0, -67.5 ], [ 135.0, -61.875 ], [ 123.75, -61.875 ] ] ] } },
{ "type": "Feature", "properties": { "dggal_gnosis": "4-1B-38", "resolution": 4, "center_lat": -64.6875, "center_lon": 140.625, "avg_edge_len": 581338.45192656934, "cell_area": 335003493103.79883, "cell_perimeter": 2325353.8077062774 }, "geometry": { "type": "Polygon", "coordinates": [ [ [ 135.0, -61.875 ], [ 135.0, -67.5 ], [ 146.25, -67.5 ], [ 146.25, -61.875 ], [ 135.0, -61.875 ] ] ] } },
{ "type": "Feature", "properties": { "dggal_gnosis": "4-1B-3A", "resolution": 4, "center_lat": -64.6875, "center_lon": 151.875, "avg_edge_len": 581338.45192656864, "cell_area": 335003493103.79785, "cell_perimeter": 2325353.8077062746 }, "geometry": { "type": "Polygon", "coordinates": [ [ [ 146.25, -61.875 ], [ 146.25, -67.5 ], [ 157.5, -67.5 ], [ 157.5, -61.875 ], [ 146.25, -61.875 ] ] ] } },
{ "type": "Feature", "properties": { "dggal_gnosis": "4-1B-3C", "resolution": 4, "center_lat": -64.6875, "center_lon": 163.125, "avg_edge_len": 581338.45192656864, "cell_area": 335003493103.79785, "cell_perimeter": 2325353.8077062746 }, "geometry": { "type": "Polygon", "coordinates": [ [ [ 157.5, -61.875 ], [ 157.5, -67.5 ], [ 168.75, -67.5 ], [ 168.75, -61.875 ], [ 157.5, -61.875 ] ] ] } },
{ "type": "Feature", "properties": { "dggal_gnosis": "4-1B-3E", "resolution": 4, "center_lat": -64.6875, "center_lon": 174.375, "avg_edge_len": 581338.45192656934, "cell_area": 335003493103.79883, "cell_perimeter": 2325353.8077062774 }, "geometry": { "type": "Polygon", "coordinates": [ [ [ 168.75, -61.875 ], [ 168.75, -67.5 ], [ 180.0, -67.5 ], [ 180.0, -61.875 ], [ 168.75, -61.875 ] ] ] } },
{ "type": "Feature", "properties": { "dggal_gnosis": "4-1C-0", "resolution": 4, "center_lat": -70.3125, "center_lon": -168.75, "avg_edge_len": 734027.31330880825, "cell_area": 519632576222.91797, "cell_perimeter": 2936109.253235233 }, "geometry": { "type": "Polygon", "coordinates": [ [ [ -180.0, -67.5 ], [ -180.0, -73.125 ], [ -157.5, -73.125 ], [ -157.5, -67.5 ], [ -180.0, -67.5 ] ] ] } },
{ "type": "Feature", "properties": { "dggal_gnosis": "4-1C-4", "resolution": 4, "center_lat": -70.3125, "center_lon": -146.25, "avg_edge_len": 734027.31330880825, "cell_area": 519632576222.91797, "cell_perimeter": 2936109.253235233 }, "geometry": { "type": "Polygon", "coordinates": [ [ [ -157.5, -67.5 ], [ -157.5, -73.125 ], [ -135.0, -73.125 ], [ -135.0, -67.5 ], [ -157.5, -67.5 ] ] ] } },
{ "type": "Feature", "properties": { "dggal_gnosis": "4-1C-8", "resolution": 4, "center_lat": -70.3125, "center_lon": -123.75, "avg_edge_len": 734027.3133088079, "cell_area": 519632576222.91992, "cell_perimeter": 2936109.2532352316 }, "geometry": { "type": "Polygon", "coordinates": [ [ [ -135.0, -67.5 ], [ -135.0, -73.125 ], [ -112.5, -73.125 ], [ -112.5, -67.5 ], [ -135.0, -67.5 ] ] ] } },
{ "type": "Feature", "properties": { "dggal_gnosis": "4-1C-C", "resolution": 4, "center_lat": -70.3125, "center_lon": -101.25, "avg_edge_len": 734027.3133088079, "cell_area": 519632576222.91992, "cell_perimeter": 2936109.2532352316 }, "geometry": { "type": "Polygon", "coordinates": [ [ [ -112.5, -67.5 ], [ -112.5, -73.125 ], [ -90.0, -73.125 ], [ -90.0, -67.5 ], [ -112.5, -67.5 ] ] ] } },
{ "type": "Feature", "properties": { "dggal_gnosis": "4-1C-10", "resolution": 4, "center_lat": -70.3125, "center_lon": -78.75, "avg_edge_len": 734027.31330880825, "cell_area": 519632576222.91797, "cell_perimeter": 2936109.253235233 }, "geometry": { "type": "Polygon", "coordinates": [ [ [ -90.0, -67.5 ], [ -90.0, -73.125 ], [ -67.5, -73.125 ], [ -67.5, -67.5 ], [ -90.0, -67.5 ] ] ] } },
{ "type": "Feature", "properties": { "dggal_gnosis": "4-1C-14", "resolution": 4, "center_lat": -70.3125, "center_lon": -56.25, "avg_edge_len": 734027.3133088079, "cell_area": 519632576222.91992, "cell_perimeter": 2936109.2532352316 }, "geometry": { "type": "Polygon", "coordinates": [ [ [ -67.5, -67.5 ], [ -67.5, -73.125 ], [ -45.0, -73.125 ], [ -45.0, -67.5 ], [ -67.5, -67.5 ] ] ] } },
{ "type": "Feature", "properties": { "dggal_gnosis": "4-1C-18", "resolution": 4, "center_lat": -70.3125, "center_lon": -33.75, "avg_edge_len": 734027.31330880814, "cell_area": 519632576222.91797, "cell_perimeter": 2936109.2532352326 }, "geometry": { "type": "Polygon", "coordinates": [ [ [ -45.0, -67.5 ], [ -45.0, -73.125 ], [ -22.5, -73.125 ], [ -22.5, -67.5 ], [ -45.0, -67.5 ] ] ] } },
{ "type": "Feature", "properties": { "dggal_gnosis": "4-1C-1C", "resolution": 4, "center_lat": -70.3125, "center_lon": -11.25, "avg_edge_len": 734027.31330880814, "cell_area": 519632576222.91797, "cell_perimeter": 2936109.2532352326 }, "geometry": { "type": "Polygon", "coordinates": [ [ [ -22.5, -67.5 ], [ -22.5, -73.125 ], [ 0.0, -73.125 ], [ 0.0, -67.5 ], [ -22.5, -67.5 ] ] ] } },
{ "type": "Feature", "properties": { "dggal_gnosis": "4-1C-20", "resolution": 4, "center_lat": -70.3125, "center_lon": 11.25, "avg_edge_len": 734027.31330880814, "cell_area": 519632576222.91797, "cell_perimeter": 2936109.2532352326 }, "geometry": { "type": "Polygon", "coordinates": [ [ [ 0.0, -67.5 ], [ 0.0, -73.125 ], [ 22.5, -73.125 ], [ 22.5, -67.5 ], [ 0.0, -67.5 ] ] ] } },
{ "type": "Feature", "properties": { "dggal_gnosis": "4-1C-24", "resolution": 4, "center_lat": -70.3125, "center_lon": 33.75, "avg_edge_len": 734027.31330880814, "cell_area": 519632576222.91797, "cell_perimeter": 2936109.2532352326 }, "geometry": { "type": "Polygon", "coordinates": [ [ [ 22.5, -67.5 ], [ 22.5, -73.125 ], [ 45.0, -73.125 ], [ 45.0, -67.5 ], [ 22.5, -67.5 ] ] ] } },
{ "type": "Feature", "properties": { "dggal_gnosis": "4-1C-28", "resolution": 4, "center_lat": -70.3125, "center_lon": 56.25, "avg_edge_len": 734027.3133088079, "cell_area": 519632576222.91992, "cell_perimeter": 2936109.2532352316 }, "geometry": { "type": "Polygon", "coordinates": [ [ [ 45.0, -67.5 ], [ 45.0, -73.125 ], [ 67.5, -73.125 ], [ 67.5, -67.5 ], [ 45.0, -67.5 ] ] ] } },
{ "type": "Feature", "properties": { "dggal_gnosis": "4-1C-2C", "resolution": 4, "center_lat": -70.3125, "center_lon": 78.75, "avg_edge_len": 734027.31330880825, "cell_area": 519632576222.91797, "cell_perimeter": 2936109.253235233 }, "geometry": { "type": "Polygon", "coordinates": [ [ [ 67.5, -67.5 ], [ 67.5, -73.125 ], [ 90.0, -73.125 ], [ 90.0, -67.5 ], [ 67.5, -67.5 ] ] ] } },
{ "type": "Feature", "properties": { "dggal_gnosis": "4-1C-30", "resolution": 4, "center_lat": -70.3125, "center_lon": 101.25, "avg_edge_len": 734027.3133088079, "cell_area": 519632576222.91992, "cell_perimeter": 2936109.2532352316 }, "geometry": { "type": "Polygon", "coordinates": [ [ [ 90.0, -67.5 ], [ 90.0, -73.125 ], [ 112.5, -73.125 ], [ 112.5, -67.5 ], [ 90.0, -67.5 ] ] ] } },
{ "type": "Feature", "properties": { "dggal_gnosis": "4-1C-34", "resolution": 4, "center_lat": -70.3125, "center_lon": 123.75, "avg_edge_len": 734027.3133088079, "cell_area": 519632576222.91992, "cell_perimeter": 2936109.2532352316 }, "geometry": { "type": "Polygon", "coordinates": [ [ [ 112.5, -67.5 ], [ 112.5, -73.125 ], [ 135.0, -73.125 ], [ 135.0, -67.5 ], [ 112.5, -67.5 ] ] ] } },
{ "type": "Feature", "properties": { "dggal_gnosis": "4-1C-38", "resolution": 4, "center_lat": -70.3125, "center_lon": 146.25, "avg_edge_len": 734027.31330880825, "cell_area": 519632576222.91797, "cell_perimeter": 2936109.253235233 }, "geometry": { "type": "Polygon", "coordinates": [ [ [ 135.0, -67.5 ], [ 135.0, -73.125 ], [ 157.5, -73.125 ], [ 157.5, -67.5 ], [ 135.0, -67.5 ] ] ] } },
{ "type": "Feature", "properties": { "dggal_gnosis": "4-1C-3C", "resolution": 4, "center_lat": -70.3125, "center_lon": 168.75, "avg_edge_len": 734027.31330880825, "cell_area": 519632576222.91797, "cell_perimeter": 2936109.253235233 }, "geometry": { "type": "Polygon", "coordinates": [ [ [ 157.5, -67.5 ], [ 157.5, -73.125 ], [ 180.0, -73.125 ], [ 180.0, -67.5 ], [ 157.5, -67.5 ] ] ] } },
{ "type": "Feature", "properties": { "dggal_gnosis": "4-1D-0", "resolution": 4, "center_lat": -75.9375, "center_lon": -168.75, "avg_edge_len": 617004.06637340167, "cell_area": 374279636566.11328, "cell_perimeter": 2468016.2654936067 }, "geometry": { "type": "Polygon", "coordinates": [ [ [ -180.0, -73.125 ], [ -180.0, -78.75 ], [ -157.5, -78.75 ], [ -157.5, -73.125 ], [ -180.0, -73.125 ] ] ] } },
{ "type": "Feature", "properties": { "dggal_gnosis": "4-1D-4", "resolution": 4, "center_lat": -75.9375, "center_lon": -146.25, "avg_edge_len": 617004.06637340167, "cell_area": 374279636566.11328, "cell_perimeter": 2468016.2654936067 }, "geometry": { "type": "Polygon", "coordinates": [ [ [ -157.5, -73.125 ], [ -157.5, -78.75 ], [ -135.0, -78.75 ], [ -135.0, -73.125 ], [ -157.5, -73.125 ] ] ] } },
{ "type": "Feature", "properties": { "dggal_gnosis": "4-1D-8", "resolution": 4, "center_lat": -75.9375, "center_lon": -123.75, "avg_edge_len": 617004.06637340144, "cell_area": 374279636566.11133, "cell_perimeter": 2468016.2654936058 }, "geometry": { "type": "Polygon", "coordinates": [ [ [ -135.0, -73.125 ], [ -135.0, -78.75 ], [ -112.5, -78.75 ], [ -112.5, -73.125 ], [ -135.0, -73.125 ] ] ] } },
{ "type": "Feature", "properties": { "dggal_gnosis": "4-1D-C", "resolution": 4, "center_lat": -75.9375, "center_lon": -101.25, "avg_edge_len": 617004.06637340144, "cell_area": 374279636566.11133, "cell_perimeter": 2468016.2654936058 }, "geometry": { "type": "Polygon", "coordinates": [ [ [ -112.5, -73.125 ], [ -112.5, -78.75 ], [ -90.0, -78.75 ], [ -90.0, -73.125 ], [ -112.5, -73.125 ] ] ] } },
{ "type": "Feature", "properties": { "dggal_gnosis": "4-1D-10", "resolution": 4, "center_lat": -75.9375, "center_lon": -78.75, "avg_edge_len": 617004.06637340167, "cell_area": 374279636566.11328, "cell_perimeter": 2468016.2654936067 }, "geometry": { "type": "Polygon", "coordinates": [ [ [ -90.0, -73.125 ], [ -90.0, -78.75 ], [ -67.5, -78.75 ], [ -67.5, -73.125 ], [ -90.0, -73.125 ] ] ] } },
{ "type": "Feature", "properties": { "dggal_gnosis": "4-1D-14", "resolution": 4, "center_lat": -75.9375, "center_lon": -56.25, "avg_edge_len": 617004.06637340144, "cell_area": 374279636566.11133, "cell_perimeter": 2468016.2654936058 }, "geometry": { "type": "Polygon", "coordinates": [ [ [ -67.5, -73.125 ], [ -67.5, -78.75 ], [ -45.0, -78.75 ], [ -45.0, -73.125 ], [ -67.5, -73.125 ] ] ] } },
{ "type": "Feature", "properties": { "dggal_gnosis": "4-1D-18", "resolution": 4, "center_lat": -75.9375, "center_lon": -33.75, "avg_edge_len": 617004.06637340155, "cell_area": 374279636566.11523, "cell_perimeter": 2468016.2654936062 }, "geometry": { "type": "Polygon", "coordinates": [ [ [ -45.0, -73.125 ], [ -45.0, -78.75 ], [ -22.5, -78.75 ], [ -22.5, -73.125 ], [ -45.0, -73.125 ] ] ] } },
{ "type": "Feature", "properties": { "dggal_gnosis": "4-1D-1C", "resolution": 4, "center_lat": -75.9375, "center_lon": -11.25, "avg_edge_len": 617004.06637340155, "cell_area": 374279636566.11523, "cell_perimeter": 2468016.2654936062 }, "geometry": { "type": "Polygon", "coordinates": [ [ [ -22.5, -73.125 ], [ -22.5, -78.75 ], [ 0.0, -78.75 ], [ 0.0, -73.125 ], [ -22.5, -73.125 ] ] ] } },
{ "type": "Feature", "properties": { "dggal_gnosis": "4-1D-20", "resolution": 4, "center_lat": -75.9375, "center_lon": 11.25, "avg_edge_len": 617004.06637340155, "cell_area": 374279636566.11523, "cell_perimeter": 2468016.2654936062 }, "geometry": { "type": "Polygon", "coordinates": [ [ [ 0.0, -73.125 ], [ 0.0, -78.75 ], [ 22.5, -78.75 ], [ 22.5, -73.125 ], [ 0.0, -73.125 ] ] ] } },
{ "type": "Feature", "properties": { "dggal_gnosis": "4-1D-24", "resolution": 4, "center_lat": -75.9375, "center_lon": 33.75, "avg_edge_len": 617004.06637340155, "cell_area": 374279636566.11523, "cell_perimeter": 2468016.2654936062 }, "geometry": { "type": "Polygon", "coordinates": [ [ [ 22.5, -73.125 ], [ 22.5, -78.75 ], [ 45.0, -78.75 ], [ 45.0, -73.125 ], [ 22.5, -73.125 ] ] ] } },
{ "type": "Feature", "properties": { "dggal_gnosis": "4-1D-28", "resolution": 4, "center_lat": -75.9375, "center_lon": 56.25, "avg_edge_len": 617004.06637340144, "cell_area": 374279636566.11133, "cell_perimeter": 2468016.2654936058 }, "geometry": { "type": "Polygon", "coordinates": [ [ [ 45.0, -73.125 ], [ 45.0, -78.75 ], [ 67.5, -78.75 ], [ 67.5, -73.125 ], [ 45.0, -73.125 ] ] ] } },
{ "type": "Feature", "properties": { "dggal_gnosis": "4-1D-2C", "resolution": 4, "center_lat": -75.9375, "center_lon": 78.75, "avg_edge_len": 617004.06637340167, "cell_area": 374279636566.11328, "cell_perimeter": 2468016.2654936067 }, "geometry": { "type": "Polygon", "coordinates": [ [ [ 67.5, -73.125 ], [ 67.5, -78.75 ], [ 90.0, -78.75 ], [ 90.0, -73.125 ], [ 67.5, -73.125 ] ] ] } },
{ "type": "Feature", "properties": { "dggal_gnosis": "4-1D-30", "resolution": 4, "center_lat": -75.9375, "center_lon": 101.25, "avg_edge_len": 617004.06637340144, "cell_area": 374279636566.11133, "cell_perimeter": 2468016.2654936058 }, "geometry": { "type": "Polygon", "coordinates": [ [ [ 90.0, -73.125 ], [ 90.0, -78.75 ], [ 112.5, -78.75 ], [ 112.5, -73.125 ], [ 90.0, -73.125 ] ] ] } },
{ "type": "Feature", "properties": { "dggal_gnosis": "4-1D-34", "resolution": 4, "center_lat": -75.9375, "center_lon": 123.75, "avg_edge_len": 617004.06637340144, "cell_area": 374279636566.11133, "cell_perimeter": 2468016.2654936058 }, "geometry": { "type": "Polygon", "coordinates": [ [ [ 112.5, -73.125 ], [ 112.5, -78.75 ], [ 135.0, -78.75 ], [ 135.0, -73.125 ], [ 112.5, -73.125 ] ] ] } },
{ "type": "Feature", "properties": { "dggal_gnosis": "4-1D-38", "resolution": 4, "center_lat": -75.9375, "center_lon": 146.25, "avg_edge_len": 617004.06637340167, "cell_area": 374279636566.11328, "cell_perimeter": 2468016.2654936067 }, "geometry": { "type": "Polygon", "coordinates": [ [ [ 135.0, -73.125 ], [ 135.0, -78.75 ], [ 157.5, -78.75 ], [ 157.5, -73.125 ], [ 135.0, -73.125 ] ] ] } },
{ "type": "Feature", "properties": { "dggal_gnosis": "4-1D-3C", "resolution": 4, "center_lat": -75.9375, "center_lon": 168.75, "avg_edge_len": 617004.06637340167, "cell_area": 374279636566.11328, "cell_perimeter": 2468016.2654936067 }, "geometry": { "type": "Polygon", "coordinates": [ [ [ 157.5, -73.125 ], [ 157.5, -78.75 ], [ 180.0, -78.75 ], [ 180.0, -73.125 ], [ 157.5, -73.125 ] ] ] } },
{ "type": "Feature", "properties": { "dggal_gnosis": "4-1E-0", "resolution": 4, "center_lat": -81.5625, "center_lon": -157.5, "avg_edge_len": 673197.40322730283, "cell_area": 418328275763.19531, "cell_perimeter": 2692789.6129092113 }, "geometry": { "type": "Polygon", "coordinates": [ [ [ -180.0, -78.75 ], [ -180.0, -84.375 ], [ -135.0, -84.375 ], [ -135.0, -78.75 ], [ -180.0, -78.75 ] ] ] } },
{ "type": "Feature", "properties": { "dggal_gnosis": "4-1E-8", "resolution": 4, "center_lat": -81.5625, "center_lon": -112.5, "avg_edge_len": 673197.40322730271, "cell_area": 418328275763.19141, "cell_perimeter": 2692789.6129092108 }, "geometry": { "type": "Polygon", "coordinates": [ [ [ -135.0, -78.75 ], [ -135.0, -84.375 ], [ -90.0, -84.375 ], [ -90.0, -78.75 ], [ -135.0, -78.75 ] ] ] } },
{ "type": "Feature", "properties": { "dggal_gnosis": "4-1E-10", "resolution": 4, "center_lat": -81.5625, "center_lon": -67.5, "avg_edge_len": 673197.40322730283, "cell_area": 418328275763.19922, "cell_perimeter": 2692789.6129092113 }, "geometry": { "type": "Polygon", "coordinates": [ [ [ -90.0, -78.75 ], [ -90.0, -84.375 ], [ -45.0, -84.375 ], [ -45.0, -78.75 ], [ -90.0, -78.75 ] ] ] } },
{ "type": "Feature", "properties": { "dggal_gnosis": "4-1E-18", "resolution": 4, "center_lat": -81.5625, "center_lon": -22.5, "avg_edge_len": 673197.40322730283, "cell_area": 418328275763.19922, "cell_perimeter": 2692789.6129092113 }, "geometry": { "type": "Polygon", "coordinates": [ [ [ -45.0, -78.75 ], [ -45.0, -84.375 ], [ 0.0, -84.375 ], [ 0.0, -78.75 ], [ -45.0, -78.75 ] ] ] } },
{ "type": "Feature", "properties": { "dggal_gnosis": "4-1E-20", "resolution": 4, "center_lat": -81.5625, "center_lon": 22.5, "avg_edge_len": 673197.40322730283, "cell_area": 418328275763.19922, "cell_perimeter": 2692789.6129092113 }, "geometry": { "type": "Polygon", "coordinates": [ [ [ 0.0, -78.75 ], [ 0.0, -84.375 ], [ 45.0, -84.375 ], [ 45.0, -78.75 ], [ 0.0, -78.75 ] ] ] } },
{ "type": "Feature", "properties": { "dggal_gnosis": "4-1E-28", "resolution": 4, "center_lat": -81.5625, "center_lon": 67.5, "avg_edge_len": 673197.40322730283, "cell_area": 418328275763.19922, "cell_perimeter": 2692789.6129092113 }, "geometry": { "type": "Polygon", "coordinates": [ [ [ 45.0, -78.75 ], [ 45.0, -84.375 ], [ 90.0, -84.375 ], [ 90.0, -78.75 ], [ 45.0, -78.75 ] ] ] } },
{ "type": "Feature", "properties": { "dggal_gnosis": "4-1E-30", "resolution": 4, "center_lat": -81.5625, "center_lon": 112.5, "avg_edge_len": 673197.40322730271, "cell_area": 418328275763.19141, "cell_perimeter": 2692789.6129092108 }, "geometry": { "type": "Polygon", "coordinates": [ [ [ 90.0, -78.75 ], [ 90.0, -84.375 ], [ 135.0, -84.375 ], [ 135.0, -78.75 ], [ 90.0, -78.75 ] ] ] } },
{ "type": "Feature", "properties": { "dggal_gnosis": "4-1E-38", "resolution": 4, "center_lat": -81.5625, "center_lon": 157.5, "avg_edge_len": 673197.40322730283, "cell_area": 418328275763.19531, "cell_perimeter": 2692789.6129092113 }, "geometry": { "type": "Polygon", "coordinates": [ [ [ 135.0, -78.75 ], [ 135.0, -84.375 ], [ 180.0, -84.375 ], [ 180.0, -78.75 ], [ 135.0, -78.75 ] ] ] } },
{ "type": "Feature", "properties": { "dggal_gnosis": "4-1F-0", "resolution": 4, "center_lat": -87.1875, "center_lon": -134.99999999999994, "avg_edge_len": 714764.36681844306, "cell_area": 197671295603.85938, "cell_perimeter": 2144293.1004553293 }, "geometry": { "type": "Polygon", "coordinates": [ [ [ -180.0, -84.375 ], [ -180.0, -90.0 ], [ -90.0, -90.0 ], [ -90.0, -84.375 ], [ -180.0, -84.375 ] ] ] } },
{ "type": "Feature", "properties": { "dggal_gnosis": "4-1F-10", "resolution": 4, "center_lat": -87.1875, "center_lon": -44.999999999999986, "avg_edge_len": 714764.36681844306, "cell_area": 197671295603.85938, "cell_perimeter": 2144293.1004553293 }, "geometry": { "type": "Polygon", "coordinates": [ [ [ -90.0, -84.375 ], [ -90.0, -90.0 ], [ 0.0, -90.0 ], [ 0.0, -84.375 ], [ -90.0, -84.375 ] ] ] } },
{ "type": "Feature", "properties": { "dggal_gnosis": "4-1F-20", "resolution": 4, "center_lat": -87.1875, "center_lon": 44.999999999999986, "avg_edge_len": 714764.36681844306, "cell_area": 197671295603.85938, "cell_perimeter": 2144293.1004553293 }, "geometry": { "type": "Polygon", "coordinates": [ [ [ 0.0, -84.375 ], [ 0.0, -90.0 ], [ 90.0, -90.0 ], [ 90.0, -84.375 ], [ 0.0, -84.375 ] ] ] } },
{ "type": "Feature", "properties": { "dggal_gnosis": "4-1F-30", "resolution": 4, "center_lat": -87.1875, "center_lon": 134.99999999999994, "avg_edge_len": 714764.36681844306, "cell_area": 197671295603.85938, "cell_perimeter": 2144293.1004553293 }, "geometry": { "type": "Polygon", "coordinates": [ [ [ 90.0, -84.375 ], [ 90.0, -90.0 ], [ 180.0, -90.0 ], [ 180.0, -84.375 ], [ 90.0, -84.375 ] ] ] } }
]
}
