{
"type": "FeatureCollection",
"name": "qtm_grid_4",
"crs": { "type": "name", "properties": { "name": "urn:ogc:def:crs:OGC:1.3:CRS84" } },
"features": [
{ "type": "Feature", "properties": { "qtm": "1000", "resolution": 4, "center_lat": 30.0, "center_lon": -135.0, "avg_edge_len": 1660010.0621249313, "cell_area": 1184230491773.6084, "cell_perimeter": 4980030.1863747938 }, "geometry": { "type": "Polygon", "coordinates": [ [ [ -135.0, 22.5 ], [ -125.134030820456019, 33.75 ], [ -144.865969179543981, 33.75 ], [ -135.0, 22.5 ] ] ] } },
{ "type": "Feature", "properties": { "qtm": "1001", "resolution": 4, "center_lat": 37.5, "center_lon": -135.0, "avg_edge_len": 1614017.8329435401, "cell_area": 1104938772194.2256, "cell_perimeter": 4842053.4988306202 }, "geometry": { "type": "Polygon", "coordinates": [ [ [ -144.865969179543981, 33.75 ], [ -125.134030820456019, 33.75 ], [ -135.0, 45.0 ], [ -144.865969179543981, 33.75 ] ] ] } },
{ "type": "Feature", "properties": { "qtm": "1002", "resolution": 4, "center_lat": 26.25, "center_lon": -143.96573921258917, "avg_edge_len": 1586496.9850615237, "cell_area": 1075460707728.106, "cell_perimeter": 4759490.9551845714 }, "geometry": { "type": "Polygon", "coordinates": [ [ [ -152.031248458223445, 22.5 ], [ -135.0, 22.5 ], [ -144.865969179543981, 33.75 ], [ -152.031248458223445, 22.5 ] ] ] } },
{ "type": "Feature", "properties": { "qtm": "1003", "resolution": 4, "center_lat": 26.25, "center_lon": -126.03426078741086, "avg_edge_len": 1586496.9850615237, "cell_area": 1075460707728.106, "cell_perimeter": 4759490.9551845714 }, "geometry": { "type": "Polygon", "coordinates": [ [ [ -135.0, 22.5 ], [ -117.968751541776555, 22.5 ], [ -125.134030820456019, 33.75 ], [ -135.0, 22.5 ] ] ] } },
{ "type": "Feature", "properties": { "qtm": "1010", "resolution": 4, "center_lat": 15.0, "center_lon": -135.0, "avg_edge_len": 1597222.5893550534, "cell_area": 1093459361793.4771, "cell_perimeter": 4791667.7680651601 }, "geometry": { "type": "Polygon", "coordinates": [ [ [ -143.085592848863826, 11.25 ], [ -126.914407151136174, 11.25 ], [ -135.0, 22.5 ], [ -143.085592848863826, 11.25 ] ] ] } },
{ "type": "Feature", "properties": { "qtm": "1011", "resolution": 4, "center_lat": 7.5, "center_lon": -135.0, "avg_edge_len": 1609985.2390028238, "cell_area": 1114508561148.9067, "cell_perimeter": 4829955.7170084715 }, "geometry": { "type": "Polygon", "coordinates": [ [ [ -135.0, 0.0 ], [ -126.914407151136174, 11.25 ], [ -143.085592848863826, 11.25 ], [ -135.0, 0.0 ] ] ] } },
{ "type": "Feature", "properties": { "qtm": "1012", "resolution": 4, "center_lat": 18.75, "center_lon": -143.37228043569576, "avg_edge_len": 1610450.7214585755, "cell_area": 1117753168745.5396, "cell_perimeter": 4831352.1643757261 }, "geometry": { "type": "Polygon", "coordinates": [ [ [ -143.085592848863826, 11.25 ], [ -135.0, 22.5 ], [ -152.031248458223445, 22.5 ], [ -143.085592848863826, 11.25 ] ] ] } },
{ "type": "Feature", "properties": { "qtm": "1013", "resolution": 4, "center_lat": 18.75, "center_lon": -126.62771956430426, "avg_edge_len": 1610450.7214585755, "cell_area": 1117753168745.5396, "cell_perimeter": 4831352.1643757261 }, "geometry": { "type": "Polygon", "coordinates": [ [ [ -126.914407151136174, 11.25 ], [ -117.968751541776555, 22.5 ], [ -135.0, 22.5 ], [ -126.914407151136174, 11.25 ] ] ] } },
{ "type": "Feature", "properties": { "qtm": "1020", "resolution": 4, "center_lat": 37.5, "center_lon": -155.18698519928904, "avg_edge_len": 1563282.9582533028, "cell_area": 1036115463699.2871, "cell_perimeter": 4689848.8747599088 }, "geometry": { "type": "Polygon", "coordinates": [ [ [ -163.19498641832314, 33.75 ], [ -144.865969179543981, 33.75 ], [ -157.5, 45.0 ], [ -163.19498641832314, 33.75 ] ] ] } },
{ "type": "Feature", "properties": { "qtm": "1021", "resolution": 4, "center_lat": 30.0, "center_lon": -153.36406801869686, "avg_edge_len": 1594947.2236645371, "cell_area": 1093324799582.7651, "cell_perimeter": 4784841.6709936112 }, "geometry": { "type": "Polygon", "coordinates": [ [ [ -152.031248458223445, 22.5 ], [ -144.865969179543981, 33.75 ], [ -163.19498641832314, 33.75 ], [ -152.031248458223445, 22.5 ] ] ] } },
{ "type": "Feature", "properties": { "qtm": "1022", "resolution": 4, "center_lat": 41.25, "center_lon": -166.89832880610768, "avg_edge_len": 1671571.8148050148, "cell_area": 1150744595494.8438, "cell_perimeter": 5014715.444415044 }, "geometry": { "type": "Polygon", "coordinates": [ [ [ -163.19498641832314, 33.75 ], [ -157.5, 45.0 ], [ -180.0, 45.0 ], [ -163.19498641832314, 33.75 ] ] ] } },
{ "type": "Feature", "properties": { "qtm": "1023", "resolution": 4, "center_lat": 41.25, "center_lon": -145.78865639318136, "avg_edge_len": 1643134.215111451, "cell_area": 1164181481592.3945, "cell_perimeter": 4929402.6453343527 }, "geometry": { "type": "Polygon", "coordinates": [ [ [ -144.865969179543981, 33.75 ], [ -135.0, 45.0 ], [ -157.5, 45.0 ], [ -144.865969179543981, 33.75 ] ] ] } },
{ "type": "Feature", "properties": { "qtm": "1030", "resolution": 4, "center_lat": 37.5, "center_lon": -114.81301480071096, "avg_edge_len": 1563282.9582533028, "cell_area": 1036115463699.2871, "cell_perimeter": 4689848.8747599088 }, "geometry": { "type": "Polygon", "coordinates": [ [ [ -125.134030820456019, 33.75 ], [ -106.80501358167686, 33.75 ], [ -112.5, 45.0 ], [ -125.134030820456019, 33.75 ] ] ] } },
{ "type": "Feature", "properties": { "qtm": "1031", "resolution": 4, "center_lat": 30.0, "center_lon": -116.63593198130316, "avg_edge_len": 1594947.2236645371, "cell_area": 1093324799582.7651, "cell_perimeter": 4784841.6709936112 }, "geometry": { "type": "Polygon", "coordinates": [ [ [ -117.968751541776555, 22.5 ], [ -106.80501358167686, 33.75 ], [ -125.134030820456019, 33.75 ], [ -117.968751541776555, 22.5 ] ] ] } },
{ "type": "Feature", "properties": { "qtm": "1032", "resolution": 4, "center_lat": 41.25, "center_lon": -124.21134360681867, "avg_edge_len": 1643134.215111451, "cell_area": 1164181481592.3945, "cell_perimeter": 4929402.6453343527 }, "geometry": { "type": "Polygon", "coordinates": [ [ [ -125.134030820456019, 33.75 ], [ -112.5, 45.0 ], [ -135.0, 45.0 ], [ -125.134030820456019, 33.75 ] ] ] } },
{ "type": "Feature", "properties": { "qtm": "1033", "resolution": 4, "center_lat": 41.25, "center_lon": -103.10167119389229, "avg_edge_len": 1671571.8148050148, "cell_area": 1150744595494.8438, "cell_perimeter": 5014715.444415044 }, "geometry": { "type": "Polygon", "coordinates": [ [ [ -106.80501358167686, 33.75 ], [ -90.0, 45.0 ], [ -112.5, 45.0 ], [ -106.80501358167686, 33.75 ] ] ] } },
{ "type": "Feature", "properties": { "qtm": "1100", "resolution": 4, "center_lat": 60.000000000000007, "center_lon": -135.0, "avg_edge_len": 1450123.0550512585, "cell_area": 911694506265.94531, "cell_perimeter": 4350369.1651537754 }, "geometry": { "type": "Polygon", "coordinates": [ [ [ -147.440553713453255, 56.25 ], [ -122.559446286546745, 56.25 ], [ -135.0, 67.5 ], [ -147.440553713453255, 56.25 ] ] ] } },
{ "type": "Feature", "properties": { "qtm": "1101", "resolution": 4, "center_lat": 52.5, "center_lon": -135.0, "avg_edge_len": 1527989.8948321689, "cell_area": 1018250021396.9707, "cell_perimeter": 4583969.684496507 }, "geometry": { "type": "Polygon", "coordinates": [ [ [ -135.0, 45.0 ], [ -122.559446286546745, 56.25 ], [ -147.440553713453255, 56.25 ], [ -135.0, 45.0 ] ] ] } },
{ "type": "Feature", "properties": { "qtm": "1102", "resolution": 4, "center_lat": 63.75, "center_lon": -154.14685123781774, "avg_edge_len": 1790395.3071037345, "cell_area": 1303683133187.7139, "cell_perimeter": 5371185.9213112034 }, "geometry": { "type": "Polygon", "coordinates": [ [ [ -147.440553713453255, 56.25 ], [ -135.0, 67.5 ], [ -180.0, 67.5 ], [ -147.440553713453255, 56.25 ] ] ] } },
{ "type": "Feature", "properties": { "qtm": "1103", "resolution": 4, "center_lat": 63.75, "center_lon": -115.85314876218224, "avg_edge_len": 1790395.3071037345, "cell_area": 1303683133187.7139, "cell_perimeter": 5371185.9213112034 }, "geometry": { "type": "Polygon", "coordinates": [ [ [ -122.559446286546745, 56.25 ], [ -90.0, 67.5 ], [ -135.0, 67.5 ], [ -122.559446286546745, 56.25 ] ] ] } },
{ "type": "Feature", "properties": { "qtm": "1110", "resolution": 4, "center_lat": 75.0, "center_lon": -135.0, "avg_edge_len": 1816797.130761276, "cell_area": 1442488724966.4297, "cell_perimeter": 5450391.392283828 }, "geometry": { "type": "Polygon", "coordinates": [ [ [ -135.0, 67.5 ], [ -90.0, 78.75 ], [ -180.0, 78.75 ], [ -135.0, 67.5 ] ] ] } },
{ "type": "Feature", "properties": { "qtm": "1111", "resolution": 4, "center_lat": 84.375, "center_lon": -135.0, "avg_edge_len": 1427951.8964748245, "cell_area": 794338524198.33594, "cell_perimeter": 4283855.6894244738 }, "geometry": { "type": "Polygon", "coordinates": [ [ [ -180.0, 78.75 ], [ -90.0, 78.75 ], [ -90.0, 90.0 ], [ -180.0, 90.0 ], [ -180.0, 78.75 ] ] ] } },
{ "type": "Feature", "properties": { "qtm": "1112", "resolution": 4, "center_lat": 71.25, "center_lon": -165.0, "avg_edge_len": 1658450.68973363, "cell_area": 1108060290312.9102, "cell_perimeter": 4975352.0692008901 }, "geometry": { "type": "Polygon", "coordinates": [ [ [ -180.0, 67.5 ], [ -135.0, 67.5 ], [ -180.0, 78.75 ], [ -180.0, 67.5 ] ] ] } },
{ "type": "Feature", "properties": { "qtm": "1113", "resolution": 4, "center_lat": 71.25, "center_lon": -105.0, "avg_edge_len": 1658450.68973363, "cell_area": 1108060290312.9102, "cell_perimeter": 4975352.0692008901 }, "geometry": { "type": "Polygon", "coordinates": [ [ [ -135.0, 67.5 ], [ -90.0, 67.5 ], [ -90.0, 78.75 ], [ -135.0, 67.5 ] ] ] } },
{ "type": "Feature", "properties": { "qtm": "1120", "resolution": 4, "center_lat": 52.5, "center_lon": -161.64685123781777, "avg_edge_len": 1815014.4910035853, "cell_area": 1357900757890.4336, "cell_perimeter": 5445043.4730107561 }, "geometry": { "type": "Polygon", "coordinates": [ [ [ -157.5, 45.0 ], [ -147.440553713453255, 56.25 ], [ -180.0, 56.25 ], [ -157.5, 45.0 ] ] ] } },
{ "type": "Feature", "properties": { "qtm": "1121", "resolution": 4, "center_lat": 60.0, "center_lon": -169.14685123781777, "avg_edge_len": 1778630.3019265335, "cell_area": 1227370537273.5781, "cell_perimeter": 5335890.9057796001 }, "geometry": { "type": "Polygon", "coordinates": [ [ [ -180.0, 56.25 ], [ -147.440553713453255, 56.25 ], [ -180.0, 67.5 ], [ -180.0, 56.25 ] ] ] } },
{ "type": "Feature", "properties": { "qtm": "1122", "resolution": 4, "center_lat": 48.75, "center_lon": -172.5, "avg_edge_len": 1676338.9866363604, "cell_area": 1104134188512.3301, "cell_perimeter": 5029016.9599090815 }, "geometry": { "type": "Polygon", "coordinates": [ [ [ -180.0, 45.0 ], [ -157.5, 45.0 ], [ -180.0, 56.25 ], [ -180.0, 45.0 ] ] ] } },
{ "type": "Feature", "properties": { "qtm": "1123", "resolution": 4, "center_lat": 48.75, "center_lon": -146.64685123781774, "avg_edge_len": 1576563.2756876319, "cell_area": 1056953134104.8301, "cell_perimeter": 4729689.8270628955 }, "geometry": { "type": "Polygon", "coordinates": [ [ [ -157.5, 45.0 ], [ -135.0, 45.0 ], [ -147.440553713453255, 56.25 ], [ -157.5, 45.0 ] ] ] } },
{ "type": "Feature", "properties": { "qtm": "1130", "resolution": 4, "center_lat": 52.5, "center_lon": -108.35314876218224, "avg_edge_len": 1815014.4910035853, "cell_area": 1357900757890.4336, "cell_perimeter": 5445043.4730107561 }, "geometry": { "type": "Polygon", "coordinates": [ [ [ -112.5, 45.0 ], [ -90.0, 56.25 ], [ -122.559446286546745, 56.25 ], [ -112.5, 45.0 ] ] ] } },
{ "type": "Feature", "properties": { "qtm": "1131", "resolution": 4, "center_lat": 60.0, "center_lon": -100.85314876218226, "avg_edge_len": 1778630.3019265335, "cell_area": 1227370537273.5781, "cell_perimeter": 5335890.9057796001 }, "geometry": { "type": "Polygon", "coordinates": [ [ [ -122.559446286546745, 56.25 ], [ -90.0, 56.25 ], [ -90.0, 67.5 ], [ -122.559446286546745, 56.25 ] ] ] } },
{ "type": "Feature", "properties": { "qtm": "1132", "resolution": 4, "center_lat": 48.75, "center_lon": -123.35314876218224, "avg_edge_len": 1576563.2756876319, "cell_area": 1056953134104.8301, "cell_perimeter": 4729689.8270628955 }, "geometry": { "type": "Polygon", "coordinates": [ [ [ -135.0, 45.0 ], [ -112.5, 45.0 ], [ -122.559446286546745, 56.25 ], [ -135.0, 45.0 ] ] ] } },
{ "type": "Feature", "properties": { "qtm": "1133", "resolution": 4, "center_lat": 48.75, "center_lon": -97.5, "avg_edge_len": 1676338.9866363604, "cell_area": 1104134188512.3301, "cell_perimeter": 5029016.9599090815 }, "geometry": { "type": "Polygon", "coordinates": [ [ [ -112.5, 45.0 ], [ -90.0, 45.0 ], [ -90.0, 56.25 ], [ -112.5, 45.0 ] ] ] } },
{ "type": "Feature", "properties": { "qtm": "1200", "resolution": 4, "center_lat": 15.000000000000002, "center_lon": -162.99399928425109, "avg_edge_len": 1475133.7074307334, "cell_area": 899894376219.8772, "cell_perimeter": 4425401.1222922001 }, "geometry": { "type": "Polygon", "coordinates": [ [ [ -168.089491243406655, 11.25 ], [ -154.876882380234861, 11.25 ], [ -166.015624229111722, 22.5 ], [ -168.089491243406655, 11.25 ] ] ] } },
{ "type": "Feature", "properties": { "qtm": "1201", "resolution": 4, "center_lat": 7.5, "center_lon": -160.15545787454718, "avg_edge_len": 1476270.1194005117, "cell_area": 906064749114.58643, "cell_perimeter": 4428810.3582015354 }, "geometry": { "type": "Polygon", "coordinates": [ [ [ -157.5, 0.0 ], [ -154.876882380234861, 11.25 ], [ -168.089491243406655, 11.25 ], [ -157.5, 0.0 ] ] ] } },
{ "type": "Feature", "properties": { "qtm": "1202", "resolution": 4, "center_lat": 18.75, "center_lon": -171.36837182417278, "avg_edge_len": 1492908.9942980045, "cell_area": 906631268008.5083, "cell_perimeter": 4478726.9828940136 }, "geometry": { "type": "Polygon", "coordinates": [ [ [ -168.089491243406655, 11.25 ], [ -166.015624229111722, 22.5 ], [ -180.0, 22.5 ], [ -168.089491243406655, 11.25 ] ] ] } },
{ "type": "Feature", "properties": { "qtm": "1203", "resolution": 4, "center_lat": 18.75, "center_lon": -157.64125168919003, "avg_edge_len": 1479352.7737143897, "cell_area": 908052646344.82068, "cell_perimeter": 4438058.321143169 }, "geometry": { "type": "Polygon", "coordinates": [ [ [ -154.876882380234861, 11.25 ], [ -152.031248458223445, 22.5 ], [ -166.015624229111722, 22.5 ], [ -154.876882380234861, 11.25 ] ] ] } },
{ "type": "Feature", "properties": { "qtm": "1210", "resolution": 4, "center_lat": 29.999999999999996, "center_lon": -169.73687021581162, "avg_edge_len": 1561342.024283434, "cell_area": 988474797110.86804, "cell_perimeter": 4684026.0728503019 }, "geometry": { "type": "Polygon", "coordinates": [ [ [ -166.015624229111722, 22.5 ], [ -163.19498641832314, 33.75 ], [ -180.0, 33.75 ], [ -166.015624229111722, 22.5 ] ] ] } },
{ "type": "Feature", "properties": { "qtm": "1211", "resolution": 4, "center_lat": 37.5, "center_lon": -174.39832880610774, "avg_edge_len": 1569897.0904327633, "cell_area": 975010066151.91602, "cell_perimeter": 4709691.2712982902 }, "geometry": { "type": "Polygon", "coordinates": [ [ [ -180.0, 33.75 ], [ -163.19498641832314, 33.75 ], [ -180.0, 45.0 ], [ -180.0, 33.75 ] ] ] } },
{ "type": "Feature", "properties": { "qtm": "1212", "resolution": 4, "center_lat": 26.25, "center_lon": -175.33854140970391, "avg_edge_len": 1512288.5139828196, "cell_area": 901904911482.67578, "cell_perimeter": 4536865.5419484591 }, "geometry": { "type": "Polygon", "coordinates": [ [ [ -180.0, 22.5 ], [ -166.015624229111722, 22.5 ], [ -180.0, 33.75 ], [ -180.0, 22.5 ] ] ] } },
{ "type": "Feature", "properties": { "qtm": "1213", "resolution": 4, "center_lat": 26.25, "center_lon": -160.41395303521944, "avg_edge_len": 1457850.5459732118, "cell_area": 893095090943.69934, "cell_perimeter": 4373551.6379196355 }, "geometry": { "type": "Polygon", "coordinates": [ [ [ -166.015624229111722, 22.5 ], [ -152.031248458223445, 22.5 ], [ -163.19498641832314, 33.75 ], [ -166.015624229111722, 22.5 ] ] ] } },
{ "type": "Feature", "properties": { "qtm": "1220", "resolution": 4, "center_lat": 7.5, "center_lon": -172.27983041446888, "avg_edge_len": 1435433.6493587096, "cell_area": 814845512987.02417, "cell_perimeter": 4306300.948076129 }, "geometry": { "type": "Polygon", "coordinates": [ [ [ -168.75, 0.0 ], [ -168.089491243406712, 11.25 ], [ -180.0, 11.25 ], [ -168.75, 0.0 ] ] ] } },
{ "type": "Feature", "properties": { "qtm": "1221", "resolution": 4, "center_lat": 15.0, "center_lon": -176.02983041446888, "avg_edge_len": 1440468.2139155443, "cell_area": 814648633311.35889, "cell_perimeter": 4321404.6417466328 }, "geometry": { "type": "Polygon", "coordinates": [ [ [ -180.0, 11.25 ], [ -168.089491243406712, 11.25 ], [ -180.0, 22.5 ], [ -180.0, 11.25 ] ] ] } },
{ "type": "Feature", "properties": { "qtm": "1222", "resolution": 4, "center_lat": 3.75, "center_lon": -176.25, "avg_edge_len": 1418676.8091749076, "cell_area": 784042132728.14978, "cell_perimeter": 4256030.4275247231 }, "geometry": { "type": "Polygon", "coordinates": [ [ [ -180.0, 0.0 ], [ -168.75, 0.0 ], [ -180.0, 11.25 ], [ -180.0, 0.0 ] ] ] } },
{ "type": "Feature", "properties": { "qtm": "1223", "resolution": 4, "center_lat": 3.75, "center_lon": -164.77983041446888, "avg_edge_len": 1402431.8287598237, "cell_area": 783624594877.729, "cell_perimeter": 4207295.4862794708 }, "geometry": { "type": "Polygon", "coordinates": [ [ [ -168.75, 0.0 ], [ -157.5, 0.0 ], [ -168.089491243406712, 11.25 ], [ -168.75, 0.0 ] ] ] } },
{ "type": "Feature", "properties": { "qtm": "1230", "resolution": 4, "center_lat": 7.5, "center_lon": -148.07082507636619, "avg_edge_len": 1382585.1057036736, "cell_area": 807876768060.61047, "cell_perimeter": 4147755.3171110209 }, "geometry": { "type": "Polygon", "coordinates": [ [ [ -146.25, 0.0 ], [ -143.085592848863826, 11.25 ], [ -154.876882380234747, 11.25 ], [ -146.25, 0.0 ] ] ] } },
{ "type": "Feature", "properties": { "qtm": "1231", "resolution": 4, "center_lat": 15.0, "center_lon": -149.99790789577401, "avg_edge_len": 1378518.5249773364, "cell_area": 802090550839.84656, "cell_perimeter": 4135555.574932009 }, "geometry": { "type": "Polygon", "coordinates": [ [ [ -154.876882380234747, 11.25 ], [ -143.085592848863826, 11.25 ], [ -152.031248458223445, 22.5 ], [ -154.876882380234747, 11.25 ] ] ] } },
{ "type": "Feature", "properties": { "qtm": "1232", "resolution": 4, "center_lat": 3.75, "center_lon": -152.87562746007825, "avg_edge_len": 1365910.2750306986, "cell_area": 782692329385.27393, "cell_perimeter": 4097730.8250920959 }, "geometry": { "type": "Polygon", "coordinates": [ [ [ -157.5, 0.0 ], [ -146.25, 0.0 ], [ -154.876882380234747, 11.25 ], [ -157.5, 0.0 ] ] ] } },
{ "type": "Feature", "properties": { "qtm": "1233", "resolution": 4, "center_lat": 3.75, "center_lon": -141.44519761628794, "avg_edge_len": 1358982.1477137401, "cell_area": 782516190194.87781, "cell_perimeter": 4076946.4431412201 }, "geometry": { "type": "Polygon", "coordinates": [ [ [ -146.25, 0.0 ], [ -135.0, 0.0 ], [ -143.085592848863826, 11.25 ], [ -146.25, 0.0 ] ] ] } },
{ "type": "Feature", "properties": { "qtm": "1300", "resolution": 4, "center_lat": 15.0, "center_lon": -107.0060007157489, "avg_edge_len": 1475133.7074307359, "cell_area": 899894376219.88062, "cell_perimeter": 4425401.1222922076 }, "geometry": { "type": "Polygon", "coordinates": [ [ [ -115.123117619765139, 11.25 ], [ -101.910508756593288, 11.25 ], [ -103.984375770888278, 22.5 ], [ -115.123117619765139, 11.25 ] ] ] } },
{ "type": "Feature", "properties": { "qtm": "1301", "resolution": 4, "center_lat": 7.5, "center_lon": -109.8445421254528, "avg_edge_len": 1476270.1194005155, "cell_area": 906064749114.59082, "cell_perimeter": 4428810.3582015466 }, "geometry": { "type": "Polygon", "coordinates": [ [ [ -112.5, 0.0 ], [ -101.910508756593288, 11.25 ], [ -115.123117619765139, 11.25 ], [ -112.5, 0.0 ] ] ] } },
{ "type": "Feature", "properties": { "qtm": "1302", "resolution": 4, "center_lat": 18.75, "center_lon": -112.35874831081, "avg_edge_len": 1479352.7737143897, "cell_area": 908052646344.82068, "cell_perimeter": 4438058.321143169 }, "geometry": { "type": "Polygon", "coordinates": [ [ [ -115.123117619765139, 11.25 ], [ -103.984375770888278, 22.5 ], [ -117.968751541776555, 22.5 ], [ -115.123117619765139, 11.25 ] ] ] } },
{ "type": "Feature", "properties": { "qtm": "1303", "resolution": 4, "center_lat": 18.75, "center_lon": -98.631628175827188, "avg_edge_len": 1492908.9942980036, "cell_area": 906631268008.5083, "cell_perimeter": 4478726.9828940108 }, "geometry": { "type": "Polygon", "coordinates": [ [ [ -101.910508756593288, 11.25 ], [ -90.0, 22.5 ], [ -103.984375770888278, 22.5 ], [ -101.910508756593288, 11.25 ] ] ] } },
{ "type": "Feature", "properties": { "qtm": "1310", "resolution": 4, "center_lat": 29.999999999999996, "center_lon": -100.26312978418838, "avg_edge_len": 1561342.024283434, "cell_area": 988474797110.86804, "cell_perimeter": 4684026.0728503019 }, "geometry": { "type": "Polygon", "coordinates": [ [ [ -103.984375770888278, 22.5 ], [ -90.0, 33.75 ], [ -106.80501358167686, 33.75 ], [ -103.984375770888278, 22.5 ] ] ] } },
{ "type": "Feature", "properties": { "qtm": "1311", "resolution": 4, "center_lat": 37.5, "center_lon": -95.601671193892273, "avg_edge_len": 1569897.0904327633, "cell_area": 975010066151.91602, "cell_perimeter": 4709691.2712982902 }, "geometry": { "type": "Polygon", "coordinates": [ [ [ -106.80501358167686, 33.75 ], [ -90.0, 33.75 ], [ -90.0, 45.0 ], [ -106.80501358167686, 33.75 ] ] ] } },
{ "type": "Feature", "properties": { "qtm": "1312", "resolution": 4, "center_lat": 26.25, "center_lon": -109.58604696478055, "avg_edge_len": 1457850.5459732118, "cell_area": 893095090943.69934, "cell_perimeter": 4373551.6379196355 }, "geometry": { "type": "Polygon", "coordinates": [ [ [ -117.968751541776555, 22.5 ], [ -103.984375770888278, 22.5 ], [ -106.80501358167686, 33.75 ], [ -117.968751541776555, 22.5 ] ] ] } },
{ "type": "Feature", "properties": { "qtm": "1313", "resolution": 4, "center_lat": 26.25, "center_lon": -94.661458590296107, "avg_edge_len": 1512288.5139828196, "cell_area": 901904911482.67578, "cell_perimeter": 4536865.5419484591 }, "geometry": { "type": "Polygon", "coordinates": [ [ [ -103.984375770888278, 22.5 ], [ -90.0, 22.5 ], [ -90.0, 33.75 ], [ -103.984375770888278, 22.5 ] ] ] } },
{ "type": "Feature", "properties": { "qtm": "1320", "resolution": 4, "center_lat": 7.5, "center_lon": -121.92917492363377, "avg_edge_len": 1382585.1057036801, "cell_area": 807876768060.61841, "cell_perimeter": 4147755.3171110405 }, "geometry": { "type": "Polygon", "coordinates": [ [ [ -123.75, 0.0 ], [ -115.123117619765139, 11.25 ], [ -126.914407151136174, 11.25 ], [ -123.75, 0.0 ] ] ] } },
{ "type": "Feature", "properties": { "qtm": "1321", "resolution": 4, "center_lat": 15.0, "center_lon": -120.00209210422595, "avg_edge_len": 1378518.5249773415, "cell_area": 802090550839.85413, "cell_perimeter": 4135555.5749320243 }, "geometry": { "type": "Polygon", "coordinates": [ [ [ -126.914407151136174, 11.25 ], [ -115.123117619765139, 11.25 ], [ -117.968751541776555, 22.5 ], [ -126.914407151136174, 11.25 ] ] ] } },
{ "type": "Feature", "properties": { "qtm": "1322", "resolution": 4, "center_lat": 3.75, "center_lon": -128.55480238371206, "avg_edge_len": 1358982.1477137401, "cell_area": 782516190194.87781, "cell_perimeter": 4076946.4431412201 }, "geometry": { "type": "Polygon", "coordinates": [ [ [ -135.0, 0.0 ], [ -123.75, 0.0 ], [ -126.914407151136174, 11.25 ], [ -135.0, 0.0 ] ] ] } },
{ "type": "Feature", "properties": { "qtm": "1323", "resolution": 4, "center_lat": 3.75, "center_lon": -117.12437253992171, "avg_edge_len": 1365910.2750307, "cell_area": 782692329385.27393, "cell_perimeter": 4097730.8250921001 }, "geometry": { "type": "Polygon", "coordinates": [ [ [ -123.75, 0.0 ], [ -112.5, 0.0 ], [ -115.123117619765139, 11.25 ], [ -123.75, 0.0 ] ] ] } },
{ "type": "Feature", "properties": { "qtm": "1330", "resolution": 4, "center_lat": 7.5, "center_lon": -97.720169585531082, "avg_edge_len": 1435433.6493587096, "cell_area": 814845512987.02417, "cell_perimeter": 4306300.948076129 }, "geometry": { "type": "Polygon", "coordinates": [ [ [ -101.25, 0.0 ], [ -90.0, 11.25 ], [ -101.910508756593288, 11.25 ], [ -101.25, 0.0 ] ] ] } },
{ "type": "Feature", "properties": { "qtm": "1331", "resolution": 4, "center_lat": 15.0, "center_lon": -93.970169585531096, "avg_edge_len": 1440468.2139155443, "cell_area": 814648633311.35889, "cell_perimeter": 4321404.6417466328 }, "geometry": { "type": "Polygon", "coordinates": [ [ [ -101.910508756593288, 11.25 ], [ -90.0, 11.25 ], [ -90.0, 22.5 ], [ -101.910508756593288, 11.25 ] ] ] } },
{ "type": "Feature", "properties": { "qtm": "1332", "resolution": 4, "center_lat": 3.75, "center_lon": -105.2201695855311, "avg_edge_len": 1402431.8287598237, "cell_area": 783624594877.729, "cell_perimeter": 4207295.4862794708 }, "geometry": { "type": "Polygon", "coordinates": [ [ [ -112.5, 0.0 ], [ -101.25, 0.0 ], [ -101.910508756593288, 11.25 ], [ -112.5, 0.0 ] ] ] } },
{ "type": "Feature", "properties": { "qtm": "1333", "resolution": 4, "center_lat": 3.75, "center_lon": -93.75, "avg_edge_len": 1418676.8091749076, "cell_area": 784042132728.14978, "cell_perimeter": 4256030.4275247231 }, "geometry": { "type": "Polygon", "coordinates": [ [ [ -101.25, 0.0 ], [ -90.0, 0.0 ], [ -90.0, 11.25 ], [ -101.25, 0.0 ] ] ] } },
{ "type": "Feature", "properties": { "qtm": "2000", "resolution": 4, "center_lat": 30.0, "center_lon": -44.999999999999993, "avg_edge_len": 1660010.0621249313, "cell_area": 1184230491773.6084, "cell_perimeter": 4980030.1863747938 }, "geometry": { "type": "Polygon", "coordinates": [ [ [ -45.0, 22.5 ], [ -35.134030820456019, 33.75 ], [ -54.865969179543981, 33.75 ], [ -45.0, 22.5 ] ] ] } },
{ "type": "Feature", "properties": { "qtm": "2001", "resolution": 4, "center_lat": 37.5, "center_lon": -44.999999999999993, "avg_edge_len": 1614017.8329435401, "cell_area": 1104938772194.2256, "cell_perimeter": 4842053.4988306202 }, "geometry": { "type": "Polygon", "coordinates": [ [ [ -54.865969179543981, 33.75 ], [ -35.134030820456019, 33.75 ], [ -45.0, 45.0 ], [ -54.865969179543981, 33.75 ] ] ] } },
{ "type": "Feature", "properties": { "qtm": "2002", "resolution": 4, "center_lat": 26.25, "center_lon": -53.965739212589142, "avg_edge_len": 1586496.9850615237, "cell_area": 1075460707728.106, "cell_perimeter": 4759490.9551845714 }, "geometry": { "type": "Polygon", "coordinates": [ [ [ -62.031248458223445, 22.5 ], [ -45.0, 22.5 ], [ -54.865969179543981, 33.75 ], [ -62.031248458223445, 22.5 ] ] ] } },
{ "type": "Feature", "properties": { "qtm": "2003", "resolution": 4, "center_lat": 26.25, "center_lon": -36.034260787410858, "avg_edge_len": 1586496.9850615237, "cell_area": 1075460707728.106, "cell_perimeter": 4759490.9551845714 }, "geometry": { "type": "Polygon", "coordinates": [ [ [ -45.0, 22.5 ], [ -27.968751541776555, 22.5 ], [ -35.134030820456019, 33.75 ], [ -45.0, 22.5 ] ] ] } },
{ "type": "Feature", "properties": { "qtm": "2010", "resolution": 4, "center_lat": 15.0, "center_lon": -45.0, "avg_edge_len": 1597222.5893550534, "cell_area": 1093459361793.4771, "cell_perimeter": 4791667.7680651601 }, "geometry": { "type": "Polygon", "coordinates": [ [ [ -53.085592848863826, 11.25 ], [ -36.914407151136174, 11.25 ], [ -45.0, 22.5 ], [ -53.085592848863826, 11.25 ] ] ] } },
{ "type": "Feature", "properties": { "qtm": "2011", "resolution": 4, "center_lat": 7.5, "center_lon": -45.0, "avg_edge_len": 1609985.2390028238, "cell_area": 1114508561148.9067, "cell_perimeter": 4829955.7170084715 }, "geometry": { "type": "Polygon", "coordinates": [ [ [ -45.0, 0.0 ], [ -36.914407151136174, 11.25 ], [ -53.085592848863826, 11.25 ], [ -45.0, 0.0 ] ] ] } },
{ "type": "Feature", "properties": { "qtm": "2012", "resolution": 4, "center_lat": 18.75, "center_lon": -53.372280435695757, "avg_edge_len": 1610450.7214585755, "cell_area": 1117753168745.5396, "cell_perimeter": 4831352.1643757261 }, "geometry": { "type": "Polygon", "coordinates": [ [ [ -53.085592848863826, 11.25 ], [ -45.0, 22.5 ], [ -62.031248458223445, 22.5 ], [ -53.085592848863826, 11.25 ] ] ] } },
{ "type": "Feature", "properties": { "qtm": "2013", "resolution": 4, "center_lat": 18.75, "center_lon": -36.627719564304243, "avg_edge_len": 1610450.7214585755, "cell_area": 1117753168745.5396, "cell_perimeter": 4831352.1643757261 }, "geometry": { "type": "Polygon", "coordinates": [ [ [ -36.914407151136174, 11.25 ], [ -27.968751541776555, 22.5 ], [ -45.0, 22.5 ], [ -36.914407151136174, 11.25 ] ] ] } },
{ "type": "Feature", "properties": { "qtm": "2020", "resolution": 4, "center_lat": 37.5, "center_lon": -65.186985199289055, "avg_edge_len": 1563282.9582533001, "cell_area": 1036115463699.2842, "cell_perimeter": 4689848.8747599004 }, "geometry": { "type": "Polygon", "coordinates": [ [ [ -73.19498641832314, 33.75 ], [ -54.865969179544038, 33.75 ], [ -67.5, 45.0 ], [ -73.19498641832314, 33.75 ] ] ] } },
{ "type": "Feature", "properties": { "qtm": "2021", "resolution": 4, "center_lat": 30.000000000000004, "center_lon": -63.364068018696877, "avg_edge_len": 1594947.2236645345, "cell_area": 1093324799582.7617, "cell_perimeter": 4784841.6709936038 }, "geometry": { "type": "Polygon", "coordinates": [ [ [ -62.031248458223445, 22.5 ], [ -54.865969179544038, 33.75 ], [ -73.19498641832314, 33.75 ], [ -62.031248458223445, 22.5 ] ] ] } },
{ "type": "Feature", "properties": { "qtm": "2022", "resolution": 4, "center_lat": 41.25, "center_lon": -76.898328806107713, "avg_edge_len": 1671571.8148050148, "cell_area": 1150744595494.8438, "cell_perimeter": 5014715.444415044 }, "geometry": { "type": "Polygon", "coordinates": [ [ [ -73.19498641832314, 33.75 ], [ -67.5, 45.0 ], [ -90.0, 45.0 ], [ -73.19498641832314, 33.75 ] ] ] } },
{ "type": "Feature", "properties": { "qtm": "2023", "resolution": 4, "center_lat": 41.25, "center_lon": -55.788656393181341, "avg_edge_len": 1643134.2151114505, "cell_area": 1164181481592.3945, "cell_perimeter": 4929402.6453343518 }, "geometry": { "type": "Polygon", "coordinates": [ [ [ -54.865969179544038, 33.75 ], [ -45.0, 45.0 ], [ -67.5, 45.0 ], [ -54.865969179544038, 33.75 ] ] ] } },
{ "type": "Feature", "properties": { "qtm": "2030", "resolution": 4, "center_lat": 37.5, "center_lon": -24.813014800710938, "avg_edge_len": 1563282.9582533054, "cell_area": 1036115463699.29, "cell_perimeter": 4689848.8747599162 }, "geometry": { "type": "Polygon", "coordinates": [ [ [ -35.134030820456019, 33.75 ], [ -16.805013581676803, 33.75 ], [ -22.5, 45.0 ], [ -35.134030820456019, 33.75 ] ] ] } },
{ "type": "Feature", "properties": { "qtm": "2031", "resolution": 4, "center_lat": 30.0, "center_lon": -26.635931981303127, "avg_edge_len": 1594947.2236645401, "cell_area": 1093324799582.7686, "cell_perimeter": 4784841.6709936205 }, "geometry": { "type": "Polygon", "coordinates": [ [ [ -27.968751541776555, 22.5 ], [ -16.805013581676803, 33.75 ], [ -35.134030820456019, 33.75 ], [ -27.968751541776555, 22.5 ] ] ] } },
{ "type": "Feature", "properties": { "qtm": "2032", "resolution": 4, "center_lat": 41.25, "center_lon": -34.211343606818673, "avg_edge_len": 1643134.215111451, "cell_area": 1164181481592.3945, "cell_perimeter": 4929402.6453343527 }, "geometry": { "type": "Polygon", "coordinates": [ [ [ -35.134030820456019, 33.75 ], [ -22.5, 45.0 ], [ -45.0, 45.0 ], [ -35.134030820456019, 33.75 ] ] ] } },
{ "type": "Feature", "properties": { "qtm": "2033", "resolution": 4, "center_lat": 41.25, "center_lon": -13.101671193892267, "avg_edge_len": 1671571.8148050141, "cell_area": 1150744595494.8438, "cell_perimeter": 5014715.4444150422 }, "geometry": { "type": "Polygon", "coordinates": [ [ [ -16.805013581676803, 33.75 ], [ 0.0, 45.0 ], [ -22.5, 45.0 ], [ -16.805013581676803, 33.75 ] ] ] } },
{ "type": "Feature", "properties": { "qtm": "2100", "resolution": 4, "center_lat": 60.000000000000007, "center_lon": -45.0, "avg_edge_len": 1450123.0550512585, "cell_area": 911694506265.94531, "cell_perimeter": 4350369.1651537754 }, "geometry": { "type": "Polygon", "coordinates": [ [ [ -57.440553713453255, 56.25 ], [ -32.559446286546745, 56.25 ], [ -45.0, 67.5 ], [ -57.440553713453255, 56.25 ] ] ] } },
{ "type": "Feature", "properties": { "qtm": "2101", "resolution": 4, "center_lat": 52.5, "center_lon": -45.0, "avg_edge_len": 1527989.8948321689, "cell_area": 1018250021396.9707, "cell_perimeter": 4583969.684496507 }, "geometry": { "type": "Polygon", "coordinates": [ [ [ -45.0, 45.0 ], [ -32.559446286546745, 56.25 ], [ -57.440553713453255, 56.25 ], [ -45.0, 45.0 ] ] ] } },
{ "type": "Feature", "properties": { "qtm": "2102", "resolution": 4, "center_lat": 63.75, "center_lon": -64.146851237817756, "avg_edge_len": 1790395.3071037345, "cell_area": 1303683133187.7139, "cell_perimeter": 5371185.9213112034 }, "geometry": { "type": "Polygon", "coordinates": [ [ [ -57.440553713453255, 56.25 ], [ -45.0, 67.5 ], [ -90.0, 67.5 ], [ -57.440553713453255, 56.25 ] ] ] } },
{ "type": "Feature", "properties": { "qtm": "2103", "resolution": 4, "center_lat": 63.75, "center_lon": -25.853148762182247, "avg_edge_len": 1790395.3071037345, "cell_area": 1303683133187.7139, "cell_perimeter": 5371185.9213112034 }, "geometry": { "type": "Polygon", "coordinates": [ [ [ -32.559446286546745, 56.25 ], [ 0.0, 67.5 ], [ -45.0, 67.5 ], [ -32.559446286546745, 56.25 ] ] ] } },
{ "type": "Feature", "properties": { "qtm": "2110", "resolution": 4, "center_lat": 75.0, "center_lon": -45.0, "avg_edge_len": 1816797.130761276, "cell_area": 1442488724966.4297, "cell_perimeter": 5450391.392283828 }, "geometry": { "type": "Polygon", "coordinates": [ [ [ -45.0, 67.5 ], [ 0.0, 78.75 ], [ -90.0, 78.75 ], [ -45.0, 67.5 ] ] ] } },
{ "type": "Feature", "properties": { "qtm": "2111", "resolution": 4, "center_lat": 84.375, "center_lon": -45.0, "avg_edge_len": 1427951.8964748245, "cell_area": 794338524198.33594, "cell_perimeter": 4283855.6894244738 }, "geometry": { "type": "Polygon", "coordinates": [ [ [ -90.0, 78.75 ], [ 0.0, 78.75 ], [ 0.0, 90.0 ], [ -90.0, 90.0 ], [ -90.0, 78.75 ] ] ] } },
{ "type": "Feature", "properties": { "qtm": "2112", "resolution": 4, "center_lat": 71.25, "center_lon": -75.0, "avg_edge_len": 1658450.68973363, "cell_area": 1108060290312.9102, "cell_perimeter": 4975352.0692008901 }, "geometry": { "type": "Polygon", "coordinates": [ [ [ -90.0, 67.5 ], [ -45.0, 67.5 ], [ -90.0, 78.75 ], [ -90.0, 67.5 ] ] ] } },
{ "type": "Feature", "properties": { "qtm": "2113", "resolution": 4, "center_lat": 71.25, "center_lon": -15.0, "avg_edge_len": 1658450.68973363, "cell_area": 1108060290312.9102, "cell_perimeter": 4975352.0692008901 }, "geometry": { "type": "Polygon", "coordinates": [ [ [ -45.0, 67.5 ], [ 0.0, 67.5 ], [ 0.0, 78.75 ], [ -45.0, 67.5 ] ] ] } },
{ "type": "Feature", "properties": { "qtm": "2120", "resolution": 4, "center_lat": 52.5, "center_lon": -71.646851237817742, "avg_edge_len": 1815014.4910035853, "cell_area": 1357900757890.4336, "cell_perimeter": 5445043.4730107561 }, "geometry": { "type": "Polygon", "coordinates": [ [ [ -67.5, 45.0 ], [ -57.440553713453255, 56.25 ], [ -90.0, 56.25 ], [ -67.5, 45.0 ] ] ] } },
{ "type": "Feature", "properties": { "qtm": "2121", "resolution": 4, "center_lat": 60.0, "center_lon": -79.146851237817756, "avg_edge_len": 1778630.3019265335, "cell_area": 1227370537273.5781, "cell_perimeter": 5335890.9057796001 }, "geometry": { "type": "Polygon", "coordinates": [ [ [ -90.0, 56.25 ], [ -57.440553713453255, 56.25 ], [ -90.0, 67.5 ], [ -90.0, 56.25 ] ] ] } },
{ "type": "Feature", "properties": { "qtm": "2122", "resolution": 4, "center_lat": 48.75, "center_lon": -82.5, "avg_edge_len": 1676338.9866363604, "cell_area": 1104134188512.3301, "cell_perimeter": 5029016.9599090815 }, "geometry": { "type": "Polygon", "coordinates": [ [ [ -90.0, 45.0 ], [ -67.5, 45.0 ], [ -90.0, 56.25 ], [ -90.0, 45.0 ] ] ] } },
{ "type": "Feature", "properties": { "qtm": "2123", "resolution": 4, "center_lat": 48.75, "center_lon": -56.646851237817749, "avg_edge_len": 1576563.2756876319, "cell_area": 1056953134104.8301, "cell_perimeter": 4729689.8270628955 }, "geometry": { "type": "Polygon", "coordinates": [ [ [ -67.5, 45.0 ], [ -45.0, 45.0 ], [ -57.440553713453255, 56.25 ], [ -67.5, 45.0 ] ] ] } },
{ "type": "Feature", "properties": { "qtm": "2130", "resolution": 4, "center_lat": 52.5, "center_lon": -18.353148762182251, "avg_edge_len": 1815014.4910035853, "cell_area": 1357900757890.4336, "cell_perimeter": 5445043.4730107561 }, "geometry": { "type": "Polygon", "coordinates": [ [ [ -22.5, 45.0 ], [ 0.0, 56.25 ], [ -32.559446286546745, 56.25 ], [ -22.5, 45.0 ] ] ] } },
{ "type": "Feature", "properties": { "qtm": "2131", "resolution": 4, "center_lat": 60.0, "center_lon": -10.853148762182247, "avg_edge_len": 1778630.3019265335, "cell_area": 1227370537273.5781, "cell_perimeter": 5335890.9057796001 }, "geometry": { "type": "Polygon", "coordinates": [ [ [ -32.559446286546745, 56.25 ], [ 0.0, 56.25 ], [ 0.0, 67.5 ], [ -32.559446286546745, 56.25 ] ] ] } },
{ "type": "Feature", "properties": { "qtm": "2132", "resolution": 4, "center_lat": 48.75, "center_lon": -33.353148762182251, "avg_edge_len": 1576563.2756876319, "cell_area": 1056953134104.8301, "cell_perimeter": 4729689.8270628955 }, "geometry": { "type": "Polygon", "coordinates": [ [ [ -45.0, 45.0 ], [ -22.5, 45.0 ], [ -32.559446286546745, 56.25 ], [ -45.0, 45.0 ] ] ] } },
{ "type": "Feature", "properties": { "qtm": "2133", "resolution": 4, "center_lat": 48.75, "center_lon": -7.5, "avg_edge_len": 1676338.9866363604, "cell_area": 1104134188512.3301, "cell_perimeter": 5029016.9599090815 }, "geometry": { "type": "Polygon", "coordinates": [ [ [ -22.5, 45.0 ], [ 0.0, 45.0 ], [ 0.0, 56.25 ], [ -22.5, 45.0 ] ] ] } },
{ "type": "Feature", "properties": { "qtm": "2200", "resolution": 4, "center_lat": 15.0, "center_lon": -72.993999284251103, "avg_edge_len": 1475133.7074307359, "cell_area": 899894376219.88062, "cell_perimeter": 4425401.1222922076 }, "geometry": { "type": "Polygon", "coordinates": [ [ [ -78.089491243406712, 11.25 ], [ -64.876882380234861, 11.25 ], [ -76.015624229111722, 22.5 ], [ -78.089491243406712, 11.25 ] ] ] } },
{ "type": "Feature", "properties": { "qtm": "2201", "resolution": 4, "center_lat": 7.5, "center_lon": -70.155457874547182, "avg_edge_len": 1476270.1194005155, "cell_area": 906064749114.59082, "cell_perimeter": 4428810.3582015466 }, "geometry": { "type": "Polygon", "coordinates": [ [ [ -67.5, 0.0 ], [ -64.876882380234861, 11.25 ], [ -78.089491243406712, 11.25 ], [ -67.5, 0.0 ] ] ] } },
{ "type": "Feature", "properties": { "qtm": "2202", "resolution": 4, "center_lat": 18.75, "center_lon": -81.368371824172812, "avg_edge_len": 1492908.9942980036, "cell_area": 906631268008.5083, "cell_perimeter": 4478726.9828940108 }, "geometry": { "type": "Polygon", "coordinates": [ [ [ -78.089491243406712, 11.25 ], [ -76.015624229111722, 22.5 ], [ -90.0, 22.5 ], [ -78.089491243406712, 11.25 ] ] ] } },
{ "type": "Feature", "properties": { "qtm": "2203", "resolution": 4, "center_lat": 18.75, "center_lon": -67.641251689190014, "avg_edge_len": 1479352.7737143897, "cell_area": 908052646344.82068, "cell_perimeter": 4438058.321143169 }, "geometry": { "type": "Polygon", "coordinates": [ [ [ -64.876882380234861, 11.25 ], [ -62.031248458223445, 22.5 ], [ -76.015624229111722, 22.5 ], [ -64.876882380234861, 11.25 ] ] ] } },
{ "type": "Feature", "properties": { "qtm": "2210", "resolution": 4, "center_lat": 30.0, "center_lon": -79.736870215811649, "avg_edge_len": 1561342.0242834312, "cell_area": 988474797110.8634, "cell_perimeter": 4684026.0728502935 }, "geometry": { "type": "Polygon", "coordinates": [ [ [ -76.015624229111722, 22.5 ], [ -73.194986418323197, 33.75 ], [ -90.0, 33.75 ], [ -76.015624229111722, 22.5 ] ] ] } },
{ "type": "Feature", "properties": { "qtm": "2211", "resolution": 4, "center_lat": 37.5, "center_lon": -84.398328806107742, "avg_edge_len": 1569897.0904327603, "cell_area": 975010066151.91406, "cell_perimeter": 4709691.2712982809 }, "geometry": { "type": "Polygon", "coordinates": [ [ [ -90.0, 33.75 ], [ -73.194986418323197, 33.75 ], [ -90.0, 45.0 ], [ -90.0, 33.75 ] ] ] } },
{ "type": "Feature", "properties": { "qtm": "2212", "resolution": 4, "center_lat": 26.25, "center_lon": -85.338541409703907, "avg_edge_len": 1512288.5139828196, "cell_area": 901904911482.67578, "cell_perimeter": 4536865.5419484591 }, "geometry": { "type": "Polygon", "coordinates": [ [ [ -90.0, 22.5 ], [ -76.015624229111722, 22.5 ], [ -90.0, 33.75 ], [ -90.0, 22.5 ] ] ] } },
{ "type": "Feature", "properties": { "qtm": "2213", "resolution": 4, "center_lat": 26.25, "center_lon": -70.413953035219464, "avg_edge_len": 1457850.5459732122, "cell_area": 893095090943.69958, "cell_perimeter": 4373551.6379196364 }, "geometry": { "type": "Polygon", "coordinates": [ [ [ -76.015624229111722, 22.5 ], [ -62.031248458223445, 22.5 ], [ -73.194986418323197, 33.75 ], [ -76.015624229111722, 22.5 ] ] ] } },
{ "type": "Feature", "properties": { "qtm": "2220", "resolution": 4, "center_lat": 7.5, "center_lon": -82.279830414468918, "avg_edge_len": 1435433.6493587096, "cell_area": 814845512987.02417, "cell_perimeter": 4306300.948076129 }, "geometry": { "type": "Polygon", "coordinates": [ [ [ -78.75, 0.0 ], [ -78.089491243406712, 11.25 ], [ -90.0, 11.25 ], [ -78.75, 0.0 ] ] ] } },
{ "type": "Feature", "properties": { "qtm": "2221", "resolution": 4, "center_lat": 15.0, "center_lon": -86.029830414468918, "avg_edge_len": 1440468.2139155443, "cell_area": 814648633311.35889, "cell_perimeter": 4321404.6417466328 }, "geometry": { "type": "Polygon", "coordinates": [ [ [ -90.0, 11.25 ], [ -78.089491243406712, 11.25 ], [ -90.0, 22.5 ], [ -90.0, 11.25 ] ] ] } },
{ "type": "Feature", "properties": { "qtm": "2222", "resolution": 4, "center_lat": 3.75, "center_lon": -86.25, "avg_edge_len": 1418676.8091749076, "cell_area": 784042132728.14978, "cell_perimeter": 4256030.4275247231 }, "geometry": { "type": "Polygon", "coordinates": [ [ [ -90.0, 0.0 ], [ -78.75, 0.0 ], [ -90.0, 11.25 ], [ -90.0, 0.0 ] ] ] } },
{ "type": "Feature", "properties": { "qtm": "2223", "resolution": 4, "center_lat": 3.75, "center_lon": -74.779830414468904, "avg_edge_len": 1402431.8287598237, "cell_area": 783624594877.729, "cell_perimeter": 4207295.4862794708 }, "geometry": { "type": "Polygon", "coordinates": [ [ [ -78.75, 0.0 ], [ -67.5, 0.0 ], [ -78.089491243406712, 11.25 ], [ -78.75, 0.0 ] ] ] } },
{ "type": "Feature", "properties": { "qtm": "2230", "resolution": 4, "center_lat": 7.5, "center_lon": -58.070825076366226, "avg_edge_len": 1382585.1057036801, "cell_area": 807876768060.61841, "cell_perimeter": 4147755.3171110405 }, "geometry": { "type": "Polygon", "coordinates": [ [ [ -56.25, 0.0 ], [ -53.085592848863826, 11.25 ], [ -64.876882380234861, 11.25 ], [ -56.25, 0.0 ] ] ] } },
{ "type": "Feature", "properties": { "qtm": "2231", "resolution": 4, "center_lat": 15.0, "center_lon": -59.997907895774041, "avg_edge_len": 1378518.5249773415, "cell_area": 802090550839.85413, "cell_perimeter": 4135555.5749320243 }, "geometry": { "type": "Polygon", "coordinates": [ [ [ -64.876882380234861, 11.25 ], [ -53.085592848863826, 11.25 ], [ -62.031248458223445, 22.5 ], [ -64.876882380234861, 11.25 ] ] ] } },
{ "type": "Feature", "properties": { "qtm": "2232", "resolution": 4, "center_lat": 3.75, "center_lon": -62.875627460078292, "avg_edge_len": 1365910.2750307, "cell_area": 782692329385.27393, "cell_perimeter": 4097730.8250921001 }, "geometry": { "type": "Polygon", "coordinates": [ [ [ -67.5, 0.0 ], [ -56.25, 0.0 ], [ -64.876882380234861, 11.25 ], [ -67.5, 0.0 ] ] ] } },
{ "type": "Feature", "properties": { "qtm": "2233", "resolution": 4, "center_lat": 3.75, "center_lon": -51.445197616287942, "avg_edge_len": 1358982.1477137401, "cell_area": 782516190194.87781, "cell_perimeter": 4076946.4431412201 }, "geometry": { "type": "Polygon", "coordinates": [ [ [ -56.25, 0.0 ], [ -45.0, 0.0 ], [ -53.085592848863826, 11.25 ], [ -56.25, 0.0 ] ] ] } },
{ "type": "Feature", "properties": { "qtm": "2300", "resolution": 4, "center_lat": 15.000000000000002, "center_lon": -17.006000715748918, "avg_edge_len": 1475133.7074307334, "cell_area": 899894376219.8772, "cell_perimeter": 4425401.1222922001 }, "geometry": { "type": "Polygon", "coordinates": [ [ [ -25.123117619765139, 11.25 ], [ -11.910508756593345, 11.25 ], [ -13.984375770888278, 22.5 ], [ -25.123117619765139, 11.25 ] ] ] } },
{ "type": "Feature", "properties": { "qtm": "2301", "resolution": 4, "center_lat": 7.5, "center_lon": -19.844542125452829, "avg_edge_len": 1476270.1194005117, "cell_area": 906064749114.58643, "cell_perimeter": 4428810.3582015354 }, "geometry": { "type": "Polygon", "coordinates": [ [ [ -22.5, 0.0 ], [ -11.910508756593345, 11.25 ], [ -25.123117619765139, 11.25 ], [ -22.5, 0.0 ] ] ] } },
{ "type": "Feature", "properties": { "qtm": "2302", "resolution": 4, "center_lat": 18.75, "center_lon": -22.35874831080999, "avg_edge_len": 1479352.7737143897, "cell_area": 908052646344.82068, "cell_perimeter": 4438058.321143169 }, "geometry": { "type": "Polygon", "coordinates": [ [ [ -25.123117619765139, 11.25 ], [ -13.984375770888278, 22.5 ], [ -27.968751541776555, 22.5 ], [ -25.123117619765139, 11.25 ] ] ] } },
{ "type": "Feature", "properties": { "qtm": "2303", "resolution": 4, "center_lat": 18.75, "center_lon": -8.631628175827208, "avg_edge_len": 1492908.9942980045, "cell_area": 906631268008.5083, "cell_perimeter": 4478726.9828940136 }, "geometry": { "type": "Polygon", "coordinates": [ [ [ -11.910508756593345, 11.25 ], [ 0.0, 22.5 ], [ -13.984375770888278, 22.5 ], [ -11.910508756593345, 11.25 ] ] ] } },
{ "type": "Feature", "properties": { "qtm": "2310", "resolution": 4, "center_lat": 30.0, "center_lon": -10.26312978418836, "avg_edge_len": 1561342.0242834312, "cell_area": 988474797110.8634, "cell_perimeter": 4684026.0728502935 }, "geometry": { "type": "Polygon", "coordinates": [ [ [ -13.984375770888278, 22.5 ], [ 0.0, 33.75 ], [ -16.805013581676803, 33.75 ], [ -13.984375770888278, 22.5 ] ] ] } },
{ "type": "Feature", "properties": { "qtm": "2311", "resolution": 4, "center_lat": 37.5, "center_lon": -5.6016711938922681, "avg_edge_len": 1569897.0904327603, "cell_area": 975010066151.91406, "cell_perimeter": 4709691.2712982809 }, "geometry": { "type": "Polygon", "coordinates": [ [ [ -16.805013581676803, 33.75 ], [ 0.0, 33.75 ], [ 0.0, 45.0 ], [ -16.805013581676803, 33.75 ] ] ] } },
{ "type": "Feature", "properties": { "qtm": "2312", "resolution": 4, "center_lat": 26.25, "center_lon": -19.586046964780547, "avg_edge_len": 1457850.5459732122, "cell_area": 893095090943.69958, "cell_perimeter": 4373551.6379196364 }, "geometry": { "type": "Polygon", "coordinates": [ [ [ -27.968751541776555, 22.5 ], [ -13.984375770888278, 22.5 ], [ -16.805013581676803, 33.75 ], [ -27.968751541776555, 22.5 ] ] ] } },
{ "type": "Feature", "properties": { "qtm": "2313", "resolution": 4, "center_lat": 26.25, "center_lon": -4.6614585902960926, "avg_edge_len": 1512288.5139828196, "cell_area": 901904911482.67578, "cell_perimeter": 4536865.5419484591 }, "geometry": { "type": "Polygon", "coordinates": [ [ [ -13.984375770888278, 22.5 ], [ 0.0, 22.5 ], [ 0.0, 33.75 ], [ -13.984375770888278, 22.5 ] ] ] } },
{ "type": "Feature", "properties": { "qtm": "2320", "resolution": 4, "center_lat": 7.5, "center_lon": -31.929174923633774, "avg_edge_len": 1382585.1057036801, "cell_area": 807876768060.61841, "cell_perimeter": 4147755.3171110405 }, "geometry": { "type": "Polygon", "coordinates": [ [ [ -33.75, 0.0 ], [ -25.123117619765139, 11.25 ], [ -36.914407151136174, 11.25 ], [ -33.75, 0.0 ] ] ] } },
{ "type": "Feature", "properties": { "qtm": "2321", "resolution": 4, "center_lat": 15.0, "center_lon": -30.002092104225955, "avg_edge_len": 1378518.5249773415, "cell_area": 802090550839.85413, "cell_perimeter": 4135555.5749320243 }, "geometry": { "type": "Polygon", "coordinates": [ [ [ -36.914407151136174, 11.25 ], [ -25.123117619765139, 11.25 ], [ -27.968751541776555, 22.5 ], [ -36.914407151136174, 11.25 ] ] ] } },
{ "type": "Feature", "properties": { "qtm": "2322", "resolution": 4, "center_lat": 3.75, "center_lon": -38.554802383712058, "avg_edge_len": 1358982.1477137401, "cell_area": 782516190194.87781, "cell_perimeter": 4076946.4431412201 }, "geometry": { "type": "Polygon", "coordinates": [ [ [ -45.0, 0.0 ], [ -33.75, 0.0 ], [ -36.914407151136174, 11.25 ], [ -45.0, 0.0 ] ] ] } },
{ "type": "Feature", "properties": { "qtm": "2323", "resolution": 4, "center_lat": 3.75, "center_lon": -27.124372539921712, "avg_edge_len": 1365910.2750307, "cell_area": 782692329385.27393, "cell_perimeter": 4097730.8250921001 }, "geometry": { "type": "Polygon", "coordinates": [ [ [ -33.75, 0.0 ], [ -22.5, 0.0 ], [ -25.123117619765139, 11.25 ], [ -33.75, 0.0 ] ] ] } },
{ "type": "Feature", "properties": { "qtm": "2330", "resolution": 4, "center_lat": 7.5, "center_lon": -7.7201695855310781, "avg_edge_len": 1435433.6493587077, "cell_area": 814845512987.02002, "cell_perimeter": 4306300.9480761234 }, "geometry": { "type": "Polygon", "coordinates": [ [ [ -11.25, 0.0 ], [ 0.0, 11.25 ], [ -11.910508756593231, 11.25 ], [ -11.25, 0.0 ] ] ] } },
{ "type": "Feature", "properties": { "qtm": "2331", "resolution": 4, "center_lat": 15.000000000000002, "center_lon": -3.9701695855310764, "avg_edge_len": 1440468.2139155408, "cell_area": 814648633311.35474, "cell_perimeter": 4321404.6417466225 }, "geometry": { "type": "Polygon", "coordinates": [ [ [ -11.910508756593231, 11.25 ], [ 0.0, 11.25 ], [ 0.0, 22.5 ], [ -11.910508756593231, 11.25 ] ] ] } },
{ "type": "Feature", "properties": { "qtm": "2332", "resolution": 4, "center_lat": 3.75, "center_lon": -15.220169585531076, "avg_edge_len": 1402431.8287598249, "cell_area": 783624594877.729, "cell_perimeter": 4207295.4862794746 }, "geometry": { "type": "Polygon", "coordinates": [ [ [ -22.5, 0.0 ], [ -11.25, 0.0 ], [ -11.910508756593231, 11.25 ], [ -22.5, 0.0 ] ] ] } },
{ "type": "Feature", "properties": { "qtm": "2333", "resolution": 4, "center_lat": 3.75, "center_lon": -3.75, "avg_edge_len": 1418676.8091749076, "cell_area": 784042132728.14978, "cell_perimeter": 4256030.4275247231 }, "geometry": { "type": "Polygon", "coordinates": [ [ [ -11.25, 0.0 ], [ 0.0, 0.0 ], [ 0.0, 11.25 ], [ -11.25, 0.0 ] ] ] } },
{ "type": "Feature", "properties": { "qtm": "3000", "resolution": 4, "center_lat": 30.0, "center_lon": 44.999999999999993, "avg_edge_len": 1660010.0621249313, "cell_area": 1184230491773.6084, "cell_perimeter": 4980030.1863747938 }, "geometry": { "type": "Polygon", "coordinates": [ [ [ 45.0, 22.5 ], [ 54.865969179543981, 33.75 ], [ 35.134030820456019, 33.75 ], [ 45.0, 22.5 ] ] ] } },
{ "type": "Feature", "properties": { "qtm": "3001", "resolution": 4, "center_lat": 37.5, "center_lon": 44.999999999999993, "avg_edge_len": 1614017.8329435401, "cell_area": 1104938772194.2256, "cell_perimeter": 4842053.4988306202 }, "geometry": { "type": "Polygon", "coordinates": [ [ [ 35.134030820456019, 33.75 ], [ 54.865969179543981, 33.75 ], [ 45.0, 45.0 ], [ 35.134030820456019, 33.75 ] ] ] } },
{ "type": "Feature", "properties": { "qtm": "3002", "resolution": 4, "center_lat": 26.25, "center_lon": 36.034260787410858, "avg_edge_len": 1586496.9850615237, "cell_area": 1075460707728.106, "cell_perimeter": 4759490.9551845714 }, "geometry": { "type": "Polygon", "coordinates": [ [ [ 27.968751541776555, 22.5 ], [ 45.0, 22.5 ], [ 35.134030820456019, 33.75 ], [ 27.968751541776555, 22.5 ] ] ] } },
{ "type": "Feature", "properties": { "qtm": "3003", "resolution": 4, "center_lat": 26.25, "center_lon": 53.965739212589142, "avg_edge_len": 1586496.9850615237, "cell_area": 1075460707728.106, "cell_perimeter": 4759490.9551845714 }, "geometry": { "type": "Polygon", "coordinates": [ [ [ 45.0, 22.5 ], [ 62.031248458223445, 22.5 ], [ 54.865969179543981, 33.75 ], [ 45.0, 22.5 ] ] ] } },
{ "type": "Feature", "properties": { "qtm": "3010", "resolution": 4, "center_lat": 15.0, "center_lon": 45.0, "avg_edge_len": 1597222.5893550534, "cell_area": 1093459361793.4771, "cell_perimeter": 4791667.7680651601 }, "geometry": { "type": "Polygon", "coordinates": [ [ [ 36.914407151136174, 11.25 ], [ 53.085592848863826, 11.25 ], [ 45.0, 22.5 ], [ 36.914407151136174, 11.25 ] ] ] } },
{ "type": "Feature", "properties": { "qtm": "3011", "resolution": 4, "center_lat": 7.5, "center_lon": 45.0, "avg_edge_len": 1609985.2390028238, "cell_area": 1114508561148.9067, "cell_perimeter": 4829955.7170084715 }, "geometry": { "type": "Polygon", "coordinates": [ [ [ 45.0, 0.0 ], [ 53.085592848863826, 11.25 ], [ 36.914407151136174, 11.25 ], [ 45.0, 0.0 ] ] ] } },
{ "type": "Feature", "properties": { "qtm": "3012", "resolution": 4, "center_lat": 18.75, "center_lon": 36.627719564304243, "avg_edge_len": 1610450.7214585755, "cell_area": 1117753168745.5396, "cell_perimeter": 4831352.1643757261 }, "geometry": { "type": "Polygon", "coordinates": [ [ [ 36.914407151136174, 11.25 ], [ 45.0, 22.5 ], [ 27.968751541776555, 22.5 ], [ 36.914407151136174, 11.25 ] ] ] } },
{ "type": "Feature", "properties": { "qtm": "3013", "resolution": 4, "center_lat": 18.75, "center_lon": 53.372280435695757, "avg_edge_len": 1610450.7214585755, "cell_area": 1117753168745.5396, "cell_perimeter": 4831352.1643757261 }, "geometry": { "type": "Polygon", "coordinates": [ [ [ 53.085592848863826, 11.25 ], [ 62.031248458223445, 22.5 ], [ 45.0, 22.5 ], [ 53.085592848863826, 11.25 ] ] ] } },
{ "type": "Feature", "properties": { "qtm": "3020", "resolution": 4, "center_lat": 37.5, "center_lon": 24.813014800710938, "avg_edge_len": 1563282.9582533054, "cell_area": 1036115463699.29, "cell_perimeter": 4689848.8747599162 }, "geometry": { "type": "Polygon", "coordinates": [ [ [ 16.805013581676803, 33.75 ], [ 35.134030820456019, 33.75 ], [ 22.5, 45.0 ], [ 16.805013581676803, 33.75 ] ] ] } },
{ "type": "Feature", "properties": { "qtm": "3021", "resolution": 4, "center_lat": 30.0, "center_lon": 26.635931981303127, "avg_edge_len": 1594947.2236645401, "cell_area": 1093324799582.7686, "cell_perimeter": 4784841.6709936205 }, "geometry": { "type": "Polygon", "coordinates": [ [ [ 27.968751541776555, 22.5 ], [ 35.134030820456019, 33.75 ], [ 16.805013581676803, 33.75 ], [ 27.968751541776555, 22.5 ] ] ] } },
{ "type": "Feature", "properties": { "qtm": "3022", "resolution": 4, "center_lat": 41.25, "center_lon": 13.101671193892267, "avg_edge_len": 1671571.8148050141, "cell_area": 1150744595494.8438, "cell_perimeter": 5014715.4444150422 }, "geometry": { "type": "Polygon", "coordinates": [ [ [ 16.805013581676803, 33.75 ], [ 22.5, 45.0 ], [ 0.0, 45.0 ], [ 16.805013581676803, 33.75 ] ] ] } },
{ "type": "Feature", "properties": { "qtm": "3023", "resolution": 4, "center_lat": 41.25, "center_lon": 34.211343606818673, "avg_edge_len": 1643134.215111451, "cell_area": 1164181481592.3945, "cell_perimeter": 4929402.6453343527 }, "geometry": { "type": "Polygon", "coordinates": [ [ [ 35.134030820456019, 33.75 ], [ 45.0, 45.0 ], [ 22.5, 45.0 ], [ 35.134030820456019, 33.75 ] ] ] } },
{ "type": "Feature", "properties": { "qtm": "3030", "resolution": 4, "center_lat": 37.5, "center_lon": 65.186985199289055, "avg_edge_len": 1563282.9582533054, "cell_area": 1036115463699.29, "cell_perimeter": 4689848.8747599162 }, "geometry": { "type": "Polygon", "coordinates": [ [ [ 54.865969179543981, 33.75 ], [ 73.194986418323197, 33.75 ], [ 67.5, 45.0 ], [ 54.865969179543981, 33.75 ] ] ] } },
{ "type": "Feature", "properties": { "qtm": "3031", "resolution": 4, "center_lat": 30.0, "center_lon": 63.364068018696869, "avg_edge_len": 1594947.2236645401, "cell_area": 1093324799582.7686, "cell_perimeter": 4784841.6709936205 }, "geometry": { "type": "Polygon", "coordinates": [ [ [ 62.031248458223445, 22.5 ], [ 73.194986418323197, 33.75 ], [ 54.865969179543981, 33.75 ], [ 62.031248458223445, 22.5 ] ] ] } },
{ "type": "Feature", "properties": { "qtm": "3032", "resolution": 4, "center_lat": 41.25, "center_lon": 55.78865639318132, "avg_edge_len": 1643134.215111451, "cell_area": 1164181481592.3945, "cell_perimeter": 4929402.6453343527 }, "geometry": { "type": "Polygon", "coordinates": [ [ [ 54.865969179543981, 33.75 ], [ 67.5, 45.0 ], [ 45.0, 45.0 ], [ 54.865969179543981, 33.75 ] ] ] } },
{ "type": "Feature", "properties": { "qtm": "3033", "resolution": 4, "center_lat": 41.25, "center_lon": 76.898328806107742, "avg_edge_len": 1671571.8148050141, "cell_area": 1150744595494.8438, "cell_perimeter": 5014715.4444150422 }, "geometry": { "type": "Polygon", "coordinates": [ [ [ 73.194986418323197, 33.75 ], [ 90.0, 45.0 ], [ 67.5, 45.0 ], [ 73.194986418323197, 33.75 ] ] ] } },
{ "type": "Feature", "properties": { "qtm": "3100", "resolution": 4, "center_lat": 60.000000000000007, "center_lon": 45.0, "avg_edge_len": 1450123.0550512585, "cell_area": 911694506265.94531, "cell_perimeter": 4350369.1651537754 }, "geometry": { "type": "Polygon", "coordinates": [ [ [ 32.559446286546745, 56.25 ], [ 57.440553713453255, 56.25 ], [ 45.0, 67.5 ], [ 32.559446286546745, 56.25 ] ] ] } },
{ "type": "Feature", "properties": { "qtm": "3101", "resolution": 4, "center_lat": 52.5, "center_lon": 45.0, "avg_edge_len": 1527989.8948321689, "cell_area": 1018250021396.9707, "cell_perimeter": 4583969.684496507 }, "geometry": { "type": "Polygon", "coordinates": [ [ [ 45.0, 45.0 ], [ 57.440553713453255, 56.25 ], [ 32.559446286546745, 56.25 ], [ 45.0, 45.0 ] ] ] } },
{ "type": "Feature", "properties": { "qtm": "3102", "resolution": 4, "center_lat": 63.75, "center_lon": 25.853148762182247, "avg_edge_len": 1790395.3071037345, "cell_area": 1303683133187.7139, "cell_perimeter": 5371185.9213112034 }, "geometry": { "type": "Polygon", "coordinates": [ [ [ 32.559446286546745, 56.25 ], [ 45.0, 67.5 ], [ 0.0, 67.5 ], [ 32.559446286546745, 56.25 ] ] ] } },
{ "type": "Feature", "properties": { "qtm": "3103", "resolution": 4, "center_lat": 63.75, "center_lon": 64.146851237817756, "avg_edge_len": 1790395.3071037345, "cell_area": 1303683133187.7139, "cell_perimeter": 5371185.9213112034 }, "geometry": { "type": "Polygon", "coordinates": [ [ [ 57.440553713453255, 56.25 ], [ 90.0, 67.5 ], [ 45.0, 67.5 ], [ 57.440553713453255, 56.25 ] ] ] } },
{ "type": "Feature", "properties": { "qtm": "3110", "resolution": 4, "center_lat": 75.0, "center_lon": 45.0, "avg_edge_len": 1816797.130761276, "cell_area": 1442488724966.4297, "cell_perimeter": 5450391.392283828 }, "geometry": { "type": "Polygon", "coordinates": [ [ [ 45.0, 67.5 ], [ 90.0, 78.75 ], [ 0.0, 78.75 ], [ 45.0, 67.5 ] ] ] } },
{ "type": "Feature", "properties": { "qtm": "3111", "resolution": 4, "center_lat": 84.375, "center_lon": 45.0, "avg_edge_len": 1427951.8964748245, "cell_area": 794338524198.33594, "cell_perimeter": 4283855.6894244738 }, "geometry": { "type": "Polygon", "coordinates": [ [ [ 0.0, 78.75 ], [ 90.0, 78.75 ], [ 90.0, 90.0 ], [ 0.0, 90.0 ], [ 0.0, 78.75 ] ] ] } },
{ "type": "Feature", "properties": { "qtm": "3112", "resolution": 4, "center_lat": 71.25, "center_lon": 15.0, "avg_edge_len": 1658450.68973363, "cell_area": 1108060290312.9102, "cell_perimeter": 4975352.0692008901 }, "geometry": { "type": "Polygon", "coordinates": [ [ [ 0.0, 67.5 ], [ 45.0, 67.5 ], [ 0.0, 78.75 ], [ 0.0, 67.5 ] ] ] } },
{ "type": "Feature", "properties": { "qtm": "3113", "resolution": 4, "center_lat": 71.25, "center_lon": 75.0, "avg_edge_len": 1658450.68973363, "cell_area": 1108060290312.9102, "cell_perimeter": 4975352.0692008901 }, "geometry": { "type": "Polygon", "coordinates": [ [ [ 45.0, 67.5 ], [ 90.0, 67.5 ], [ 90.0, 78.75 ], [ 45.0, 67.5 ] ] ] } },
{ "type": "Feature", "properties": { "qtm": "3120", "resolution": 4, "center_lat": 52.5, "center_lon": 18.353148762182251, "avg_edge_len": 1815014.4910035853, "cell_area": 1357900757890.4336, "cell_perimeter": 5445043.4730107561 }, "geometry": { "type": "Polygon", "coordinates": [ [ [ 22.5, 45.0 ], [ 32.559446286546745, 56.25 ], [ 0.0, 56.25 ], [ 22.5, 45.0 ] ] ] } },
{ "type": "Feature", "properties": { "qtm": "3121", "resolution": 4, "center_lat": 60.0, "center_lon": 10.853148762182247, "avg_edge_len": 1778630.3019265335, "cell_area": 1227370537273.5781, "cell_perimeter": 5335890.9057796001 }, "geometry": { "type": "Polygon", "coordinates": [ [ [ 0.0, 56.25 ], [ 32.559446286546745, 56.25 ], [ 0.0, 67.5 ], [ 0.0, 56.25 ] ] ] } },
{ "type": "Feature", "properties": { "qtm": "3122", "resolution": 4, "center_lat": 48.75, "center_lon": 7.5, "avg_edge_len": 1676338.9866363604, "cell_area": 1104134188512.3301, "cell_perimeter": 5029016.9599090815 }, "geometry": { "type": "Polygon", "coordinates": [ [ [ 0.0, 45.0 ], [ 22.5, 45.0 ], [ 0.0, 56.25 ], [ 0.0, 45.0 ] ] ] } },
{ "type": "Feature", "properties": { "qtm": "3123", "resolution": 4, "center_lat": 48.75, "center_lon": 33.353148762182251, "avg_edge_len": 1576563.2756876319, "cell_area": 1056953134104.8301, "cell_perimeter": 4729689.8270628955 }, "geometry": { "type": "Polygon", "coordinates": [ [ [ 22.5, 45.0 ], [ 45.0, 45.0 ], [ 32.559446286546745, 56.25 ], [ 22.5, 45.0 ] ] ] } },
{ "type": "Feature", "properties": { "qtm": "3130", "resolution": 4, "center_lat": 52.5, "center_lon": 71.646851237817742, "avg_edge_len": 1815014.4910035853, "cell_area": 1357900757890.4336, "cell_perimeter": 5445043.4730107561 }, "geometry": { "type": "Polygon", "coordinates": [ [ [ 67.5, 45.0 ], [ 90.0, 56.25 ], [ 57.440553713453255, 56.25 ], [ 67.5, 45.0 ] ] ] } },
{ "type": "Feature", "properties": { "qtm": "3131", "resolution": 4, "center_lat": 60.0, "center_lon": 79.146851237817756, "avg_edge_len": 1778630.3019265335, "cell_area": 1227370537273.5781, "cell_perimeter": 5335890.9057796001 }, "geometry": { "type": "Polygon", "coordinates": [ [ [ 57.440553713453255, 56.25 ], [ 90.0, 56.25 ], [ 90.0, 67.5 ], [ 57.440553713453255, 56.25 ] ] ] } },
{ "type": "Feature", "properties": { "qtm": "3132", "resolution": 4, "center_lat": 48.75, "center_lon": 56.646851237817749, "avg_edge_len": 1576563.2756876319, "cell_area": 1056953134104.8301, "cell_perimeter": 4729689.8270628955 }, "geometry": { "type": "Polygon", "coordinates": [ [ [ 45.0, 45.0 ], [ 67.5, 45.0 ], [ 57.440553713453255, 56.25 ], [ 45.0, 45.0 ] ] ] } },
{ "type": "Feature", "properties": { "qtm": "3133", "resolution": 4, "center_lat": 48.75, "center_lon": 82.5, "avg_edge_len": 1676338.9866363604, "cell_area": 1104134188512.3301, "cell_perimeter": 5029016.9599090815 }, "geometry": { "type": "Polygon", "coordinates": [ [ [ 67.5, 45.0 ], [ 90.0, 45.0 ], [ 90.0, 56.25 ], [ 67.5, 45.0 ] ] ] } },
{ "type": "Feature", "properties": { "qtm": "3200", "resolution": 4, "center_lat": 15.000000000000002, "center_lon": 17.006000715748918, "avg_edge_len": 1475133.7074307334, "cell_area": 899894376219.8772, "cell_perimeter": 4425401.1222922001 }, "geometry": { "type": "Polygon", "coordinates": [ [ [ 11.910508756593345, 11.25 ], [ 25.123117619765139, 11.25 ], [ 13.984375770888278, 22.5 ], [ 11.910508756593345, 11.25 ] ] ] } },
{ "type": "Feature", "properties": { "qtm": "3201", "resolution": 4, "center_lat": 7.5, "center_lon": 19.844542125452829, "avg_edge_len": 1476270.1194005117, "cell_area": 906064749114.58643, "cell_perimeter": 4428810.3582015354 }, "geometry": { "type": "Polygon", "coordinates": [ [ [ 22.5, 0.0 ], [ 25.123117619765139, 11.25 ], [ 11.910508756593345, 11.25 ], [ 22.5, 0.0 ] ] ] } },
{ "type": "Feature", "properties": { "qtm": "3202", "resolution": 4, "center_lat": 18.75, "center_lon": 8.631628175827208, "avg_edge_len": 1492908.9942980045, "cell_area": 906631268008.5083, "cell_perimeter": 4478726.9828940136 }, "geometry": { "type": "Polygon", "coordinates": [ [ [ 11.910508756593345, 11.25 ], [ 13.984375770888278, 22.5 ], [ 0.0, 22.5 ], [ 11.910508756593345, 11.25 ] ] ] } },
{ "type": "Feature", "properties": { "qtm": "3203", "resolution": 4, "center_lat": 18.75, "center_lon": 22.35874831080999, "avg_edge_len": 1479352.7737143897, "cell_area": 908052646344.82068, "cell_perimeter": 4438058.321143169 }, "geometry": { "type": "Polygon", "coordinates": [ [ [ 25.123117619765139, 11.25 ], [ 27.968751541776555, 22.5 ], [ 13.984375770888278, 22.5 ], [ 25.123117619765139, 11.25 ] ] ] } },
{ "type": "Feature", "properties": { "qtm": "3210", "resolution": 4, "center_lat": 30.0, "center_lon": 10.26312978418836, "avg_edge_len": 1561342.0242834312, "cell_area": 988474797110.8634, "cell_perimeter": 4684026.0728502935 }, "geometry": { "type": "Polygon", "coordinates": [ [ [ 13.984375770888278, 22.5 ], [ 16.805013581676803, 33.75 ], [ 0.0, 33.75 ], [ 13.984375770888278, 22.5 ] ] ] } },
{ "type": "Feature", "properties": { "qtm": "3211", "resolution": 4, "center_lat": 37.5, "center_lon": 5.6016711938922681, "avg_edge_len": 1569897.0904327603, "cell_area": 975010066151.91406, "cell_perimeter": 4709691.2712982809 }, "geometry": { "type": "Polygon", "coordinates": [ [ [ 0.0, 33.75 ], [ 16.805013581676803, 33.75 ], [ 0.0, 45.0 ], [ 0.0, 33.75 ] ] ] } },
{ "type": "Feature", "properties": { "qtm": "3212", "resolution": 4, "center_lat": 26.25, "center_lon": 4.6614585902960926, "avg_edge_len": 1512288.5139828196, "cell_area": 901904911482.67578, "cell_perimeter": 4536865.5419484591 }, "geometry": { "type": "Polygon", "coordinates": [ [ [ 0.0, 22.5 ], [ 13.984375770888278, 22.5 ], [ 0.0, 33.75 ], [ 0.0, 22.5 ] ] ] } },
{ "type": "Feature", "properties": { "qtm": "3213", "resolution": 4, "center_lat": 26.25, "center_lon": 19.586046964780547, "avg_edge_len": 1457850.5459732122, "cell_area": 893095090943.69958, "cell_perimeter": 4373551.6379196364 }, "geometry": { "type": "Polygon", "coordinates": [ [ [ 13.984375770888278, 22.5 ], [ 27.968751541776555, 22.5 ], [ 16.805013581676803, 33.75 ], [ 13.984375770888278, 22.5 ] ] ] } },
{ "type": "Feature", "properties": { "qtm": "3220", "resolution": 4, "center_lat": 7.5, "center_lon": 7.7201695855310781, "avg_edge_len": 1435433.6493587077, "cell_area": 814845512987.02002, "cell_perimeter": 4306300.9480761234 }, "geometry": { "type": "Polygon", "coordinates": [ [ [ 11.25, 0.0 ], [ 11.910508756593231, 11.25 ], [ 0.0, 11.25 ], [ 11.25, 0.0 ] ] ] } },
{ "type": "Feature", "properties": { "qtm": "3221", "resolution": 4, "center_lat": 15.000000000000002, "center_lon": 3.9701695855310764, "avg_edge_len": 1440468.2139155408, "cell_area": 814648633311.35474, "cell_perimeter": 4321404.6417466225 }, "geometry": { "type": "Polygon", "coordinates": [ [ [ 0.0, 11.25 ], [ 11.910508756593231, 11.25 ], [ 0.0, 22.5 ], [ 0.0, 11.25 ] ] ] } },
{ "type": "Feature", "properties": { "qtm": "3222", "resolution": 4, "center_lat": 3.75, "center_lon": 3.75, "avg_edge_len": 1418676.8091749076, "cell_area": 784042132728.14978, "cell_perimeter": 4256030.4275247231 }, "geometry": { "type": "Polygon", "coordinates": [ [ [ 0.0, 0.0 ], [ 11.25, 0.0 ], [ 0.0, 11.25 ], [ 0.0, 0.0 ] ] ] } },
{ "type": "Feature", "properties": { "qtm": "3223", "resolution": 4, "center_lat": 3.75, "center_lon": 15.220169585531076, "avg_edge_len": 1402431.8287598249, "cell_area": 783624594877.729, "cell_perimeter": 4207295.4862794746 }, "geometry": { "type": "Polygon", "coordinates": [ [ [ 11.25, 0.0 ], [ 22.5, 0.0 ], [ 11.910508756593231, 11.25 ], [ 11.25, 0.0 ] ] ] } },
{ "type": "Feature", "properties": { "qtm": "3230", "resolution": 4, "center_lat": 7.5, "center_lon": 31.929174923633774, "avg_edge_len": 1382585.1057036801, "cell_area": 807876768060.61841, "cell_perimeter": 4147755.3171110405 }, "geometry": { "type": "Polygon", "coordinates": [ [ [ 33.75, 0.0 ], [ 36.914407151136174, 11.25 ], [ 25.123117619765139, 11.25 ], [ 33.75, 0.0 ] ] ] } },
{ "type": "Feature", "properties": { "qtm": "3231", "resolution": 4, "center_lat": 15.0, "center_lon": 30.002092104225955, "avg_edge_len": 1378518.5249773415, "cell_area": 802090550839.85413, "cell_perimeter": 4135555.5749320243 }, "geometry": { "type": "Polygon", "coordinates": [ [ [ 25.123117619765139, 11.25 ], [ 36.914407151136174, 11.25 ], [ 27.968751541776555, 22.5 ], [ 25.123117619765139, 11.25 ] ] ] } },
{ "type": "Feature", "properties": { "qtm": "3232", "resolution": 4, "center_lat": 3.75, "center_lon": 27.124372539921712, "avg_edge_len": 1365910.2750307, "cell_area": 782692329385.27393, "cell_perimeter": 4097730.8250921001 }, "geometry": { "type": "Polygon", "coordinates": [ [ [ 22.5, 0.0 ], [ 33.75, 0.0 ], [ 25.123117619765139, 11.25 ], [ 22.5, 0.0 ] ] ] } },
{ "type": "Feature", "properties": { "qtm": "3233", "resolution": 4, "center_lat": 3.75, "center_lon": 38.554802383712058, "avg_edge_len": 1358982.1477137401, "cell_area": 782516190194.87781, "cell_perimeter": 4076946.4431412201 }, "geometry": { "type": "Polygon", "coordinates": [ [ [ 33.75, 0.0 ], [ 45.0, 0.0 ], [ 36.914407151136174, 11.25 ], [ 33.75, 0.0 ] ] ] } },
{ "type": "Feature", "properties": { "qtm": "3300", "resolution": 4, "center_lat": 15.000000000000002, "center_lon": 72.993999284251075, "avg_edge_len": 1475133.7074307334, "cell_area": 899894376219.8772, "cell_perimeter": 4425401.1222922001 }, "geometry": { "type": "Polygon", "coordinates": [ [ [ 64.876882380234861, 11.25 ], [ 78.089491243406655, 11.25 ], [ 76.015624229111722, 22.5 ], [ 64.876882380234861, 11.25 ] ] ] } },
{ "type": "Feature", "properties": { "qtm": "3301", "resolution": 4, "center_lat": 7.5, "center_lon": 70.155457874547182, "avg_edge_len": 1476270.1194005117, "cell_area": 906064749114.58643, "cell_perimeter": 4428810.3582015354 }, "geometry": { "type": "Polygon", "coordinates": [ [ [ 67.5, 0.0 ], [ 78.089491243406655, 11.25 ], [ 64.876882380234861, 11.25 ], [ 67.5, 0.0 ] ] ] } },
{ "type": "Feature", "properties": { "qtm": "3302", "resolution": 4, "center_lat": 18.75, "center_lon": 67.641251689190014, "avg_edge_len": 1479352.7737143897, "cell_area": 908052646344.82068, "cell_perimeter": 4438058.321143169 }, "geometry": { "type": "Polygon", "coordinates": [ [ [ 64.876882380234861, 11.25 ], [ 76.015624229111722, 22.5 ], [ 62.031248458223445, 22.5 ], [ 64.876882380234861, 11.25 ] ] ] } },
{ "type": "Feature", "properties": { "qtm": "3303", "resolution": 4, "center_lat": 18.75, "center_lon": 81.368371824172797, "avg_edge_len": 1492908.9942980045, "cell_area": 906631268008.5083, "cell_perimeter": 4478726.9828940136 }, "geometry": { "type": "Polygon", "coordinates": [ [ [ 78.089491243406655, 11.25 ], [ 90.0, 22.5 ], [ 76.015624229111722, 22.5 ], [ 78.089491243406655, 11.25 ] ] ] } },
{ "type": "Feature", "properties": { "qtm": "3310", "resolution": 4, "center_lat": 30.0, "center_lon": 79.736870215811649, "avg_edge_len": 1561342.0242834312, "cell_area": 988474797110.8634, "cell_perimeter": 4684026.0728502935 }, "geometry": { "type": "Polygon", "coordinates": [ [ [ 76.015624229111722, 22.5 ], [ 90.0, 33.75 ], [ 73.194986418323197, 33.75 ], [ 76.015624229111722, 22.5 ] ] ] } },
{ "type": "Feature", "properties": { "qtm": "3311", "resolution": 4, "center_lat": 37.5, "center_lon": 84.398328806107742, "avg_edge_len": 1569897.0904327603, "cell_area": 975010066151.91406, "cell_perimeter": 4709691.2712982809 }, "geometry": { "type": "Polygon", "coordinates": [ [ [ 73.194986418323197, 33.75 ], [ 90.0, 33.75 ], [ 90.0, 45.0 ], [ 73.194986418323197, 33.75 ] ] ] } },
{ "type": "Feature", "properties": { "qtm": "3312", "resolution": 4, "center_lat": 26.25, "center_lon": 70.413953035219464, "avg_edge_len": 1457850.5459732122, "cell_area": 893095090943.69958, "cell_perimeter": 4373551.6379196364 }, "geometry": { "type": "Polygon", "coordinates": [ [ [ 62.031248458223445, 22.5 ], [ 76.015624229111722, 22.5 ], [ 73.194986418323197, 33.75 ], [ 62.031248458223445, 22.5 ] ] ] } },
{ "type": "Feature", "properties": { "qtm": "3313", "resolution": 4, "center_lat": 26.25, "center_lon": 85.338541409703907, "avg_edge_len": 1512288.5139828196, "cell_area": 901904911482.67578, "cell_perimeter": 4536865.5419484591 }, "geometry": { "type": "Polygon", "coordinates": [ [ [ 76.015624229111722, 22.5 ], [ 90.0, 22.5 ], [ 90.0, 33.75 ], [ 76.015624229111722, 22.5 ] ] ] } },
{ "type": "Feature", "properties": { "qtm": "3320", "resolution": 4, "center_lat": 7.5, "center_lon": 58.070825076366226, "avg_edge_len": 1382585.1057036801, "cell_area": 807876768060.61841, "cell_perimeter": 4147755.3171110405 }, "geometry": { "type": "Polygon", "coordinates": [ [ [ 56.25, 0.0 ], [ 64.876882380234861, 11.25 ], [ 53.085592848863826, 11.25 ], [ 56.25, 0.0 ] ] ] } },
{ "type": "Feature", "properties": { "qtm": "3321", "resolution": 4, "center_lat": 15.0, "center_lon": 59.997907895774041, "avg_edge_len": 1378518.5249773415, "cell_area": 802090550839.85413, "cell_perimeter": 4135555.5749320243 }, "geometry": { "type": "Polygon", "coordinates": [ [ [ 53.085592848863826, 11.25 ], [ 64.876882380234861, 11.25 ], [ 62.031248458223445, 22.5 ], [ 53.085592848863826, 11.25 ] ] ] } },
{ "type": "Feature", "properties": { "qtm": "3322", "resolution": 4, "center_lat": 3.75, "center_lon": 51.445197616287942, "avg_edge_len": 1358982.1477137401, "cell_area": 782516190194.87781, "cell_perimeter": 4076946.4431412201 }, "geometry": { "type": "Polygon", "coordinates": [ [ [ 45.0, 0.0 ], [ 56.25, 0.0 ], [ 53.085592848863826, 11.25 ], [ 45.0, 0.0 ] ] ] } },
{ "type": "Feature", "properties": { "qtm": "3323", "resolution": 4, "center_lat": 3.75, "center_lon": 62.875627460078292, "avg_edge_len": 1365910.2750307, "cell_area": 782692329385.27393, "cell_perimeter": 4097730.8250921001 }, "geometry": { "type": "Polygon", "coordinates": [ [ [ 56.25, 0.0 ], [ 67.5, 0.0 ], [ 64.876882380234861, 11.25 ], [ 56.25, 0.0 ] ] ] } },
{ "type": "Feature", "properties": { "qtm": "3330", "resolution": 4, "center_lat": 7.5, "center_lon": 82.279830414468876, "avg_edge_len": 1435433.6493587121, "cell_area": 814845512987.02808, "cell_perimeter": 4306300.9480761364 }, "geometry": { "type": "Polygon", "coordinates": [ [ [ 78.75, 0.0 ], [ 90.0, 11.25 ], [ 78.089491243406655, 11.25 ], [ 78.75, 0.0 ] ] ] } },
{ "type": "Feature", "properties": { "qtm": "3331", "resolution": 4, "center_lat": 15.0, "center_lon": 86.02983041446889, "avg_edge_len": 1440468.2139155476, "cell_area": 814648633311.36279, "cell_perimeter": 4321404.641746643 }, "geometry": { "type": "Polygon", "coordinates": [ [ [ 78.089491243406655, 11.25 ], [ 90.0, 11.25 ], [ 90.0, 22.5 ], [ 78.089491243406655, 11.25 ] ] ] } },
{ "type": "Feature", "properties": { "qtm": "3332", "resolution": 4, "center_lat": 3.75, "center_lon": 74.77983041446889, "avg_edge_len": 1402431.8287598221, "cell_area": 783624594877.729, "cell_perimeter": 4207295.4862794662 }, "geometry": { "type": "Polygon", "coordinates": [ [ [ 67.5, 0.0 ], [ 78.75, 0.0 ], [ 78.089491243406655, 11.25 ], [ 67.5, 0.0 ] ] ] } },
{ "type": "Feature", "properties": { "qtm": "3333", "resolution": 4, "center_lat": 3.75, "center_lon": 86.25, "avg_edge_len": 1418676.8091749076, "cell_area": 784042132728.14978, "cell_perimeter": 4256030.4275247231 }, "geometry": { "type": "Polygon", "coordinates": [ [ [ 78.75, 0.0 ], [ 90.0, 0.0 ], [ 90.0, 11.25 ], [ 78.75, 0.0 ] ] ] } },
{ "type": "Feature", "properties": { "qtm": "4000", "resolution": 4, "center_lat": 30.0, "center_lon": 135.0, "avg_edge_len": 1660010.0621249313, "cell_area": 1184230491773.6084, "cell_perimeter": 4980030.1863747938 }, "geometry": { "type": "Polygon", "coordinates": [ [ [ 135.0, 22.5 ], [ 144.865969179543981, 33.75 ], [ 125.134030820456019, 33.75 ], [ 135.0, 22.5 ] ] ] } },
{ "type": "Feature", "properties": { "qtm": "4001", "resolution": 4, "center_lat": 37.5, "center_lon": 135.0, "avg_edge_len": 1614017.8329435401, "cell_area": 1104938772194.2256, "cell_perimeter": 4842053.4988306202 }, "geometry": { "type": "Polygon", "coordinates": [ [ [ 125.134030820456019, 33.75 ], [ 144.865969179543981, 33.75 ], [ 135.0, 45.0 ], [ 125.134030820456019, 33.75 ] ] ] } },
{ "type": "Feature", "properties": { "qtm": "4002", "resolution": 4, "center_lat": 26.25, "center_lon": 126.03426078741086, "avg_edge_len": 1586496.9850615237, "cell_area": 1075460707728.106, "cell_perimeter": 4759490.9551845714 }, "geometry": { "type": "Polygon", "coordinates": [ [ [ 117.968751541776555, 22.5 ], [ 135.0, 22.5 ], [ 125.134030820456019, 33.75 ], [ 117.968751541776555, 22.5 ] ] ] } },
{ "type": "Feature", "properties": { "qtm": "4003", "resolution": 4, "center_lat": 26.25, "center_lon": 143.96573921258917, "avg_edge_len": 1586496.9850615237, "cell_area": 1075460707728.106, "cell_perimeter": 4759490.9551845714 }, "geometry": { "type": "Polygon", "coordinates": [ [ [ 135.0, 22.5 ], [ 152.031248458223445, 22.5 ], [ 144.865969179543981, 33.75 ], [ 135.0, 22.5 ] ] ] } },
{ "type": "Feature", "properties": { "qtm": "4010", "resolution": 4, "center_lat": 15.0, "center_lon": 135.0, "avg_edge_len": 1597222.5893550534, "cell_area": 1093459361793.4771, "cell_perimeter": 4791667.7680651601 }, "geometry": { "type": "Polygon", "coordinates": [ [ [ 126.914407151136174, 11.25 ], [ 143.085592848863826, 11.25 ], [ 135.0, 22.5 ], [ 126.914407151136174, 11.25 ] ] ] } },
{ "type": "Feature", "properties": { "qtm": "4011", "resolution": 4, "center_lat": 7.5, "center_lon": 135.0, "avg_edge_len": 1609985.2390028238, "cell_area": 1114508561148.9067, "cell_perimeter": 4829955.7170084715 }, "geometry": { "type": "Polygon", "coordinates": [ [ [ 135.0, 0.0 ], [ 143.085592848863826, 11.25 ], [ 126.914407151136174, 11.25 ], [ 135.0, 0.0 ] ] ] } },
{ "type": "Feature", "properties": { "qtm": "4012", "resolution": 4, "center_lat": 18.75, "center_lon": 126.62771956430426, "avg_edge_len": 1610450.7214585755, "cell_area": 1117753168745.5396, "cell_perimeter": 4831352.1643757261 }, "geometry": { "type": "Polygon", "coordinates": [ [ [ 126.914407151136174, 11.25 ], [ 135.0, 22.5 ], [ 117.968751541776555, 22.5 ], [ 126.914407151136174, 11.25 ] ] ] } },
{ "type": "Feature", "properties": { "qtm": "4013", "resolution": 4, "center_lat": 18.75, "center_lon": 143.37228043569576, "avg_edge_len": 1610450.7214585755, "cell_area": 1117753168745.5396, "cell_perimeter": 4831352.1643757261 }, "geometry": { "type": "Polygon", "coordinates": [ [ [ 143.085592848863826, 11.25 ], [ 152.031248458223445, 22.5 ], [ 135.0, 22.5 ], [ 143.085592848863826, 11.25 ] ] ] } },
{ "type": "Feature", "properties": { "qtm": "4020", "resolution": 4, "center_lat": 37.5, "center_lon": 114.81301480071095, "avg_edge_len": 1563282.9582533054, "cell_area": 1036115463699.29, "cell_perimeter": 4689848.8747599162 }, "geometry": { "type": "Polygon", "coordinates": [ [ [ 106.805013581676803, 33.75 ], [ 125.134030820456019, 33.75 ], [ 112.5, 45.0 ], [ 106.805013581676803, 33.75 ] ] ] } },
{ "type": "Feature", "properties": { "qtm": "4021", "resolution": 4, "center_lat": 30.0, "center_lon": 116.63593198130313, "avg_edge_len": 1594947.2236645401, "cell_area": 1093324799582.7686, "cell_perimeter": 4784841.6709936205 }, "geometry": { "type": "Polygon", "coordinates": [ [ [ 117.968751541776555, 22.5 ], [ 125.134030820456019, 33.75 ], [ 106.805013581676803, 33.75 ], [ 117.968751541776555, 22.5 ] ] ] } },
{ "type": "Feature", "properties": { "qtm": "4022", "resolution": 4, "center_lat": 41.25, "center_lon": 103.10167119389227, "avg_edge_len": 1671571.8148050141, "cell_area": 1150744595494.8438, "cell_perimeter": 5014715.4444150422 }, "geometry": { "type": "Polygon", "coordinates": [ [ [ 106.805013581676803, 33.75 ], [ 112.5, 45.0 ], [ 90.0, 45.0 ], [ 106.805013581676803, 33.75 ] ] ] } },
{ "type": "Feature", "properties": { "qtm": "4023", "resolution": 4, "center_lat": 41.25, "center_lon": 124.21134360681867, "avg_edge_len": 1643134.215111451, "cell_area": 1164181481592.3945, "cell_perimeter": 4929402.6453343527 }, "geometry": { "type": "Polygon", "coordinates": [ [ [ 125.134030820456019, 33.75 ], [ 135.0, 45.0 ], [ 112.5, 45.0 ], [ 125.134030820456019, 33.75 ] ] ] } },
{ "type": "Feature", "properties": { "qtm": "4030", "resolution": 4, "center_lat": 37.5, "center_lon": 155.18698519928907, "avg_edge_len": 1563282.9582533054, "cell_area": 1036115463699.29, "cell_perimeter": 4689848.8747599162 }, "geometry": { "type": "Polygon", "coordinates": [ [ [ 144.865969179543981, 33.75 ], [ 163.194986418323197, 33.75 ], [ 157.5, 45.0 ], [ 144.865969179543981, 33.75 ] ] ] } },
{ "type": "Feature", "properties": { "qtm": "4031", "resolution": 4, "center_lat": 30.0, "center_lon": 153.36406801869688, "avg_edge_len": 1594947.2236645401, "cell_area": 1093324799582.7686, "cell_perimeter": 4784841.6709936205 }, "geometry": { "type": "Polygon", "coordinates": [ [ [ 152.031248458223445, 22.5 ], [ 163.194986418323197, 33.75 ], [ 144.865969179543981, 33.75 ], [ 152.031248458223445, 22.5 ] ] ] } },
{ "type": "Feature", "properties": { "qtm": "4032", "resolution": 4, "center_lat": 41.25, "center_lon": 145.78865639318136, "avg_edge_len": 1643134.215111451, "cell_area": 1164181481592.3945, "cell_perimeter": 4929402.6453343527 }, "geometry": { "type": "Polygon", "coordinates": [ [ [ 144.865969179543981, 33.75 ], [ 157.5, 45.0 ], [ 135.0, 45.0 ], [ 144.865969179543981, 33.75 ] ] ] } },
{ "type": "Feature", "properties": { "qtm": "4033", "resolution": 4, "center_lat": 41.25, "center_lon": 166.89832880610771, "avg_edge_len": 1671571.8148050141, "cell_area": 1150744595494.8438, "cell_perimeter": 5014715.4444150422 }, "geometry": { "type": "Polygon", "coordinates": [ [ [ 163.194986418323197, 33.75 ], [ 180.0, 45.0 ], [ 157.5, 45.0 ], [ 163.194986418323197, 33.75 ] ] ] } },
{ "type": "Feature", "properties": { "qtm": "4100", "resolution": 4, "center_lat": 60.000000000000007, "center_lon": 135.0, "avg_edge_len": 1450123.0550512585, "cell_area": 911694506265.94531, "cell_perimeter": 4350369.1651537754 }, "geometry": { "type": "Polygon", "coordinates": [ [ [ 122.559446286546745, 56.25 ], [ 147.440553713453255, 56.25 ], [ 135.0, 67.5 ], [ 122.559446286546745, 56.25 ] ] ] } },
{ "type": "Feature", "properties": { "qtm": "4101", "resolution": 4, "center_lat": 52.5, "center_lon": 135.0, "avg_edge_len": 1527989.8948321689, "cell_area": 1018250021396.9707, "cell_perimeter": 4583969.684496507 }, "geometry": { "type": "Polygon", "coordinates": [ [ [ 135.0, 45.0 ], [ 147.440553713453255, 56.25 ], [ 122.559446286546745, 56.25 ], [ 135.0, 45.0 ] ] ] } },
{ "type": "Feature", "properties": { "qtm": "4102", "resolution": 4, "center_lat": 63.75, "center_lon": 115.85314876218224, "avg_edge_len": 1790395.3071037345, "cell_area": 1303683133187.7139, "cell_perimeter": 5371185.9213112034 }, "geometry": { "type": "Polygon", "coordinates": [ [ [ 122.559446286546745, 56.25 ], [ 135.0, 67.5 ], [ 90.0, 67.5 ], [ 122.559446286546745, 56.25 ] ] ] } },
{ "type": "Feature", "properties": { "qtm": "4103", "resolution": 4, "center_lat": 63.75, "center_lon": 154.14685123781774, "avg_edge_len": 1790395.3071037345, "cell_area": 1303683133187.7139, "cell_perimeter": 5371185.9213112034 }, "geometry": { "type": "Polygon", "coordinates": [ [ [ 147.440553713453255, 56.25 ], [ 180.0, 67.5 ], [ 135.0, 67.5 ], [ 147.440553713453255, 56.25 ] ] ] } },
{ "type": "Feature", "properties": { "qtm": "4110", "resolution": 4, "center_lat": 75.0, "center_lon": 135.0, "avg_edge_len": 1816797.130761276, "cell_area": 1442488724966.4297, "cell_perimeter": 5450391.392283828 }, "geometry": { "type": "Polygon", "coordinates": [ [ [ 135.0, 67.5 ], [ 180.0, 78.75 ], [ 90.0, 78.75 ], [ 135.0, 67.5 ] ] ] } },
{ "type": "Feature", "properties": { "qtm": "4111", "resolution": 4, "center_lat": 84.375, "center_lon": 135.0, "avg_edge_len": 1427951.8964748245, "cell_area": 794338524198.33594, "cell_perimeter": 4283855.6894244738 }, "geometry": { "type": "Polygon", "coordinates": [ [ [ 90.0, 78.75 ], [ 180.0, 78.75 ], [ 180.0, 90.0 ], [ 90.0, 90.0 ], [ 90.0, 78.75 ] ] ] } },
{ "type": "Feature", "properties": { "qtm": "4112", "resolution": 4, "center_lat": 71.25, "center_lon": 105.0, "avg_edge_len": 1658450.68973363, "cell_area": 1108060290312.9102, "cell_perimeter": 4975352.0692008901 }, "geometry": { "type": "Polygon", "coordinates": [ [ [ 90.0, 67.5 ], [ 135.0, 67.5 ], [ 90.0, 78.75 ], [ 90.0, 67.5 ] ] ] } },
{ "type": "Feature", "properties": { "qtm": "4113", "resolution": 4, "center_lat": 71.25, "center_lon": 165.0, "avg_edge_len": 1658450.68973363, "cell_area": 1108060290312.9102, "cell_perimeter": 4975352.0692008901 }, "geometry": { "type": "Polygon", "coordinates": [ [ [ 135.0, 67.5 ], [ 180.0, 67.5 ], [ 180.0, 78.75 ], [ 135.0, 67.5 ] ] ] } },
{ "type": "Feature", "properties": { "qtm": "4120", "resolution": 4, "center_lat": 52.5, "center_lon": 108.35314876218224, "avg_edge_len": 1815014.4910035853, "cell_area": 1357900757890.4336, "cell_perimeter": 5445043.4730107561 }, "geometry": { "type": "Polygon", "coordinates": [ [ [ 112.5, 45.0 ], [ 122.559446286546745, 56.25 ], [ 90.0, 56.25 ], [ 112.5, 45.0 ] ] ] } },
{ "type": "Feature", "properties": { "qtm": "4121", "resolution": 4, "center_lat": 60.0, "center_lon": 100.85314876218226, "avg_edge_len": 1778630.3019265335, "cell_area": 1227370537273.5781, "cell_perimeter": 5335890.9057796001 }, "geometry": { "type": "Polygon", "coordinates": [ [ [ 90.0, 56.25 ], [ 122.559446286546745, 56.25 ], [ 90.0, 67.5 ], [ 90.0, 56.25 ] ] ] } },
{ "type": "Feature", "properties": { "qtm": "4122", "resolution": 4, "center_lat": 48.75, "center_lon": 97.5, "avg_edge_len": 1676338.9866363604, "cell_area": 1104134188512.3301, "cell_perimeter": 5029016.9599090815 }, "geometry": { "type": "Polygon", "coordinates": [ [ [ 90.0, 45.0 ], [ 112.5, 45.0 ], [ 90.0, 56.25 ], [ 90.0, 45.0 ] ] ] } },
{ "type": "Feature", "properties": { "qtm": "4123", "resolution": 4, "center_lat": 48.75, "center_lon": 123.35314876218224, "avg_edge_len": 1576563.2756876319, "cell_area": 1056953134104.8301, "cell_perimeter": 4729689.8270628955 }, "geometry": { "type": "Polygon", "coordinates": [ [ [ 112.5, 45.0 ], [ 135.0, 45.0 ], [ 122.559446286546745, 56.25 ], [ 112.5, 45.0 ] ] ] } },
{ "type": "Feature", "properties": { "qtm": "4130", "resolution": 4, "center_lat": 52.5, "center_lon": 161.64685123781777, "avg_edge_len": 1815014.4910035853, "cell_area": 1357900757890.4336, "cell_perimeter": 5445043.4730107561 }, "geometry": { "type": "Polygon", "coordinates": [ [ [ 157.5, 45.0 ], [ 180.0, 56.25 ], [ 147.440553713453255, 56.25 ], [ 157.5, 45.0 ] ] ] } },
{ "type": "Feature", "properties": { "qtm": "4131", "resolution": 4, "center_lat": 60.0, "center_lon": 169.14685123781777, "avg_edge_len": 1778630.3019265335, "cell_area": 1227370537273.5781, "cell_perimeter": 5335890.9057796001 }, "geometry": { "type": "Polygon", "coordinates": [ [ [ 147.440553713453255, 56.25 ], [ 180.0, 56.25 ], [ 180.0, 67.5 ], [ 147.440553713453255, 56.25 ] ] ] } },
{ "type": "Feature", "properties": { "qtm": "4132", "resolution": 4, "center_lat": 48.75, "center_lon": 146.64685123781774, "avg_edge_len": 1576563.2756876319, "cell_area": 1056953134104.8301, "cell_perimeter": 4729689.8270628955 }, "geometry": { "type": "Polygon", "coordinates": [ [ [ 135.0, 45.0 ], [ 157.5, 45.0 ], [ 147.440553713453255, 56.25 ], [ 135.0, 45.0 ] ] ] } },
{ "type": "Feature", "properties": { "qtm": "4133", "resolution": 4, "center_lat": 48.75, "center_lon": 172.5, "avg_edge_len": 1676338.9866363604, "cell_area": 1104134188512.3301, "cell_perimeter": 5029016.9599090815 }, "geometry": { "type": "Polygon", "coordinates": [ [ [ 157.5, 45.0 ], [ 180.0, 45.0 ], [ 180.0, 56.25 ], [ 157.5, 45.0 ] ] ] } },
{ "type": "Feature", "properties": { "qtm": "4200", "resolution": 4, "center_lat": 15.000000000000002, "center_lon": 107.00600071574893, "avg_edge_len": 1475133.7074307334, "cell_area": 899894376219.8772, "cell_perimeter": 4425401.1222922001 }, "geometry": { "type": "Polygon", "coordinates": [ [ [ 101.910508756593345, 11.25 ], [ 115.123117619765139, 11.25 ], [ 103.984375770888278, 22.5 ], [ 101.910508756593345, 11.25 ] ] ] } },
{ "type": "Feature", "properties": { "qtm": "4201", "resolution": 4, "center_lat": 7.5, "center_lon": 109.84454212545283, "avg_edge_len": 1476270.1194005117, "cell_area": 906064749114.58643, "cell_perimeter": 4428810.3582015354 }, "geometry": { "type": "Polygon", "coordinates": [ [ [ 112.5, 0.0 ], [ 115.123117619765139, 11.25 ], [ 101.910508756593345, 11.25 ], [ 112.5, 0.0 ] ] ] } },
{ "type": "Feature", "properties": { "qtm": "4202", "resolution": 4, "center_lat": 18.75, "center_lon": 98.631628175827203, "avg_edge_len": 1492908.9942980045, "cell_area": 906631268008.5083, "cell_perimeter": 4478726.9828940136 }, "geometry": { "type": "Polygon", "coordinates": [ [ [ 101.910508756593345, 11.25 ], [ 103.984375770888278, 22.5 ], [ 90.0, 22.5 ], [ 101.910508756593345, 11.25 ] ] ] } },
{ "type": "Feature", "properties": { "qtm": "4203", "resolution": 4, "center_lat": 18.75, "center_lon": 112.35874831081, "avg_edge_len": 1479352.7737143897, "cell_area": 908052646344.82068, "cell_perimeter": 4438058.321143169 }, "geometry": { "type": "Polygon", "coordinates": [ [ [ 115.123117619765139, 11.25 ], [ 117.968751541776555, 22.5 ], [ 103.984375770888278, 22.5 ], [ 115.123117619765139, 11.25 ] ] ] } },
{ "type": "Feature", "properties": { "qtm": "4210", "resolution": 4, "center_lat": 30.0, "center_lon": 100.26312978418835, "avg_edge_len": 1561342.0242834312, "cell_area": 988474797110.8634, "cell_perimeter": 4684026.0728502935 }, "geometry": { "type": "Polygon", "coordinates": [ [ [ 103.984375770888278, 22.5 ], [ 106.805013581676803, 33.75 ], [ 90.0, 33.75 ], [ 103.984375770888278, 22.5 ] ] ] } },
{ "type": "Feature", "properties": { "qtm": "4211", "resolution": 4, "center_lat": 37.5, "center_lon": 95.601671193892258, "avg_edge_len": 1569897.0904327603, "cell_area": 975010066151.91406, "cell_perimeter": 4709691.2712982809 }, "geometry": { "type": "Polygon", "coordinates": [ [ [ 90.0, 33.75 ], [ 106.805013581676803, 33.75 ], [ 90.0, 45.0 ], [ 90.0, 33.75 ] ] ] } },
{ "type": "Feature", "properties": { "qtm": "4212", "resolution": 4, "center_lat": 26.25, "center_lon": 94.661458590296107, "avg_edge_len": 1512288.5139828196, "cell_area": 901904911482.67578, "cell_perimeter": 4536865.5419484591 }, "geometry": { "type": "Polygon", "coordinates": [ [ [ 90.0, 22.5 ], [ 103.984375770888278, 22.5 ], [ 90.0, 33.75 ], [ 90.0, 22.5 ] ] ] } },
{ "type": "Feature", "properties": { "qtm": "4213", "resolution": 4, "center_lat": 26.25, "center_lon": 109.58604696478055, "avg_edge_len": 1457850.5459732122, "cell_area": 893095090943.69958, "cell_perimeter": 4373551.6379196364 }, "geometry": { "type": "Polygon", "coordinates": [ [ [ 103.984375770888278, 22.5 ], [ 117.968751541776555, 22.5 ], [ 106.805013581676803, 33.75 ], [ 103.984375770888278, 22.5 ] ] ] } },
{ "type": "Feature", "properties": { "qtm": "4220", "resolution": 4, "center_lat": 7.5, "center_lon": 97.720169585531124, "avg_edge_len": 1435433.6493587121, "cell_area": 814845512987.02808, "cell_perimeter": 4306300.9480761364 }, "geometry": { "type": "Polygon", "coordinates": [ [ [ 101.25, 0.0 ], [ 101.910508756593345, 11.25 ], [ 90.0, 11.25 ], [ 101.25, 0.0 ] ] ] } },
{ "type": "Feature", "properties": { "qtm": "4221", "resolution": 4, "center_lat": 15.0, "center_lon": 93.970169585531124, "avg_edge_len": 1440468.2139155476, "cell_area": 814648633311.36279, "cell_perimeter": 4321404.641746643 }, "geometry": { "type": "Polygon", "coordinates": [ [ [ 90.0, 11.25 ], [ 101.910508756593345, 11.25 ], [ 90.0, 22.5 ], [ 90.0, 11.25 ] ] ] } },
{ "type": "Feature", "properties": { "qtm": "4222", "resolution": 4, "center_lat": 3.75, "center_lon": 93.75, "avg_edge_len": 1418676.8091749076, "cell_area": 784042132728.14978, "cell_perimeter": 4256030.4275247231 }, "geometry": { "type": "Polygon", "coordinates": [ [ [ 90.0, 0.0 ], [ 101.25, 0.0 ], [ 90.0, 11.25 ], [ 90.0, 0.0 ] ] ] } },
{ "type": "Feature", "properties": { "qtm": "4223", "resolution": 4, "center_lat": 3.75, "center_lon": 105.22016958553112, "avg_edge_len": 1402431.8287598221, "cell_area": 783624594877.729, "cell_perimeter": 4207295.4862794662 }, "geometry": { "type": "Polygon", "coordinates": [ [ [ 101.25, 0.0 ], [ 112.5, 0.0 ], [ 101.910508756593345, 11.25 ], [ 101.25, 0.0 ] ] ] } },
{ "type": "Feature", "properties": { "qtm": "4230", "resolution": 4, "center_lat": 7.5, "center_lon": 121.92917492363377, "avg_edge_len": 1382585.1057036801, "cell_area": 807876768060.61841, "cell_perimeter": 4147755.3171110405 }, "geometry": { "type": "Polygon", "coordinates": [ [ [ 123.75, 0.0 ], [ 126.914407151136174, 11.25 ], [ 115.123117619765139, 11.25 ], [ 123.75, 0.0 ] ] ] } },
{ "type": "Feature", "properties": { "qtm": "4231", "resolution": 4, "center_lat": 15.0, "center_lon": 120.00209210422595, "avg_edge_len": 1378518.5249773415, "cell_area": 802090550839.85413, "cell_perimeter": 4135555.5749320243 }, "geometry": { "type": "Polygon", "coordinates": [ [ [ 115.123117619765139, 11.25 ], [ 126.914407151136174, 11.25 ], [ 117.968751541776555, 22.5 ], [ 115.123117619765139, 11.25 ] ] ] } },
{ "type": "Feature", "properties": { "qtm": "4232", "resolution": 4, "center_lat": 3.75, "center_lon": 117.12437253992171, "avg_edge_len": 1365910.2750307, "cell_area": 782692329385.27393, "cell_perimeter": 4097730.8250921001 }, "geometry": { "type": "Polygon", "coordinates": [ [ [ 112.5, 0.0 ], [ 123.75, 0.0 ], [ 115.123117619765139, 11.25 ], [ 112.5, 0.0 ] ] ] } },
{ "type": "Feature", "properties": { "qtm": "4233", "resolution": 4, "center_lat": 3.75, "center_lon": 128.55480238371206, "avg_edge_len": 1358982.1477137401, "cell_area": 782516190194.87781, "cell_perimeter": 4076946.4431412201 }, "geometry": { "type": "Polygon", "coordinates": [ [ [ 123.75, 0.0 ], [ 135.0, 0.0 ], [ 126.914407151136174, 11.25 ], [ 123.75, 0.0 ] ] ] } },
{ "type": "Feature", "properties": { "qtm": "4300", "resolution": 4, "center_lat": 15.000000000000002, "center_lon": 162.99399928425109, "avg_edge_len": 1475133.7074307334, "cell_area": 899894376219.8772, "cell_perimeter": 4425401.1222922001 }, "geometry": { "type": "Polygon", "coordinates": [ [ [ 154.876882380234861, 11.25 ], [ 168.089491243406655, 11.25 ], [ 166.015624229111722, 22.5 ], [ 154.876882380234861, 11.25 ] ] ] } },
{ "type": "Feature", "properties": { "qtm": "4301", "resolution": 4, "center_lat": 7.5, "center_lon": 160.15545787454718, "avg_edge_len": 1476270.1194005117, "cell_area": 906064749114.58643, "cell_perimeter": 4428810.3582015354 }, "geometry": { "type": "Polygon", "coordinates": [ [ [ 157.5, 0.0 ], [ 168.089491243406655, 11.25 ], [ 154.876882380234861, 11.25 ], [ 157.5, 0.0 ] ] ] } },
{ "type": "Feature", "properties": { "qtm": "4302", "resolution": 4, "center_lat": 18.75, "center_lon": 157.64125168919003, "avg_edge_len": 1479352.7737143897, "cell_area": 908052646344.82068, "cell_perimeter": 4438058.321143169 }, "geometry": { "type": "Polygon", "coordinates": [ [ [ 154.876882380234861, 11.25 ], [ 166.015624229111722, 22.5 ], [ 152.031248458223445, 22.5 ], [ 154.876882380234861, 11.25 ] ] ] } },
{ "type": "Feature", "properties": { "qtm": "4303", "resolution": 4, "center_lat": 18.75, "center_lon": 171.36837182417278, "avg_edge_len": 1492908.9942980045, "cell_area": 906631268008.5083, "cell_perimeter": 4478726.9828940136 }, "geometry": { "type": "Polygon", "coordinates": [ [ [ 168.089491243406655, 11.25 ], [ 180.0, 22.5 ], [ 166.015624229111722, 22.5 ], [ 168.089491243406655, 11.25 ] ] ] } },
{ "type": "Feature", "properties": { "qtm": "4310", "resolution": 4, "center_lat": 30.0, "center_lon": 169.73687021581162, "avg_edge_len": 1561342.0242834312, "cell_area": 988474797110.8634, "cell_perimeter": 4684026.0728502935 }, "geometry": { "type": "Polygon", "coordinates": [ [ [ 166.015624229111722, 22.5 ], [ 180.0, 33.75 ], [ 163.194986418323197, 33.75 ], [ 166.015624229111722, 22.5 ] ] ] } },
{ "type": "Feature", "properties": { "qtm": "4311", "resolution": 4, "center_lat": 37.5, "center_lon": 174.39832880610774, "avg_edge_len": 1569897.0904327603, "cell_area": 975010066151.91406, "cell_perimeter": 4709691.2712982809 }, "geometry": { "type": "Polygon", "coordinates": [ [ [ 163.194986418323197, 33.75 ], [ 180.0, 33.75 ], [ 180.0, 45.0 ], [ 163.194986418323197, 33.75 ] ] ] } },
{ "type": "Feature", "properties": { "qtm": "4312", "resolution": 4, "center_lat": 26.25, "center_lon": 160.41395303521946, "avg_edge_len": 1457850.5459732122, "cell_area": 893095090943.69958, "cell_perimeter": 4373551.6379196364 }, "geometry": { "type": "Polygon", "coordinates": [ [ [ 152.031248458223445, 22.5 ], [ 166.015624229111722, 22.5 ], [ 163.194986418323197, 33.75 ], [ 152.031248458223445, 22.5 ] ] ] } },
{ "type": "Feature", "properties": { "qtm": "4313", "resolution": 4, "center_lat": 26.25, "center_lon": 175.33854140970391, "avg_edge_len": 1512288.5139828196, "cell_area": 901904911482.67578, "cell_perimeter": 4536865.5419484591 }, "geometry": { "type": "Polygon", "coordinates": [ [ [ 166.015624229111722, 22.5 ], [ 180.0, 22.5 ], [ 180.0, 33.75 ], [ 166.015624229111722, 22.5 ] ] ] } },
{ "type": "Feature", "properties": { "qtm": "4320", "resolution": 4, "center_lat": 7.5, "center_lon": 148.07082507636619, "avg_edge_len": 1382585.1057036736, "cell_area": 807876768060.61047, "cell_perimeter": 4147755.3171110209 }, "geometry": { "type": "Polygon", "coordinates": [ [ [ 146.25, 0.0 ], [ 154.876882380234747, 11.25 ], [ 143.085592848863826, 11.25 ], [ 146.25, 0.0 ] ] ] } },
{ "type": "Feature", "properties": { "qtm": "4321", "resolution": 4, "center_lat": 15.0, "center_lon": 149.99790789577401, "avg_edge_len": 1378518.5249773364, "cell_area": 802090550839.84656, "cell_perimeter": 4135555.574932009 }, "geometry": { "type": "Polygon", "coordinates": [ [ [ 143.085592848863826, 11.25 ], [ 154.876882380234747, 11.25 ], [ 152.031248458223445, 22.5 ], [ 143.085592848863826, 11.25 ] ] ] } },
{ "type": "Feature", "properties": { "qtm": "4322", "resolution": 4, "center_lat": 3.75, "center_lon": 141.44519761628794, "avg_edge_len": 1358982.1477137401, "cell_area": 782516190194.87781, "cell_perimeter": 4076946.4431412201 }, "geometry": { "type": "Polygon", "coordinates": [ [ [ 135.0, 0.0 ], [ 146.25, 0.0 ], [ 143.085592848863826, 11.25 ], [ 135.0, 0.0 ] ] ] } },
{ "type": "Feature", "properties": { "qtm": "4323", "resolution": 4, "center_lat": 3.75, "center_lon": 152.87562746007825, "avg_edge_len": 1365910.2750306986, "cell_area": 782692329385.27393, "cell_perimeter": 4097730.8250920959 }, "geometry": { "type": "Polygon", "coordinates": [ [ [ 146.25, 0.0 ], [ 157.5, 0.0 ], [ 154.876882380234747, 11.25 ], [ 146.25, 0.0 ] ] ] } },
{ "type": "Feature", "properties": { "qtm": "4330", "resolution": 4, "center_lat": 7.5, "center_lon": 172.27983041446888, "avg_edge_len": 1435433.6493587121, "cell_area": 814845512987.02808, "cell_perimeter": 4306300.9480761364 }, "geometry": { "type": "Polygon", "coordinates": [ [ [ 168.75, 0.0 ], [ 180.0, 11.25 ], [ 168.089491243406655, 11.25 ], [ 168.75, 0.0 ] ] ] } },
{ "type": "Feature", "properties": { "qtm": "4331", "resolution": 4, "center_lat": 15.0, "center_lon": 176.0298304144689, "avg_edge_len": 1440468.2139155476, "cell_area": 814648633311.36279, "cell_perimeter": 4321404.641746643 }, "geometry": { "type": "Polygon", "coordinates": [ [ [ 168.089491243406655, 11.25 ], [ 180.0, 11.25 ], [ 180.0, 22.5 ], [ 168.089491243406655, 11.25 ] ] ] } },
{ "type": "Feature", "properties": { "qtm": "4332", "resolution": 4, "center_lat": 3.75, "center_lon": 164.77983041446888, "avg_edge_len": 1402431.8287598221, "cell_area": 783624594877.729, "cell_perimeter": 4207295.4862794662 }, "geometry": { "type": "Polygon", "coordinates": [ [ [ 157.5, 0.0 ], [ 168.75, 0.0 ], [ 168.089491243406655, 11.25 ], [ 157.5, 0.0 ] ] ] } },
{ "type": "Feature", "properties": { "qtm": "4333", "resolution": 4, "center_lat": 3.75, "center_lon": 176.25, "avg_edge_len": 1418676.8091749076, "cell_area": 784042132728.14978, "cell_perimeter": 4256030.4275247231 }, "geometry": { "type": "Polygon", "coordinates": [ [ [ 168.75, 0.0 ], [ 180.0, 0.0 ], [ 180.0, 11.25 ], [ 168.75, 0.0 ] ] ] } },
{ "type": "Feature", "properties": { "qtm": "5000", "resolution": 4, "center_lat": -30.0, "center_lon": -135.0, "avg_edge_len": 1660010.0621249313, "cell_area": 1184230491773.6084, "cell_perimeter": 4980030.1863747938 }, "geometry": { "type": "Polygon", "coordinates": [ [ [ -144.865969179543981, -33.75 ], [ -125.134030820456019, -33.75 ], [ -135.0, -22.5 ], [ -144.865969179543981, -33.75 ] ] ] } },
{ "type": "Feature", "properties": { "qtm": "5001", "resolution": 4, "center_lat": -37.5, "center_lon": -135.0, "avg_edge_len": 1614017.8329435401, "cell_area": 1104938772194.2256, "cell_perimeter": 4842053.4988306202 }, "geometry": { "type": "Polygon", "coordinates": [ [ [ -135.0, -45.0 ], [ -125.134030820456019, -33.75 ], [ -144.865969179543981, -33.75 ], [ -135.0, -45.0 ] ] ] } },
{ "type": "Feature", "properties": { "qtm": "5002", "resolution": 4, "center_lat": -26.25, "center_lon": -143.96573921258917, "avg_edge_len": 1586496.9850615237, "cell_area": 1075460707728.106, "cell_perimeter": 4759490.9551845714 }, "geometry": { "type": "Polygon", "coordinates": [ [ [ -144.865969179543981, -33.75 ], [ -135.0, -22.5 ], [ -152.031248458223445, -22.5 ], [ -144.865969179543981, -33.75 ] ] ] } },
{ "type": "Feature", "properties": { "qtm": "5003", "resolution": 4, "center_lat": -26.25, "center_lon": -126.03426078741086, "avg_edge_len": 1586496.9850615237, "cell_area": 1075460707728.106, "cell_perimeter": 4759490.9551845714 }, "geometry": { "type": "Polygon", "coordinates": [ [ [ -125.134030820456019, -33.75 ], [ -117.968751541776555, -22.5 ], [ -135.0, -22.5 ], [ -125.134030820456019, -33.75 ] ] ] } },
{ "type": "Feature", "properties": { "qtm": "5010", "resolution": 4, "center_lat": -15.0, "center_lon": -135.0, "avg_edge_len": 1597222.5893550534, "cell_area": 1093459361793.4771, "cell_perimeter": 4791667.7680651601 }, "geometry": { "type": "Polygon", "coordinates": [ [ [ -135.0, -22.5 ], [ -126.914407151136174, -11.25 ], [ -143.085592848863826, -11.25 ], [ -135.0, -22.5 ] ] ] } },
{ "type": "Feature", "properties": { "qtm": "5011", "resolution": 4, "center_lat": -7.5, "center_lon": -135.0, "avg_edge_len": 1609985.2390028238, "cell_area": 1114508561148.9067, "cell_perimeter": 4829955.7170084715 }, "geometry": { "type": "Polygon", "coordinates": [ [ [ -143.085592848863826, -11.25 ], [ -126.914407151136174, -11.25 ], [ -135.0, 0.0 ], [ -143.085592848863826, -11.25 ] ] ] } },
{ "type": "Feature", "properties": { "qtm": "5012", "resolution": 4, "center_lat": -18.75, "center_lon": -143.37228043569576, "avg_edge_len": 1610450.7214585755, "cell_area": 1117753168745.5396, "cell_perimeter": 4831352.1643757261 }, "geometry": { "type": "Polygon", "coordinates": [ [ [ -152.031248458223445, -22.5 ], [ -135.0, -22.5 ], [ -143.085592848863826, -11.25 ], [ -152.031248458223445, -22.5 ] ] ] } },
{ "type": "Feature", "properties": { "qtm": "5013", "resolution": 4, "center_lat": -18.75, "center_lon": -126.62771956430426, "avg_edge_len": 1610450.7214585755, "cell_area": 1117753168745.5396, "cell_perimeter": 4831352.1643757261 }, "geometry": { "type": "Polygon", "coordinates": [ [ [ -135.0, -22.5 ], [ -117.968751541776555, -22.5 ], [ -126.914407151136174, -11.25 ], [ -135.0, -22.5 ] ] ] } },
{ "type": "Feature", "properties": { "qtm": "5020", "resolution": 4, "center_lat": -37.5, "center_lon": -155.18698519928904, "avg_edge_len": 1563282.9582533028, "cell_area": 1036115463699.2871, "cell_perimeter": 4689848.8747599088 }, "geometry": { "type": "Polygon", "coordinates": [ [ [ -157.5, -45.0 ], [ -144.865969179543981, -33.75 ], [ -163.19498641832314, -33.75 ], [ -157.5, -45.0 ] ] ] } },
{ "type": "Feature", "properties": { "qtm": "5021", "resolution": 4, "center_lat": -30.0, "center_lon": -153.36406801869686, "avg_edge_len": 1594947.2236645371, "cell_area": 1093324799582.7651, "cell_perimeter": 4784841.6709936112 }, "geometry": { "type": "Polygon", "coordinates": [ [ [ -163.19498641832314, -33.75 ], [ -144.865969179543981, -33.75 ], [ -152.031248458223445, -22.5 ], [ -163.19498641832314, -33.75 ] ] ] } },
{ "type": "Feature", "properties": { "qtm": "5022", "resolution": 4, "center_lat": -41.25, "center_lon": -166.89832880610768, "avg_edge_len": 1671571.8148050148, "cell_area": 1150744595494.8438, "cell_perimeter": 5014715.444415044 }, "geometry": { "type": "Polygon", "coordinates": [ [ [ -180.0, -45.0 ], [ -157.5, -45.0 ], [ -163.19498641832314, -33.75 ], [ -180.0, -45.0 ] ] ] } },
{ "type": "Feature", "properties": { "qtm": "5023", "resolution": 4, "center_lat": -41.25, "center_lon": -145.78865639318136, "avg_edge_len": 1643134.215111451, "cell_area": 1164181481592.3945, "cell_perimeter": 4929402.6453343527 }, "geometry": { "type": "Polygon", "coordinates": [ [ [ -157.5, -45.0 ], [ -135.0, -45.0 ], [ -144.865969179543981, -33.75 ], [ -157.5, -45.0 ] ] ] } },
{ "type": "Feature", "properties": { "qtm": "5030", "resolution": 4, "center_lat": -37.5, "center_lon": -114.81301480071096, "avg_edge_len": 1563282.9582533028, "cell_area": 1036115463699.2871, "cell_perimeter": 4689848.8747599088 }, "geometry": { "type": "Polygon", "coordinates": [ [ [ -112.5, -45.0 ], [ -106.80501358167686, -33.75 ], [ -125.134030820456019, -33.75 ], [ -112.5, -45.0 ] ] ] } },
{ "type": "Feature", "properties": { "qtm": "5031", "resolution": 4, "center_lat": -30.0, "center_lon": -116.63593198130316, "avg_edge_len": 1594947.2236645371, "cell_area": 1093324799582.7651, "cell_perimeter": 4784841.6709936112 }, "geometry": { "type": "Polygon", "coordinates": [ [ [ -125.134030820456019, -33.75 ], [ -106.80501358167686, -33.75 ], [ -117.968751541776555, -22.5 ], [ -125.134030820456019, -33.75 ] ] ] } },
{ "type": "Feature", "properties": { "qtm": "5032", "resolution": 4, "center_lat": -41.25, "center_lon": -124.21134360681867, "avg_edge_len": 1643134.215111451, "cell_area": 1164181481592.3945, "cell_perimeter": 4929402.6453343527 }, "geometry": { "type": "Polygon", "coordinates": [ [ [ -135.0, -45.0 ], [ -112.5, -45.0 ], [ -125.134030820456019, -33.75 ], [ -135.0, -45.0 ] ] ] } },
{ "type": "Feature", "properties": { "qtm": "5033", "resolution": 4, "center_lat": -41.25, "center_lon": -103.10167119389229, "avg_edge_len": 1671571.8148050148, "cell_area": 1150744595494.8438, "cell_perimeter": 5014715.444415044 }, "geometry": { "type": "Polygon", "coordinates": [ [ [ -112.5, -45.0 ], [ -90.0, -45.0 ], [ -106.80501358167686, -33.75 ], [ -112.5, -45.0 ] ] ] } },
{ "type": "Feature", "properties": { "qtm": "5100", "resolution": 4, "center_lat": -60.000000000000007, "center_lon": -135.0, "avg_edge_len": 1450123.0550512585, "cell_area": 911694506265.94531, "cell_perimeter": 4350369.1651537754 }, "geometry": { "type": "Polygon", "coordinates": [ [ [ -135.0, -67.5 ], [ -122.559446286546745, -56.25 ], [ -147.440553713453255, -56.25 ], [ -135.0, -67.5 ] ] ] } },
{ "type": "Feature", "properties": { "qtm": "5101", "resolution": 4, "center_lat": -52.5, "center_lon": -135.0, "avg_edge_len": 1527989.8948321689, "cell_area": 1018250021396.9707, "cell_perimeter": 4583969.684496507 }, "geometry": { "type": "Polygon", "coordinates": [ [ [ -147.440553713453255, -56.25 ], [ -122.559446286546745, -56.25 ], [ -135.0, -45.0 ], [ -147.440553713453255, -56.25 ] ] ] } },
{ "type": "Feature", "properties": { "qtm": "5102", "resolution": 4, "center_lat": -63.75, "center_lon": -154.14685123781774, "avg_edge_len": 1790395.3071037345, "cell_area": 1303683133187.7139, "cell_perimeter": 5371185.9213112034 }, "geometry": { "type": "Polygon", "coordinates": [ [ [ -180.0, -67.5 ], [ -135.0, -67.5 ], [ -147.440553713453255, -56.25 ], [ -180.0, -67.5 ] ] ] } },
{ "type": "Feature", "properties": { "qtm": "5103", "resolution": 4, "center_lat": -63.75, "center_lon": -115.85314876218224, "avg_edge_len": 1790395.3071037345, "cell_area": 1303683133187.7139, "cell_perimeter": 5371185.9213112034 }, "geometry": { "type": "Polygon", "coordinates": [ [ [ -135.0, -67.5 ], [ -90.0, -67.5 ], [ -122.559446286546745, -56.25 ], [ -135.0, -67.5 ] ] ] } },
{ "type": "Feature", "properties": { "qtm": "5110", "resolution": 4, "center_lat": -75.0, "center_lon": -135.0, "avg_edge_len": 1816797.130761276, "cell_area": 1442488724966.4297, "cell_perimeter": 5450391.392283828 }, "geometry": { "type": "Polygon", "coordinates": [ [ [ -180.0, -78.75 ], [ -90.0, -78.75 ], [ -135.0, -67.5 ], [ -180.0, -78.75 ] ] ] } },
{ "type": "Feature", "properties": { "qtm": "5111", "resolution": 4, "center_lat": -84.375, "center_lon": -135.0, "avg_edge_len": 1427951.8964748245, "cell_area": 794338524198.33594, "cell_perimeter": 4283855.6894244738 }, "geometry": { "type": "Polygon", "coordinates": [ [ [ -180.0, -90.0 ], [ -90.0, -90.0 ], [ -90.0, -78.75 ], [ -180.0, -78.75 ], [ -180.0, -90.0 ] ] ] } },
{ "type": "Feature", "properties": { "qtm": "5112", "resolution": 4, "center_lat": -71.25, "center_lon": -165.0, "avg_edge_len": 1658450.68973363, "cell_area": 1108060290312.9102, "cell_perimeter": 4975352.0692008901 }, "geometry": { "type": "Polygon", "coordinates": [ [ [ -180.0, -78.75 ], [ -135.0, -67.5 ], [ -180.0, -67.5 ], [ -180.0, -78.75 ] ] ] } },
{ "type": "Feature", "properties": { "qtm": "5113", "resolution": 4, "center_lat": -71.25, "center_lon": -105.0, "avg_edge_len": 1658450.68973363, "cell_area": 1108060290312.9102, "cell_perimeter": 4975352.0692008901 }, "geometry": { "type": "Polygon", "coordinates": [ [ [ -135.0, -67.5 ], [ -90.0, -78.75 ], [ -90.0, -67.5 ], [ -135.0, -67.5 ] ] ] } },
{ "type": "Feature", "properties": { "qtm": "5120", "resolution": 4, "center_lat": -52.5, "center_lon": -161.64685123781777, "avg_edge_len": 1815014.4910035853, "cell_area": 1357900757890.4336, "cell_perimeter": 5445043.4730107561 }, "geometry": { "type": "Polygon", "coordinates": [ [ [ -180.0, -56.25 ], [ -147.440553713453255, -56.25 ], [ -157.5, -45.0 ], [ -180.0, -56.25 ] ] ] } },
{ "type": "Feature", "properties": { "qtm": "5121", "resolution": 4, "center_lat": -60.0, "center_lon": -169.14685123781777, "avg_edge_len": 1778630.3019265335, "cell_area": 1227370537273.5781, "cell_perimeter": 5335890.9057796001 }, "geometry": { "type": "Polygon", "coordinates": [ [ [ -180.0, -67.5 ], [ -147.440553713453255, -56.25 ], [ -180.0, -56.25 ], [ -180.0, -67.5 ] ] ] } },
{ "type": "Feature", "properties": { "qtm": "5122", "resolution": 4, "center_lat": -48.75, "center_lon": -172.5, "avg_edge_len": 1676338.9866363604, "cell_area": 1104134188512.3301, "cell_perimeter": 5029016.9599090815 }, "geometry": { "type": "Polygon", "coordinates": [ [ [ -180.0, -56.25 ], [ -157.5, -45.0 ], [ -180.0, -45.0 ], [ -180.0, -56.25 ] ] ] } },
{ "type": "Feature", "properties": { "qtm": "5123", "resolution": 4, "center_lat": -48.75, "center_lon": -146.64685123781774, "avg_edge_len": 1576563.2756876319, "cell_area": 1056953134104.8301, "cell_perimeter": 4729689.8270628955 }, "geometry": { "type": "Polygon", "coordinates": [ [ [ -147.440553713453255, -56.25 ], [ -135.0, -45.0 ], [ -157.5, -45.0 ], [ -147.440553713453255, -56.25 ] ] ] } },
{ "type": "Feature", "properties": { "qtm": "5130", "resolution": 4, "center_lat": -52.5, "center_lon": -108.35314876218224, "avg_edge_len": 1815014.4910035853, "cell_area": 1357900757890.4336, "cell_perimeter": 5445043.4730107561 }, "geometry": { "type": "Polygon", "coordinates": [ [ [ -112.5, -45.0 ], [ -122.559446286546745, -56.25 ], [ -90.0, -56.25 ], [ -112.5, -45.0 ] ] ] } },
{ "type": "Feature", "properties": { "qtm": "5131", "resolution": 4, "center_lat": -48.75, "center_lon": -123.35314876218224, "avg_edge_len": 1576563.2756876319, "cell_area": 1056953134104.8301, "cell_perimeter": 4729689.8270628955 }, "geometry": { "type": "Polygon", "coordinates": [ [ [ -135.0, -45.0 ], [ -122.559446286546745, -56.25 ], [ -112.5, -45.0 ], [ -135.0, -45.0 ] ] ] } },
{ "type": "Feature", "properties": { "qtm": "5132", "resolution": 4, "center_lat": -48.75, "center_lon": -97.5, "avg_edge_len": 1676338.9866363604, "cell_area": 1104134188512.3301, "cell_perimeter": 5029016.9599090815 }, "geometry": { "type": "Polygon", "coordinates": [ [ [ -112.5, -45.0 ], [ -90.0, -56.25 ], [ -90.0, -45.0 ], [ -112.5, -45.0 ] ] ] } },
{ "type": "Feature", "properties": { "qtm": "5133", "resolution": 4, "center_lat": -60.0, "center_lon": -100.85314876218226, "avg_edge_len": 1778630.3019265335, "cell_area": 1227370537273.5781, "cell_perimeter": 5335890.9057796001 }, "geometry": { "type": "Polygon", "coordinates": [ [ [ -122.559446286546745, -56.25 ], [ -90.0, -67.5 ], [ -90.0, -56.25 ], [ -122.559446286546745, -56.25 ] ] ] } },
{ "type": "Feature", "properties": { "qtm": "5200", "resolution": 4, "center_lat": -15.000000000000002, "center_lon": -162.99399928425109, "avg_edge_len": 1475133.7074307334, "cell_area": 899894376219.8772, "cell_perimeter": 4425401.1222922001 }, "geometry": { "type": "Polygon", "coordinates": [ [ [ -166.015624229111722, -22.5 ], [ -154.876882380234861, -11.25 ], [ -168.089491243406655, -11.25 ], [ -166.015624229111722, -22.5 ] ] ] } },
{ "type": "Feature", "properties": { "qtm": "5201", "resolution": 4, "center_lat": -7.5, "center_lon": -160.15545787454718, "avg_edge_len": 1476270.1194005117, "cell_area": 906064749114.58643, "cell_perimeter": 4428810.3582015354 }, "geometry": { "type": "Polygon", "coordinates": [ [ [ -168.089491243406655, -11.25 ], [ -154.876882380234861, -11.25 ], [ -157.5, 0.0 ], [ -168.089491243406655, -11.25 ] ] ] } },
{ "type": "Feature", "properties": { "qtm": "5202", "resolution": 4, "center_lat": -18.75, "center_lon": -171.36837182417278, "avg_edge_len": 1492908.9942980045, "cell_area": 906631268008.5083, "cell_perimeter": 4478726.9828940136 }, "geometry": { "type": "Polygon", "coordinates": [ [ [ -180.0, -22.5 ], [ -166.015624229111722, -22.5 ], [ -168.089491243406655, -11.25 ], [ -180.0, -22.5 ] ] ] } },
{ "type": "Feature", "properties": { "qtm": "5203", "resolution": 4, "center_lat": -18.75, "center_lon": -157.64125168919003, "avg_edge_len": 1479352.7737143897, "cell_area": 908052646344.82068, "cell_perimeter": 4438058.321143169 }, "geometry": { "type": "Polygon", "coordinates": [ [ [ -166.015624229111722, -22.5 ], [ -152.031248458223445, -22.5 ], [ -154.876882380234861, -11.25 ], [ -166.015624229111722, -22.5 ] ] ] } },
{ "type": "Feature", "properties": { "qtm": "5210", "resolution": 4, "center_lat": -29.999999999999996, "center_lon": -169.73687021581162, "avg_edge_len": 1561342.024283434, "cell_area": 988474797110.86804, "cell_perimeter": 4684026.0728503019 }, "geometry": { "type": "Polygon", "coordinates": [ [ [ -180.0, -33.75 ], [ -163.19498641832314, -33.75 ], [ -166.015624229111722, -22.5 ], [ -180.0, -33.75 ] ] ] } },
{ "type": "Feature", "properties": { "qtm": "5211", "resolution": 4, "center_lat": -37.5, "center_lon": -174.39832880610774, "avg_edge_len": 1569897.0904327633, "cell_area": 975010066151.91602, "cell_perimeter": 4709691.2712982902 }, "geometry": { "type": "Polygon", "coordinates": [ [ [ -180.0, -45.0 ], [ -163.19498641832314, -33.75 ], [ -180.0, -33.75 ], [ -180.0, -45.0 ] ] ] } },
{ "type": "Feature", "properties": { "qtm": "5212", "resolution": 4, "center_lat": -26.25, "center_lon": -175.33854140970391, "avg_edge_len": 1512288.5139828196, "cell_area": 901904911482.67578, "cell_perimeter": 4536865.5419484591 }, "geometry": { "type": "Polygon", "coordinates": [ [ [ -180.0, -33.75 ], [ -166.015624229111722, -22.5 ], [ -180.0, -22.5 ], [ -180.0, -33.75 ] ] ] } },
{ "type": "Feature", "properties": { "qtm": "5213", "resolution": 4, "center_lat": -26.25, "center_lon": -160.41395303521944, "avg_edge_len": 1457850.5459732118, "cell_area": 893095090943.69934, "cell_perimeter": 4373551.6379196355 }, "geometry": { "type": "Polygon", "coordinates": [ [ [ -163.19498641832314, -33.75 ], [ -152.031248458223445, -22.5 ], [ -166.015624229111722, -22.5 ], [ -163.19498641832314, -33.75 ] ] ] } },
{ "type": "Feature", "properties": { "qtm": "5220", "resolution": 4, "center_lat": -7.5, "center_lon": -172.27983041446888, "avg_edge_len": 1435433.6493587096, "cell_area": 814845512987.02417, "cell_perimeter": 4306300.948076129 }, "geometry": { "type": "Polygon", "coordinates": [ [ [ -180.0, -11.25 ], [ -168.089491243406712, -11.25 ], [ -168.75, 0.0 ], [ -180.0, -11.25 ] ] ] } },
{ "type": "Feature", "properties": { "qtm": "5221", "resolution": 4, "center_lat": -15.0, "center_lon": -176.02983041446888, "avg_edge_len": 1440468.2139155443, "cell_area": 814648633311.35889, "cell_perimeter": 4321404.6417466328 }, "geometry": { "type": "Polygon", "coordinates": [ [ [ -180.0, -22.5 ], [ -168.089491243406712, -11.25 ], [ -180.0, -11.25 ], [ -180.0, -22.5 ] ] ] } },
{ "type": "Feature", "properties": { "qtm": "5222", "resolution": 4, "center_lat": -3.75, "center_lon": -176.25, "avg_edge_len": 1418676.8091749076, "cell_area": 784042132728.14978, "cell_perimeter": 4256030.4275247231 }, "geometry": { "type": "Polygon", "coordinates": [ [ [ -180.0, -11.25 ], [ -168.75, 0.0 ], [ -180.0, 0.0 ], [ -180.0, -11.25 ] ] ] } },
{ "type": "Feature", "properties": { "qtm": "5223", "resolution": 4, "center_lat": -3.75, "center_lon": -164.77983041446888, "avg_edge_len": 1402431.8287598237, "cell_area": 783624594877.729, "cell_perimeter": 4207295.4862794708 }, "geometry": { "type": "Polygon", "coordinates": [ [ [ -168.089491243406712, -11.25 ], [ -157.5, 0.0 ], [ -168.75, 0.0 ], [ -168.089491243406712, -11.25 ] ] ] } },
{ "type": "Feature", "properties": { "qtm": "5230", "resolution": 4, "center_lat": -7.5, "center_lon": -148.07082507636619, "avg_edge_len": 1382585.1057036736, "cell_area": 807876768060.61047, "cell_perimeter": 4147755.3171110209 }, "geometry": { "type": "Polygon", "coordinates": [ [ [ -154.876882380234747, -11.25 ], [ -143.085592848863826, -11.25 ], [ -146.25, 0.0 ], [ -154.876882380234747, -11.25 ] ] ] } },
{ "type": "Feature", "properties": { "qtm": "5231", "resolution": 4, "center_lat": -15.0, "center_lon": -149.99790789577401, "avg_edge_len": 1378518.5249773364, "cell_area": 802090550839.84656, "cell_perimeter": 4135555.574932009 }, "geometry": { "type": "Polygon", "coordinates": [ [ [ -152.031248458223445, -22.5 ], [ -143.085592848863826, -11.25 ], [ -154.876882380234747, -11.25 ], [ -152.031248458223445, -22.5 ] ] ] } },
{ "type": "Feature", "properties": { "qtm": "5232", "resolution": 4, "center_lat": -3.75, "center_lon": -152.87562746007825, "avg_edge_len": 1365910.2750306986, "cell_area": 782692329385.27393, "cell_perimeter": 4097730.8250920959 }, "geometry": { "type": "Polygon", "coordinates": [ [ [ -154.876882380234747, -11.25 ], [ -146.25, 0.0 ], [ -157.5, 0.0 ], [ -154.876882380234747, -11.25 ] ] ] } },
{ "type": "Feature", "properties": { "qtm": "5233", "resolution": 4, "center_lat": -3.75, "center_lon": -141.44519761628794, "avg_edge_len": 1358982.1477137401, "cell_area": 782516190194.87781, "cell_perimeter": 4076946.4431412201 }, "geometry": { "type": "Polygon", "coordinates": [ [ [ -143.085592848863826, -11.25 ], [ -135.0, 0.0 ], [ -146.25, 0.0 ], [ -143.085592848863826, -11.25 ] ] ] } },
{ "type": "Feature", "properties": { "qtm": "5300", "resolution": 4, "center_lat": -15.0, "center_lon": -107.0060007157489, "avg_edge_len": 1475133.7074307359, "cell_area": 899894376219.88062, "cell_perimeter": 4425401.1222922076 }, "geometry": { "type": "Polygon", "coordinates": [ [ [ -115.123117619765139, -11.25 ], [ -103.984375770888278, -22.5 ], [ -101.910508756593288, -11.25 ], [ -115.123117619765139, -11.25 ] ] ] } },
{ "type": "Feature", "properties": { "qtm": "5301", "resolution": 4, "center_lat": -18.75, "center_lon": -98.631628175827188, "avg_edge_len": 1492908.9942980036, "cell_area": 906631268008.5083, "cell_perimeter": 4478726.9828940108 }, "geometry": { "type": "Polygon", "coordinates": [ [ [ -101.910508756593288, -11.25 ], [ -103.984375770888278, -22.5 ], [ -90.0, -22.5 ], [ -101.910508756593288, -11.25 ] ] ] } },
{ "type": "Feature", "properties": { "qtm": "5302", "resolution": 4, "center_lat": -7.5, "center_lon": -109.8445421254528, "avg_edge_len": 1476270.1194005155, "cell_area": 906064749114.59082, "cell_perimeter": 4428810.3582015466 }, "geometry": { "type": "Polygon", "coordinates": [ [ [ -112.5, 0.0 ], [ -115.123117619765139, -11.25 ], [ -101.910508756593288, -11.25 ], [ -112.5, 0.0 ] ] ] } },
{ "type": "Feature", "properties": { "qtm": "5303", "resolution": 4, "center_lat": -18.75, "center_lon": -112.35874831081, "avg_edge_len": 1479352.7737143897, "cell_area": 908052646344.82068, "cell_perimeter": 4438058.321143169 }, "geometry": { "type": "Polygon", "coordinates": [ [ [ -115.123117619765139, -11.25 ], [ -117.968751541776555, -22.5 ], [ -103.984375770888278, -22.5 ], [ -115.123117619765139, -11.25 ] ] ] } },
{ "type": "Feature", "properties": { "qtm": "5310", "resolution": 4, "center_lat": -7.5, "center_lon": -121.92917492363377, "avg_edge_len": 1382585.1057036801, "cell_area": 807876768060.61841, "cell_perimeter": 4147755.3171110405 }, "geometry": { "type": "Polygon", "coordinates": [ [ [ -123.75, 0.0 ], [ -126.914407151136174, -11.25 ], [ -115.123117619765139, -11.25 ], [ -123.75, 0.0 ] ] ] } },
{ "type": "Feature", "properties": { "qtm": "5311", "resolution": 4, "center_lat": -3.75, "center_lon": -128.55480238371206, "avg_edge_len": 1358982.1477137401, "cell_area": 782516190194.87781, "cell_perimeter": 4076946.4431412201 }, "geometry": { "type": "Polygon", "coordinates": [ [ [ -135.0, 0.0 ], [ -126.914407151136174, -11.25 ], [ -123.75, 0.0 ], [ -135.0, 0.0 ] ] ] } },
{ "type": "Feature", "properties": { "qtm": "5312", "resolution": 4, "center_lat": -3.75, "center_lon": -117.12437253992171, "avg_edge_len": 1365910.2750307, "cell_area": 782692329385.27393, "cell_perimeter": 4097730.8250921001 }, "geometry": { "type": "Polygon", "coordinates": [ [ [ -123.75, 0.0 ], [ -115.123117619765139, -11.25 ], [ -112.5, 0.0 ], [ -123.75, 0.0 ] ] ] } },
{ "type": "Feature", "properties": { "qtm": "5313", "resolution": 4, "center_lat": -15.0, "center_lon": -120.00209210422595, "avg_edge_len": 1378518.5249773415, "cell_area": 802090550839.85413, "cell_perimeter": 4135555.5749320243 }, "geometry": { "type": "Polygon", "coordinates": [ [ [ -126.914407151136174, -11.25 ], [ -117.968751541776555, -22.5 ], [ -115.123117619765139, -11.25 ], [ -126.914407151136174, -11.25 ] ] ] } },
{ "type": "Feature", "properties": { "qtm": "5320", "resolution": 4, "center_lat": -7.5, "center_lon": -97.720169585531082, "avg_edge_len": 1435433.6493587096, "cell_area": 814845512987.02417, "cell_perimeter": 4306300.948076129 }, "geometry": { "type": "Polygon", "coordinates": [ [ [ -101.25, 0.0 ], [ -101.910508756593288, -11.25 ], [ -90.0, -11.25 ], [ -101.25, 0.0 ] ] ] } },
{ "type": "Feature", "properties": { "qtm": "5321", "resolution": 4, "center_lat": -3.75, "center_lon": -105.2201695855311, "avg_edge_len": 1402431.8287598237, "cell_area": 783624594877.729, "cell_perimeter": 4207295.4862794708 }, "geometry": { "type": "Polygon", "coordinates": [ [ [ -112.5, 0.0 ], [ -101.910508756593288, -11.25 ], [ -101.25, 0.0 ], [ -112.5, 0.0 ] ] ] } },
{ "type": "Feature", "properties": { "qtm": "5322", "resolution": 4, "center_lat": -3.75, "center_lon": -93.75, "avg_edge_len": 1418676.8091749076, "cell_area": 784042132728.14978, "cell_perimeter": 4256030.4275247231 }, "geometry": { "type": "Polygon", "coordinates": [ [ [ -101.25, 0.0 ], [ -90.0, -11.25 ], [ -90.0, 0.0 ], [ -101.25, 0.0 ] ] ] } },
{ "type": "Feature", "properties": { "qtm": "5323", "resolution": 4, "center_lat": -15.0, "center_lon": -93.970169585531096, "avg_edge_len": 1440468.2139155443, "cell_area": 814648633311.35889, "cell_perimeter": 4321404.6417466328 }, "geometry": { "type": "Polygon", "coordinates": [ [ [ -101.910508756593288, -11.25 ], [ -90.0, -22.5 ], [ -90.0, -11.25 ], [ -101.910508756593288, -11.25 ] ] ] } },
{ "type": "Feature", "properties": { "qtm": "5330", "resolution": 4, "center_lat": -29.999999999999996, "center_lon": -100.26312978418838, "avg_edge_len": 1561342.024283434, "cell_area": 988474797110.86804, "cell_perimeter": 4684026.0728503019 }, "geometry": { "type": "Polygon", "coordinates": [ [ [ -103.984375770888278, -22.5 ], [ -106.80501358167686, -33.75 ], [ -90.0, -33.75 ], [ -103.984375770888278, -22.5 ] ] ] } },
{ "type": "Feature", "properties": { "qtm": "5331", "resolution": 4, "center_lat": -26.25, "center_lon": -109.58604696478055, "avg_edge_len": 1457850.5459732118, "cell_area": 893095090943.69934, "cell_perimeter": 4373551.6379196355 }, "geometry": { "type": "Polygon", "coordinates": [ [ [ -117.968751541776555, -22.5 ], [ -106.80501358167686, -33.75 ], [ -103.984375770888278, -22.5 ], [ -117.968751541776555, -22.5 ] ] ] } },
{ "type": "Feature", "properties": { "qtm": "5332", "resolution": 4, "center_lat": -26.25, "center_lon": -94.661458590296107, "avg_edge_len": 1512288.5139828196, "cell_area": 901904911482.67578, "cell_perimeter": 4536865.5419484591 }, "geometry": { "type": "Polygon", "coordinates": [ [ [ -103.984375770888278, -22.5 ], [ -90.0, -33.75 ], [ -90.0, -22.5 ], [ -103.984375770888278, -22.5 ] ] ] } },
{ "type": "Feature", "properties": { "qtm": "5333", "resolution": 4, "center_lat": -37.5, "center_lon": -95.601671193892273, "avg_edge_len": 1569897.0904327633, "cell_area": 975010066151.91602, "cell_perimeter": 4709691.2712982902 }, "geometry": { "type": "Polygon", "coordinates": [ [ [ -106.80501358167686, -33.75 ], [ -90.0, -45.0 ], [ -90.0, -33.75 ], [ -106.80501358167686, -33.75 ] ] ] } },
{ "type": "Feature", "properties": { "qtm": "6000", "resolution": 4, "center_lat": -30.0, "center_lon": -45.000000000000014, "avg_edge_len": 1660010.062124934, "cell_area": 1184230491773.6094, "cell_perimeter": 4980030.1863748021 }, "geometry": { "type": "Polygon", "coordinates": [ [ [ -54.865969179544038, -33.75 ], [ -35.134030820456019, -33.75 ], [ -45.0, -22.5 ], [ -54.865969179544038, -33.75 ] ] ] } },
{ "type": "Feature", "properties": { "qtm": "6001", "resolution": 4, "center_lat": -37.5, "center_lon": -45.000000000000014, "avg_edge_len": 1614017.8329435429, "cell_area": 1104938772194.2314, "cell_perimeter": 4842053.4988306286 }, "geometry": { "type": "Polygon", "coordinates": [ [ [ -45.0, -45.0 ], [ -35.134030820456019, -33.75 ], [ -54.865969179544038, -33.75 ], [ -45.0, -45.0 ] ] ] } },
{ "type": "Feature", "properties": { "qtm": "6002", "resolution": 4, "center_lat": -26.25, "center_lon": -53.965739212589163, "avg_edge_len": 1586496.9850615237, "cell_area": 1075460707728.1055, "cell_perimeter": 4759490.9551845714 }, "geometry": { "type": "Polygon", "coordinates": [ [ [ -54.865969179544038, -33.75 ], [ -45.0, -22.5 ], [ -62.031248458223445, -22.5 ], [ -54.865969179544038, -33.75 ] ] ] } },
{ "type": "Feature", "properties": { "qtm": "6003", "resolution": 4, "center_lat": -26.25, "center_lon": -36.034260787410858, "avg_edge_len": 1586496.9850615237, "cell_area": 1075460707728.106, "cell_perimeter": 4759490.9551845714 }, "geometry": { "type": "Polygon", "coordinates": [ [ [ -35.134030820456019, -33.75 ], [ -27.968751541776555, -22.5 ], [ -45.0, -22.5 ], [ -35.134030820456019, -33.75 ] ] ] } },
{ "type": "Feature", "properties": { "qtm": "6010", "resolution": 4, "center_lat": -15.0, "center_lon": -45.0, "avg_edge_len": 1597222.5893550534, "cell_area": 1093459361793.4771, "cell_perimeter": 4791667.7680651601 }, "geometry": { "type": "Polygon", "coordinates": [ [ [ -45.0, -22.5 ], [ -36.914407151136174, -11.25 ], [ -53.085592848863826, -11.25 ], [ -45.0, -22.5 ] ] ] } },
{ "type": "Feature", "properties": { "qtm": "6011", "resolution": 4, "center_lat": -7.5, "center_lon": -45.0, "avg_edge_len": 1609985.2390028238, "cell_area": 1114508561148.9067, "cell_perimeter": 4829955.7170084715 }, "geometry": { "type": "Polygon", "coordinates": [ [ [ -53.085592848863826, -11.25 ], [ -36.914407151136174, -11.25 ], [ -45.0, 0.0 ], [ -53.085592848863826, -11.25 ] ] ] } },
{ "type": "Feature", "properties": { "qtm": "6012", "resolution": 4, "center_lat": -18.75, "center_lon": -53.372280435695757, "avg_edge_len": 1610450.7214585755, "cell_area": 1117753168745.5396, "cell_perimeter": 4831352.1643757261 }, "geometry": { "type": "Polygon", "coordinates": [ [ [ -62.031248458223445, -22.5 ], [ -45.0, -22.5 ], [ -53.085592848863826, -11.25 ], [ -62.031248458223445, -22.5 ] ] ] } },
{ "type": "Feature", "properties": { "qtm": "6013", "resolution": 4, "center_lat": -18.75, "center_lon": -36.627719564304243, "avg_edge_len": 1610450.7214585755, "cell_area": 1117753168745.5396, "cell_perimeter": 4831352.1643757261 }, "geometry": { "type": "Polygon", "coordinates": [ [ [ -45.0, -22.5 ], [ -27.968751541776555, -22.5 ], [ -36.914407151136174, -11.25 ], [ -45.0, -22.5 ] ] ] } },
{ "type": "Feature", "properties": { "qtm": "6020", "resolution": 4, "center_lat": -37.5, "center_lon": -65.18698519928904, "avg_edge_len": 1563282.9582533028, "cell_area": 1036115463699.2871, "cell_perimeter": 4689848.8747599088 }, "geometry": { "type": "Polygon", "coordinates": [ [ [ -67.5, -45.0 ], [ -54.865969179543981, -33.75 ], [ -73.19498641832314, -33.75 ], [ -67.5, -45.0 ] ] ] } },
{ "type": "Feature", "properties": { "qtm": "6021", "resolution": 4, "center_lat": -30.0, "center_lon": -63.364068018696855, "avg_edge_len": 1594947.2236645371, "cell_area": 1093324799582.7651, "cell_perimeter": 4784841.6709936112 }, "geometry": { "type": "Polygon", "coordinates": [ [ [ -73.19498641832314, -33.75 ], [ -54.865969179543981, -33.75 ], [ -62.031248458223445, -22.5 ], [ -73.19498641832314, -33.75 ] ] ] } },
{ "type": "Feature", "properties": { "qtm": "6022", "resolution": 4, "center_lat": -41.25, "center_lon": -76.898328806107713, "avg_edge_len": 1671571.8148050148, "cell_area": 1150744595494.8438, "cell_perimeter": 5014715.444415044 }, "geometry": { "type": "Polygon", "coordinates": [ [ [ -90.0, -45.0 ], [ -67.5, -45.0 ], [ -73.19498641832314, -33.75 ], [ -90.0, -45.0 ] ] ] } },
{ "type": "Feature", "properties": { "qtm": "6023", "resolution": 4, "center_lat": -41.25, "center_lon": -55.78865639318132, "avg_edge_len": 1643134.215111451, "cell_area": 1164181481592.3945, "cell_perimeter": 4929402.6453343527 }, "geometry": { "type": "Polygon", "coordinates": [ [ [ -67.5, -45.0 ], [ -45.0, -45.0 ], [ -54.865969179543981, -33.75 ], [ -67.5, -45.0 ] ] ] } },
{ "type": "Feature", "properties": { "qtm": "6030", "resolution": 4, "center_lat": -37.5, "center_lon": -24.813014800710921, "avg_edge_len": 1563282.9582533024, "cell_area": 1036115463699.2861, "cell_perimeter": 4689848.8747599069 }, "geometry": { "type": "Polygon", "coordinates": [ [ [ -22.5, -45.0 ], [ -16.805013581676803, -33.75 ], [ -35.134030820455962, -33.75 ], [ -22.5, -45.0 ] ] ] } },
{ "type": "Feature", "properties": { "qtm": "6031", "resolution": 4, "center_lat": -30.0, "center_lon": -26.635931981303106, "avg_edge_len": 1594947.2236645373, "cell_area": 1093324799582.7661, "cell_perimeter": 4784841.6709936121 }, "geometry": { "type": "Polygon", "coordinates": [ [ [ -35.134030820455962, -33.75 ], [ -16.805013581676803, -33.75 ], [ -27.968751541776555, -22.5 ], [ -35.134030820455962, -33.75 ] ] ] } },
{ "type": "Feature", "properties": { "qtm": "6032", "resolution": 4, "center_lat": -41.25, "center_lon": -34.211343606818652, "avg_edge_len": 1643134.2151114505, "cell_area": 1164181481592.3945, "cell_perimeter": 4929402.6453343518 }, "geometry": { "type": "Polygon", "coordinates": [ [ [ -45.0, -45.0 ], [ -22.5, -45.0 ], [ -35.134030820455962, -33.75 ], [ -45.0, -45.0 ] ] ] } },
{ "type": "Feature", "properties": { "qtm": "6033", "resolution": 4, "center_lat": -41.25, "center_lon": -13.101671193892267, "avg_edge_len": 1671571.8148050141, "cell_area": 1150744595494.8438, "cell_perimeter": 5014715.4444150422 }, "geometry": { "type": "Polygon", "coordinates": [ [ [ -22.5, -45.0 ], [ 0.0, -45.0 ], [ -16.805013581676803, -33.75 ], [ -22.5, -45.0 ] ] ] } },
{ "type": "Feature", "properties": { "qtm": "6100", "resolution": 4, "center_lat": -60.000000000000007, "center_lon": -45.0, "avg_edge_len": 1450123.0550512585, "cell_area": 911694506265.94531, "cell_perimeter": 4350369.1651537754 }, "geometry": { "type": "Polygon", "coordinates": [ [ [ -45.0, -67.5 ], [ -32.559446286546745, -56.25 ], [ -57.440553713453255, -56.25 ], [ -45.0, -67.5 ] ] ] } },
{ "type": "Feature", "properties": { "qtm": "6101", "resolution": 4, "center_lat": -52.5, "center_lon": -45.0, "avg_edge_len": 1527989.8948321689, "cell_area": 1018250021396.9707, "cell_perimeter": 4583969.684496507 }, "geometry": { "type": "Polygon", "coordinates": [ [ [ -57.440553713453255, -56.25 ], [ -32.559446286546745, -56.25 ], [ -45.0, -45.0 ], [ -57.440553713453255, -56.25 ] ] ] } },
{ "type": "Feature", "properties": { "qtm": "6102", "resolution": 4, "center_lat": -63.75, "center_lon": -64.146851237817756, "avg_edge_len": 1790395.3071037345, "cell_area": 1303683133187.7139, "cell_perimeter": 5371185.9213112034 }, "geometry": { "type": "Polygon", "coordinates": [ [ [ -90.0, -67.5 ], [ -45.0, -67.5 ], [ -57.440553713453255, -56.25 ], [ -90.0, -67.5 ] ] ] } },
{ "type": "Feature", "properties": { "qtm": "6103", "resolution": 4, "center_lat": -63.75, "center_lon": -25.853148762182247, "avg_edge_len": 1790395.3071037345, "cell_area": 1303683133187.7139, "cell_perimeter": 5371185.9213112034 }, "geometry": { "type": "Polygon", "coordinates": [ [ [ -45.0, -67.5 ], [ 0.0, -67.5 ], [ -32.559446286546745, -56.25 ], [ -45.0, -67.5 ] ] ] } },
{ "type": "Feature", "properties": { "qtm": "6110", "resolution": 4, "center_lat": -75.0, "center_lon": -45.0, "avg_edge_len": 1816797.130761276, "cell_area": 1442488724966.4297, "cell_perimeter": 5450391.392283828 }, "geometry": { "type": "Polygon", "coordinates": [ [ [ -90.0, -78.75 ], [ 0.0, -78.75 ], [ -45.0, -67.5 ], [ -90.0, -78.75 ] ] ] } },
{ "type": "Feature", "properties": { "qtm": "6111", "resolution": 4, "center_lat": -84.375, "center_lon": -45.0, "avg_edge_len": 1427951.8964748245, "cell_area": 794338524198.33594, "cell_perimeter": 4283855.6894244738 }, "geometry": { "type": "Polygon", "coordinates": [ [ [ -90.0, -90.0 ], [ 0.0, -90.0 ], [ 0.0, -78.75 ], [ -90.0, -78.75 ], [ -90.0, -90.0 ] ] ] } },
{ "type": "Feature", "properties": { "qtm": "6112", "resolution": 4, "center_lat": -71.25, "center_lon": -75.0, "avg_edge_len": 1658450.68973363, "cell_area": 1108060290312.9102, "cell_perimeter": 4975352.0692008901 }, "geometry": { "type": "Polygon", "coordinates": [ [ [ -90.0, -78.75 ], [ -45.0, -67.5 ], [ -90.0, -67.5 ], [ -90.0, -78.75 ] ] ] } },
{ "type": "Feature", "properties": { "qtm": "6113", "resolution": 4, "center_lat": -71.25, "center_lon": -15.0, "avg_edge_len": 1658450.68973363, "cell_area": 1108060290312.9102, "cell_perimeter": 4975352.0692008901 }, "geometry": { "type": "Polygon", "coordinates": [ [ [ -45.0, -67.5 ], [ 0.0, -78.75 ], [ 0.0, -67.5 ], [ -45.0, -67.5 ] ] ] } },
{ "type": "Feature", "properties": { "qtm": "6120", "resolution": 4, "center_lat": -52.5, "center_lon": -71.646851237817742, "avg_edge_len": 1815014.4910035853, "cell_area": 1357900757890.4336, "cell_perimeter": 5445043.4730107561 }, "geometry": { "type": "Polygon", "coordinates": [ [ [ -90.0, -56.25 ], [ -57.440553713453255, -56.25 ], [ -67.5, -45.0 ], [ -90.0, -56.25 ] ] ] } },
{ "type": "Feature", "properties": { "qtm": "6121", "resolution": 4, "center_lat": -60.0, "center_lon": -79.146851237817756, "avg_edge_len": 1778630.3019265335, "cell_area": 1227370537273.5781, "cell_perimeter": 5335890.9057796001 }, "geometry": { "type": "Polygon", "coordinates": [ [ [ -90.0, -67.5 ], [ -57.440553713453255, -56.25 ], [ -90.0, -56.25 ], [ -90.0, -67.5 ] ] ] } },
{ "type": "Feature", "properties": { "qtm": "6122", "resolution": 4, "center_lat": -48.75, "center_lon": -82.5, "avg_edge_len": 1676338.9866363604, "cell_area": 1104134188512.3301, "cell_perimeter": 5029016.9599090815 }, "geometry": { "type": "Polygon", "coordinates": [ [ [ -90.0, -56.25 ], [ -67.5, -45.0 ], [ -90.0, -45.0 ], [ -90.0, -56.25 ] ] ] } },
{ "type": "Feature", "properties": { "qtm": "6123", "resolution": 4, "center_lat": -48.75, "center_lon": -56.646851237817749, "avg_edge_len": 1576563.2756876319, "cell_area": 1056953134104.8301, "cell_perimeter": 4729689.8270628955 }, "geometry": { "type": "Polygon", "coordinates": [ [ [ -57.440553713453255, -56.25 ], [ -45.0, -45.0 ], [ -67.5, -45.0 ], [ -57.440553713453255, -56.25 ] ] ] } },
{ "type": "Feature", "properties": { "qtm": "6130", "resolution": 4, "center_lat": -52.5, "center_lon": -18.353148762182251, "avg_edge_len": 1815014.4910035853, "cell_area": 1357900757890.4336, "cell_perimeter": 5445043.4730107561 }, "geometry": { "type": "Polygon", "coordinates": [ [ [ -22.5, -45.0 ], [ -32.559446286546745, -56.25 ], [ 0.0, -56.25 ], [ -22.5, -45.0 ] ] ] } },
{ "type": "Feature", "properties": { "qtm": "6131", "resolution": 4, "center_lat": -48.75, "center_lon": -33.353148762182251, "avg_edge_len": 1576563.2756876319, "cell_area": 1056953134104.8301, "cell_perimeter": 4729689.8270628955 }, "geometry": { "type": "Polygon", "coordinates": [ [ [ -45.0, -45.0 ], [ -32.559446286546745, -56.25 ], [ -22.5, -45.0 ], [ -45.0, -45.0 ] ] ] } },
{ "type": "Feature", "properties": { "qtm": "6132", "resolution": 4, "center_lat": -48.75, "center_lon": -7.5, "avg_edge_len": 1676338.9866363604, "cell_area": 1104134188512.3301, "cell_perimeter": 5029016.9599090815 }, "geometry": { "type": "Polygon", "coordinates": [ [ [ -22.5, -45.0 ], [ 0.0, -56.25 ], [ 0.0, -45.0 ], [ -22.5, -45.0 ] ] ] } },
{ "type": "Feature", "properties": { "qtm": "6133", "resolution": 4, "center_lat": -60.0, "center_lon": -10.853148762182247, "avg_edge_len": 1778630.3019265335, "cell_area": 1227370537273.5781, "cell_perimeter": 5335890.9057796001 }, "geometry": { "type": "Polygon", "coordinates": [ [ [ -32.559446286546745, -56.25 ], [ 0.0, -67.5 ], [ 0.0, -56.25 ], [ -32.559446286546745, -56.25 ] ] ] } },
{ "type": "Feature", "properties": { "qtm": "6200", "resolution": 4, "center_lat": -15.0, "center_lon": -72.993999284251103, "avg_edge_len": 1475133.7074307359, "cell_area": 899894376219.88062, "cell_perimeter": 4425401.1222922076 }, "geometry": { "type": "Polygon", "coordinates": [ [ [ -76.015624229111722, -22.5 ], [ -64.876882380234861, -11.25 ], [ -78.089491243406712, -11.25 ], [ -76.015624229111722, -22.5 ] ] ] } },
{ "type": "Feature", "properties": { "qtm": "6201", "resolution": 4, "center_lat": -7.5, "center_lon": -70.155457874547182, "avg_edge_len": 1476270.1194005155, "cell_area": 906064749114.59082, "cell_perimeter": 4428810.3582015466 }, "geometry": { "type": "Polygon", "coordinates": [ [ [ -78.089491243406712, -11.25 ], [ -64.876882380234861, -11.25 ], [ -67.5, 0.0 ], [ -78.089491243406712, -11.25 ] ] ] } },
{ "type": "Feature", "properties": { "qtm": "6202", "resolution": 4, "center_lat": -18.75, "center_lon": -81.368371824172812, "avg_edge_len": 1492908.9942980036, "cell_area": 906631268008.5083, "cell_perimeter": 4478726.9828940108 }, "geometry": { "type": "Polygon", "coordinates": [ [ [ -90.0, -22.5 ], [ -76.015624229111722, -22.5 ], [ -78.089491243406712, -11.25 ], [ -90.0, -22.5 ] ] ] } },
{ "type": "Feature", "properties": { "qtm": "6203", "resolution": 4, "center_lat": -18.75, "center_lon": -67.641251689190014, "avg_edge_len": 1479352.7737143897, "cell_area": 908052646344.82068, "cell_perimeter": 4438058.321143169 }, "geometry": { "type": "Polygon", "coordinates": [ [ [ -76.015624229111722, -22.5 ], [ -62.031248458223445, -22.5 ], [ -64.876882380234861, -11.25 ], [ -76.015624229111722, -22.5 ] ] ] } },
{ "type": "Feature", "properties": { "qtm": "6210", "resolution": 4, "center_lat": -30.0, "center_lon": -79.736870215811649, "avg_edge_len": 1561342.0242834312, "cell_area": 988474797110.8634, "cell_perimeter": 4684026.0728502935 }, "geometry": { "type": "Polygon", "coordinates": [ [ [ -90.0, -33.75 ], [ -73.194986418323197, -33.75 ], [ -76.015624229111722, -22.5 ], [ -90.0, -33.75 ] ] ] } },
{ "type": "Feature", "properties": { "qtm": "6211", "resolution": 4, "center_lat": -37.5, "center_lon": -84.398328806107742, "avg_edge_len": 1569897.0904327603, "cell_area": 975010066151.91406, "cell_perimeter": 4709691.2712982809 }, "geometry": { "type": "Polygon", "coordinates": [ [ [ -90.0, -45.0 ], [ -73.194986418323197, -33.75 ], [ -90.0, -33.75 ], [ -90.0, -45.0 ] ] ] } },
{ "type": "Feature", "properties": { "qtm": "6212", "resolution": 4, "center_lat": -26.25, "center_lon": -85.338541409703907, "avg_edge_len": 1512288.5139828196, "cell_area": 901904911482.67578, "cell_perimeter": 4536865.5419484591 }, "geometry": { "type": "Polygon", "coordinates": [ [ [ -90.0, -33.75 ], [ -76.015624229111722, -22.5 ], [ -90.0, -22.5 ], [ -90.0, -33.75 ] ] ] } },
{ "type": "Feature", "properties": { "qtm": "6213", "resolution": 4, "center_lat": -26.25, "center_lon": -70.413953035219464, "avg_edge_len": 1457850.5459732122, "cell_area": 893095090943.69958, "cell_perimeter": 4373551.6379196364 }, "geometry": { "type": "Polygon", "coordinates": [ [ [ -73.194986418323197, -33.75 ], [ -62.031248458223445, -22.5 ], [ -76.015624229111722, -22.5 ], [ -73.194986418323197, -33.75 ] ] ] } },
{ "type": "Feature", "properties": { "qtm": "6220", "resolution": 4, "center_lat": -7.5, "center_lon": -82.279830414468918, "avg_edge_len": 1435433.6493587096, "cell_area": 814845512987.02417, "cell_perimeter": 4306300.948076129 }, "geometry": { "type": "Polygon", "coordinates": [ [ [ -90.0, -11.25 ], [ -78.089491243406712, -11.25 ], [ -78.75, 0.0 ], [ -90.0, -11.25 ] ] ] } },
{ "type": "Feature", "properties": { "qtm": "6221", "resolution": 4, "center_lat": -15.0, "center_lon": -86.029830414468918, "avg_edge_len": 1440468.2139155443, "cell_area": 814648633311.35889, "cell_perimeter": 4321404.6417466328 }, "geometry": { "type": "Polygon", "coordinates": [ [ [ -90.0, -22.5 ], [ -78.089491243406712, -11.25 ], [ -90.0, -11.25 ], [ -90.0, -22.5 ] ] ] } },
{ "type": "Feature", "properties": { "qtm": "6222", "resolution": 4, "center_lat": -3.75, "center_lon": -86.25, "avg_edge_len": 1418676.8091749076, "cell_area": 784042132728.14978, "cell_perimeter": 4256030.4275247231 }, "geometry": { "type": "Polygon", "coordinates": [ [ [ -90.0, -11.25 ], [ -78.75, 0.0 ], [ -90.0, 0.0 ], [ -90.0, -11.25 ] ] ] } },
{ "type": "Feature", "properties": { "qtm": "6223", "resolution": 4, "center_lat": -3.75, "center_lon": -74.779830414468904, "avg_edge_len": 1402431.8287598237, "cell_area": 783624594877.729, "cell_perimeter": 4207295.4862794708 }, "geometry": { "type": "Polygon", "coordinates": [ [ [ -78.089491243406712, -11.25 ], [ -67.5, 0.0 ], [ -78.75, 0.0 ], [ -78.089491243406712, -11.25 ] ] ] } },
{ "type": "Feature", "properties": { "qtm": "6230", "resolution": 4, "center_lat": -7.5, "center_lon": -58.070825076366226, "avg_edge_len": 1382585.1057036801, "cell_area": 807876768060.61841, "cell_perimeter": 4147755.3171110405 }, "geometry": { "type": "Polygon", "coordinates": [ [ [ -64.876882380234861, -11.25 ], [ -53.085592848863826, -11.25 ], [ -56.25, 0.0 ], [ -64.876882380234861, -11.25 ] ] ] } },
{ "type": "Feature", "properties": { "qtm": "6231", "resolution": 4, "center_lat": -15.0, "center_lon": -59.997907895774041, "avg_edge_len": 1378518.5249773415, "cell_area": 802090550839.85413, "cell_perimeter": 4135555.5749320243 }, "geometry": { "type": "Polygon", "coordinates": [ [ [ -62.031248458223445, -22.5 ], [ -53.085592848863826, -11.25 ], [ -64.876882380234861, -11.25 ], [ -62.031248458223445, -22.5 ] ] ] } },
{ "type": "Feature", "properties": { "qtm": "6232", "resolution": 4, "center_lat": -3.75, "center_lon": -62.875627460078292, "avg_edge_len": 1365910.2750307, "cell_area": 782692329385.27393, "cell_perimeter": 4097730.8250921001 }, "geometry": { "type": "Polygon", "coordinates": [ [ [ -64.876882380234861, -11.25 ], [ -56.25, 0.0 ], [ -67.5, 0.0 ], [ -64.876882380234861, -11.25 ] ] ] } },
{ "type": "Feature", "properties": { "qtm": "6233", "resolution": 4, "center_lat": -3.75, "center_lon": -51.445197616287942, "avg_edge_len": 1358982.1477137401, "cell_area": 782516190194.87781, "cell_perimeter": 4076946.4431412201 }, "geometry": { "type": "Polygon", "coordinates": [ [ [ -53.085592848863826, -11.25 ], [ -45.0, 0.0 ], [ -56.25, 0.0 ], [ -53.085592848863826, -11.25 ] ] ] } },
{ "type": "Feature", "properties": { "qtm": "6300", "resolution": 4, "center_lat": -15.000000000000002, "center_lon": -17.006000715748918, "avg_edge_len": 1475133.7074307334, "cell_area": 899894376219.8772, "cell_perimeter": 4425401.1222922001 }, "geometry": { "type": "Polygon", "coordinates": [ [ [ -25.123117619765139, -11.25 ], [ -13.984375770888278, -22.5 ], [ -11.910508756593345, -11.25 ], [ -25.123117619765139, -11.25 ] ] ] } },
{ "type": "Feature", "properties": { "qtm": "6301", "resolution": 4, "center_lat": -18.75, "center_lon": -8.631628175827208, "avg_edge_len": 1492908.9942980045, "cell_area": 906631268008.5083, "cell_perimeter": 4478726.9828940136 }, "geometry": { "type": "Polygon", "coordinates": [ [ [ -11.910508756593345, -11.25 ], [ -13.984375770888278, -22.5 ], [ 0.0, -22.5 ], [ -11.910508756593345, -11.25 ] ] ] } },
{ "type": "Feature", "properties": { "qtm": "6302", "resolution": 4, "center_lat": -7.5, "center_lon": -19.844542125452829, "avg_edge_len": 1476270.1194005117, "cell_area": 906064749114.58643, "cell_perimeter": 4428810.3582015354 }, "geometry": { "type": "Polygon", "coordinates": [ [ [ -22.5, 0.0 ], [ -25.123117619765139, -11.25 ], [ -11.910508756593345, -11.25 ], [ -22.5, 0.0 ] ] ] } },
{ "type": "Feature", "properties": { "qtm": "6303", "resolution": 4, "center_lat": -18.75, "center_lon": -22.35874831080999, "avg_edge_len": 1479352.7737143897, "cell_area": 908052646344.82068, "cell_perimeter": 4438058.321143169 }, "geometry": { "type": "Polygon", "coordinates": [ [ [ -25.123117619765139, -11.25 ], [ -27.968751541776555, -22.5 ], [ -13.984375770888278, -22.5 ], [ -25.123117619765139, -11.25 ] ] ] } },
{ "type": "Feature", "properties": { "qtm": "6310", "resolution": 4, "center_lat": -7.5, "center_lon": -31.929174923633774, "avg_edge_len": 1382585.1057036801, "cell_area": 807876768060.61841, "cell_perimeter": 4147755.3171110405 }, "geometry": { "type": "Polygon", "coordinates": [ [ [ -33.75, 0.0 ], [ -36.914407151136174, -11.25 ], [ -25.123117619765139, -11.25 ], [ -33.75, 0.0 ] ] ] } },
{ "type": "Feature", "properties": { "qtm": "6311", "resolution": 4, "center_lat": -3.75, "center_lon": -38.554802383712058, "avg_edge_len": 1358982.1477137401, "cell_area": 782516190194.87781, "cell_perimeter": 4076946.4431412201 }, "geometry": { "type": "Polygon", "coordinates": [ [ [ -45.0, 0.0 ], [ -36.914407151136174, -11.25 ], [ -33.75, 0.0 ], [ -45.0, 0.0 ] ] ] } },
{ "type": "Feature", "properties": { "qtm": "6312", "resolution": 4, "center_lat": -3.75, "center_lon": -27.124372539921712, "avg_edge_len": 1365910.2750307, "cell_area": 782692329385.27393, "cell_perimeter": 4097730.8250921001 }, "geometry": { "type": "Polygon", "coordinates": [ [ [ -33.75, 0.0 ], [ -25.123117619765139, -11.25 ], [ -22.5, 0.0 ], [ -33.75, 0.0 ] ] ] } },
{ "type": "Feature", "properties": { "qtm": "6313", "resolution": 4, "center_lat": -15.0, "center_lon": -30.002092104225955, "avg_edge_len": 1378518.5249773415, "cell_area": 802090550839.85413, "cell_perimeter": 4135555.5749320243 }, "geometry": { "type": "Polygon", "coordinates": [ [ [ -36.914407151136174, -11.25 ], [ -27.968751541776555, -22.5 ], [ -25.123117619765139, -11.25 ], [ -36.914407151136174, -11.25 ] ] ] } },
{ "type": "Feature", "properties": { "qtm": "6320", "resolution": 4, "center_lat": -7.5, "center_lon": -7.7201695855310781, "avg_edge_len": 1435433.6493587077, "cell_area": 814845512987.02002, "cell_perimeter": 4306300.9480761234 }, "geometry": { "type": "Polygon", "coordinates": [ [ [ -11.25, 0.0 ], [ -11.910508756593231, -11.25 ], [ 0.0, -11.25 ], [ -11.25, 0.0 ] ] ] } },
{ "type": "Feature", "properties": { "qtm": "6321", "resolution": 4, "center_lat": -3.75, "center_lon": -15.220169585531076, "avg_edge_len": 1402431.8287598249, "cell_area": 783624594877.729, "cell_perimeter": 4207295.4862794746 }, "geometry": { "type": "Polygon", "coordinates": [ [ [ -22.5, 0.0 ], [ -11.910508756593231, -11.25 ], [ -11.25, 0.0 ], [ -22.5, 0.0 ] ] ] } },
{ "type": "Feature", "properties": { "qtm": "6322", "resolution": 4, "center_lat": -3.75, "center_lon": -3.75, "avg_edge_len": 1418676.8091749076, "cell_area": 784042132728.14978, "cell_perimeter": 4256030.4275247231 }, "geometry": { "type": "Polygon", "coordinates": [ [ [ -11.25, 0.0 ], [ 0.0, -11.25 ], [ 0.0, 0.0 ], [ -11.25, 0.0 ] ] ] } },
{ "type": "Feature", "properties": { "qtm": "6323", "resolution": 4, "center_lat": -15.000000000000002, "center_lon": -3.9701695855310764, "avg_edge_len": 1440468.2139155408, "cell_area": 814648633311.35474, "cell_perimeter": 4321404.6417466225 }, "geometry": { "type": "Polygon", "coordinates": [ [ [ -11.910508756593231, -11.25 ], [ 0.0, -22.5 ], [ 0.0, -11.25 ], [ -11.910508756593231, -11.25 ] ] ] } },
{ "type": "Feature", "properties": { "qtm": "6330", "resolution": 4, "center_lat": -30.0, "center_lon": -10.26312978418836, "avg_edge_len": 1561342.0242834312, "cell_area": 988474797110.8634, "cell_perimeter": 4684026.0728502935 }, "geometry": { "type": "Polygon", "coordinates": [ [ [ -13.984375770888278, -22.5 ], [ -16.805013581676803, -33.75 ], [ 0.0, -33.75 ], [ -13.984375770888278, -22.5 ] ] ] } },
{ "type": "Feature", "properties": { "qtm": "6331", "resolution": 4, "center_lat": -26.25, "center_lon": -19.586046964780547, "avg_edge_len": 1457850.5459732122, "cell_area": 893095090943.69958, "cell_perimeter": 4373551.6379196364 }, "geometry": { "type": "Polygon", "coordinates": [ [ [ -27.968751541776555, -22.5 ], [ -16.805013581676803, -33.75 ], [ -13.984375770888278, -22.5 ], [ -27.968751541776555, -22.5 ] ] ] } },
{ "type": "Feature", "properties": { "qtm": "6332", "resolution": 4, "center_lat": -26.25, "center_lon": -4.6614585902960926, "avg_edge_len": 1512288.5139828196, "cell_area": 901904911482.67578, "cell_perimeter": 4536865.5419484591 }, "geometry": { "type": "Polygon", "coordinates": [ [ [ -13.984375770888278, -22.5 ], [ 0.0, -33.75 ], [ 0.0, -22.5 ], [ -13.984375770888278, -22.5 ] ] ] } },
{ "type": "Feature", "properties": { "qtm": "6333", "resolution": 4, "center_lat": -37.5, "center_lon": -5.6016711938922681, "avg_edge_len": 1569897.0904327603, "cell_area": 975010066151.91406, "cell_perimeter": 4709691.2712982809 }, "geometry": { "type": "Polygon", "coordinates": [ [ [ -16.805013581676803, -33.75 ], [ 0.0, -45.0 ], [ 0.0, -33.75 ], [ -16.805013581676803, -33.75 ] ] ] } },
{ "type": "Feature", "properties": { "qtm": "7000", "resolution": 4, "center_lat": -30.0, "center_lon": 44.999999999999993, "avg_edge_len": 1660010.0621249313, "cell_area": 1184230491773.6084, "cell_perimeter": 4980030.1863747938 }, "geometry": { "type": "Polygon", "coordinates": [ [ [ 35.134030820456019, -33.75 ], [ 54.865969179543981, -33.75 ], [ 45.0, -22.5 ], [ 35.134030820456019, -33.75 ] ] ] } },
{ "type": "Feature", "properties": { "qtm": "7001", "resolution": 4, "center_lat": -37.5, "center_lon": 44.999999999999993, "avg_edge_len": 1614017.8329435401, "cell_area": 1104938772194.2256, "cell_perimeter": 4842053.4988306202 }, "geometry": { "type": "Polygon", "coordinates": [ [ [ 45.0, -45.0 ], [ 54.865969179543981, -33.75 ], [ 35.134030820456019, -33.75 ], [ 45.0, -45.0 ] ] ] } },
{ "type": "Feature", "properties": { "qtm": "7002", "resolution": 4, "center_lat": -26.25, "center_lon": 36.034260787410858, "avg_edge_len": 1586496.9850615237, "cell_area": 1075460707728.106, "cell_perimeter": 4759490.9551845714 }, "geometry": { "type": "Polygon", "coordinates": [ [ [ 35.134030820456019, -33.75 ], [ 45.0, -22.5 ], [ 27.968751541776555, -22.5 ], [ 35.134030820456019, -33.75 ] ] ] } },
{ "type": "Feature", "properties": { "qtm": "7003", "resolution": 4, "center_lat": -26.25, "center_lon": 53.965739212589142, "avg_edge_len": 1586496.9850615237, "cell_area": 1075460707728.106, "cell_perimeter": 4759490.9551845714 }, "geometry": { "type": "Polygon", "coordinates": [ [ [ 54.865969179543981, -33.75 ], [ 62.031248458223445, -22.5 ], [ 45.0, -22.5 ], [ 54.865969179543981, -33.75 ] ] ] } },
{ "type": "Feature", "properties": { "qtm": "7010", "resolution": 4, "center_lat": -15.0, "center_lon": 45.0, "avg_edge_len": 1597222.5893550534, "cell_area": 1093459361793.4771, "cell_perimeter": 4791667.7680651601 }, "geometry": { "type": "Polygon", "coordinates": [ [ [ 45.0, -22.5 ], [ 53.085592848863826, -11.25 ], [ 36.914407151136174, -11.25 ], [ 45.0, -22.5 ] ] ] } },
{ "type": "Feature", "properties": { "qtm": "7011", "resolution": 4, "center_lat": -7.5, "center_lon": 45.0, "avg_edge_len": 1609985.2390028238, "cell_area": 1114508561148.9067, "cell_perimeter": 4829955.7170084715 }, "geometry": { "type": "Polygon", "coordinates": [ [ [ 36.914407151136174, -11.25 ], [ 53.085592848863826, -11.25 ], [ 45.0, 0.0 ], [ 36.914407151136174, -11.25 ] ] ] } },
{ "type": "Feature", "properties": { "qtm": "7012", "resolution": 4, "center_lat": -18.75, "center_lon": 36.627719564304243, "avg_edge_len": 1610450.7214585755, "cell_area": 1117753168745.5396, "cell_perimeter": 4831352.1643757261 }, "geometry": { "type": "Polygon", "coordinates": [ [ [ 27.968751541776555, -22.5 ], [ 45.0, -22.5 ], [ 36.914407151136174, -11.25 ], [ 27.968751541776555, -22.5 ] ] ] } },
{ "type": "Feature", "properties": { "qtm": "7013", "resolution": 4, "center_lat": -18.75, "center_lon": 53.372280435695757, "avg_edge_len": 1610450.7214585755, "cell_area": 1117753168745.5396, "cell_perimeter": 4831352.1643757261 }, "geometry": { "type": "Polygon", "coordinates": [ [ [ 45.0, -22.5 ], [ 62.031248458223445, -22.5 ], [ 53.085592848863826, -11.25 ], [ 45.0, -22.5 ] ] ] } },
{ "type": "Feature", "properties": { "qtm": "7020", "resolution": 4, "center_lat": -37.5, "center_lon": 24.813014800710938, "avg_edge_len": 1563282.9582533054, "cell_area": 1036115463699.29, "cell_perimeter": 4689848.8747599162 }, "geometry": { "type": "Polygon", "coordinates": [ [ [ 22.5, -45.0 ], [ 35.134030820456019, -33.75 ], [ 16.805013581676803, -33.75 ], [ 22.5, -45.0 ] ] ] } },
{ "type": "Feature", "properties": { "qtm": "7021", "resolution": 4, "center_lat": -30.0, "center_lon": 26.635931981303127, "avg_edge_len": 1594947.2236645401, "cell_area": 1093324799582.7686, "cell_perimeter": 4784841.6709936205 }, "geometry": { "type": "Polygon", "coordinates": [ [ [ 16.805013581676803, -33.75 ], [ 35.134030820456019, -33.75 ], [ 27.968751541776555, -22.5 ], [ 16.805013581676803, -33.75 ] ] ] } },
{ "type": "Feature", "properties": { "qtm": "7022", "resolution": 4, "center_lat": -41.25, "center_lon": 13.101671193892267, "avg_edge_len": 1671571.8148050141, "cell_area": 1150744595494.8438, "cell_perimeter": 5014715.4444150422 }, "geometry": { "type": "Polygon", "coordinates": [ [ [ 0.0, -45.0 ], [ 22.5, -45.0 ], [ 16.805013581676803, -33.75 ], [ 0.0, -45.0 ] ] ] } },
{ "type": "Feature", "properties": { "qtm": "7023", "resolution": 4, "center_lat": -41.25, "center_lon": 34.211343606818673, "avg_edge_len": 1643134.215111451, "cell_area": 1164181481592.3945, "cell_perimeter": 4929402.6453343527 }, "geometry": { "type": "Polygon", "coordinates": [ [ [ 22.5, -45.0 ], [ 45.0, -45.0 ], [ 35.134030820456019, -33.75 ], [ 22.5, -45.0 ] ] ] } },
{ "type": "Feature", "properties": { "qtm": "7030", "resolution": 4, "center_lat": -37.5, "center_lon": 65.186985199289055, "avg_edge_len": 1563282.9582533054, "cell_area": 1036115463699.29, "cell_perimeter": 4689848.8747599162 }, "geometry": { "type": "Polygon", "coordinates": [ [ [ 67.5, -45.0 ], [ 73.194986418323197, -33.75 ], [ 54.865969179543981, -33.75 ], [ 67.5, -45.0 ] ] ] } },
{ "type": "Feature", "properties": { "qtm": "7031", "resolution": 4, "center_lat": -30.0, "center_lon": 63.364068018696869, "avg_edge_len": 1594947.2236645401, "cell_area": 1093324799582.7686, "cell_perimeter": 4784841.6709936205 }, "geometry": { "type": "Polygon", "coordinates": [ [ [ 54.865969179543981, -33.75 ], [ 73.194986418323197, -33.75 ], [ 62.031248458223445, -22.5 ], [ 54.865969179543981, -33.75 ] ] ] } },
{ "type": "Feature", "properties": { "qtm": "7032", "resolution": 4, "center_lat": -41.25, "center_lon": 55.78865639318132, "avg_edge_len": 1643134.215111451, "cell_area": 1164181481592.3945, "cell_perimeter": 4929402.6453343527 }, "geometry": { "type": "Polygon", "coordinates": [ [ [ 45.0, -45.0 ], [ 67.5, -45.0 ], [ 54.865969179543981, -33.75 ], [ 45.0, -45.0 ] ] ] } },
{ "type": "Feature", "properties": { "qtm": "7033", "resolution": 4, "center_lat": -41.25, "center_lon": 76.898328806107742, "avg_edge_len": 1671571.8148050141, "cell_area": 1150744595494.8438, "cell_perimeter": 5014715.4444150422 }, "geometry": { "type": "Polygon", "coordinates": [ [ [ 67.5, -45.0 ], [ 90.0, -45.0 ], [ 73.194986418323197, -33.75 ], [ 67.5, -45.0 ] ] ] } },
{ "type": "Feature", "properties": { "qtm": "7100", "resolution": 4, "center_lat": -60.000000000000007, "center_lon": 45.0, "avg_edge_len": 1450123.0550512585, "cell_area": 911694506265.94531, "cell_perimeter": 4350369.1651537754 }, "geometry": { "type": "Polygon", "coordinates": [ [ [ 45.0, -67.5 ], [ 57.440553713453255, -56.25 ], [ 32.559446286546745, -56.25 ], [ 45.0, -67.5 ] ] ] } },
{ "type": "Feature", "properties": { "qtm": "7101", "resolution": 4, "center_lat": -52.5, "center_lon": 45.0, "avg_edge_len": 1527989.8948321689, "cell_area": 1018250021396.9707, "cell_perimeter": 4583969.684496507 }, "geometry": { "type": "Polygon", "coordinates": [ [ [ 32.559446286546745, -56.25 ], [ 57.440553713453255, -56.25 ], [ 45.0, -45.0 ], [ 32.559446286546745, -56.25 ] ] ] } },
{ "type": "Feature", "properties": { "qtm": "7102", "resolution": 4, "center_lat": -63.75, "center_lon": 25.853148762182247, "avg_edge_len": 1790395.3071037345, "cell_area": 1303683133187.7139, "cell_perimeter": 5371185.9213112034 }, "geometry": { "type": "Polygon", "coordinates": [ [ [ 0.0, -67.5 ], [ 45.0, -67.5 ], [ 32.559446286546745, -56.25 ], [ 0.0, -67.5 ] ] ] } },
{ "type": "Feature", "properties": { "qtm": "7103", "resolution": 4, "center_lat": -63.75, "center_lon": 64.146851237817756, "avg_edge_len": 1790395.3071037345, "cell_area": 1303683133187.7139, "cell_perimeter": 5371185.9213112034 }, "geometry": { "type": "Polygon", "coordinates": [ [ [ 45.0, -67.5 ], [ 90.0, -67.5 ], [ 57.440553713453255, -56.25 ], [ 45.0, -67.5 ] ] ] } },
{ "type": "Feature", "properties": { "qtm": "7110", "resolution": 4, "center_lat": -75.0, "center_lon": 45.0, "avg_edge_len": 1816797.130761276, "cell_area": 1442488724966.4297, "cell_perimeter": 5450391.392283828 }, "geometry": { "type": "Polygon", "coordinates": [ [ [ 0.0, -78.75 ], [ 90.0, -78.75 ], [ 45.0, -67.5 ], [ 0.0, -78.75 ] ] ] } },
{ "type": "Feature", "properties": { "qtm": "7111", "resolution": 4, "center_lat": -84.375, "center_lon": 45.0, "avg_edge_len": 1427951.8964748245, "cell_area": 794338524198.33594, "cell_perimeter": 4283855.6894244738 }, "geometry": { "type": "Polygon", "coordinates": [ [ [ 0.0, -90.0 ], [ 90.0, -90.0 ], [ 90.0, -78.75 ], [ 0.0, -78.75 ], [ 0.0, -90.0 ] ] ] } },
{ "type": "Feature", "properties": { "qtm": "7112", "resolution": 4, "center_lat": -71.25, "center_lon": 15.0, "avg_edge_len": 1658450.68973363, "cell_area": 1108060290312.9102, "cell_perimeter": 4975352.0692008901 }, "geometry": { "type": "Polygon", "coordinates": [ [ [ 0.0, -78.75 ], [ 45.0, -67.5 ], [ 0.0, -67.5 ], [ 0.0, -78.75 ] ] ] } },
{ "type": "Feature", "properties": { "qtm": "7113", "resolution": 4, "center_lat": -71.25, "center_lon": 75.0, "avg_edge_len": 1658450.68973363, "cell_area": 1108060290312.9102, "cell_perimeter": 4975352.0692008901 }, "geometry": { "type": "Polygon", "coordinates": [ [ [ 45.0, -67.5 ], [ 90.0, -78.75 ], [ 90.0, -67.5 ], [ 45.0, -67.5 ] ] ] } },
{ "type": "Feature", "properties": { "qtm": "7120", "resolution": 4, "center_lat": -52.5, "center_lon": 18.353148762182251, "avg_edge_len": 1815014.4910035853, "cell_area": 1357900757890.4336, "cell_perimeter": 5445043.4730107561 }, "geometry": { "type": "Polygon", "coordinates": [ [ [ 0.0, -56.25 ], [ 32.559446286546745, -56.25 ], [ 22.5, -45.0 ], [ 0.0, -56.25 ] ] ] } },
{ "type": "Feature", "properties": { "qtm": "7121", "resolution": 4, "center_lat": -60.0, "center_lon": 10.853148762182247, "avg_edge_len": 1778630.3019265335, "cell_area": 1227370537273.5781, "cell_perimeter": 5335890.9057796001 }, "geometry": { "type": "Polygon", "coordinates": [ [ [ 0.0, -67.5 ], [ 32.559446286546745, -56.25 ], [ 0.0, -56.25 ], [ 0.0, -67.5 ] ] ] } },
{ "type": "Feature", "properties": { "qtm": "7122", "resolution": 4, "center_lat": -48.75, "center_lon": 7.5, "avg_edge_len": 1676338.9866363604, "cell_area": 1104134188512.3301, "cell_perimeter": 5029016.9599090815 }, "geometry": { "type": "Polygon", "coordinates": [ [ [ 0.0, -56.25 ], [ 22.5, -45.0 ], [ 0.0, -45.0 ], [ 0.0, -56.25 ] ] ] } },
{ "type": "Feature", "properties": { "qtm": "7123", "resolution": 4, "center_lat": -48.75, "center_lon": 33.353148762182251, "avg_edge_len": 1576563.2756876319, "cell_area": 1056953134104.8301, "cell_perimeter": 4729689.8270628955 }, "geometry": { "type": "Polygon", "coordinates": [ [ [ 32.559446286546745, -56.25 ], [ 45.0, -45.0 ], [ 22.5, -45.0 ], [ 32.559446286546745, -56.25 ] ] ] } },
{ "type": "Feature", "properties": { "qtm": "7130", "resolution": 4, "center_lat": -52.5, "center_lon": 71.646851237817742, "avg_edge_len": 1815014.4910035853, "cell_area": 1357900757890.4336, "cell_perimeter": 5445043.4730107561 }, "geometry": { "type": "Polygon", "coordinates": [ [ [ 67.5, -45.0 ], [ 57.440553713453255, -56.25 ], [ 90.0, -56.25 ], [ 67.5, -45.0 ] ] ] } },
{ "type": "Feature", "properties": { "qtm": "7131", "resolution": 4, "center_lat": -48.75, "center_lon": 56.646851237817749, "avg_edge_len": 1576563.2756876319, "cell_area": 1056953134104.8301, "cell_perimeter": 4729689.8270628955 }, "geometry": { "type": "Polygon", "coordinates": [ [ [ 45.0, -45.0 ], [ 57.440553713453255, -56.25 ], [ 67.5, -45.0 ], [ 45.0, -45.0 ] ] ] } },
{ "type": "Feature", "properties": { "qtm": "7132", "resolution": 4, "center_lat": -48.75, "center_lon": 82.5, "avg_edge_len": 1676338.9866363604, "cell_area": 1104134188512.3301, "cell_perimeter": 5029016.9599090815 }, "geometry": { "type": "Polygon", "coordinates": [ [ [ 67.5, -45.0 ], [ 90.0, -56.25 ], [ 90.0, -45.0 ], [ 67.5, -45.0 ] ] ] } },
{ "type": "Feature", "properties": { "qtm": "7133", "resolution": 4, "center_lat": -60.0, "center_lon": 79.146851237817756, "avg_edge_len": 1778630.3019265335, "cell_area": 1227370537273.5781, "cell_perimeter": 5335890.9057796001 }, "geometry": { "type": "Polygon", "coordinates": [ [ [ 57.440553713453255, -56.25 ], [ 90.0, -67.5 ], [ 90.0, -56.25 ], [ 57.440553713453255, -56.25 ] ] ] } },
{ "type": "Feature", "properties": { "qtm": "7200", "resolution": 4, "center_lat": -15.000000000000002, "center_lon": 17.006000715748918, "avg_edge_len": 1475133.7074307334, "cell_area": 899894376219.8772, "cell_perimeter": 4425401.1222922001 }, "geometry": { "type": "Polygon", "coordinates": [ [ [ 13.984375770888278, -22.5 ], [ 25.123117619765139, -11.25 ], [ 11.910508756593345, -11.25 ], [ 13.984375770888278, -22.5 ] ] ] } },
{ "type": "Feature", "properties": { "qtm": "7201", "resolution": 4, "center_lat": -7.5, "center_lon": 19.844542125452829, "avg_edge_len": 1476270.1194005117, "cell_area": 906064749114.58643, "cell_perimeter": 4428810.3582015354 }, "geometry": { "type": "Polygon", "coordinates": [ [ [ 11.910508756593345, -11.25 ], [ 25.123117619765139, -11.25 ], [ 22.5, 0.0 ], [ 11.910508756593345, -11.25 ] ] ] } },
{ "type": "Feature", "properties": { "qtm": "7202", "resolution": 4, "center_lat": -18.75, "center_lon": 8.631628175827208, "avg_edge_len": 1492908.9942980045, "cell_area": 906631268008.5083, "cell_perimeter": 4478726.9828940136 }, "geometry": { "type": "Polygon", "coordinates": [ [ [ 0.0, -22.5 ], [ 13.984375770888278, -22.5 ], [ 11.910508756593345, -11.25 ], [ 0.0, -22.5 ] ] ] } },
{ "type": "Feature", "properties": { "qtm": "7203", "resolution": 4, "center_lat": -18.75, "center_lon": 22.35874831080999, "avg_edge_len": 1479352.7737143897, "cell_area": 908052646344.82068, "cell_perimeter": 4438058.321143169 }, "geometry": { "type": "Polygon", "coordinates": [ [ [ 13.984375770888278, -22.5 ], [ 27.968751541776555, -22.5 ], [ 25.123117619765139, -11.25 ], [ 13.984375770888278, -22.5 ] ] ] } },
{ "type": "Feature", "properties": { "qtm": "7210", "resolution": 4, "center_lat": -30.0, "center_lon": 10.26312978418836, "avg_edge_len": 1561342.0242834312, "cell_area": 988474797110.8634, "cell_perimeter": 4684026.0728502935 }, "geometry": { "type": "Polygon", "coordinates": [ [ [ 0.0, -33.75 ], [ 16.805013581676803, -33.75 ], [ 13.984375770888278, -22.5 ], [ 0.0, -33.75 ] ] ] } },
{ "type": "Feature", "properties": { "qtm": "7211", "resolution": 4, "center_lat": -37.5, "center_lon": 5.6016711938922681, "avg_edge_len": 1569897.0904327603, "cell_area": 975010066151.91406, "cell_perimeter": 4709691.2712982809 }, "geometry": { "type": "Polygon", "coordinates": [ [ [ 0.0, -45.0 ], [ 16.805013581676803, -33.75 ], [ 0.0, -33.75 ], [ 0.0, -45.0 ] ] ] } },
{ "type": "Feature", "properties": { "qtm": "7212", "resolution": 4, "center_lat": -26.25, "center_lon": 4.6614585902960926, "avg_edge_len": 1512288.5139828196, "cell_area": 901904911482.67578, "cell_perimeter": 4536865.5419484591 }, "geometry": { "type": "Polygon", "coordinates": [ [ [ 0.0, -33.75 ], [ 13.984375770888278, -22.5 ], [ 0.0, -22.5 ], [ 0.0, -33.75 ] ] ] } },
{ "type": "Feature", "properties": { "qtm": "7213", "resolution": 4, "center_lat": -26.25, "center_lon": 19.586046964780547, "avg_edge_len": 1457850.5459732122, "cell_area": 893095090943.69958, "cell_perimeter": 4373551.6379196364 }, "geometry": { "type": "Polygon", "coordinates": [ [ [ 16.805013581676803, -33.75 ], [ 27.968751541776555, -22.5 ], [ 13.984375770888278, -22.5 ], [ 16.805013581676803, -33.75 ] ] ] } },
{ "type": "Feature", "properties": { "qtm": "7220", "resolution": 4, "center_lat": -7.5, "center_lon": 7.7201695855310781, "avg_edge_len": 1435433.6493587077, "cell_area": 814845512987.02002, "cell_perimeter": 4306300.9480761234 }, "geometry": { "type": "Polygon", "coordinates": [ [ [ 0.0, -11.25 ], [ 11.910508756593231, -11.25 ], [ 11.25, 0.0 ], [ 0.0, -11.25 ] ] ] } },
{ "type": "Feature", "properties": { "qtm": "7221", "resolution": 4, "center_lat": -15.000000000000002, "center_lon": 3.9701695855310764, "avg_edge_len": 1440468.2139155408, "cell_area": 814648633311.35474, "cell_perimeter": 4321404.6417466225 }, "geometry": { "type": "Polygon", "coordinates": [ [ [ 0.0, -22.5 ], [ 11.910508756593231, -11.25 ], [ 0.0, -11.25 ], [ 0.0, -22.5 ] ] ] } },
{ "type": "Feature", "properties": { "qtm": "7222", "resolution": 4, "center_lat": -3.75, "center_lon": 3.75, "avg_edge_len": 1418676.8091749076, "cell_area": 784042132728.14978, "cell_perimeter": 4256030.4275247231 }, "geometry": { "type": "Polygon", "coordinates": [ [ [ 0.0, -11.25 ], [ 11.25, 0.0 ], [ 0.0, 0.0 ], [ 0.0, -11.25 ] ] ] } },
{ "type": "Feature", "properties": { "qtm": "7223", "resolution": 4, "center_lat": -3.75, "center_lon": 15.220169585531076, "avg_edge_len": 1402431.8287598249, "cell_area": 783624594877.729, "cell_perimeter": 4207295.4862794746 }, "geometry": { "type": "Polygon", "coordinates": [ [ [ 11.910508756593231, -11.25 ], [ 22.5, 0.0 ], [ 11.25, 0.0 ], [ 11.910508756593231, -11.25 ] ] ] } },
{ "type": "Feature", "properties": { "qtm": "7230", "resolution": 4, "center_lat": -7.5, "center_lon": 31.929174923633774, "avg_edge_len": 1382585.1057036801, "cell_area": 807876768060.61841, "cell_perimeter": 4147755.3171110405 }, "geometry": { "type": "Polygon", "coordinates": [ [ [ 25.123117619765139, -11.25 ], [ 36.914407151136174, -11.25 ], [ 33.75, 0.0 ], [ 25.123117619765139, -11.25 ] ] ] } },
{ "type": "Feature", "properties": { "qtm": "7231", "resolution": 4, "center_lat": -15.0, "center_lon": 30.002092104225955, "avg_edge_len": 1378518.5249773415, "cell_area": 802090550839.85413, "cell_perimeter": 4135555.5749320243 }, "geometry": { "type": "Polygon", "coordinates": [ [ [ 27.968751541776555, -22.5 ], [ 36.914407151136174, -11.25 ], [ 25.123117619765139, -11.25 ], [ 27.968751541776555, -22.5 ] ] ] } },
{ "type": "Feature", "properties": { "qtm": "7232", "resolution": 4, "center_lat": -3.75, "center_lon": 27.124372539921712, "avg_edge_len": 1365910.2750307, "cell_area": 782692329385.27393, "cell_perimeter": 4097730.8250921001 }, "geometry": { "type": "Polygon", "coordinates": [ [ [ 25.123117619765139, -11.25 ], [ 33.75, 0.0 ], [ 22.5, 0.0 ], [ 25.123117619765139, -11.25 ] ] ] } },
{ "type": "Feature", "properties": { "qtm": "7233", "resolution": 4, "center_lat": -3.75, "center_lon": 38.554802383712058, "avg_edge_len": 1358982.1477137401, "cell_area": 782516190194.87781, "cell_perimeter": 4076946.4431412201 }, "geometry": { "type": "Polygon", "coordinates": [ [ [ 36.914407151136174, -11.25 ], [ 45.0, 0.0 ], [ 33.75, 0.0 ], [ 36.914407151136174, -11.25 ] ] ] } },
{ "type": "Feature", "properties": { "qtm": "7300", "resolution": 4, "center_lat": -15.000000000000002, "center_lon": 72.993999284251075, "avg_edge_len": 1475133.7074307334, "cell_area": 899894376219.8772, "cell_perimeter": 4425401.1222922001 }, "geometry": { "type": "Polygon", "coordinates": [ [ [ 64.876882380234861, -11.25 ], [ 76.015624229111722, -22.5 ], [ 78.089491243406655, -11.25 ], [ 64.876882380234861, -11.25 ] ] ] } },
{ "type": "Feature", "properties": { "qtm": "7301", "resolution": 4, "center_lat": -18.75, "center_lon": 81.368371824172797, "avg_edge_len": 1492908.9942980045, "cell_area": 906631268008.5083, "cell_perimeter": 4478726.9828940136 }, "geometry": { "type": "Polygon", "coordinates": [ [ [ 78.089491243406655, -11.25 ], [ 76.015624229111722, -22.5 ], [ 90.0, -22.5 ], [ 78.089491243406655, -11.25 ] ] ] } },
{ "type": "Feature", "properties": { "qtm": "7302", "resolution": 4, "center_lat": -7.5, "center_lon": 70.155457874547182, "avg_edge_len": 1476270.1194005117, "cell_area": 906064749114.58643, "cell_perimeter": 4428810.3582015354 }, "geometry": { "type": "Polygon", "coordinates": [ [ [ 67.5, 0.0 ], [ 64.876882380234861, -11.25 ], [ 78.089491243406655, -11.25 ], [ 67.5, 0.0 ] ] ] } },
{ "type": "Feature", "properties": { "qtm": "7303", "resolution": 4, "center_lat": -18.75, "center_lon": 67.641251689190014, "avg_edge_len": 1479352.7737143897, "cell_area": 908052646344.82068, "cell_perimeter": 4438058.321143169 }, "geometry": { "type": "Polygon", "coordinates": [ [ [ 64.876882380234861, -11.25 ], [ 62.031248458223445, -22.5 ], [ 76.015624229111722, -22.5 ], [ 64.876882380234861, -11.25 ] ] ] } },
{ "type": "Feature", "properties": { "qtm": "7310", "resolution": 4, "center_lat": -7.5, "center_lon": 58.070825076366226, "avg_edge_len": 1382585.1057036801, "cell_area": 807876768060.61841, "cell_perimeter": 4147755.3171110405 }, "geometry": { "type": "Polygon", "coordinates": [ [ [ 56.25, 0.0 ], [ 53.085592848863826, -11.25 ], [ 64.876882380234861, -11.25 ], [ 56.25, 0.0 ] ] ] } },
{ "type": "Feature", "properties": { "qtm": "7311", "resolution": 4, "center_lat": -3.75, "center_lon": 51.445197616287942, "avg_edge_len": 1358982.1477137401, "cell_area": 782516190194.87781, "cell_perimeter": 4076946.4431412201 }, "geometry": { "type": "Polygon", "coordinates": [ [ [ 45.0, 0.0 ], [ 53.085592848863826, -11.25 ], [ 56.25, 0.0 ], [ 45.0, 0.0 ] ] ] } },
{ "type": "Feature", "properties": { "qtm": "7312", "resolution": 4, "center_lat": -3.75, "center_lon": 62.875627460078292, "avg_edge_len": 1365910.2750307, "cell_area": 782692329385.27393, "cell_perimeter": 4097730.8250921001 }, "geometry": { "type": "Polygon", "coordinates": [ [ [ 56.25, 0.0 ], [ 64.876882380234861, -11.25 ], [ 67.5, 0.0 ], [ 56.25, 0.0 ] ] ] } },
{ "type": "Feature", "properties": { "qtm": "7313", "resolution": 4, "center_lat": -15.0, "center_lon": 59.997907895774041, "avg_edge_len": 1378518.5249773415, "cell_area": 802090550839.85413, "cell_perimeter": 4135555.5749320243 }, "geometry": { "type": "Polygon", "coordinates": [ [ [ 53.085592848863826, -11.25 ], [ 62.031248458223445, -22.5 ], [ 64.876882380234861, -11.25 ], [ 53.085592848863826, -11.25 ] ] ] } },
{ "type": "Feature", "properties": { "qtm": "7320", "resolution": 4, "center_lat": -7.5, "center_lon": 82.279830414468876, "avg_edge_len": 1435433.6493587121, "cell_area": 814845512987.02808, "cell_perimeter": 4306300.9480761364 }, "geometry": { "type": "Polygon", "coordinates": [ [ [ 78.75, 0.0 ], [ 78.089491243406655, -11.25 ], [ 90.0, -11.25 ], [ 78.75, 0.0 ] ] ] } },
{ "type": "Feature", "properties": { "qtm": "7321", "resolution": 4, "center_lat": -3.75, "center_lon": 74.77983041446889, "avg_edge_len": 1402431.8287598221, "cell_area": 783624594877.729, "cell_perimeter": 4207295.4862794662 }, "geometry": { "type": "Polygon", "coordinates": [ [ [ 67.5, 0.0 ], [ 78.089491243406655, -11.25 ], [ 78.75, 0.0 ], [ 67.5, 0.0 ] ] ] } },
{ "type": "Feature", "properties": { "qtm": "7322", "resolution": 4, "center_lat": -3.75, "center_lon": 86.25, "avg_edge_len": 1418676.8091749076, "cell_area": 784042132728.14978, "cell_perimeter": 4256030.4275247231 }, "geometry": { "type": "Polygon", "coordinates": [ [ [ 78.75, 0.0 ], [ 90.0, -11.25 ], [ 90.0, 0.0 ], [ 78.75, 0.0 ] ] ] } },
{ "type": "Feature", "properties": { "qtm": "7323", "resolution": 4, "center_lat": -15.0, "center_lon": 86.02983041446889, "avg_edge_len": 1440468.2139155476, "cell_area": 814648633311.36279, "cell_perimeter": 4321404.641746643 }, "geometry": { "type": "Polygon", "coordinates": [ [ [ 78.089491243406655, -11.25 ], [ 90.0, -22.5 ], [ 90.0, -11.25 ], [ 78.089491243406655, -11.25 ] ] ] } },
{ "type": "Feature", "properties": { "qtm": "7330", "resolution": 4, "center_lat": -30.0, "center_lon": 79.736870215811649, "avg_edge_len": 1561342.0242834312, "cell_area": 988474797110.8634, "cell_perimeter": 4684026.0728502935 }, "geometry": { "type": "Polygon", "coordinates": [ [ [ 76.015624229111722, -22.5 ], [ 73.194986418323197, -33.75 ], [ 90.0, -33.75 ], [ 76.015624229111722, -22.5 ] ] ] } },
{ "type": "Feature", "properties": { "qtm": "7331", "resolution": 4, "center_lat": -26.25, "center_lon": 70.413953035219464, "avg_edge_len": 1457850.5459732122, "cell_area": 893095090943.69958, "cell_perimeter": 4373551.6379196364 }, "geometry": { "type": "Polygon", "coordinates": [ [ [ 62.031248458223445, -22.5 ], [ 73.194986418323197, -33.75 ], [ 76.015624229111722, -22.5 ], [ 62.031248458223445, -22.5 ] ] ] } },
{ "type": "Feature", "properties": { "qtm": "7332", "resolution": 4, "center_lat": -26.25, "center_lon": 85.338541409703907, "avg_edge_len": 1512288.5139828196, "cell_area": 901904911482.67578, "cell_perimeter": 4536865.5419484591 }, "geometry": { "type": "Polygon", "coordinates": [ [ [ 76.015624229111722, -22.5 ], [ 90.0, -33.75 ], [ 90.0, -22.5 ], [ 76.015624229111722, -22.5 ] ] ] } },
{ "type": "Feature", "properties": { "qtm": "7333", "resolution": 4, "center_lat": -37.5, "center_lon": 84.398328806107742, "avg_edge_len": 1569897.0904327603, "cell_area": 975010066151.91406, "cell_perimeter": 4709691.2712982809 }, "geometry": { "type": "Polygon", "coordinates": [ [ [ 73.194986418323197, -33.75 ], [ 90.0, -45.0 ], [ 90.0, -33.75 ], [ 73.194986418323197, -33.75 ] ] ] } },
{ "type": "Feature", "properties": { "qtm": "8000", "resolution": 4, "center_lat": -30.0, "center_lon": 135.0, "avg_edge_len": 1660010.0621249313, "cell_area": 1184230491773.6084, "cell_perimeter": 4980030.1863747938 }, "geometry": { "type": "Polygon", "coordinates": [ [ [ 125.134030820456019, -33.75 ], [ 144.865969179543981, -33.75 ], [ 135.0, -22.5 ], [ 125.134030820456019, -33.75 ] ] ] } },
{ "type": "Feature", "properties": { "qtm": "8001", "resolution": 4, "center_lat": -37.5, "center_lon": 135.0, "avg_edge_len": 1614017.8329435401, "cell_area": 1104938772194.2256, "cell_perimeter": 4842053.4988306202 }, "geometry": { "type": "Polygon", "coordinates": [ [ [ 135.0, -45.0 ], [ 144.865969179543981, -33.75 ], [ 125.134030820456019, -33.75 ], [ 135.0, -45.0 ] ] ] } },
{ "type": "Feature", "properties": { "qtm": "8002", "resolution": 4, "center_lat": -26.25, "center_lon": 126.03426078741086, "avg_edge_len": 1586496.9850615237, "cell_area": 1075460707728.106, "cell_perimeter": 4759490.9551845714 }, "geometry": { "type": "Polygon", "coordinates": [ [ [ 125.134030820456019, -33.75 ], [ 135.0, -22.5 ], [ 117.968751541776555, -22.5 ], [ 125.134030820456019, -33.75 ] ] ] } },
{ "type": "Feature", "properties": { "qtm": "8003", "resolution": 4, "center_lat": -26.25, "center_lon": 143.96573921258917, "avg_edge_len": 1586496.9850615237, "cell_area": 1075460707728.106, "cell_perimeter": 4759490.9551845714 }, "geometry": { "type": "Polygon", "coordinates": [ [ [ 144.865969179543981, -33.75 ], [ 152.031248458223445, -22.5 ], [ 135.0, -22.5 ], [ 144.865969179543981, -33.75 ] ] ] } },
{ "type": "Feature", "properties": { "qtm": "8010", "resolution": 4, "center_lat": -15.0, "center_lon": 135.0, "avg_edge_len": 1597222.5893550534, "cell_area": 1093459361793.4771, "cell_perimeter": 4791667.7680651601 }, "geometry": { "type": "Polygon", "coordinates": [ [ [ 135.0, -22.5 ], [ 143.085592848863826, -11.25 ], [ 126.914407151136174, -11.25 ], [ 135.0, -22.5 ] ] ] } },
{ "type": "Feature", "properties": { "qtm": "8011", "resolution": 4, "center_lat": -7.5, "center_lon": 135.0, "avg_edge_len": 1609985.2390028238, "cell_area": 1114508561148.9067, "cell_perimeter": 4829955.7170084715 }, "geometry": { "type": "Polygon", "coordinates": [ [ [ 126.914407151136174, -11.25 ], [ 143.085592848863826, -11.25 ], [ 135.0, 0.0 ], [ 126.914407151136174, -11.25 ] ] ] } },
{ "type": "Feature", "properties": { "qtm": "8012", "resolution": 4, "center_lat": -18.75, "center_lon": 126.62771956430426, "avg_edge_len": 1610450.7214585755, "cell_area": 1117753168745.5396, "cell_perimeter": 4831352.1643757261 }, "geometry": { "type": "Polygon", "coordinates": [ [ [ 117.968751541776555, -22.5 ], [ 135.0, -22.5 ], [ 126.914407151136174, -11.25 ], [ 117.968751541776555, -22.5 ] ] ] } },
{ "type": "Feature", "properties": { "qtm": "8013", "resolution": 4, "center_lat": -18.75, "center_lon": 143.37228043569576, "avg_edge_len": 1610450.7214585755, "cell_area": 1117753168745.5396, "cell_perimeter": 4831352.1643757261 }, "geometry": { "type": "Polygon", "coordinates": [ [ [ 135.0, -22.5 ], [ 152.031248458223445, -22.5 ], [ 143.085592848863826, -11.25 ], [ 135.0, -22.5 ] ] ] } },
{ "type": "Feature", "properties": { "qtm": "8020", "resolution": 4, "center_lat": -37.5, "center_lon": 114.81301480071095, "avg_edge_len": 1563282.9582533054, "cell_area": 1036115463699.29, "cell_perimeter": 4689848.8747599162 }, "geometry": { "type": "Polygon", "coordinates": [ [ [ 112.5, -45.0 ], [ 125.134030820456019, -33.75 ], [ 106.805013581676803, -33.75 ], [ 112.5, -45.0 ] ] ] } },
{ "type": "Feature", "properties": { "qtm": "8021", "resolution": 4, "center_lat": -30.0, "center_lon": 116.63593198130313, "avg_edge_len": 1594947.2236645401, "cell_area": 1093324799582.7686, "cell_perimeter": 4784841.6709936205 }, "geometry": { "type": "Polygon", "coordinates": [ [ [ 106.805013581676803, -33.75 ], [ 125.134030820456019, -33.75 ], [ 117.968751541776555, -22.5 ], [ 106.805013581676803, -33.75 ] ] ] } },
{ "type": "Feature", "properties": { "qtm": "8022", "resolution": 4, "center_lat": -41.25, "center_lon": 103.10167119389227, "avg_edge_len": 1671571.8148050141, "cell_area": 1150744595494.8438, "cell_perimeter": 5014715.4444150422 }, "geometry": { "type": "Polygon", "coordinates": [ [ [ 90.0, -45.0 ], [ 112.5, -45.0 ], [ 106.805013581676803, -33.75 ], [ 90.0, -45.0 ] ] ] } },
{ "type": "Feature", "properties": { "qtm": "8023", "resolution": 4, "center_lat": -41.25, "center_lon": 124.21134360681867, "avg_edge_len": 1643134.215111451, "cell_area": 1164181481592.3945, "cell_perimeter": 4929402.6453343527 }, "geometry": { "type": "Polygon", "coordinates": [ [ [ 112.5, -45.0 ], [ 135.0, -45.0 ], [ 125.134030820456019, -33.75 ], [ 112.5, -45.0 ] ] ] } },
{ "type": "Feature", "properties": { "qtm": "8030", "resolution": 4, "center_lat": -37.5, "center_lon": 155.18698519928907, "avg_edge_len": 1563282.9582533054, "cell_area": 1036115463699.29, "cell_perimeter": 4689848.8747599162 }, "geometry": { "type": "Polygon", "coordinates": [ [ [ 157.5, -45.0 ], [ 163.194986418323197, -33.75 ], [ 144.865969179543981, -33.75 ], [ 157.5, -45.0 ] ] ] } },
{ "type": "Feature", "properties": { "qtm": "8031", "resolution": 4, "center_lat": -30.0, "center_lon": 153.36406801869688, "avg_edge_len": 1594947.2236645401, "cell_area": 1093324799582.7686, "cell_perimeter": 4784841.6709936205 }, "geometry": { "type": "Polygon", "coordinates": [ [ [ 144.865969179543981, -33.75 ], [ 163.194986418323197, -33.75 ], [ 152.031248458223445, -22.5 ], [ 144.865969179543981, -33.75 ] ] ] } },
{ "type": "Feature", "properties": { "qtm": "8032", "resolution": 4, "center_lat": -41.25, "center_lon": 145.78865639318136, "avg_edge_len": 1643134.215111451, "cell_area": 1164181481592.3945, "cell_perimeter": 4929402.6453343527 }, "geometry": { "type": "Polygon", "coordinates": [ [ [ 135.0, -45.0 ], [ 157.5, -45.0 ], [ 144.865969179543981, -33.75 ], [ 135.0, -45.0 ] ] ] } },
{ "type": "Feature", "properties": { "qtm": "8033", "resolution": 4, "center_lat": -41.25, "center_lon": 166.89832880610771, "avg_edge_len": 1671571.8148050141, "cell_area": 1150744595494.8438, "cell_perimeter": 5014715.4444150422 }, "geometry": { "type": "Polygon", "coordinates": [ [ [ 157.5, -45.0 ], [ 180.0, -45.0 ], [ 163.194986418323197, -33.75 ], [ 157.5, -45.0 ] ] ] } },
{ "type": "Feature", "properties": { "qtm": "8100", "resolution": 4, "center_lat": -60.000000000000007, "center_lon": 135.0, "avg_edge_len": 1450123.0550512585, "cell_area": 911694506265.94531, "cell_perimeter": 4350369.1651537754 }, "geometry": { "type": "Polygon", "coordinates": [ [ [ 135.0, -67.5 ], [ 147.440553713453255, -56.25 ], [ 122.559446286546745, -56.25 ], [ 135.0, -67.5 ] ] ] } },
{ "type": "Feature", "properties": { "qtm": "8101", "resolution": 4, "center_lat": -52.5, "center_lon": 135.0, "avg_edge_len": 1527989.8948321689, "cell_area": 1018250021396.9707, "cell_perimeter": 4583969.684496507 }, "geometry": { "type": "Polygon", "coordinates": [ [ [ 122.559446286546745, -56.25 ], [ 147.440553713453255, -56.25 ], [ 135.0, -45.0 ], [ 122.559446286546745, -56.25 ] ] ] } },
{ "type": "Feature", "properties": { "qtm": "8102", "resolution": 4, "center_lat": -63.75, "center_lon": 115.85314876218224, "avg_edge_len": 1790395.3071037345, "cell_area": 1303683133187.7139, "cell_perimeter": 5371185.9213112034 }, "geometry": { "type": "Polygon", "coordinates": [ [ [ 90.0, -67.5 ], [ 135.0, -67.5 ], [ 122.559446286546745, -56.25 ], [ 90.0, -67.5 ] ] ] } },
{ "type": "Feature", "properties": { "qtm": "8103", "resolution": 4, "center_lat": -63.75, "center_lon": 154.14685123781774, "avg_edge_len": 1790395.3071037345, "cell_area": 1303683133187.7139, "cell_perimeter": 5371185.9213112034 }, "geometry": { "type": "Polygon", "coordinates": [ [ [ 135.0, -67.5 ], [ 180.0, -67.5 ], [ 147.440553713453255, -56.25 ], [ 135.0, -67.5 ] ] ] } },
{ "type": "Feature", "properties": { "qtm": "8110", "resolution": 4, "center_lat": -75.0, "center_lon": 135.0, "avg_edge_len": 1816797.130761276, "cell_area": 1442488724966.4297, "cell_perimeter": 5450391.392283828 }, "geometry": { "type": "Polygon", "coordinates": [ [ [ 90.0, -78.75 ], [ 180.0, -78.75 ], [ 135.0, -67.5 ], [ 90.0, -78.75 ] ] ] } },
{ "type": "Feature", "properties": { "qtm": "8111", "resolution": 4, "center_lat": -84.375, "center_lon": 135.0, "avg_edge_len": 1427951.8964748245, "cell_area": 794338524198.33594, "cell_perimeter": 4283855.6894244738 }, "geometry": { "type": "Polygon", "coordinates": [ [ [ 90.0, -90.0 ], [ 180.0, -90.0 ], [ 180.0, -78.75 ], [ 90.0, -78.75 ], [ 90.0, -90.0 ] ] ] } },
{ "type": "Feature", "properties": { "qtm": "8112", "resolution": 4, "center_lat": -71.25, "center_lon": 105.0, "avg_edge_len": 1658450.68973363, "cell_area": 1108060290312.9102, "cell_perimeter": 4975352.0692008901 }, "geometry": { "type": "Polygon", "coordinates": [ [ [ 90.0, -78.75 ], [ 135.0, -67.5 ], [ 90.0, -67.5 ], [ 90.0, -78.75 ] ] ] } },
{ "type": "Feature", "properties": { "qtm": "8113", "resolution": 4, "center_lat": -71.25, "center_lon": 165.0, "avg_edge_len": 1658450.68973363, "cell_area": 1108060290312.9102, "cell_perimeter": 4975352.0692008901 }, "geometry": { "type": "Polygon", "coordinates": [ [ [ 135.0, -67.5 ], [ 180.0, -78.75 ], [ 180.0, -67.5 ], [ 135.0, -67.5 ] ] ] } },
{ "type": "Feature", "properties": { "qtm": "8120", "resolution": 4, "center_lat": -52.5, "center_lon": 108.35314876218224, "avg_edge_len": 1815014.4910035853, "cell_area": 1357900757890.4336, "cell_perimeter": 5445043.4730107561 }, "geometry": { "type": "Polygon", "coordinates": [ [ [ 90.0, -56.25 ], [ 122.559446286546745, -56.25 ], [ 112.5, -45.0 ], [ 90.0, -56.25 ] ] ] } },
{ "type": "Feature", "properties": { "qtm": "8121", "resolution": 4, "center_lat": -60.0, "center_lon": 100.85314876218226, "avg_edge_len": 1778630.3019265335, "cell_area": 1227370537273.5781, "cell_perimeter": 5335890.9057796001 }, "geometry": { "type": "Polygon", "coordinates": [ [ [ 90.0, -67.5 ], [ 122.559446286546745, -56.25 ], [ 90.0, -56.25 ], [ 90.0, -67.5 ] ] ] } },
{ "type": "Feature", "properties": { "qtm": "8122", "resolution": 4, "center_lat": -48.75, "center_lon": 97.5, "avg_edge_len": 1676338.9866363604, "cell_area": 1104134188512.3301, "cell_perimeter": 5029016.9599090815 }, "geometry": { "type": "Polygon", "coordinates": [ [ [ 90.0, -56.25 ], [ 112.5, -45.0 ], [ 90.0, -45.0 ], [ 90.0, -56.25 ] ] ] } },
{ "type": "Feature", "properties": { "qtm": "8123", "resolution": 4, "center_lat": -48.75, "center_lon": 123.35314876218224, "avg_edge_len": 1576563.2756876319, "cell_area": 1056953134104.8301, "cell_perimeter": 4729689.8270628955 }, "geometry": { "type": "Polygon", "coordinates": [ [ [ 122.559446286546745, -56.25 ], [ 135.0, -45.0 ], [ 112.5, -45.0 ], [ 122.559446286546745, -56.25 ] ] ] } },
{ "type": "Feature", "properties": { "qtm": "8130", "resolution": 4, "center_lat": -52.5, "center_lon": 161.64685123781777, "avg_edge_len": 1815014.4910035853, "cell_area": 1357900757890.4336, "cell_perimeter": 5445043.4730107561 }, "geometry": { "type": "Polygon", "coordinates": [ [ [ 157.5, -45.0 ], [ 147.440553713453255, -56.25 ], [ 180.0, -56.25 ], [ 157.5, -45.0 ] ] ] } },
{ "type": "Feature", "properties": { "qtm": "8131", "resolution": 4, "center_lat": -48.75, "center_lon": 146.64685123781774, "avg_edge_len": 1576563.2756876319, "cell_area": 1056953134104.8301, "cell_perimeter": 4729689.8270628955 }, "geometry": { "type": "Polygon", "coordinates": [ [ [ 135.0, -45.0 ], [ 147.440553713453255, -56.25 ], [ 157.5, -45.0 ], [ 135.0, -45.0 ] ] ] } },
{ "type": "Feature", "properties": { "qtm": "8132", "resolution": 4, "center_lat": -48.75, "center_lon": 172.5, "avg_edge_len": 1676338.9866363604, "cell_area": 1104134188512.3301, "cell_perimeter": 5029016.9599090815 }, "geometry": { "type": "Polygon", "coordinates": [ [ [ 157.5, -45.0 ], [ 180.0, -56.25 ], [ 180.0, -45.0 ], [ 157.5, -45.0 ] ] ] } },
{ "type": "Feature", "properties": { "qtm": "8133", "resolution": 4, "center_lat": -60.0, "center_lon": 169.14685123781777, "avg_edge_len": 1778630.3019265335, "cell_area": 1227370537273.5781, "cell_perimeter": 5335890.9057796001 }, "geometry": { "type": "Polygon", "coordinates": [ [ [ 147.440553713453255, -56.25 ], [ 180.0, -67.5 ], [ 180.0, -56.25 ], [ 147.440553713453255, -56.25 ] ] ] } },
{ "type": "Feature", "properties": { "qtm": "8200", "resolution": 4, "center_lat": -15.000000000000002, "center_lon": 107.00600071574893, "avg_edge_len": 1475133.7074307334, "cell_area": 899894376219.8772, "cell_perimeter": 4425401.1222922001 }, "geometry": { "type": "Polygon", "coordinates": [ [ [ 103.984375770888278, -22.5 ], [ 115.123117619765139, -11.25 ], [ 101.910508756593345, -11.25 ], [ 103.984375770888278, -22.5 ] ] ] } },
{ "type": "Feature", "properties": { "qtm": "8201", "resolution": 4, "center_lat": -7.5, "center_lon": 109.84454212545283, "avg_edge_len": 1476270.1194005117, "cell_area": 906064749114.58643, "cell_perimeter": 4428810.3582015354 }, "geometry": { "type": "Polygon", "coordinates": [ [ [ 101.910508756593345, -11.25 ], [ 115.123117619765139, -11.25 ], [ 112.5, 0.0 ], [ 101.910508756593345, -11.25 ] ] ] } },
{ "type": "Feature", "properties": { "qtm": "8202", "resolution": 4, "center_lat": -18.75, "center_lon": 98.631628175827203, "avg_edge_len": 1492908.9942980045, "cell_area": 906631268008.5083, "cell_perimeter": 4478726.9828940136 }, "geometry": { "type": "Polygon", "coordinates": [ [ [ 90.0, -22.5 ], [ 103.984375770888278, -22.5 ], [ 101.910508756593345, -11.25 ], [ 90.0, -22.5 ] ] ] } },
{ "type": "Feature", "properties": { "qtm": "8203", "resolution": 4, "center_lat": -18.75, "center_lon": 112.35874831081, "avg_edge_len": 1479352.7737143897, "cell_area": 908052646344.82068, "cell_perimeter": 4438058.321143169 }, "geometry": { "type": "Polygon", "coordinates": [ [ [ 103.984375770888278, -22.5 ], [ 117.968751541776555, -22.5 ], [ 115.123117619765139, -11.25 ], [ 103.984375770888278, -22.5 ] ] ] } },
{ "type": "Feature", "properties": { "qtm": "8210", "resolution": 4, "center_lat": -30.0, "center_lon": 100.26312978418835, "avg_edge_len": 1561342.0242834312, "cell_area": 988474797110.8634, "cell_perimeter": 4684026.0728502935 }, "geometry": { "type": "Polygon", "coordinates": [ [ [ 90.0, -33.75 ], [ 106.805013581676803, -33.75 ], [ 103.984375770888278, -22.5 ], [ 90.0, -33.75 ] ] ] } },
{ "type": "Feature", "properties": { "qtm": "8211", "resolution": 4, "center_lat": -37.5, "center_lon": 95.601671193892258, "avg_edge_len": 1569897.0904327603, "cell_area": 975010066151.91406, "cell_perimeter": 4709691.2712982809 }, "geometry": { "type": "Polygon", "coordinates": [ [ [ 90.0, -45.0 ], [ 106.805013581676803, -33.75 ], [ 90.0, -33.75 ], [ 90.0, -45.0 ] ] ] } },
{ "type": "Feature", "properties": { "qtm": "8212", "resolution": 4, "center_lat": -26.25, "center_lon": 94.661458590296107, "avg_edge_len": 1512288.5139828196, "cell_area": 901904911482.67578, "cell_perimeter": 4536865.5419484591 }, "geometry": { "type": "Polygon", "coordinates": [ [ [ 90.0, -33.75 ], [ 103.984375770888278, -22.5 ], [ 90.0, -22.5 ], [ 90.0, -33.75 ] ] ] } },
{ "type": "Feature", "properties": { "qtm": "8213", "resolution": 4, "center_lat": -26.25, "center_lon": 109.58604696478055, "avg_edge_len": 1457850.5459732122, "cell_area": 893095090943.69958, "cell_perimeter": 4373551.6379196364 }, "geometry": { "type": "Polygon", "coordinates": [ [ [ 106.805013581676803, -33.75 ], [ 117.968751541776555, -22.5 ], [ 103.984375770888278, -22.5 ], [ 106.805013581676803, -33.75 ] ] ] } },
{ "type": "Feature", "properties": { "qtm": "8220", "resolution": 4, "center_lat": -7.5, "center_lon": 97.720169585531124, "avg_edge_len": 1435433.6493587121, "cell_area": 814845512987.02808, "cell_perimeter": 4306300.9480761364 }, "geometry": { "type": "Polygon", "coordinates": [ [ [ 90.0, -11.25 ], [ 101.910508756593345, -11.25 ], [ 101.25, 0.0 ], [ 90.0, -11.25 ] ] ] } },
{ "type": "Feature", "properties": { "qtm": "8221", "resolution": 4, "center_lat": -15.0, "center_lon": 93.970169585531124, "avg_edge_len": 1440468.2139155476, "cell_area": 814648633311.36279, "cell_perimeter": 4321404.641746643 }, "geometry": { "type": "Polygon", "coordinates": [ [ [ 90.0, -22.5 ], [ 101.910508756593345, -11.25 ], [ 90.0, -11.25 ], [ 90.0, -22.5 ] ] ] } },
{ "type": "Feature", "properties": { "qtm": "8222", "resolution": 4, "center_lat": -3.75, "center_lon": 93.75, "avg_edge_len": 1418676.8091749076, "cell_area": 784042132728.14978, "cell_perimeter": 4256030.4275247231 }, "geometry": { "type": "Polygon", "coordinates": [ [ [ 90.0, -11.25 ], [ 101.25, 0.0 ], [ 90.0, 0.0 ], [ 90.0, -11.25 ] ] ] } },
{ "type": "Feature", "properties": { "qtm": "8223", "resolution": 4, "center_lat": -3.75, "center_lon": 105.22016958553112, "avg_edge_len": 1402431.8287598221, "cell_area": 783624594877.729, "cell_perimeter": 4207295.4862794662 }, "geometry": { "type": "Polygon", "coordinates": [ [ [ 101.910508756593345, -11.25 ], [ 112.5, 0.0 ], [ 101.25, 0.0 ], [ 101.910508756593345, -11.25 ] ] ] } },
{ "type": "Feature", "properties": { "qtm": "8230", "resolution": 4, "center_lat": -7.5, "center_lon": 121.92917492363377, "avg_edge_len": 1382585.1057036801, "cell_area": 807876768060.61841, "cell_perimeter": 4147755.3171110405 }, "geometry": { "type": "Polygon", "coordinates": [ [ [ 115.123117619765139, -11.25 ], [ 126.914407151136174, -11.25 ], [ 123.75, 0.0 ], [ 115.123117619765139, -11.25 ] ] ] } },
{ "type": "Feature", "properties": { "qtm": "8231", "resolution": 4, "center_lat": -15.0, "center_lon": 120.00209210422595, "avg_edge_len": 1378518.5249773415, "cell_area": 802090550839.85413, "cell_perimeter": 4135555.5749320243 }, "geometry": { "type": "Polygon", "coordinates": [ [ [ 117.968751541776555, -22.5 ], [ 126.914407151136174, -11.25 ], [ 115.123117619765139, -11.25 ], [ 117.968751541776555, -22.5 ] ] ] } },
{ "type": "Feature", "properties": { "qtm": "8232", "resolution": 4, "center_lat": -3.75, "center_lon": 117.12437253992171, "avg_edge_len": 1365910.2750307, "cell_area": 782692329385.27393, "cell_perimeter": 4097730.8250921001 }, "geometry": { "type": "Polygon", "coordinates": [ [ [ 115.123117619765139, -11.25 ], [ 123.75, 0.0 ], [ 112.5, 0.0 ], [ 115.123117619765139, -11.25 ] ] ] } },
{ "type": "Feature", "properties": { "qtm": "8233", "resolution": 4, "center_lat": -3.75, "center_lon": 128.55480238371206, "avg_edge_len": 1358982.1477137401, "cell_area": 782516190194.87781, "cell_perimeter": 4076946.4431412201 }, "geometry": { "type": "Polygon", "coordinates": [ [ [ 126.914407151136174, -11.25 ], [ 135.0, 0.0 ], [ 123.75, 0.0 ], [ 126.914407151136174, -11.25 ] ] ] } },
{ "type": "Feature", "properties": { "qtm": "8300", "resolution": 4, "center_lat": -15.000000000000002, "center_lon": 162.99399928425109, "avg_edge_len": 1475133.7074307334, "cell_area": 899894376219.8772, "cell_perimeter": 4425401.1222922001 }, "geometry": { "type": "Polygon", "coordinates": [ [ [ 154.876882380234861, -11.25 ], [ 166.015624229111722, -22.5 ], [ 168.089491243406655, -11.25 ], [ 154.876882380234861, -11.25 ] ] ] } },
{ "type": "Feature", "properties": { "qtm": "8301", "resolution": 4, "center_lat": -18.75, "center_lon": 171.36837182417278, "avg_edge_len": 1492908.9942980045, "cell_area": 906631268008.5083, "cell_perimeter": 4478726.9828940136 }, "geometry": { "type": "Polygon", "coordinates": [ [ [ 168.089491243406655, -11.25 ], [ 166.015624229111722, -22.5 ], [ 180.0, -22.5 ], [ 168.089491243406655, -11.25 ] ] ] } },
{ "type": "Feature", "properties": { "qtm": "8302", "resolution": 4, "center_lat": -7.5, "center_lon": 160.15545787454718, "avg_edge_len": 1476270.1194005117, "cell_area": 906064749114.58643, "cell_perimeter": 4428810.3582015354 }, "geometry": { "type": "Polygon", "coordinates": [ [ [ 157.5, 0.0 ], [ 154.876882380234861, -11.25 ], [ 168.089491243406655, -11.25 ], [ 157.5, 0.0 ] ] ] } },
{ "type": "Feature", "properties": { "qtm": "8303", "resolution": 4, "center_lat": -18.75, "center_lon": 157.64125168919003, "avg_edge_len": 1479352.7737143897, "cell_area": 908052646344.82068, "cell_perimeter": 4438058.321143169 }, "geometry": { "type": "Polygon", "coordinates": [ [ [ 154.876882380234861, -11.25 ], [ 152.031248458223445, -22.5 ], [ 166.015624229111722, -22.5 ], [ 154.876882380234861, -11.25 ] ] ] } },
{ "type": "Feature", "properties": { "qtm": "8310", "resolution": 4, "center_lat": -7.5, "center_lon": 148.07082507636619, "avg_edge_len": 1382585.1057036736, "cell_area": 807876768060.61047, "cell_perimeter": 4147755.3171110209 }, "geometry": { "type": "Polygon", "coordinates": [ [ [ 146.25, 0.0 ], [ 143.085592848863826, -11.25 ], [ 154.876882380234747, -11.25 ], [ 146.25, 0.0 ] ] ] } },
{ "type": "Feature", "properties": { "qtm": "8311", "resolution": 4, "center_lat": -3.75, "center_lon": 141.44519761628794, "avg_edge_len": 1358982.1477137401, "cell_area": 782516190194.87781, "cell_perimeter": 4076946.4431412201 }, "geometry": { "type": "Polygon", "coordinates": [ [ [ 135.0, 0.0 ], [ 143.085592848863826, -11.25 ], [ 146.25, 0.0 ], [ 135.0, 0.0 ] ] ] } },
{ "type": "Feature", "properties": { "qtm": "8312", "resolution": 4, "center_lat": -3.75, "center_lon": 152.87562746007825, "avg_edge_len": 1365910.2750306986, "cell_area": 782692329385.27393, "cell_perimeter": 4097730.8250920959 }, "geometry": { "type": "Polygon", "coordinates": [ [ [ 146.25, 0.0 ], [ 154.876882380234747, -11.25 ], [ 157.5, 0.0 ], [ 146.25, 0.0 ] ] ] } },
{ "type": "Feature", "properties": { "qtm": "8313", "resolution": 4, "center_lat": -15.0, "center_lon": 149.99790789577401, "avg_edge_len": 1378518.5249773364, "cell_area": 802090550839.84656, "cell_perimeter": 4135555.574932009 }, "geometry": { "type": "Polygon", "coordinates": [ [ [ 143.085592848863826, -11.25 ], [ 152.031248458223445, -22.5 ], [ 154.876882380234747, -11.25 ], [ 143.085592848863826, -11.25 ] ] ] } },
{ "type": "Feature", "properties": { "qtm": "8320", "resolution": 4, "center_lat": -7.5, "center_lon": 172.27983041446888, "avg_edge_len": 1435433.6493587121, "cell_area": 814845512987.02808, "cell_perimeter": 4306300.9480761364 }, "geometry": { "type": "Polygon", "coordinates": [ [ [ 168.75, 0.0 ], [ 168.089491243406655, -11.25 ], [ 180.0, -11.25 ], [ 168.75, 0.0 ] ] ] } },
{ "type": "Feature", "properties": { "qtm": "8321", "resolution": 4, "center_lat": -3.75, "center_lon": 164.77983041446888, "avg_edge_len": 1402431.8287598221, "cell_area": 783624594877.729, "cell_perimeter": 4207295.4862794662 }, "geometry": { "type": "Polygon", "coordinates": [ [ [ 157.5, 0.0 ], [ 168.089491243406655, -11.25 ], [ 168.75, 0.0 ], [ 157.5, 0.0 ] ] ] } },
{ "type": "Feature", "properties": { "qtm": "8322", "resolution": 4, "center_lat": -3.75, "center_lon": 176.25, "avg_edge_len": 1418676.8091749076, "cell_area": 784042132728.14978, "cell_perimeter": 4256030.4275247231 }, "geometry": { "type": "Polygon", "coordinates": [ [ [ 168.75, 0.0 ], [ 180.0, -11.25 ], [ 180.0, 0.0 ], [ 168.75, 0.0 ] ] ] } },
{ "type": "Feature", "properties": { "qtm": "8323", "resolution": 4, "center_lat": -15.0, "center_lon": 176.0298304144689, "avg_edge_len": 1440468.2139155476, "cell_area": 814648633311.36279, "cell_perimeter": 4321404.641746643 }, "geometry": { "type": "Polygon", "coordinates": [ [ [ 168.089491243406655, -11.25 ], [ 180.0, -22.5 ], [ 180.0, -11.25 ], [ 168.089491243406655, -11.25 ] ] ] } },
{ "type": "Feature", "properties": { "qtm": "8330", "resolution": 4, "center_lat": -30.0, "center_lon": 169.73687021581162, "avg_edge_len": 1561342.0242834312, "cell_area": 988474797110.8634, "cell_perimeter": 4684026.0728502935 }, "geometry": { "type": "Polygon", "coordinates": [ [ [ 166.015624229111722, -22.5 ], [ 163.194986418323197, -33.75 ], [ 180.0, -33.75 ], [ 166.015624229111722, -22.5 ] ] ] } },
{ "type": "Feature", "properties": { "qtm": "8331", "resolution": 4, "center_lat": -26.25, "center_lon": 160.41395303521946, "avg_edge_len": 1457850.5459732122, "cell_area": 893095090943.69958, "cell_perimeter": 4373551.6379196364 }, "geometry": { "type": "Polygon", "coordinates": [ [ [ 152.031248458223445, -22.5 ], [ 163.194986418323197, -33.75 ], [ 166.015624229111722, -22.5 ], [ 152.031248458223445, -22.5 ] ] ] } },
{ "type": "Feature", "properties": { "qtm": "8332", "resolution": 4, "center_lat": -26.25, "center_lon": 175.33854140970391, "avg_edge_len": 1512288.5139828196, "cell_area": 901904911482.67578, "cell_perimeter": 4536865.5419484591 }, "geometry": { "type": "Polygon", "coordinates": [ [ [ 166.015624229111722, -22.5 ], [ 180.0, -33.75 ], [ 180.0, -22.5 ], [ 166.015624229111722, -22.5 ] ] ] } },
{ "type": "Feature", "properties": { "qtm": "8333", "resolution": 4, "center_lat": -37.5, "center_lon": 174.39832880610774, "avg_edge_len": 1569897.0904327603, "cell_area": 975010066151.91406, "cell_perimeter": 4709691.2712982809 }, "geometry": { "type": "Polygon", "coordinates": [ [ [ 163.194986418323197, -33.75 ], [ 180.0, -45.0 ], [ 180.0, -33.75 ], [ 163.194986418323197, -33.75 ] ] ] } }
]
}
