{
"type": "FeatureCollection",
"name": "tile_grid_5",
"crs": { "type": "name", "properties": { "name": "urn:ogc:def:crs:OGC:1.3:CRS84" } },
"features": [
{ "type": "Feature", "properties": { "tilecode": "z5x0y0", "resolution": 5, "center_lat": 84.515194139334326, "center_lon": -174.375, "cell_width": 131584.18496449364, "cell_height": 119710.25468782624, "cell_area": 14286077469.145508, "cell_perimeter": 479228.32094501087 }, "geometry": { "type": "Polygon", "coordinates": [ [ [ -180.0, 83.979259498862049 ], [ -168.75, 83.979259498862049 ], [ -168.75, 85.051128779806604 ], [ -180.0, 85.051128779806604 ], [ -180.0, 83.979259498862049 ] ] ] } },
{ "type": "Feature", "properties": { "tilecode": "z5x0y1", "resolution": 5, "center_lat": 83.327772238605547, "center_lon": -174.375, "cell_width": 159918.04297982904, "cell_height": 145514.4883510592, "cell_area": 21109976338.21875, "cell_perimeter": 582531.20464644115 }, "geometry": { "type": "Polygon", "coordinates": [ [ [ -180.0, 82.676284978349031 ], [ -168.75, 82.676284978349031 ], [ -168.75, 83.979259498862049 ], [ -180.0, 83.979259498862049 ], [ -180.0, 82.676284978349031 ] ] ] } },
{ "type": "Feature", "properties": { "tilecode": "z5x0y2", "resolution": 5, "center_lat": 81.884749415478709, "center_lon": -174.375, "cell_width": 194228.89232904164, "cell_height": 176783.79025463015, "cell_area": 31159964055.347656, "cell_perimeter": 707714.51581813092 }, "geometry": { "type": "Polygon", "coordinates": [ [ [ -180.0, 81.093213852608386 ], [ -168.75, 81.093213852608386 ], [ -168.75, 82.676284978349031 ], [ -180.0, 82.676284978349031 ], [ -180.0, 81.093213852608386 ] ] ] } },
{ "type": "Feature", "properties": { "tilecode": "z5x0y3", "resolution": 5, "center_lat": 80.132274246713919, "center_lon": -174.375, "cell_width": 235679.10278705135, "cell_height": 214598.42880588266, "cell_area": 45921829864.564453, "cell_perimeter": 859104.85272785835 }, "geometry": { "type": "Polygon", "coordinates": [ [ [ -180.0, 79.171334640819452 ], [ -168.75, 79.171334640819452 ], [ -168.75, 81.093213852608386 ], [ -180.0, 81.093213852608386 ], [ -180.0, 79.171334640819452 ] ] ] } },
{ "type": "Feature", "properties": { "tilecode": "z5x0y4", "resolution": 5, "center_lat": 78.006075527625214, "center_lon": -174.375, "cell_width": 285578.90577750694, "cell_height": 260190.92729335208, "cell_area": 67519540387.077148, "cell_perimeter": 1041639.8631512625 }, "geometry": { "type": "Polygon", "coordinates": [ [ [ -180.0, 76.840816414430975 ], [ -168.75, 76.840816414430975 ], [ -168.75, 79.171334640819452 ], [ -180.0, 79.171334640819452 ], [ -180.0, 76.840816414430975 ] ] ] } },
{ "type": "Feature", "properties": { "tilecode": "z5x0y5", "resolution": 5, "center_lat": 75.430179862966611, "center_lon": -174.375, "cell_width": 345340.39321398037, "cell_height": 314917.17448925663, "cell_area": 98935667800.386719, "cell_perimeter": 1260753.6479700005 }, "geometry": { "type": "Polygon", "coordinates": [ [ [ -180.0, 74.019543311502261 ], [ -168.75, 74.019543311502261 ], [ -168.75, 76.840816414430975 ], [ -180.0, 76.840816414430975 ], [ -180.0, 74.019543311502261 ] ] ] } },
{ "type": "Feature", "properties": { "tilecode": "z5x0y6", "resolution": 5, "center_lat": 72.316078774760754, "center_lon": -174.375, "cell_width": 416367.74655973469, "cell_height": 380177.85463522567, "cell_area": 144244649467.35156, "cell_perimeter": 1522063.8490441665 }, "geometry": { "type": "Polygon", "coordinates": [ [ [ -180.0, 70.612614238019248 ], [ -168.75, 70.612614238019248 ], [ -168.75, 74.019543311502261 ], [ -180.0, 74.019543311502261 ], [ -180.0, 70.612614238019248 ] ] ] } },
{ "type": "Feature", "properties": { "tilecode": "z5x0y7", "resolution": 5, "center_lat": 68.562937340565554, "center_lon": -174.375, "cell_width": 499840.06041197834, "cell_height": 457254.11326378735, "cell_area": 208774564158.09766, "cell_perimeter": 1830716.0334992877 }, "geometry": { "type": "Polygon", "coordinates": [ [ [ -180.0, 66.513260443111861 ], [ -168.75, 66.513260443111861 ], [ -168.75, 70.612614238019248 ], [ -180.0, 70.612614238019248 ], [ -180.0, 66.513260443111861 ] ] ] } },
{ "type": "Feature", "properties": { "tilecode": "z5x0y8", "resolution": 5, "center_lat": 64.059828407249057, "center_lon": -174.375, "cell_width": 596328.26003255299, "cell_height": 547006.64910479658, "cell_area": 299004638547.62012, "cell_perimeter": 2190181.6186541244 }, "geometry": { "type": "Polygon", "coordinates": [ [ [ -180.0, 61.606396371386268 ], [ -168.75, 61.606396371386268 ], [ -168.75, 66.513260443111861 ], [ -180.0, 66.513260443111861 ], [ -180.0, 61.606396371386268 ] ] ] } },
{ "type": "Feature", "properties": { "tilecode": "z5x0y9", "resolution": 5, "center_lat": 58.691484695026986, "center_lon": -174.375, "cell_width": 705186.72066214541, "cell_height": 649380.10464495013, "cell_area": 421832873365.11719, "cell_perimeter": 2600275.1899845987 }, "geometry": { "type": "Polygon", "coordinates": [ [ [ -180.0, 55.776573018667698 ], [ -168.75, 55.776573018667698 ], [ -168.75, 61.606396371386268 ], [ -180.0, 61.606396371386268 ], [ -180.0, 55.776573018667698 ] ] ] } },
{ "type": "Feature", "properties": { "tilecode": "z5x0y10", "resolution": 5, "center_lat": 52.349536141212965, "center_lon": -174.375, "cell_width": 823705.47975019796, "cell_height": 762677.84409848822, "cell_area": 582657894317.77637, "cell_perimeter": 3054247.8886093199 }, "geometry": { "type": "Polygon", "coordinates": [ [ [ -180.0, 48.92249926375824 ], [ -168.75, 48.92249926375824 ], [ -168.75, 55.776573018667698 ], [ -180.0, 55.776573018667698 ], [ -180.0, 48.92249926375824 ] ] ] } },
{ "type": "Feature", "properties": { "tilecode": "z5x0y11", "resolution": 5, "center_lat": 44.95119866668918, "center_lon": -174.375, "cell_width": 946152.93326944625, "cell_height": 882667.95666176802, "cell_area": 781726960961.31055, "cell_perimeter": 3535194.3263431801 }, "geometry": { "type": "Polygon", "coordinates": [ [ [ -180.0, 40.979898069620127 ], [ -168.75, 40.979898069620127 ], [ -168.75, 48.92249926375824 ], [ -180.0, 48.92249926375824 ], [ -180.0, 40.979898069620127 ] ] ] } },
{ "type": "Feature", "properties": { "tilecode": "z5x0y12", "resolution": 5, "center_lat": 36.466030153822544, "center_lon": -174.375, "cell_width": 1063119.6372028978, "cell_height": 1001793.0197306408, "cell_area": 1008900467966.7783, "cell_perimeter": 4012858.6099336259 }, "geometry": { "type": "Polygon", "coordinates": [ [ [ -180.0, 31.952162238024968 ], [ -168.75, 31.952162238024968 ], [ -168.75, 40.979898069620127 ], [ -180.0, 40.979898069620127 ], [ -180.0, 31.952162238024968 ] ] ] } },
{ "type": "Feature", "properties": { "tilecode": "z5x0y13", "resolution": 5, "center_lat": 26.947603885731574, "center_lon": -174.375, "cell_width": 1161900.9357158756, "cell_height": 1109053.9614562085, "cell_area": 1238910794109.9292, "cell_perimeter": 4443128.4958311906 }, "geometry": { "type": "Polygon", "coordinates": [ [ [ -180.0, 21.943045533438177 ], [ -168.75, 21.943045533438177 ], [ -168.75, 31.952162238024968 ], [ -180.0, 31.952162238024968 ], [ -180.0, 21.943045533438177 ] ] ] } },
{ "type": "Feature", "properties": { "tilecode": "z5x0y14", "resolution": 5, "center_lat": 16.560723703574979, "center_lon": -174.375, "cell_width": 1228665.3006186907, "cell_height": 1191293.9078964787, "cell_area": 1431788580865.3503, "cell_perimeter": 4773154.0521275233 }, "geometry": { "type": "Polygon", "coordinates": [ [ [ -180.0, 11.178401873711781 ], [ -168.75, 11.178401873711781 ], [ -168.75, 21.943045533438177 ], [ -180.0, 21.943045533438177 ], [ -180.0, 11.178401873711781 ] ] ] } },
{ "type": "Feature", "properties": { "tilecode": "z5x0y15", "resolution": 5, "center_lat": 5.5892009368558906, "center_lon": -174.375, "cell_width": 1252344.2714243277, "cell_height": 1236200.0081271871, "cell_area": 1543215607369.6492, "cell_perimeter": 4953409.5882973932 }, "geometry": { "type": "Polygon", "coordinates": [ [ [ -180.0, 0.0 ], [ -168.75, 0.0 ], [ -168.75, 11.178401873711781 ], [ -180.0, 11.178401873711781 ], [ -180.0, 0.0 ] ] ] } },
{ "type": "Feature", "properties": { "tilecode": "z5x0y16", "resolution": 5, "center_lat": -5.5892009368558906, "center_lon": -174.375, "cell_width": 1228665.3006186907, "cell_height": 1236200.0081271871, "cell_area": 1543215607369.6492, "cell_perimeter": 4953409.5882973932 }, "geometry": { "type": "Polygon", "coordinates": [ [ [ -180.0, -11.178401873711781 ], [ -168.75, -11.178401873711781 ], [ -168.75, 0.0 ], [ -180.0, 0.0 ], [ -180.0, -11.178401873711781 ] ] ] } },
{ "type": "Feature", "properties": { "tilecode": "z5x0y17", "resolution": 5, "center_lat": -16.560723703574979, "center_lon": -174.375, "cell_width": 1161900.9357158756, "cell_height": 1191293.9078964787, "cell_area": 1431788580865.3503, "cell_perimeter": 4773154.0521275233 }, "geometry": { "type": "Polygon", "coordinates": [ [ [ -180.0, -21.943045533438177 ], [ -168.75, -21.943045533438177 ], [ -168.75, -11.178401873711781 ], [ -180.0, -11.178401873711781 ], [ -180.0, -21.943045533438177 ] ] ] } },
{ "type": "Feature", "properties": { "tilecode": "z5x0y18", "resolution": 5, "center_lat": -26.947603885731574, "center_lon": -174.375, "cell_width": 1063119.6372028978, "cell_height": 1109053.9614562085, "cell_area": 1238910794109.9292, "cell_perimeter": 4443128.4958311906 }, "geometry": { "type": "Polygon", "coordinates": [ [ [ -180.0, -31.952162238024968 ], [ -168.75, -31.952162238024968 ], [ -168.75, -21.943045533438177 ], [ -180.0, -21.943045533438177 ], [ -180.0, -31.952162238024968 ] ] ] } },
{ "type": "Feature", "properties": { "tilecode": "z5x0y19", "resolution": 5, "center_lat": -36.466030153822544, "center_lon": -174.375, "cell_width": 946152.93326944625, "cell_height": 1001793.0197306408, "cell_area": 1008900467966.7783, "cell_perimeter": 4012858.6099336259 }, "geometry": { "type": "Polygon", "coordinates": [ [ [ -180.0, -40.979898069620127 ], [ -168.75, -40.979898069620127 ], [ -168.75, -31.952162238024968 ], [ -180.0, -31.952162238024968 ], [ -180.0, -40.979898069620127 ] ] ] } },
{ "type": "Feature", "properties": { "tilecode": "z5x0y20", "resolution": 5, "center_lat": -44.95119866668918, "center_lon": -174.375, "cell_width": 823705.47975019796, "cell_height": 882667.95666176802, "cell_area": 781726960961.31055, "cell_perimeter": 3535194.3263431801 }, "geometry": { "type": "Polygon", "coordinates": [ [ [ -180.0, -48.92249926375824 ], [ -168.75, -48.92249926375824 ], [ -168.75, -40.979898069620127 ], [ -180.0, -40.979898069620127 ], [ -180.0, -48.92249926375824 ] ] ] } },
{ "type": "Feature", "properties": { "tilecode": "z5x0y21", "resolution": 5, "center_lat": -52.349536141212965, "center_lon": -174.375, "cell_width": 705186.72066214541, "cell_height": 762677.84409848822, "cell_area": 582657894317.77637, "cell_perimeter": 3054247.8886093199 }, "geometry": { "type": "Polygon", "coordinates": [ [ [ -180.0, -55.776573018667698 ], [ -168.75, -55.776573018667698 ], [ -168.75, -48.92249926375824 ], [ -180.0, -48.92249926375824 ], [ -180.0, -55.776573018667698 ] ] ] } },
{ "type": "Feature", "properties": { "tilecode": "z5x0y22", "resolution": 5, "center_lat": -58.691484695026986, "center_lon": -174.375, "cell_width": 596328.26003255299, "cell_height": 649380.10464495013, "cell_area": 421832873365.11719, "cell_perimeter": 2600275.1899845987 }, "geometry": { "type": "Polygon", "coordinates": [ [ [ -180.0, -61.606396371386268 ], [ -168.75, -61.606396371386268 ], [ -168.75, -55.776573018667698 ], [ -180.0, -55.776573018667698 ], [ -180.0, -61.606396371386268 ] ] ] } },
{ "type": "Feature", "properties": { "tilecode": "z5x0y23", "resolution": 5, "center_lat": -64.059828407249057, "center_lon": -174.375, "cell_width": 499840.06041197834, "cell_height": 547006.64910479658, "cell_area": 299004638547.62012, "cell_perimeter": 2190181.6186541244 }, "geometry": { "type": "Polygon", "coordinates": [ [ [ -180.0, -66.513260443111861 ], [ -168.75, -66.513260443111861 ], [ -168.75, -61.606396371386268 ], [ -180.0, -61.606396371386268 ], [ -180.0, -66.513260443111861 ] ] ] } },
{ "type": "Feature", "properties": { "tilecode": "z5x0y24", "resolution": 5, "center_lat": -68.562937340565554, "center_lon": -174.375, "cell_width": 416367.74655973469, "cell_height": 457254.11326378735, "cell_area": 208774564158.09766, "cell_perimeter": 1830716.0334992877 }, "geometry": { "type": "Polygon", "coordinates": [ [ [ -180.0, -70.612614238019248 ], [ -168.75, -70.612614238019248 ], [ -168.75, -66.513260443111861 ], [ -180.0, -66.513260443111861 ], [ -180.0, -70.612614238019248 ] ] ] } },
{ "type": "Feature", "properties": { "tilecode": "z5x0y25", "resolution": 5, "center_lat": -72.316078774760754, "center_lon": -174.375, "cell_width": 345340.39321398037, "cell_height": 380177.85463522567, "cell_area": 144244649467.35156, "cell_perimeter": 1522063.8490441665 }, "geometry": { "type": "Polygon", "coordinates": [ [ [ -180.0, -74.019543311502261 ], [ -168.75, -74.019543311502261 ], [ -168.75, -70.612614238019248 ], [ -180.0, -70.612614238019248 ], [ -180.0, -74.019543311502261 ] ] ] } },
{ "type": "Feature", "properties": { "tilecode": "z5x0y26", "resolution": 5, "center_lat": -75.430179862966611, "center_lon": -174.375, "cell_width": 285578.90577750694, "cell_height": 314917.17448925663, "cell_area": 98935667800.386719, "cell_perimeter": 1260753.6479700005 }, "geometry": { "type": "Polygon", "coordinates": [ [ [ -180.0, -76.840816414430975 ], [ -168.75, -76.840816414430975 ], [ -168.75, -74.019543311502261 ], [ -180.0, -74.019543311502261 ], [ -180.0, -76.840816414430975 ] ] ] } },
{ "type": "Feature", "properties": { "tilecode": "z5x0y27", "resolution": 5, "center_lat": -78.006075527625214, "center_lon": -174.375, "cell_width": 235679.10278705135, "cell_height": 260190.92729335208, "cell_area": 67519540387.077148, "cell_perimeter": 1041639.8631512625 }, "geometry": { "type": "Polygon", "coordinates": [ [ [ -180.0, -79.171334640819452 ], [ -168.75, -79.171334640819452 ], [ -168.75, -76.840816414430975 ], [ -180.0, -76.840816414430975 ], [ -180.0, -79.171334640819452 ] ] ] } },
{ "type": "Feature", "properties": { "tilecode": "z5x0y28", "resolution": 5, "center_lat": -80.132274246713919, "center_lon": -174.375, "cell_width": 194228.89232904164, "cell_height": 214598.42880588266, "cell_area": 45921829864.564453, "cell_perimeter": 859104.85272785835 }, "geometry": { "type": "Polygon", "coordinates": [ [ [ -180.0, -81.093213852608386 ], [ -168.75, -81.093213852608386 ], [ -168.75, -79.171334640819452 ], [ -180.0, -79.171334640819452 ], [ -180.0, -81.093213852608386 ] ] ] } },
{ "type": "Feature", "properties": { "tilecode": "z5x0y29", "resolution": 5, "center_lat": -81.884749415478709, "center_lon": -174.375, "cell_width": 159918.04297982904, "cell_height": 176783.79025463015, "cell_area": 31159964055.347656, "cell_perimeter": 707714.51581813092 }, "geometry": { "type": "Polygon", "coordinates": [ [ [ -180.0, -82.676284978349031 ], [ -168.75, -82.676284978349031 ], [ -168.75, -81.093213852608386 ], [ -180.0, -81.093213852608386 ], [ -180.0, -82.676284978349031 ] ] ] } },
{ "type": "Feature", "properties": { "tilecode": "z5x0y30", "resolution": 5, "center_lat": -83.327772238605547, "center_lon": -174.375, "cell_width": 131584.18496449364, "cell_height": 145514.4883510592, "cell_area": 21109976338.21875, "cell_perimeter": 582531.20464644115 }, "geometry": { "type": "Polygon", "coordinates": [ [ [ -180.0, -83.979259498862049 ], [ -168.75, -83.979259498862049 ], [ -168.75, -82.676284978349031 ], [ -180.0, -82.676284978349031 ], [ -180.0, -83.979259498862049 ] ] ] } },
{ "type": "Feature", "properties": { "tilecode": "z5x0y31", "resolution": 5, "center_lat": -84.515194139334326, "center_lon": -174.375, "cell_width": 108223.62660486477, "cell_height": 119710.25468782624, "cell_area": 14286077469.145508, "cell_perimeter": 479228.32094501087 }, "geometry": { "type": "Polygon", "coordinates": [ [ [ -180.0, -85.051128779806604 ], [ -168.75, -85.051128779806604 ], [ -168.75, -83.979259498862049 ], [ -180.0, -83.979259498862049 ], [ -180.0, -85.051128779806604 ] ] ] } },
{ "type": "Feature", "properties": { "tilecode": "z5x1y0", "resolution": 5, "center_lat": 84.515194139334326, "center_lon": -163.125, "cell_width": 131584.18496449364, "cell_height": 119710.25468782624, "cell_area": 14286077469.145508, "cell_perimeter": 479228.32094501087 }, "geometry": { "type": "Polygon", "coordinates": [ [ [ -168.75, 83.979259498862049 ], [ -157.5, 83.979259498862049 ], [ -157.5, 85.051128779806604 ], [ -168.75, 85.051128779806604 ], [ -168.75, 83.979259498862049 ] ] ] } },
{ "type": "Feature", "properties": { "tilecode": "z5x1y1", "resolution": 5, "center_lat": 83.327772238605547, "center_lon": -163.125, "cell_width": 159918.04297982904, "cell_height": 145514.4883510592, "cell_area": 21109976338.21875, "cell_perimeter": 582531.20464644115 }, "geometry": { "type": "Polygon", "coordinates": [ [ [ -168.75, 82.676284978349031 ], [ -157.5, 82.676284978349031 ], [ -157.5, 83.979259498862049 ], [ -168.75, 83.979259498862049 ], [ -168.75, 82.676284978349031 ] ] ] } },
{ "type": "Feature", "properties": { "tilecode": "z5x1y2", "resolution": 5, "center_lat": 81.884749415478709, "center_lon": -163.125, "cell_width": 194228.89232904164, "cell_height": 176783.79025463015, "cell_area": 31159964055.347656, "cell_perimeter": 707714.51581813092 }, "geometry": { "type": "Polygon", "coordinates": [ [ [ -168.75, 81.093213852608386 ], [ -157.5, 81.093213852608386 ], [ -157.5, 82.676284978349031 ], [ -168.75, 82.676284978349031 ], [ -168.75, 81.093213852608386 ] ] ] } },
{ "type": "Feature", "properties": { "tilecode": "z5x1y3", "resolution": 5, "center_lat": 80.132274246713919, "center_lon": -163.125, "cell_width": 235679.10278705135, "cell_height": 214598.42880588266, "cell_area": 45921829864.564453, "cell_perimeter": 859104.85272785835 }, "geometry": { "type": "Polygon", "coordinates": [ [ [ -168.75, 79.171334640819452 ], [ -157.5, 79.171334640819452 ], [ -157.5, 81.093213852608386 ], [ -168.75, 81.093213852608386 ], [ -168.75, 79.171334640819452 ] ] ] } },
{ "type": "Feature", "properties": { "tilecode": "z5x1y4", "resolution": 5, "center_lat": 78.006075527625214, "center_lon": -163.125, "cell_width": 285578.90577750694, "cell_height": 260190.92729335208, "cell_area": 67519540387.077148, "cell_perimeter": 1041639.8631512625 }, "geometry": { "type": "Polygon", "coordinates": [ [ [ -168.75, 76.840816414430975 ], [ -157.5, 76.840816414430975 ], [ -157.5, 79.171334640819452 ], [ -168.75, 79.171334640819452 ], [ -168.75, 76.840816414430975 ] ] ] } },
{ "type": "Feature", "properties": { "tilecode": "z5x1y5", "resolution": 5, "center_lat": 75.430179862966611, "center_lon": -163.125, "cell_width": 345340.39321398037, "cell_height": 314917.17448925663, "cell_area": 98935667800.386719, "cell_perimeter": 1260753.6479700005 }, "geometry": { "type": "Polygon", "coordinates": [ [ [ -168.75, 74.019543311502261 ], [ -157.5, 74.019543311502261 ], [ -157.5, 76.840816414430975 ], [ -168.75, 76.840816414430975 ], [ -168.75, 74.019543311502261 ] ] ] } },
{ "type": "Feature", "properties": { "tilecode": "z5x1y6", "resolution": 5, "center_lat": 72.316078774760754, "center_lon": -163.125, "cell_width": 416367.74655973469, "cell_height": 380177.85463522567, "cell_area": 144244649467.35156, "cell_perimeter": 1522063.8490441665 }, "geometry": { "type": "Polygon", "coordinates": [ [ [ -168.75, 70.612614238019248 ], [ -157.5, 70.612614238019248 ], [ -157.5, 74.019543311502261 ], [ -168.75, 74.019543311502261 ], [ -168.75, 70.612614238019248 ] ] ] } },
{ "type": "Feature", "properties": { "tilecode": "z5x1y7", "resolution": 5, "center_lat": 68.562937340565554, "center_lon": -163.125, "cell_width": 499840.06041197834, "cell_height": 457254.11326378735, "cell_area": 208774564158.09766, "cell_perimeter": 1830716.0334992877 }, "geometry": { "type": "Polygon", "coordinates": [ [ [ -168.75, 66.513260443111861 ], [ -157.5, 66.513260443111861 ], [ -157.5, 70.612614238019248 ], [ -168.75, 70.612614238019248 ], [ -168.75, 66.513260443111861 ] ] ] } },
{ "type": "Feature", "properties": { "tilecode": "z5x1y8", "resolution": 5, "center_lat": 64.059828407249057, "center_lon": -163.125, "cell_width": 596328.26003255299, "cell_height": 547006.64910479658, "cell_area": 299004638547.62012, "cell_perimeter": 2190181.6186541244 }, "geometry": { "type": "Polygon", "coordinates": [ [ [ -168.75, 61.606396371386268 ], [ -157.5, 61.606396371386268 ], [ -157.5, 66.513260443111861 ], [ -168.75, 66.513260443111861 ], [ -168.75, 61.606396371386268 ] ] ] } },
{ "type": "Feature", "properties": { "tilecode": "z5x1y9", "resolution": 5, "center_lat": 58.691484695026986, "center_lon": -163.125, "cell_width": 705186.72066214541, "cell_height": 649380.10464495013, "cell_area": 421832873365.11719, "cell_perimeter": 2600275.1899845987 }, "geometry": { "type": "Polygon", "coordinates": [ [ [ -168.75, 55.776573018667698 ], [ -157.5, 55.776573018667698 ], [ -157.5, 61.606396371386268 ], [ -168.75, 61.606396371386268 ], [ -168.75, 55.776573018667698 ] ] ] } },
{ "type": "Feature", "properties": { "tilecode": "z5x1y10", "resolution": 5, "center_lat": 52.349536141212965, "center_lon": -163.125, "cell_width": 823705.47975019796, "cell_height": 762677.84409848822, "cell_area": 582657894317.77637, "cell_perimeter": 3054247.8886093199 }, "geometry": { "type": "Polygon", "coordinates": [ [ [ -168.75, 48.92249926375824 ], [ -157.5, 48.92249926375824 ], [ -157.5, 55.776573018667698 ], [ -168.75, 55.776573018667698 ], [ -168.75, 48.92249926375824 ] ] ] } },
{ "type": "Feature", "properties": { "tilecode": "z5x1y11", "resolution": 5, "center_lat": 44.95119866668918, "center_lon": -163.125, "cell_width": 946152.93326944625, "cell_height": 882667.95666176802, "cell_area": 781726960961.31055, "cell_perimeter": 3535194.3263431801 }, "geometry": { "type": "Polygon", "coordinates": [ [ [ -168.75, 40.979898069620127 ], [ -157.5, 40.979898069620127 ], [ -157.5, 48.92249926375824 ], [ -168.75, 48.92249926375824 ], [ -168.75, 40.979898069620127 ] ] ] } },
{ "type": "Feature", "properties": { "tilecode": "z5x1y12", "resolution": 5, "center_lat": 36.466030153822544, "center_lon": -163.125, "cell_width": 1063119.6372028978, "cell_height": 1001793.0197306408, "cell_area": 1008900467966.7783, "cell_perimeter": 4012858.6099336259 }, "geometry": { "type": "Polygon", "coordinates": [ [ [ -168.75, 31.952162238024968 ], [ -157.5, 31.952162238024968 ], [ -157.5, 40.979898069620127 ], [ -168.75, 40.979898069620127 ], [ -168.75, 31.952162238024968 ] ] ] } },
{ "type": "Feature", "properties": { "tilecode": "z5x1y13", "resolution": 5, "center_lat": 26.947603885731574, "center_lon": -163.125, "cell_width": 1161900.9357158756, "cell_height": 1109053.9614562085, "cell_area": 1238910794109.9292, "cell_perimeter": 4443128.4958311906 }, "geometry": { "type": "Polygon", "coordinates": [ [ [ -168.75, 21.943045533438177 ], [ -157.5, 21.943045533438177 ], [ -157.5, 31.952162238024968 ], [ -168.75, 31.952162238024968 ], [ -168.75, 21.943045533438177 ] ] ] } },
{ "type": "Feature", "properties": { "tilecode": "z5x1y14", "resolution": 5, "center_lat": 16.560723703574979, "center_lon": -163.125, "cell_width": 1228665.3006186907, "cell_height": 1191293.9078964787, "cell_area": 1431788580865.3503, "cell_perimeter": 4773154.0521275233 }, "geometry": { "type": "Polygon", "coordinates": [ [ [ -168.75, 11.178401873711781 ], [ -157.5, 11.178401873711781 ], [ -157.5, 21.943045533438177 ], [ -168.75, 21.943045533438177 ], [ -168.75, 11.178401873711781 ] ] ] } },
{ "type": "Feature", "properties": { "tilecode": "z5x1y15", "resolution": 5, "center_lat": 5.5892009368558906, "center_lon": -163.125, "cell_width": 1252344.2714243277, "cell_height": 1236200.0081271871, "cell_area": 1543215607369.6492, "cell_perimeter": 4953409.5882973932 }, "geometry": { "type": "Polygon", "coordinates": [ [ [ -168.75, 0.0 ], [ -157.5, 0.0 ], [ -157.5, 11.178401873711781 ], [ -168.75, 11.178401873711781 ], [ -168.75, 0.0 ] ] ] } },
{ "type": "Feature", "properties": { "tilecode": "z5x1y16", "resolution": 5, "center_lat": -5.5892009368558906, "center_lon": -163.125, "cell_width": 1228665.3006186907, "cell_height": 1236200.0081271871, "cell_area": 1543215607369.6492, "cell_perimeter": 4953409.5882973932 }, "geometry": { "type": "Polygon", "coordinates": [ [ [ -168.75, -11.178401873711781 ], [ -157.5, -11.178401873711781 ], [ -157.5, 0.0 ], [ -168.75, 0.0 ], [ -168.75, -11.178401873711781 ] ] ] } },
{ "type": "Feature", "properties": { "tilecode": "z5x1y17", "resolution": 5, "center_lat": -16.560723703574979, "center_lon": -163.125, "cell_width": 1161900.9357158756, "cell_height": 1191293.9078964787, "cell_area": 1431788580865.3503, "cell_perimeter": 4773154.0521275233 }, "geometry": { "type": "Polygon", "coordinates": [ [ [ -168.75, -21.943045533438177 ], [ -157.5, -21.943045533438177 ], [ -157.5, -11.178401873711781 ], [ -168.75, -11.178401873711781 ], [ -168.75, -21.943045533438177 ] ] ] } },
{ "type": "Feature", "properties": { "tilecode": "z5x1y18", "resolution": 5, "center_lat": -26.947603885731574, "center_lon": -163.125, "cell_width": 1063119.6372028978, "cell_height": 1109053.9614562085, "cell_area": 1238910794109.9292, "cell_perimeter": 4443128.4958311906 }, "geometry": { "type": "Polygon", "coordinates": [ [ [ -168.75, -31.952162238024968 ], [ -157.5, -31.952162238024968 ], [ -157.5, -21.943045533438177 ], [ -168.75, -21.943045533438177 ], [ -168.75, -31.952162238024968 ] ] ] } },
{ "type": "Feature", "properties": { "tilecode": "z5x1y19", "resolution": 5, "center_lat": -36.466030153822544, "center_lon": -163.125, "cell_width": 946152.93326944625, "cell_height": 1001793.0197306408, "cell_area": 1008900467966.7783, "cell_perimeter": 4012858.6099336259 }, "geometry": { "type": "Polygon", "coordinates": [ [ [ -168.75, -40.979898069620127 ], [ -157.5, -40.979898069620127 ], [ -157.5, -31.952162238024968 ], [ -168.75, -31.952162238024968 ], [ -168.75, -40.979898069620127 ] ] ] } },
{ "type": "Feature", "properties": { "tilecode": "z5x1y20", "resolution": 5, "center_lat": -44.95119866668918, "center_lon": -163.125, "cell_width": 823705.47975019796, "cell_height": 882667.95666176802, "cell_area": 781726960961.31055, "cell_perimeter": 3535194.3263431801 }, "geometry": { "type": "Polygon", "coordinates": [ [ [ -168.75, -48.92249926375824 ], [ -157.5, -48.92249926375824 ], [ -157.5, -40.979898069620127 ], [ -168.75, -40.979898069620127 ], [ -168.75, -48.92249926375824 ] ] ] } },
{ "type": "Feature", "properties": { "tilecode": "z5x1y21", "resolution": 5, "center_lat": -52.349536141212965, "center_lon": -163.125, "cell_width": 705186.72066214541, "cell_height": 762677.84409848822, "cell_area": 582657894317.77637, "cell_perimeter": 3054247.8886093199 }, "geometry": { "type": "Polygon", "coordinates": [ [ [ -168.75, -55.776573018667698 ], [ -157.5, -55.776573018667698 ], [ -157.5, -48.92249926375824 ], [ -168.75, -48.92249926375824 ], [ -168.75, -55.776573018667698 ] ] ] } },
{ "type": "Feature", "properties": { "tilecode": "z5x1y22", "resolution": 5, "center_lat": -58.691484695026986, "center_lon": -163.125, "cell_width": 596328.26003255299, "cell_height": 649380.10464495013, "cell_area": 421832873365.11719, "cell_perimeter": 2600275.1899845987 }, "geometry": { "type": "Polygon", "coordinates": [ [ [ -168.75, -61.606396371386268 ], [ -157.5, -61.606396371386268 ], [ -157.5, -55.776573018667698 ], [ -168.75, -55.776573018667698 ], [ -168.75, -61.606396371386268 ] ] ] } },
{ "type": "Feature", "properties": { "tilecode": "z5x1y23", "resolution": 5, "center_lat": -64.059828407249057, "center_lon": -163.125, "cell_width": 499840.06041197834, "cell_height": 547006.64910479658, "cell_area": 299004638547.62012, "cell_perimeter": 2190181.6186541244 }, "geometry": { "type": "Polygon", "coordinates": [ [ [ -168.75, -66.513260443111861 ], [ -157.5, -66.513260443111861 ], [ -157.5, -61.606396371386268 ], [ -168.75, -61.606396371386268 ], [ -168.75, -66.513260443111861 ] ] ] } },
{ "type": "Feature", "properties": { "tilecode": "z5x1y24", "resolution": 5, "center_lat": -68.562937340565554, "center_lon": -163.125, "cell_width": 416367.74655973469, "cell_height": 457254.11326378735, "cell_area": 208774564158.09766, "cell_perimeter": 1830716.0334992877 }, "geometry": { "type": "Polygon", "coordinates": [ [ [ -168.75, -70.612614238019248 ], [ -157.5, -70.612614238019248 ], [ -157.5, -66.513260443111861 ], [ -168.75, -66.513260443111861 ], [ -168.75, -70.612614238019248 ] ] ] } },
{ "type": "Feature", "properties": { "tilecode": "z5x1y25", "resolution": 5, "center_lat": -72.316078774760754, "center_lon": -163.125, "cell_width": 345340.39321398037, "cell_height": 380177.85463522567, "cell_area": 144244649467.35156, "cell_perimeter": 1522063.8490441665 }, "geometry": { "type": "Polygon", "coordinates": [ [ [ -168.75, -74.019543311502261 ], [ -157.5, -74.019543311502261 ], [ -157.5, -70.612614238019248 ], [ -168.75, -70.612614238019248 ], [ -168.75, -74.019543311502261 ] ] ] } },
{ "type": "Feature", "properties": { "tilecode": "z5x1y26", "resolution": 5, "center_lat": -75.430179862966611, "center_lon": -163.125, "cell_width": 285578.90577750694, "cell_height": 314917.17448925663, "cell_area": 98935667800.386719, "cell_perimeter": 1260753.6479700005 }, "geometry": { "type": "Polygon", "coordinates": [ [ [ -168.75, -76.840816414430975 ], [ -157.5, -76.840816414430975 ], [ -157.5, -74.019543311502261 ], [ -168.75, -74.019543311502261 ], [ -168.75, -76.840816414430975 ] ] ] } },
{ "type": "Feature", "properties": { "tilecode": "z5x1y27", "resolution": 5, "center_lat": -78.006075527625214, "center_lon": -163.125, "cell_width": 235679.10278705135, "cell_height": 260190.92729335208, "cell_area": 67519540387.077148, "cell_perimeter": 1041639.8631512625 }, "geometry": { "type": "Polygon", "coordinates": [ [ [ -168.75, -79.171334640819452 ], [ -157.5, -79.171334640819452 ], [ -157.5, -76.840816414430975 ], [ -168.75, -76.840816414430975 ], [ -168.75, -79.171334640819452 ] ] ] } },
{ "type": "Feature", "properties": { "tilecode": "z5x1y28", "resolution": 5, "center_lat": -80.132274246713919, "center_lon": -163.125, "cell_width": 194228.89232904164, "cell_height": 214598.42880588266, "cell_area": 45921829864.564453, "cell_perimeter": 859104.85272785835 }, "geometry": { "type": "Polygon", "coordinates": [ [ [ -168.75, -81.093213852608386 ], [ -157.5, -81.093213852608386 ], [ -157.5, -79.171334640819452 ], [ -168.75, -79.171334640819452 ], [ -168.75, -81.093213852608386 ] ] ] } },
{ "type": "Feature", "properties": { "tilecode": "z5x1y29", "resolution": 5, "center_lat": -81.884749415478709, "center_lon": -163.125, "cell_width": 159918.04297982904, "cell_height": 176783.79025463015, "cell_area": 31159964055.347656, "cell_perimeter": 707714.51581813092 }, "geometry": { "type": "Polygon", "coordinates": [ [ [ -168.75, -82.676284978349031 ], [ -157.5, -82.676284978349031 ], [ -157.5, -81.093213852608386 ], [ -168.75, -81.093213852608386 ], [ -168.75, -82.676284978349031 ] ] ] } },
{ "type": "Feature", "properties": { "tilecode": "z5x1y30", "resolution": 5, "center_lat": -83.327772238605547, "center_lon": -163.125, "cell_width": 131584.18496449364, "cell_height": 145514.4883510592, "cell_area": 21109976338.21875, "cell_perimeter": 582531.20464644115 }, "geometry": { "type": "Polygon", "coordinates": [ [ [ -168.75, -83.979259498862049 ], [ -157.5, -83.979259498862049 ], [ -157.5, -82.676284978349031 ], [ -168.75, -82.676284978349031 ], [ -168.75, -83.979259498862049 ] ] ] } },
{ "type": "Feature", "properties": { "tilecode": "z5x1y31", "resolution": 5, "center_lat": -84.515194139334326, "center_lon": -163.125, "cell_width": 108223.62660486477, "cell_height": 119710.25468782624, "cell_area": 14286077469.145508, "cell_perimeter": 479228.32094501087 }, "geometry": { "type": "Polygon", "coordinates": [ [ [ -168.75, -85.051128779806604 ], [ -157.5, -85.051128779806604 ], [ -157.5, -83.979259498862049 ], [ -168.75, -83.979259498862049 ], [ -168.75, -85.051128779806604 ] ] ] } },
{ "type": "Feature", "properties": { "tilecode": "z5x2y0", "resolution": 5, "center_lat": 84.515194139334326, "center_lon": -151.875, "cell_width": 131584.18496449364, "cell_height": 119710.25468782624, "cell_area": 14286077469.145508, "cell_perimeter": 479228.32094501087 }, "geometry": { "type": "Polygon", "coordinates": [ [ [ -157.5, 83.979259498862049 ], [ -146.25, 83.979259498862049 ], [ -146.25, 85.051128779806604 ], [ -157.5, 85.051128779806604 ], [ -157.5, 83.979259498862049 ] ] ] } },
{ "type": "Feature", "properties": { "tilecode": "z5x2y1", "resolution": 5, "center_lat": 83.327772238605547, "center_lon": -151.875, "cell_width": 159918.04297982904, "cell_height": 145514.4883510592, "cell_area": 21109976338.21875, "cell_perimeter": 582531.20464644115 }, "geometry": { "type": "Polygon", "coordinates": [ [ [ -157.5, 82.676284978349031 ], [ -146.25, 82.676284978349031 ], [ -146.25, 83.979259498862049 ], [ -157.5, 83.979259498862049 ], [ -157.5, 82.676284978349031 ] ] ] } },
{ "type": "Feature", "properties": { "tilecode": "z5x2y2", "resolution": 5, "center_lat": 81.884749415478709, "center_lon": -151.875, "cell_width": 194228.89232904164, "cell_height": 176783.79025463015, "cell_area": 31159964055.347656, "cell_perimeter": 707714.51581813092 }, "geometry": { "type": "Polygon", "coordinates": [ [ [ -157.5, 81.093213852608386 ], [ -146.25, 81.093213852608386 ], [ -146.25, 82.676284978349031 ], [ -157.5, 82.676284978349031 ], [ -157.5, 81.093213852608386 ] ] ] } },
{ "type": "Feature", "properties": { "tilecode": "z5x2y3", "resolution": 5, "center_lat": 80.132274246713919, "center_lon": -151.875, "cell_width": 235679.10278705135, "cell_height": 214598.42880588266, "cell_area": 45921829864.564453, "cell_perimeter": 859104.85272785835 }, "geometry": { "type": "Polygon", "coordinates": [ [ [ -157.5, 79.171334640819452 ], [ -146.25, 79.171334640819452 ], [ -146.25, 81.093213852608386 ], [ -157.5, 81.093213852608386 ], [ -157.5, 79.171334640819452 ] ] ] } },
{ "type": "Feature", "properties": { "tilecode": "z5x2y4", "resolution": 5, "center_lat": 78.006075527625214, "center_lon": -151.875, "cell_width": 285578.90577750694, "cell_height": 260190.92729335208, "cell_area": 67519540387.077148, "cell_perimeter": 1041639.8631512625 }, "geometry": { "type": "Polygon", "coordinates": [ [ [ -157.5, 76.840816414430975 ], [ -146.25, 76.840816414430975 ], [ -146.25, 79.171334640819452 ], [ -157.5, 79.171334640819452 ], [ -157.5, 76.840816414430975 ] ] ] } },
{ "type": "Feature", "properties": { "tilecode": "z5x2y5", "resolution": 5, "center_lat": 75.430179862966611, "center_lon": -151.875, "cell_width": 345340.39321398037, "cell_height": 314917.17448925663, "cell_area": 98935667800.386719, "cell_perimeter": 1260753.6479700005 }, "geometry": { "type": "Polygon", "coordinates": [ [ [ -157.5, 74.019543311502261 ], [ -146.25, 74.019543311502261 ], [ -146.25, 76.840816414430975 ], [ -157.5, 76.840816414430975 ], [ -157.5, 74.019543311502261 ] ] ] } },
{ "type": "Feature", "properties": { "tilecode": "z5x2y6", "resolution": 5, "center_lat": 72.316078774760754, "center_lon": -151.875, "cell_width": 416367.74655973469, "cell_height": 380177.85463522567, "cell_area": 144244649467.35156, "cell_perimeter": 1522063.8490441665 }, "geometry": { "type": "Polygon", "coordinates": [ [ [ -157.5, 70.612614238019248 ], [ -146.25, 70.612614238019248 ], [ -146.25, 74.019543311502261 ], [ -157.5, 74.019543311502261 ], [ -157.5, 70.612614238019248 ] ] ] } },
{ "type": "Feature", "properties": { "tilecode": "z5x2y7", "resolution": 5, "center_lat": 68.562937340565554, "center_lon": -151.875, "cell_width": 499840.06041197834, "cell_height": 457254.11326378735, "cell_area": 208774564158.09766, "cell_perimeter": 1830716.0334992877 }, "geometry": { "type": "Polygon", "coordinates": [ [ [ -157.5, 66.513260443111861 ], [ -146.25, 66.513260443111861 ], [ -146.25, 70.612614238019248 ], [ -157.5, 70.612614238019248 ], [ -157.5, 66.513260443111861 ] ] ] } },
{ "type": "Feature", "properties": { "tilecode": "z5x2y8", "resolution": 5, "center_lat": 64.059828407249057, "center_lon": -151.875, "cell_width": 596328.26003255299, "cell_height": 547006.64910479658, "cell_area": 299004638547.62012, "cell_perimeter": 2190181.6186541244 }, "geometry": { "type": "Polygon", "coordinates": [ [ [ -157.5, 61.606396371386268 ], [ -146.25, 61.606396371386268 ], [ -146.25, 66.513260443111861 ], [ -157.5, 66.513260443111861 ], [ -157.5, 61.606396371386268 ] ] ] } },
{ "type": "Feature", "properties": { "tilecode": "z5x2y9", "resolution": 5, "center_lat": 58.691484695026986, "center_lon": -151.875, "cell_width": 705186.72066214541, "cell_height": 649380.10464495013, "cell_area": 421832873365.11719, "cell_perimeter": 2600275.1899845987 }, "geometry": { "type": "Polygon", "coordinates": [ [ [ -157.5, 55.776573018667698 ], [ -146.25, 55.776573018667698 ], [ -146.25, 61.606396371386268 ], [ -157.5, 61.606396371386268 ], [ -157.5, 55.776573018667698 ] ] ] } },
{ "type": "Feature", "properties": { "tilecode": "z5x2y10", "resolution": 5, "center_lat": 52.349536141212965, "center_lon": -151.875, "cell_width": 823705.47975019796, "cell_height": 762677.84409848822, "cell_area": 582657894317.77637, "cell_perimeter": 3054247.8886093199 }, "geometry": { "type": "Polygon", "coordinates": [ [ [ -157.5, 48.92249926375824 ], [ -146.25, 48.92249926375824 ], [ -146.25, 55.776573018667698 ], [ -157.5, 55.776573018667698 ], [ -157.5, 48.92249926375824 ] ] ] } },
{ "type": "Feature", "properties": { "tilecode": "z5x2y11", "resolution": 5, "center_lat": 44.95119866668918, "center_lon": -151.875, "cell_width": 946152.93326944625, "cell_height": 882667.95666176802, "cell_area": 781726960961.31055, "cell_perimeter": 3535194.3263431801 }, "geometry": { "type": "Polygon", "coordinates": [ [ [ -157.5, 40.979898069620127 ], [ -146.25, 40.979898069620127 ], [ -146.25, 48.92249926375824 ], [ -157.5, 48.92249926375824 ], [ -157.5, 40.979898069620127 ] ] ] } },
{ "type": "Feature", "properties": { "tilecode": "z5x2y12", "resolution": 5, "center_lat": 36.466030153822544, "center_lon": -151.875, "cell_width": 1063119.6372028978, "cell_height": 1001793.0197306408, "cell_area": 1008900467966.7783, "cell_perimeter": 4012858.6099336259 }, "geometry": { "type": "Polygon", "coordinates": [ [ [ -157.5, 31.952162238024968 ], [ -146.25, 31.952162238024968 ], [ -146.25, 40.979898069620127 ], [ -157.5, 40.979898069620127 ], [ -157.5, 31.952162238024968 ] ] ] } },
{ "type": "Feature", "properties": { "tilecode": "z5x2y13", "resolution": 5, "center_lat": 26.947603885731574, "center_lon": -151.875, "cell_width": 1161900.9357158756, "cell_height": 1109053.9614562085, "cell_area": 1238910794109.9292, "cell_perimeter": 4443128.4958311906 }, "geometry": { "type": "Polygon", "coordinates": [ [ [ -157.5, 21.943045533438177 ], [ -146.25, 21.943045533438177 ], [ -146.25, 31.952162238024968 ], [ -157.5, 31.952162238024968 ], [ -157.5, 21.943045533438177 ] ] ] } },
{ "type": "Feature", "properties": { "tilecode": "z5x2y14", "resolution": 5, "center_lat": 16.560723703574979, "center_lon": -151.875, "cell_width": 1228665.3006186907, "cell_height": 1191293.9078964787, "cell_area": 1431788580865.3503, "cell_perimeter": 4773154.0521275233 }, "geometry": { "type": "Polygon", "coordinates": [ [ [ -157.5, 11.178401873711781 ], [ -146.25, 11.178401873711781 ], [ -146.25, 21.943045533438177 ], [ -157.5, 21.943045533438177 ], [ -157.5, 11.178401873711781 ] ] ] } },
{ "type": "Feature", "properties": { "tilecode": "z5x2y15", "resolution": 5, "center_lat": 5.5892009368558906, "center_lon": -151.875, "cell_width": 1252344.2714243277, "cell_height": 1236200.0081271871, "cell_area": 1543215607369.6492, "cell_perimeter": 4953409.5882973932 }, "geometry": { "type": "Polygon", "coordinates": [ [ [ -157.5, 0.0 ], [ -146.25, 0.0 ], [ -146.25, 11.178401873711781 ], [ -157.5, 11.178401873711781 ], [ -157.5, 0.0 ] ] ] } },
{ "type": "Feature", "properties": { "tilecode": "z5x2y16", "resolution": 5, "center_lat": -5.5892009368558906, "center_lon": -151.875, "cell_width": 1228665.3006186907, "cell_height": 1236200.0081271871, "cell_area": 1543215607369.6492, "cell_perimeter": 4953409.5882973932 }, "geometry": { "type": "Polygon", "coordinates": [ [ [ -157.5, -11.178401873711781 ], [ -146.25, -11.178401873711781 ], [ -146.25, 0.0 ], [ -157.5, 0.0 ], [ -157.5, -11.178401873711781 ] ] ] } },
{ "type": "Feature", "properties": { "tilecode": "z5x2y17", "resolution": 5, "center_lat": -16.560723703574979, "center_lon": -151.875, "cell_width": 1161900.9357158756, "cell_height": 1191293.9078964787, "cell_area": 1431788580865.3503, "cell_perimeter": 4773154.0521275233 }, "geometry": { "type": "Polygon", "coordinates": [ [ [ -157.5, -21.943045533438177 ], [ -146.25, -21.943045533438177 ], [ -146.25, -11.178401873711781 ], [ -157.5, -11.178401873711781 ], [ -157.5, -21.943045533438177 ] ] ] } },
{ "type": "Feature", "properties": { "tilecode": "z5x2y18", "resolution": 5, "center_lat": -26.947603885731574, "center_lon": -151.875, "cell_width": 1063119.6372028978, "cell_height": 1109053.9614562085, "cell_area": 1238910794109.9292, "cell_perimeter": 4443128.4958311906 }, "geometry": { "type": "Polygon", "coordinates": [ [ [ -157.5, -31.952162238024968 ], [ -146.25, -31.952162238024968 ], [ -146.25, -21.943045533438177 ], [ -157.5, -21.943045533438177 ], [ -157.5, -31.952162238024968 ] ] ] } },
{ "type": "Feature", "properties": { "tilecode": "z5x2y19", "resolution": 5, "center_lat": -36.466030153822544, "center_lon": -151.875, "cell_width": 946152.93326944625, "cell_height": 1001793.0197306408, "cell_area": 1008900467966.7783, "cell_perimeter": 4012858.6099336259 }, "geometry": { "type": "Polygon", "coordinates": [ [ [ -157.5, -40.979898069620127 ], [ -146.25, -40.979898069620127 ], [ -146.25, -31.952162238024968 ], [ -157.5, -31.952162238024968 ], [ -157.5, -40.979898069620127 ] ] ] } },
{ "type": "Feature", "properties": { "tilecode": "z5x2y20", "resolution": 5, "center_lat": -44.95119866668918, "center_lon": -151.875, "cell_width": 823705.47975019796, "cell_height": 882667.95666176802, "cell_area": 781726960961.31055, "cell_perimeter": 3535194.3263431801 }, "geometry": { "type": "Polygon", "coordinates": [ [ [ -157.5, -48.92249926375824 ], [ -146.25, -48.92249926375824 ], [ -146.25, -40.979898069620127 ], [ -157.5, -40.979898069620127 ], [ -157.5, -48.92249926375824 ] ] ] } },
{ "type": "Feature", "properties": { "tilecode": "z5x2y21", "resolution": 5, "center_lat": -52.349536141212965, "center_lon": -151.875, "cell_width": 705186.72066214541, "cell_height": 762677.84409848822, "cell_area": 582657894317.77637, "cell_perimeter": 3054247.8886093199 }, "geometry": { "type": "Polygon", "coordinates": [ [ [ -157.5, -55.776573018667698 ], [ -146.25, -55.776573018667698 ], [ -146.25, -48.92249926375824 ], [ -157.5, -48.92249926375824 ], [ -157.5, -55.776573018667698 ] ] ] } },
{ "type": "Feature", "properties": { "tilecode": "z5x2y22", "resolution": 5, "center_lat": -58.691484695026986, "center_lon": -151.875, "cell_width": 596328.26003255299, "cell_height": 649380.10464495013, "cell_area": 421832873365.11719, "cell_perimeter": 2600275.1899845987 }, "geometry": { "type": "Polygon", "coordinates": [ [ [ -157.5, -61.606396371386268 ], [ -146.25, -61.606396371386268 ], [ -146.25, -55.776573018667698 ], [ -157.5, -55.776573018667698 ], [ -157.5, -61.606396371386268 ] ] ] } },
{ "type": "Feature", "properties": { "tilecode": "z5x2y23", "resolution": 5, "center_lat": -64.059828407249057, "center_lon": -151.875, "cell_width": 499840.06041197834, "cell_height": 547006.64910479658, "cell_area": 299004638547.62012, "cell_perimeter": 2190181.6186541244 }, "geometry": { "type": "Polygon", "coordinates": [ [ [ -157.5, -66.513260443111861 ], [ -146.25, -66.513260443111861 ], [ -146.25, -61.606396371386268 ], [ -157.5, -61.606396371386268 ], [ -157.5, -66.513260443111861 ] ] ] } },
{ "type": "Feature", "properties": { "tilecode": "z5x2y24", "resolution": 5, "center_lat": -68.562937340565554, "center_lon": -151.875, "cell_width": 416367.74655973469, "cell_height": 457254.11326378735, "cell_area": 208774564158.09766, "cell_perimeter": 1830716.0334992877 }, "geometry": { "type": "Polygon", "coordinates": [ [ [ -157.5, -70.612614238019248 ], [ -146.25, -70.612614238019248 ], [ -146.25, -66.513260443111861 ], [ -157.5, -66.513260443111861 ], [ -157.5, -70.612614238019248 ] ] ] } },
{ "type": "Feature", "properties": { "tilecode": "z5x2y25", "resolution": 5, "center_lat": -72.316078774760754, "center_lon": -151.875, "cell_width": 345340.39321398037, "cell_height": 380177.85463522567, "cell_area": 144244649467.35156, "cell_perimeter": 1522063.8490441665 }, "geometry": { "type": "Polygon", "coordinates": [ [ [ -157.5, -74.019543311502261 ], [ -146.25, -74.019543311502261 ], [ -146.25, -70.612614238019248 ], [ -157.5, -70.612614238019248 ], [ -157.5, -74.019543311502261 ] ] ] } },
{ "type": "Feature", "properties": { "tilecode": "z5x2y26", "resolution": 5, "center_lat": -75.430179862966611, "center_lon": -151.875, "cell_width": 285578.90577750694, "cell_height": 314917.17448925663, "cell_area": 98935667800.386719, "cell_perimeter": 1260753.6479700005 }, "geometry": { "type": "Polygon", "coordinates": [ [ [ -157.5, -76.840816414430975 ], [ -146.25, -76.840816414430975 ], [ -146.25, -74.019543311502261 ], [ -157.5, -74.019543311502261 ], [ -157.5, -76.840816414430975 ] ] ] } },
{ "type": "Feature", "properties": { "tilecode": "z5x2y27", "resolution": 5, "center_lat": -78.006075527625214, "center_lon": -151.875, "cell_width": 235679.10278705135, "cell_height": 260190.92729335208, "cell_area": 67519540387.077148, "cell_perimeter": 1041639.8631512625 }, "geometry": { "type": "Polygon", "coordinates": [ [ [ -157.5, -79.171334640819452 ], [ -146.25, -79.171334640819452 ], [ -146.25, -76.840816414430975 ], [ -157.5, -76.840816414430975 ], [ -157.5, -79.171334640819452 ] ] ] } },
{ "type": "Feature", "properties": { "tilecode": "z5x2y28", "resolution": 5, "center_lat": -80.132274246713919, "center_lon": -151.875, "cell_width": 194228.89232904164, "cell_height": 214598.42880588266, "cell_area": 45921829864.564453, "cell_perimeter": 859104.85272785835 }, "geometry": { "type": "Polygon", "coordinates": [ [ [ -157.5, -81.093213852608386 ], [ -146.25, -81.093213852608386 ], [ -146.25, -79.171334640819452 ], [ -157.5, -79.171334640819452 ], [ -157.5, -81.093213852608386 ] ] ] } },
{ "type": "Feature", "properties": { "tilecode": "z5x2y29", "resolution": 5, "center_lat": -81.884749415478709, "center_lon": -151.875, "cell_width": 159918.04297982904, "cell_height": 176783.79025463015, "cell_area": 31159964055.347656, "cell_perimeter": 707714.51581813092 }, "geometry": { "type": "Polygon", "coordinates": [ [ [ -157.5, -82.676284978349031 ], [ -146.25, -82.676284978349031 ], [ -146.25, -81.093213852608386 ], [ -157.5, -81.093213852608386 ], [ -157.5, -82.676284978349031 ] ] ] } },
{ "type": "Feature", "properties": { "tilecode": "z5x2y30", "resolution": 5, "center_lat": -83.327772238605547, "center_lon": -151.875, "cell_width": 131584.18496449364, "cell_height": 145514.4883510592, "cell_area": 21109976338.21875, "cell_perimeter": 582531.20464644115 }, "geometry": { "type": "Polygon", "coordinates": [ [ [ -157.5, -83.979259498862049 ], [ -146.25, -83.979259498862049 ], [ -146.25, -82.676284978349031 ], [ -157.5, -82.676284978349031 ], [ -157.5, -83.979259498862049 ] ] ] } },
{ "type": "Feature", "properties": { "tilecode": "z5x2y31", "resolution": 5, "center_lat": -84.515194139334326, "center_lon": -151.875, "cell_width": 108223.62660486477, "cell_height": 119710.25468782624, "cell_area": 14286077469.145508, "cell_perimeter": 479228.32094501087 }, "geometry": { "type": "Polygon", "coordinates": [ [ [ -157.5, -85.051128779806604 ], [ -146.25, -85.051128779806604 ], [ -146.25, -83.979259498862049 ], [ -157.5, -83.979259498862049 ], [ -157.5, -85.051128779806604 ] ] ] } },
{ "type": "Feature", "properties": { "tilecode": "z5x3y0", "resolution": 5, "center_lat": 84.515194139334326, "center_lon": -140.625, "cell_width": 131584.18496449364, "cell_height": 119710.25468782624, "cell_area": 14286077469.145508, "cell_perimeter": 479228.32094501087 }, "geometry": { "type": "Polygon", "coordinates": [ [ [ -146.25, 83.979259498862049 ], [ -135.0, 83.979259498862049 ], [ -135.0, 85.051128779806604 ], [ -146.25, 85.051128779806604 ], [ -146.25, 83.979259498862049 ] ] ] } },
{ "type": "Feature", "properties": { "tilecode": "z5x3y1", "resolution": 5, "center_lat": 83.327772238605547, "center_lon": -140.625, "cell_width": 159918.04297982904, "cell_height": 145514.4883510592, "cell_area": 21109976338.21875, "cell_perimeter": 582531.20464644115 }, "geometry": { "type": "Polygon", "coordinates": [ [ [ -146.25, 82.676284978349031 ], [ -135.0, 82.676284978349031 ], [ -135.0, 83.979259498862049 ], [ -146.25, 83.979259498862049 ], [ -146.25, 82.676284978349031 ] ] ] } },
{ "type": "Feature", "properties": { "tilecode": "z5x3y2", "resolution": 5, "center_lat": 81.884749415478709, "center_lon": -140.625, "cell_width": 194228.89232904164, "cell_height": 176783.79025463015, "cell_area": 31159964055.347656, "cell_perimeter": 707714.51581813092 }, "geometry": { "type": "Polygon", "coordinates": [ [ [ -146.25, 81.093213852608386 ], [ -135.0, 81.093213852608386 ], [ -135.0, 82.676284978349031 ], [ -146.25, 82.676284978349031 ], [ -146.25, 81.093213852608386 ] ] ] } },
{ "type": "Feature", "properties": { "tilecode": "z5x3y3", "resolution": 5, "center_lat": 80.132274246713919, "center_lon": -140.625, "cell_width": 235679.10278705135, "cell_height": 214598.42880588266, "cell_area": 45921829864.564453, "cell_perimeter": 859104.85272785835 }, "geometry": { "type": "Polygon", "coordinates": [ [ [ -146.25, 79.171334640819452 ], [ -135.0, 79.171334640819452 ], [ -135.0, 81.093213852608386 ], [ -146.25, 81.093213852608386 ], [ -146.25, 79.171334640819452 ] ] ] } },
{ "type": "Feature", "properties": { "tilecode": "z5x3y4", "resolution": 5, "center_lat": 78.006075527625214, "center_lon": -140.625, "cell_width": 285578.90577750694, "cell_height": 260190.92729335208, "cell_area": 67519540387.077148, "cell_perimeter": 1041639.8631512625 }, "geometry": { "type": "Polygon", "coordinates": [ [ [ -146.25, 76.840816414430975 ], [ -135.0, 76.840816414430975 ], [ -135.0, 79.171334640819452 ], [ -146.25, 79.171334640819452 ], [ -146.25, 76.840816414430975 ] ] ] } },
{ "type": "Feature", "properties": { "tilecode": "z5x3y5", "resolution": 5, "center_lat": 75.430179862966611, "center_lon": -140.625, "cell_width": 345340.39321398037, "cell_height": 314917.17448925663, "cell_area": 98935667800.386719, "cell_perimeter": 1260753.6479700005 }, "geometry": { "type": "Polygon", "coordinates": [ [ [ -146.25, 74.019543311502261 ], [ -135.0, 74.019543311502261 ], [ -135.0, 76.840816414430975 ], [ -146.25, 76.840816414430975 ], [ -146.25, 74.019543311502261 ] ] ] } },
{ "type": "Feature", "properties": { "tilecode": "z5x3y6", "resolution": 5, "center_lat": 72.316078774760754, "center_lon": -140.625, "cell_width": 416367.74655973469, "cell_height": 380177.85463522567, "cell_area": 144244649467.35156, "cell_perimeter": 1522063.8490441665 }, "geometry": { "type": "Polygon", "coordinates": [ [ [ -146.25, 70.612614238019248 ], [ -135.0, 70.612614238019248 ], [ -135.0, 74.019543311502261 ], [ -146.25, 74.019543311502261 ], [ -146.25, 70.612614238019248 ] ] ] } },
{ "type": "Feature", "properties": { "tilecode": "z5x3y7", "resolution": 5, "center_lat": 68.562937340565554, "center_lon": -140.625, "cell_width": 499840.06041197834, "cell_height": 457254.11326378735, "cell_area": 208774564158.09766, "cell_perimeter": 1830716.0334992877 }, "geometry": { "type": "Polygon", "coordinates": [ [ [ -146.25, 66.513260443111861 ], [ -135.0, 66.513260443111861 ], [ -135.0, 70.612614238019248 ], [ -146.25, 70.612614238019248 ], [ -146.25, 66.513260443111861 ] ] ] } },
{ "type": "Feature", "properties": { "tilecode": "z5x3y8", "resolution": 5, "center_lat": 64.059828407249057, "center_lon": -140.625, "cell_width": 596328.26003255299, "cell_height": 547006.64910479658, "cell_area": 299004638547.62012, "cell_perimeter": 2190181.6186541244 }, "geometry": { "type": "Polygon", "coordinates": [ [ [ -146.25, 61.606396371386268 ], [ -135.0, 61.606396371386268 ], [ -135.0, 66.513260443111861 ], [ -146.25, 66.513260443111861 ], [ -146.25, 61.606396371386268 ] ] ] } },
{ "type": "Feature", "properties": { "tilecode": "z5x3y9", "resolution": 5, "center_lat": 58.691484695026986, "center_lon": -140.625, "cell_width": 705186.72066214541, "cell_height": 649380.10464495013, "cell_area": 421832873365.11719, "cell_perimeter": 2600275.1899845987 }, "geometry": { "type": "Polygon", "coordinates": [ [ [ -146.25, 55.776573018667698 ], [ -135.0, 55.776573018667698 ], [ -135.0, 61.606396371386268 ], [ -146.25, 61.606396371386268 ], [ -146.25, 55.776573018667698 ] ] ] } },
{ "type": "Feature", "properties": { "tilecode": "z5x3y10", "resolution": 5, "center_lat": 52.349536141212965, "center_lon": -140.625, "cell_width": 823705.47975019796, "cell_height": 762677.84409848822, "cell_area": 582657894317.77637, "cell_perimeter": 3054247.8886093199 }, "geometry": { "type": "Polygon", "coordinates": [ [ [ -146.25, 48.92249926375824 ], [ -135.0, 48.92249926375824 ], [ -135.0, 55.776573018667698 ], [ -146.25, 55.776573018667698 ], [ -146.25, 48.92249926375824 ] ] ] } },
{ "type": "Feature", "properties": { "tilecode": "z5x3y11", "resolution": 5, "center_lat": 44.95119866668918, "center_lon": -140.625, "cell_width": 946152.93326944625, "cell_height": 882667.95666176802, "cell_area": 781726960961.31055, "cell_perimeter": 3535194.3263431801 }, "geometry": { "type": "Polygon", "coordinates": [ [ [ -146.25, 40.979898069620127 ], [ -135.0, 40.979898069620127 ], [ -135.0, 48.92249926375824 ], [ -146.25, 48.92249926375824 ], [ -146.25, 40.979898069620127 ] ] ] } },
{ "type": "Feature", "properties": { "tilecode": "z5x3y12", "resolution": 5, "center_lat": 36.466030153822544, "center_lon": -140.625, "cell_width": 1063119.6372028978, "cell_height": 1001793.0197306408, "cell_area": 1008900467966.7783, "cell_perimeter": 4012858.6099336259 }, "geometry": { "type": "Polygon", "coordinates": [ [ [ -146.25, 31.952162238024968 ], [ -135.0, 31.952162238024968 ], [ -135.0, 40.979898069620127 ], [ -146.25, 40.979898069620127 ], [ -146.25, 31.952162238024968 ] ] ] } },
{ "type": "Feature", "properties": { "tilecode": "z5x3y13", "resolution": 5, "center_lat": 26.947603885731574, "center_lon": -140.625, "cell_width": 1161900.9357158756, "cell_height": 1109053.9614562085, "cell_area": 1238910794109.9292, "cell_perimeter": 4443128.4958311906 }, "geometry": { "type": "Polygon", "coordinates": [ [ [ -146.25, 21.943045533438177 ], [ -135.0, 21.943045533438177 ], [ -135.0, 31.952162238024968 ], [ -146.25, 31.952162238024968 ], [ -146.25, 21.943045533438177 ] ] ] } },
{ "type": "Feature", "properties": { "tilecode": "z5x3y14", "resolution": 5, "center_lat": 16.560723703574979, "center_lon": -140.625, "cell_width": 1228665.3006186907, "cell_height": 1191293.9078964787, "cell_area": 1431788580865.3503, "cell_perimeter": 4773154.0521275233 }, "geometry": { "type": "Polygon", "coordinates": [ [ [ -146.25, 11.178401873711781 ], [ -135.0, 11.178401873711781 ], [ -135.0, 21.943045533438177 ], [ -146.25, 21.943045533438177 ], [ -146.25, 11.178401873711781 ] ] ] } },
{ "type": "Feature", "properties": { "tilecode": "z5x3y15", "resolution": 5, "center_lat": 5.5892009368558906, "center_lon": -140.625, "cell_width": 1252344.2714243277, "cell_height": 1236200.0081271871, "cell_area": 1543215607369.6492, "cell_perimeter": 4953409.5882973932 }, "geometry": { "type": "Polygon", "coordinates": [ [ [ -146.25, 0.0 ], [ -135.0, 0.0 ], [ -135.0, 11.178401873711781 ], [ -146.25, 11.178401873711781 ], [ -146.25, 0.0 ] ] ] } },
{ "type": "Feature", "properties": { "tilecode": "z5x3y16", "resolution": 5, "center_lat": -5.5892009368558906, "center_lon": -140.625, "cell_width": 1228665.3006186907, "cell_height": 1236200.0081271871, "cell_area": 1543215607369.6492, "cell_perimeter": 4953409.5882973932 }, "geometry": { "type": "Polygon", "coordinates": [ [ [ -146.25, -11.178401873711781 ], [ -135.0, -11.178401873711781 ], [ -135.0, 0.0 ], [ -146.25, 0.0 ], [ -146.25, -11.178401873711781 ] ] ] } },
{ "type": "Feature", "properties": { "tilecode": "z5x3y17", "resolution": 5, "center_lat": -16.560723703574979, "center_lon": -140.625, "cell_width": 1161900.9357158756, "cell_height": 1191293.9078964787, "cell_area": 1431788580865.3503, "cell_perimeter": 4773154.0521275233 }, "geometry": { "type": "Polygon", "coordinates": [ [ [ -146.25, -21.943045533438177 ], [ -135.0, -21.943045533438177 ], [ -135.0, -11.178401873711781 ], [ -146.25, -11.178401873711781 ], [ -146.25, -21.943045533438177 ] ] ] } },
{ "type": "Feature", "properties": { "tilecode": "z5x3y18", "resolution": 5, "center_lat": -26.947603885731574, "center_lon": -140.625, "cell_width": 1063119.6372028978, "cell_height": 1109053.9614562085, "cell_area": 1238910794109.9292, "cell_perimeter": 4443128.4958311906 }, "geometry": { "type": "Polygon", "coordinates": [ [ [ -146.25, -31.952162238024968 ], [ -135.0, -31.952162238024968 ], [ -135.0, -21.943045533438177 ], [ -146.25, -21.943045533438177 ], [ -146.25, -31.952162238024968 ] ] ] } },
{ "type": "Feature", "properties": { "tilecode": "z5x3y19", "resolution": 5, "center_lat": -36.466030153822544, "center_lon": -140.625, "cell_width": 946152.93326944625, "cell_height": 1001793.0197306408, "cell_area": 1008900467966.7783, "cell_perimeter": 4012858.6099336259 }, "geometry": { "type": "Polygon", "coordinates": [ [ [ -146.25, -40.979898069620127 ], [ -135.0, -40.979898069620127 ], [ -135.0, -31.952162238024968 ], [ -146.25, -31.952162238024968 ], [ -146.25, -40.979898069620127 ] ] ] } },
{ "type": "Feature", "properties": { "tilecode": "z5x3y20", "resolution": 5, "center_lat": -44.95119866668918, "center_lon": -140.625, "cell_width": 823705.47975019796, "cell_height": 882667.95666176802, "cell_area": 781726960961.31055, "cell_perimeter": 3535194.3263431801 }, "geometry": { "type": "Polygon", "coordinates": [ [ [ -146.25, -48.92249926375824 ], [ -135.0, -48.92249926375824 ], [ -135.0, -40.979898069620127 ], [ -146.25, -40.979898069620127 ], [ -146.25, -48.92249926375824 ] ] ] } },
{ "type": "Feature", "properties": { "tilecode": "z5x3y21", "resolution": 5, "center_lat": -52.349536141212965, "center_lon": -140.625, "cell_width": 705186.72066214541, "cell_height": 762677.84409848822, "cell_area": 582657894317.77637, "cell_perimeter": 3054247.8886093199 }, "geometry": { "type": "Polygon", "coordinates": [ [ [ -146.25, -55.776573018667698 ], [ -135.0, -55.776573018667698 ], [ -135.0, -48.92249926375824 ], [ -146.25, -48.92249926375824 ], [ -146.25, -55.776573018667698 ] ] ] } },
{ "type": "Feature", "properties": { "tilecode": "z5x3y22", "resolution": 5, "center_lat": -58.691484695026986, "center_lon": -140.625, "cell_width": 596328.26003255299, "cell_height": 649380.10464495013, "cell_area": 421832873365.11719, "cell_perimeter": 2600275.1899845987 }, "geometry": { "type": "Polygon", "coordinates": [ [ [ -146.25, -61.606396371386268 ], [ -135.0, -61.606396371386268 ], [ -135.0, -55.776573018667698 ], [ -146.25, -55.776573018667698 ], [ -146.25, -61.606396371386268 ] ] ] } },
{ "type": "Feature", "properties": { "tilecode": "z5x3y23", "resolution": 5, "center_lat": -64.059828407249057, "center_lon": -140.625, "cell_width": 499840.06041197834, "cell_height": 547006.64910479658, "cell_area": 299004638547.62012, "cell_perimeter": 2190181.6186541244 }, "geometry": { "type": "Polygon", "coordinates": [ [ [ -146.25, -66.513260443111861 ], [ -135.0, -66.513260443111861 ], [ -135.0, -61.606396371386268 ], [ -146.25, -61.606396371386268 ], [ -146.25, -66.513260443111861 ] ] ] } },
{ "type": "Feature", "properties": { "tilecode": "z5x3y24", "resolution": 5, "center_lat": -68.562937340565554, "center_lon": -140.625, "cell_width": 416367.74655973469, "cell_height": 457254.11326378735, "cell_area": 208774564158.09766, "cell_perimeter": 1830716.0334992877 }, "geometry": { "type": "Polygon", "coordinates": [ [ [ -146.25, -70.612614238019248 ], [ -135.0, -70.612614238019248 ], [ -135.0, -66.513260443111861 ], [ -146.25, -66.513260443111861 ], [ -146.25, -70.612614238019248 ] ] ] } },
{ "type": "Feature", "properties": { "tilecode": "z5x3y25", "resolution": 5, "center_lat": -72.316078774760754, "center_lon": -140.625, "cell_width": 345340.39321398037, "cell_height": 380177.85463522567, "cell_area": 144244649467.35156, "cell_perimeter": 1522063.8490441665 }, "geometry": { "type": "Polygon", "coordinates": [ [ [ -146.25, -74.019543311502261 ], [ -135.0, -74.019543311502261 ], [ -135.0, -70.612614238019248 ], [ -146.25, -70.612614238019248 ], [ -146.25, -74.019543311502261 ] ] ] } },
{ "type": "Feature", "properties": { "tilecode": "z5x3y26", "resolution": 5, "center_lat": -75.430179862966611, "center_lon": -140.625, "cell_width": 285578.90577750694, "cell_height": 314917.17448925663, "cell_area": 98935667800.386719, "cell_perimeter": 1260753.6479700005 }, "geometry": { "type": "Polygon", "coordinates": [ [ [ -146.25, -76.840816414430975 ], [ -135.0, -76.840816414430975 ], [ -135.0, -74.019543311502261 ], [ -146.25, -74.019543311502261 ], [ -146.25, -76.840816414430975 ] ] ] } },
{ "type": "Feature", "properties": { "tilecode": "z5x3y27", "resolution": 5, "center_lat": -78.006075527625214, "center_lon": -140.625, "cell_width": 235679.10278705135, "cell_height": 260190.92729335208, "cell_area": 67519540387.077148, "cell_perimeter": 1041639.8631512625 }, "geometry": { "type": "Polygon", "coordinates": [ [ [ -146.25, -79.171334640819452 ], [ -135.0, -79.171334640819452 ], [ -135.0, -76.840816414430975 ], [ -146.25, -76.840816414430975 ], [ -146.25, -79.171334640819452 ] ] ] } },
{ "type": "Feature", "properties": { "tilecode": "z5x3y28", "resolution": 5, "center_lat": -80.132274246713919, "center_lon": -140.625, "cell_width": 194228.89232904164, "cell_height": 214598.42880588266, "cell_area": 45921829864.564453, "cell_perimeter": 859104.85272785835 }, "geometry": { "type": "Polygon", "coordinates": [ [ [ -146.25, -81.093213852608386 ], [ -135.0, -81.093213852608386 ], [ -135.0, -79.171334640819452 ], [ -146.25, -79.171334640819452 ], [ -146.25, -81.093213852608386 ] ] ] } },
{ "type": "Feature", "properties": { "tilecode": "z5x3y29", "resolution": 5, "center_lat": -81.884749415478709, "center_lon": -140.625, "cell_width": 159918.04297982904, "cell_height": 176783.79025463015, "cell_area": 31159964055.347656, "cell_perimeter": 707714.51581813092 }, "geometry": { "type": "Polygon", "coordinates": [ [ [ -146.25, -82.676284978349031 ], [ -135.0, -82.676284978349031 ], [ -135.0, -81.093213852608386 ], [ -146.25, -81.093213852608386 ], [ -146.25, -82.676284978349031 ] ] ] } },
{ "type": "Feature", "properties": { "tilecode": "z5x3y30", "resolution": 5, "center_lat": -83.327772238605547, "center_lon": -140.625, "cell_width": 131584.18496449364, "cell_height": 145514.4883510592, "cell_area": 21109976338.21875, "cell_perimeter": 582531.20464644115 }, "geometry": { "type": "Polygon", "coordinates": [ [ [ -146.25, -83.979259498862049 ], [ -135.0, -83.979259498862049 ], [ -135.0, -82.676284978349031 ], [ -146.25, -82.676284978349031 ], [ -146.25, -83.979259498862049 ] ] ] } },
{ "type": "Feature", "properties": { "tilecode": "z5x3y31", "resolution": 5, "center_lat": -84.515194139334326, "center_lon": -140.625, "cell_width": 108223.62660486477, "cell_height": 119710.25468782624, "cell_area": 14286077469.145508, "cell_perimeter": 479228.32094501087 }, "geometry": { "type": "Polygon", "coordinates": [ [ [ -146.25, -85.051128779806604 ], [ -135.0, -85.051128779806604 ], [ -135.0, -83.979259498862049 ], [ -146.25, -83.979259498862049 ], [ -146.25, -85.051128779806604 ] ] ] } },
{ "type": "Feature", "properties": { "tilecode": "z5x4y0", "resolution": 5, "center_lat": 84.515194139334326, "center_lon": -129.375, "cell_width": 131584.18496449364, "cell_height": 119710.25468782624, "cell_area": 14286077469.145508, "cell_perimeter": 479228.32094501087 }, "geometry": { "type": "Polygon", "coordinates": [ [ [ -135.0, 83.979259498862049 ], [ -123.75, 83.979259498862049 ], [ -123.75, 85.051128779806604 ], [ -135.0, 85.051128779806604 ], [ -135.0, 83.979259498862049 ] ] ] } },
{ "type": "Feature", "properties": { "tilecode": "z5x4y1", "resolution": 5, "center_lat": 83.327772238605547, "center_lon": -129.375, "cell_width": 159918.04297982904, "cell_height": 145514.4883510592, "cell_area": 21109976338.21875, "cell_perimeter": 582531.20464644115 }, "geometry": { "type": "Polygon", "coordinates": [ [ [ -135.0, 82.676284978349031 ], [ -123.75, 82.676284978349031 ], [ -123.75, 83.979259498862049 ], [ -135.0, 83.979259498862049 ], [ -135.0, 82.676284978349031 ] ] ] } },
{ "type": "Feature", "properties": { "tilecode": "z5x4y2", "resolution": 5, "center_lat": 81.884749415478709, "center_lon": -129.375, "cell_width": 194228.89232904164, "cell_height": 176783.79025463015, "cell_area": 31159964055.347656, "cell_perimeter": 707714.51581813092 }, "geometry": { "type": "Polygon", "coordinates": [ [ [ -135.0, 81.093213852608386 ], [ -123.75, 81.093213852608386 ], [ -123.75, 82.676284978349031 ], [ -135.0, 82.676284978349031 ], [ -135.0, 81.093213852608386 ] ] ] } },
{ "type": "Feature", "properties": { "tilecode": "z5x4y3", "resolution": 5, "center_lat": 80.132274246713919, "center_lon": -129.375, "cell_width": 235679.10278705135, "cell_height": 214598.42880588266, "cell_area": 45921829864.564453, "cell_perimeter": 859104.85272785835 }, "geometry": { "type": "Polygon", "coordinates": [ [ [ -135.0, 79.171334640819452 ], [ -123.75, 79.171334640819452 ], [ -123.75, 81.093213852608386 ], [ -135.0, 81.093213852608386 ], [ -135.0, 79.171334640819452 ] ] ] } },
{ "type": "Feature", "properties": { "tilecode": "z5x4y4", "resolution": 5, "center_lat": 78.006075527625214, "center_lon": -129.375, "cell_width": 285578.90577750694, "cell_height": 260190.92729335208, "cell_area": 67519540387.077148, "cell_perimeter": 1041639.8631512625 }, "geometry": { "type": "Polygon", "coordinates": [ [ [ -135.0, 76.840816414430975 ], [ -123.75, 76.840816414430975 ], [ -123.75, 79.171334640819452 ], [ -135.0, 79.171334640819452 ], [ -135.0, 76.840816414430975 ] ] ] } },
{ "type": "Feature", "properties": { "tilecode": "z5x4y5", "resolution": 5, "center_lat": 75.430179862966611, "center_lon": -129.375, "cell_width": 345340.39321398037, "cell_height": 314917.17448925663, "cell_area": 98935667800.386719, "cell_perimeter": 1260753.6479700005 }, "geometry": { "type": "Polygon", "coordinates": [ [ [ -135.0, 74.019543311502261 ], [ -123.75, 74.019543311502261 ], [ -123.75, 76.840816414430975 ], [ -135.0, 76.840816414430975 ], [ -135.0, 74.019543311502261 ] ] ] } },
{ "type": "Feature", "properties": { "tilecode": "z5x4y6", "resolution": 5, "center_lat": 72.316078774760754, "center_lon": -129.375, "cell_width": 416367.74655973469, "cell_height": 380177.85463522567, "cell_area": 144244649467.35156, "cell_perimeter": 1522063.8490441665 }, "geometry": { "type": "Polygon", "coordinates": [ [ [ -135.0, 70.612614238019248 ], [ -123.75, 70.612614238019248 ], [ -123.75, 74.019543311502261 ], [ -135.0, 74.019543311502261 ], [ -135.0, 70.612614238019248 ] ] ] } },
{ "type": "Feature", "properties": { "tilecode": "z5x4y7", "resolution": 5, "center_lat": 68.562937340565554, "center_lon": -129.375, "cell_width": 499840.06041197834, "cell_height": 457254.11326378735, "cell_area": 208774564158.09766, "cell_perimeter": 1830716.0334992877 }, "geometry": { "type": "Polygon", "coordinates": [ [ [ -135.0, 66.513260443111861 ], [ -123.75, 66.513260443111861 ], [ -123.75, 70.612614238019248 ], [ -135.0, 70.612614238019248 ], [ -135.0, 66.513260443111861 ] ] ] } },
{ "type": "Feature", "properties": { "tilecode": "z5x4y8", "resolution": 5, "center_lat": 64.059828407249057, "center_lon": -129.375, "cell_width": 596328.26003255299, "cell_height": 547006.64910479658, "cell_area": 299004638547.62012, "cell_perimeter": 2190181.6186541244 }, "geometry": { "type": "Polygon", "coordinates": [ [ [ -135.0, 61.606396371386268 ], [ -123.75, 61.606396371386268 ], [ -123.75, 66.513260443111861 ], [ -135.0, 66.513260443111861 ], [ -135.0, 61.606396371386268 ] ] ] } },
{ "type": "Feature", "properties": { "tilecode": "z5x4y9", "resolution": 5, "center_lat": 58.691484695026986, "center_lon": -129.375, "cell_width": 705186.72066214541, "cell_height": 649380.10464495013, "cell_area": 421832873365.11719, "cell_perimeter": 2600275.1899845987 }, "geometry": { "type": "Polygon", "coordinates": [ [ [ -135.0, 55.776573018667698 ], [ -123.75, 55.776573018667698 ], [ -123.75, 61.606396371386268 ], [ -135.0, 61.606396371386268 ], [ -135.0, 55.776573018667698 ] ] ] } },
{ "type": "Feature", "properties": { "tilecode": "z5x4y10", "resolution": 5, "center_lat": 52.349536141212965, "center_lon": -129.375, "cell_width": 823705.47975019796, "cell_height": 762677.84409848822, "cell_area": 582657894317.77637, "cell_perimeter": 3054247.8886093199 }, "geometry": { "type": "Polygon", "coordinates": [ [ [ -135.0, 48.92249926375824 ], [ -123.75, 48.92249926375824 ], [ -123.75, 55.776573018667698 ], [ -135.0, 55.776573018667698 ], [ -135.0, 48.92249926375824 ] ] ] } },
{ "type": "Feature", "properties": { "tilecode": "z5x4y11", "resolution": 5, "center_lat": 44.95119866668918, "center_lon": -129.375, "cell_width": 946152.93326944625, "cell_height": 882667.95666176802, "cell_area": 781726960961.31055, "cell_perimeter": 3535194.3263431801 }, "geometry": { "type": "Polygon", "coordinates": [ [ [ -135.0, 40.979898069620127 ], [ -123.75, 40.979898069620127 ], [ -123.75, 48.92249926375824 ], [ -135.0, 48.92249926375824 ], [ -135.0, 40.979898069620127 ] ] ] } },
{ "type": "Feature", "properties": { "tilecode": "z5x4y12", "resolution": 5, "center_lat": 36.466030153822544, "center_lon": -129.375, "cell_width": 1063119.6372028978, "cell_height": 1001793.0197306408, "cell_area": 1008900467966.7783, "cell_perimeter": 4012858.6099336259 }, "geometry": { "type": "Polygon", "coordinates": [ [ [ -135.0, 31.952162238024968 ], [ -123.75, 31.952162238024968 ], [ -123.75, 40.979898069620127 ], [ -135.0, 40.979898069620127 ], [ -135.0, 31.952162238024968 ] ] ] } },
{ "type": "Feature", "properties": { "tilecode": "z5x4y13", "resolution": 5, "center_lat": 26.947603885731574, "center_lon": -129.375, "cell_width": 1161900.9357158756, "cell_height": 1109053.9614562085, "cell_area": 1238910794109.9292, "cell_perimeter": 4443128.4958311906 }, "geometry": { "type": "Polygon", "coordinates": [ [ [ -135.0, 21.943045533438177 ], [ -123.75, 21.943045533438177 ], [ -123.75, 31.952162238024968 ], [ -135.0, 31.952162238024968 ], [ -135.0, 21.943045533438177 ] ] ] } },
{ "type": "Feature", "properties": { "tilecode": "z5x4y14", "resolution": 5, "center_lat": 16.560723703574979, "center_lon": -129.375, "cell_width": 1228665.3006186907, "cell_height": 1191293.9078964787, "cell_area": 1431788580865.3503, "cell_perimeter": 4773154.0521275233 }, "geometry": { "type": "Polygon", "coordinates": [ [ [ -135.0, 11.178401873711781 ], [ -123.75, 11.178401873711781 ], [ -123.75, 21.943045533438177 ], [ -135.0, 21.943045533438177 ], [ -135.0, 11.178401873711781 ] ] ] } },
{ "type": "Feature", "properties": { "tilecode": "z5x4y15", "resolution": 5, "center_lat": 5.5892009368558906, "center_lon": -129.375, "cell_width": 1252344.2714243277, "cell_height": 1236200.0081271871, "cell_area": 1543215607369.6492, "cell_perimeter": 4953409.5882973932 }, "geometry": { "type": "Polygon", "coordinates": [ [ [ -135.0, 0.0 ], [ -123.75, 0.0 ], [ -123.75, 11.178401873711781 ], [ -135.0, 11.178401873711781 ], [ -135.0, 0.0 ] ] ] } },
{ "type": "Feature", "properties": { "tilecode": "z5x4y16", "resolution": 5, "center_lat": -5.5892009368558906, "center_lon": -129.375, "cell_width": 1228665.3006186907, "cell_height": 1236200.0081271871, "cell_area": 1543215607369.6492, "cell_perimeter": 4953409.5882973932 }, "geometry": { "type": "Polygon", "coordinates": [ [ [ -135.0, -11.178401873711781 ], [ -123.75, -11.178401873711781 ], [ -123.75, 0.0 ], [ -135.0, 0.0 ], [ -135.0, -11.178401873711781 ] ] ] } },
{ "type": "Feature", "properties": { "tilecode": "z5x4y17", "resolution": 5, "center_lat": -16.560723703574979, "center_lon": -129.375, "cell_width": 1161900.9357158756, "cell_height": 1191293.9078964787, "cell_area": 1431788580865.3503, "cell_perimeter": 4773154.0521275233 }, "geometry": { "type": "Polygon", "coordinates": [ [ [ -135.0, -21.943045533438177 ], [ -123.75, -21.943045533438177 ], [ -123.75, -11.178401873711781 ], [ -135.0, -11.178401873711781 ], [ -135.0, -21.943045533438177 ] ] ] } },
{ "type": "Feature", "properties": { "tilecode": "z5x4y18", "resolution": 5, "center_lat": -26.947603885731574, "center_lon": -129.375, "cell_width": 1063119.6372028978, "cell_height": 1109053.9614562085, "cell_area": 1238910794109.9292, "cell_perimeter": 4443128.4958311906 }, "geometry": { "type": "Polygon", "coordinates": [ [ [ -135.0, -31.952162238024968 ], [ -123.75, -31.952162238024968 ], [ -123.75, -21.943045533438177 ], [ -135.0, -21.943045533438177 ], [ -135.0, -31.952162238024968 ] ] ] } },
{ "type": "Feature", "properties": { "tilecode": "z5x4y19", "resolution": 5, "center_lat": -36.466030153822544, "center_lon": -129.375, "cell_width": 946152.93326944625, "cell_height": 1001793.0197306408, "cell_area": 1008900467966.7783, "cell_perimeter": 4012858.6099336259 }, "geometry": { "type": "Polygon", "coordinates": [ [ [ -135.0, -40.979898069620127 ], [ -123.75, -40.979898069620127 ], [ -123.75, -31.952162238024968 ], [ -135.0, -31.952162238024968 ], [ -135.0, -40.979898069620127 ] ] ] } },
{ "type": "Feature", "properties": { "tilecode": "z5x4y20", "resolution": 5, "center_lat": -44.95119866668918, "center_lon": -129.375, "cell_width": 823705.47975019796, "cell_height": 882667.95666176802, "cell_area": 781726960961.31055, "cell_perimeter": 3535194.3263431801 }, "geometry": { "type": "Polygon", "coordinates": [ [ [ -135.0, -48.92249926375824 ], [ -123.75, -48.92249926375824 ], [ -123.75, -40.979898069620127 ], [ -135.0, -40.979898069620127 ], [ -135.0, -48.92249926375824 ] ] ] } },
{ "type": "Feature", "properties": { "tilecode": "z5x4y21", "resolution": 5, "center_lat": -52.349536141212965, "center_lon": -129.375, "cell_width": 705186.72066214541, "cell_height": 762677.84409848822, "cell_area": 582657894317.77637, "cell_perimeter": 3054247.8886093199 }, "geometry": { "type": "Polygon", "coordinates": [ [ [ -135.0, -55.776573018667698 ], [ -123.75, -55.776573018667698 ], [ -123.75, -48.92249926375824 ], [ -135.0, -48.92249926375824 ], [ -135.0, -55.776573018667698 ] ] ] } },
{ "type": "Feature", "properties": { "tilecode": "z5x4y22", "resolution": 5, "center_lat": -58.691484695026986, "center_lon": -129.375, "cell_width": 596328.26003255299, "cell_height": 649380.10464495013, "cell_area": 421832873365.11719, "cell_perimeter": 2600275.1899845987 }, "geometry": { "type": "Polygon", "coordinates": [ [ [ -135.0, -61.606396371386268 ], [ -123.75, -61.606396371386268 ], [ -123.75, -55.776573018667698 ], [ -135.0, -55.776573018667698 ], [ -135.0, -61.606396371386268 ] ] ] } },
{ "type": "Feature", "properties": { "tilecode": "z5x4y23", "resolution": 5, "center_lat": -64.059828407249057, "center_lon": -129.375, "cell_width": 499840.06041197834, "cell_height": 547006.64910479658, "cell_area": 299004638547.62012, "cell_perimeter": 2190181.6186541244 }, "geometry": { "type": "Polygon", "coordinates": [ [ [ -135.0, -66.513260443111861 ], [ -123.75, -66.513260443111861 ], [ -123.75, -61.606396371386268 ], [ -135.0, -61.606396371386268 ], [ -135.0, -66.513260443111861 ] ] ] } },
{ "type": "Feature", "properties": { "tilecode": "z5x4y24", "resolution": 5, "center_lat": -68.562937340565554, "center_lon": -129.375, "cell_width": 416367.74655973469, "cell_height": 457254.11326378735, "cell_area": 208774564158.09766, "cell_perimeter": 1830716.0334992877 }, "geometry": { "type": "Polygon", "coordinates": [ [ [ -135.0, -70.612614238019248 ], [ -123.75, -70.612614238019248 ], [ -123.75, -66.513260443111861 ], [ -135.0, -66.513260443111861 ], [ -135.0, -70.612614238019248 ] ] ] } },
{ "type": "Feature", "properties": { "tilecode": "z5x4y25", "resolution": 5, "center_lat": -72.316078774760754, "center_lon": -129.375, "cell_width": 345340.39321398037, "cell_height": 380177.85463522567, "cell_area": 144244649467.35156, "cell_perimeter": 1522063.8490441665 }, "geometry": { "type": "Polygon", "coordinates": [ [ [ -135.0, -74.019543311502261 ], [ -123.75, -74.019543311502261 ], [ -123.75, -70.612614238019248 ], [ -135.0, -70.612614238019248 ], [ -135.0, -74.019543311502261 ] ] ] } },
{ "type": "Feature", "properties": { "tilecode": "z5x4y26", "resolution": 5, "center_lat": -75.430179862966611, "center_lon": -129.375, "cell_width": 285578.90577750694, "cell_height": 314917.17448925663, "cell_area": 98935667800.386719, "cell_perimeter": 1260753.6479700005 }, "geometry": { "type": "Polygon", "coordinates": [ [ [ -135.0, -76.840816414430975 ], [ -123.75, -76.840816414430975 ], [ -123.75, -74.019543311502261 ], [ -135.0, -74.019543311502261 ], [ -135.0, -76.840816414430975 ] ] ] } },
{ "type": "Feature", "properties": { "tilecode": "z5x4y27", "resolution": 5, "center_lat": -78.006075527625214, "center_lon": -129.375, "cell_width": 235679.10278705135, "cell_height": 260190.92729335208, "cell_area": 67519540387.077148, "cell_perimeter": 1041639.8631512625 }, "geometry": { "type": "Polygon", "coordinates": [ [ [ -135.0, -79.171334640819452 ], [ -123.75, -79.171334640819452 ], [ -123.75, -76.840816414430975 ], [ -135.0, -76.840816414430975 ], [ -135.0, -79.171334640819452 ] ] ] } },
{ "type": "Feature", "properties": { "tilecode": "z5x4y28", "resolution": 5, "center_lat": -80.132274246713919, "center_lon": -129.375, "cell_width": 194228.89232904164, "cell_height": 214598.42880588266, "cell_area": 45921829864.564453, "cell_perimeter": 859104.85272785835 }, "geometry": { "type": "Polygon", "coordinates": [ [ [ -135.0, -81.093213852608386 ], [ -123.75, -81.093213852608386 ], [ -123.75, -79.171334640819452 ], [ -135.0, -79.171334640819452 ], [ -135.0, -81.093213852608386 ] ] ] } },
{ "type": "Feature", "properties": { "tilecode": "z5x4y29", "resolution": 5, "center_lat": -81.884749415478709, "center_lon": -129.375, "cell_width": 159918.04297982904, "cell_height": 176783.79025463015, "cell_area": 31159964055.347656, "cell_perimeter": 707714.51581813092 }, "geometry": { "type": "Polygon", "coordinates": [ [ [ -135.0, -82.676284978349031 ], [ -123.75, -82.676284978349031 ], [ -123.75, -81.093213852608386 ], [ -135.0, -81.093213852608386 ], [ -135.0, -82.676284978349031 ] ] ] } },
{ "type": "Feature", "properties": { "tilecode": "z5x4y30", "resolution": 5, "center_lat": -83.327772238605547, "center_lon": -129.375, "cell_width": 131584.18496449364, "cell_height": 145514.4883510592, "cell_area": 21109976338.21875, "cell_perimeter": 582531.20464644115 }, "geometry": { "type": "Polygon", "coordinates": [ [ [ -135.0, -83.979259498862049 ], [ -123.75, -83.979259498862049 ], [ -123.75, -82.676284978349031 ], [ -135.0, -82.676284978349031 ], [ -135.0, -83.979259498862049 ] ] ] } },
{ "type": "Feature", "properties": { "tilecode": "z5x4y31", "resolution": 5, "center_lat": -84.515194139334326, "center_lon": -129.375, "cell_width": 108223.62660486477, "cell_height": 119710.25468782624, "cell_area": 14286077469.145508, "cell_perimeter": 479228.32094501087 }, "geometry": { "type": "Polygon", "coordinates": [ [ [ -135.0, -85.051128779806604 ], [ -123.75, -85.051128779806604 ], [ -123.75, -83.979259498862049 ], [ -135.0, -83.979259498862049 ], [ -135.0, -85.051128779806604 ] ] ] } },
{ "type": "Feature", "properties": { "tilecode": "z5x5y0", "resolution": 5, "center_lat": 84.515194139334326, "center_lon": -118.125, "cell_width": 131584.18496449364, "cell_height": 119710.25468782624, "cell_area": 14286077469.145508, "cell_perimeter": 479228.32094501087 }, "geometry": { "type": "Polygon", "coordinates": [ [ [ -123.75, 83.979259498862049 ], [ -112.5, 83.979259498862049 ], [ -112.5, 85.051128779806604 ], [ -123.75, 85.051128779806604 ], [ -123.75, 83.979259498862049 ] ] ] } },
{ "type": "Feature", "properties": { "tilecode": "z5x5y1", "resolution": 5, "center_lat": 83.327772238605547, "center_lon": -118.125, "cell_width": 159918.04297982904, "cell_height": 145514.4883510592, "cell_area": 21109976338.21875, "cell_perimeter": 582531.20464644115 }, "geometry": { "type": "Polygon", "coordinates": [ [ [ -123.75, 82.676284978349031 ], [ -112.5, 82.676284978349031 ], [ -112.5, 83.979259498862049 ], [ -123.75, 83.979259498862049 ], [ -123.75, 82.676284978349031 ] ] ] } },
{ "type": "Feature", "properties": { "tilecode": "z5x5y2", "resolution": 5, "center_lat": 81.884749415478709, "center_lon": -118.125, "cell_width": 194228.89232904164, "cell_height": 176783.79025463015, "cell_area": 31159964055.347656, "cell_perimeter": 707714.51581813092 }, "geometry": { "type": "Polygon", "coordinates": [ [ [ -123.75, 81.093213852608386 ], [ -112.5, 81.093213852608386 ], [ -112.5, 82.676284978349031 ], [ -123.75, 82.676284978349031 ], [ -123.75, 81.093213852608386 ] ] ] } },
{ "type": "Feature", "properties": { "tilecode": "z5x5y3", "resolution": 5, "center_lat": 80.132274246713919, "center_lon": -118.125, "cell_width": 235679.10278705135, "cell_height": 214598.42880588266, "cell_area": 45921829864.564453, "cell_perimeter": 859104.85272785835 }, "geometry": { "type": "Polygon", "coordinates": [ [ [ -123.75, 79.171334640819452 ], [ -112.5, 79.171334640819452 ], [ -112.5, 81.093213852608386 ], [ -123.75, 81.093213852608386 ], [ -123.75, 79.171334640819452 ] ] ] } },
{ "type": "Feature", "properties": { "tilecode": "z5x5y4", "resolution": 5, "center_lat": 78.006075527625214, "center_lon": -118.125, "cell_width": 285578.90577750694, "cell_height": 260190.92729335208, "cell_area": 67519540387.077148, "cell_perimeter": 1041639.8631512625 }, "geometry": { "type": "Polygon", "coordinates": [ [ [ -123.75, 76.840816414430975 ], [ -112.5, 76.840816414430975 ], [ -112.5, 79.171334640819452 ], [ -123.75, 79.171334640819452 ], [ -123.75, 76.840816414430975 ] ] ] } },
{ "type": "Feature", "properties": { "tilecode": "z5x5y5", "resolution": 5, "center_lat": 75.430179862966611, "center_lon": -118.125, "cell_width": 345340.39321398037, "cell_height": 314917.17448925663, "cell_area": 98935667800.386719, "cell_perimeter": 1260753.6479700005 }, "geometry": { "type": "Polygon", "coordinates": [ [ [ -123.75, 74.019543311502261 ], [ -112.5, 74.019543311502261 ], [ -112.5, 76.840816414430975 ], [ -123.75, 76.840816414430975 ], [ -123.75, 74.019543311502261 ] ] ] } },
{ "type": "Feature", "properties": { "tilecode": "z5x5y6", "resolution": 5, "center_lat": 72.316078774760754, "center_lon": -118.125, "cell_width": 416367.74655973469, "cell_height": 380177.85463522567, "cell_area": 144244649467.35156, "cell_perimeter": 1522063.8490441665 }, "geometry": { "type": "Polygon", "coordinates": [ [ [ -123.75, 70.612614238019248 ], [ -112.5, 70.612614238019248 ], [ -112.5, 74.019543311502261 ], [ -123.75, 74.019543311502261 ], [ -123.75, 70.612614238019248 ] ] ] } },
{ "type": "Feature", "properties": { "tilecode": "z5x5y7", "resolution": 5, "center_lat": 68.562937340565554, "center_lon": -118.125, "cell_width": 499840.06041197834, "cell_height": 457254.11326378735, "cell_area": 208774564158.09766, "cell_perimeter": 1830716.0334992877 }, "geometry": { "type": "Polygon", "coordinates": [ [ [ -123.75, 66.513260443111861 ], [ -112.5, 66.513260443111861 ], [ -112.5, 70.612614238019248 ], [ -123.75, 70.612614238019248 ], [ -123.75, 66.513260443111861 ] ] ] } },
{ "type": "Feature", "properties": { "tilecode": "z5x5y8", "resolution": 5, "center_lat": 64.059828407249057, "center_lon": -118.125, "cell_width": 596328.26003255299, "cell_height": 547006.64910479658, "cell_area": 299004638547.62012, "cell_perimeter": 2190181.6186541244 }, "geometry": { "type": "Polygon", "coordinates": [ [ [ -123.75, 61.606396371386268 ], [ -112.5, 61.606396371386268 ], [ -112.5, 66.513260443111861 ], [ -123.75, 66.513260443111861 ], [ -123.75, 61.606396371386268 ] ] ] } },
{ "type": "Feature", "properties": { "tilecode": "z5x5y9", "resolution": 5, "center_lat": 58.691484695026986, "center_lon": -118.125, "cell_width": 705186.72066214541, "cell_height": 649380.10464495013, "cell_area": 421832873365.11719, "cell_perimeter": 2600275.1899845987 }, "geometry": { "type": "Polygon", "coordinates": [ [ [ -123.75, 55.776573018667698 ], [ -112.5, 55.776573018667698 ], [ -112.5, 61.606396371386268 ], [ -123.75, 61.606396371386268 ], [ -123.75, 55.776573018667698 ] ] ] } },
{ "type": "Feature", "properties": { "tilecode": "z5x5y10", "resolution": 5, "center_lat": 52.349536141212965, "center_lon": -118.125, "cell_width": 823705.47975019796, "cell_height": 762677.84409848822, "cell_area": 582657894317.77637, "cell_perimeter": 3054247.8886093199 }, "geometry": { "type": "Polygon", "coordinates": [ [ [ -123.75, 48.92249926375824 ], [ -112.5, 48.92249926375824 ], [ -112.5, 55.776573018667698 ], [ -123.75, 55.776573018667698 ], [ -123.75, 48.92249926375824 ] ] ] } },
{ "type": "Feature", "properties": { "tilecode": "z5x5y11", "resolution": 5, "center_lat": 44.95119866668918, "center_lon": -118.125, "cell_width": 946152.93326944625, "cell_height": 882667.95666176802, "cell_area": 781726960961.31055, "cell_perimeter": 3535194.3263431801 }, "geometry": { "type": "Polygon", "coordinates": [ [ [ -123.75, 40.979898069620127 ], [ -112.5, 40.979898069620127 ], [ -112.5, 48.92249926375824 ], [ -123.75, 48.92249926375824 ], [ -123.75, 40.979898069620127 ] ] ] } },
{ "type": "Feature", "properties": { "tilecode": "z5x5y12", "resolution": 5, "center_lat": 36.466030153822544, "center_lon": -118.125, "cell_width": 1063119.6372028978, "cell_height": 1001793.0197306408, "cell_area": 1008900467966.7783, "cell_perimeter": 4012858.6099336259 }, "geometry": { "type": "Polygon", "coordinates": [ [ [ -123.75, 31.952162238024968 ], [ -112.5, 31.952162238024968 ], [ -112.5, 40.979898069620127 ], [ -123.75, 40.979898069620127 ], [ -123.75, 31.952162238024968 ] ] ] } },
{ "type": "Feature", "properties": { "tilecode": "z5x5y13", "resolution": 5, "center_lat": 26.947603885731574, "center_lon": -118.125, "cell_width": 1161900.9357158756, "cell_height": 1109053.9614562085, "cell_area": 1238910794109.9292, "cell_perimeter": 4443128.4958311906 }, "geometry": { "type": "Polygon", "coordinates": [ [ [ -123.75, 21.943045533438177 ], [ -112.5, 21.943045533438177 ], [ -112.5, 31.952162238024968 ], [ -123.75, 31.952162238024968 ], [ -123.75, 21.943045533438177 ] ] ] } },
{ "type": "Feature", "properties": { "tilecode": "z5x5y14", "resolution": 5, "center_lat": 16.560723703574979, "center_lon": -118.125, "cell_width": 1228665.3006186907, "cell_height": 1191293.9078964787, "cell_area": 1431788580865.3503, "cell_perimeter": 4773154.0521275233 }, "geometry": { "type": "Polygon", "coordinates": [ [ [ -123.75, 11.178401873711781 ], [ -112.5, 11.178401873711781 ], [ -112.5, 21.943045533438177 ], [ -123.75, 21.943045533438177 ], [ -123.75, 11.178401873711781 ] ] ] } },
{ "type": "Feature", "properties": { "tilecode": "z5x5y15", "resolution": 5, "center_lat": 5.5892009368558906, "center_lon": -118.125, "cell_width": 1252344.2714243277, "cell_height": 1236200.0081271871, "cell_area": 1543215607369.6492, "cell_perimeter": 4953409.5882973932 }, "geometry": { "type": "Polygon", "coordinates": [ [ [ -123.75, 0.0 ], [ -112.5, 0.0 ], [ -112.5, 11.178401873711781 ], [ -123.75, 11.178401873711781 ], [ -123.75, 0.0 ] ] ] } },
{ "type": "Feature", "properties": { "tilecode": "z5x5y16", "resolution": 5, "center_lat": -5.5892009368558906, "center_lon": -118.125, "cell_width": 1228665.3006186907, "cell_height": 1236200.0081271871, "cell_area": 1543215607369.6492, "cell_perimeter": 4953409.5882973932 }, "geometry": { "type": "Polygon", "coordinates": [ [ [ -123.75, -11.178401873711781 ], [ -112.5, -11.178401873711781 ], [ -112.5, 0.0 ], [ -123.75, 0.0 ], [ -123.75, -11.178401873711781 ] ] ] } },
{ "type": "Feature", "properties": { "tilecode": "z5x5y17", "resolution": 5, "center_lat": -16.560723703574979, "center_lon": -118.125, "cell_width": 1161900.9357158756, "cell_height": 1191293.9078964787, "cell_area": 1431788580865.3503, "cell_perimeter": 4773154.0521275233 }, "geometry": { "type": "Polygon", "coordinates": [ [ [ -123.75, -21.943045533438177 ], [ -112.5, -21.943045533438177 ], [ -112.5, -11.178401873711781 ], [ -123.75, -11.178401873711781 ], [ -123.75, -21.943045533438177 ] ] ] } },
{ "type": "Feature", "properties": { "tilecode": "z5x5y18", "resolution": 5, "center_lat": -26.947603885731574, "center_lon": -118.125, "cell_width": 1063119.6372028978, "cell_height": 1109053.9614562085, "cell_area": 1238910794109.9292, "cell_perimeter": 4443128.4958311906 }, "geometry": { "type": "Polygon", "coordinates": [ [ [ -123.75, -31.952162238024968 ], [ -112.5, -31.952162238024968 ], [ -112.5, -21.943045533438177 ], [ -123.75, -21.943045533438177 ], [ -123.75, -31.952162238024968 ] ] ] } },
{ "type": "Feature", "properties": { "tilecode": "z5x5y19", "resolution": 5, "center_lat": -36.466030153822544, "center_lon": -118.125, "cell_width": 946152.93326944625, "cell_height": 1001793.0197306408, "cell_area": 1008900467966.7783, "cell_perimeter": 4012858.6099336259 }, "geometry": { "type": "Polygon", "coordinates": [ [ [ -123.75, -40.979898069620127 ], [ -112.5, -40.979898069620127 ], [ -112.5, -31.952162238024968 ], [ -123.75, -31.952162238024968 ], [ -123.75, -40.979898069620127 ] ] ] } },
{ "type": "Feature", "properties": { "tilecode": "z5x5y20", "resolution": 5, "center_lat": -44.95119866668918, "center_lon": -118.125, "cell_width": 823705.47975019796, "cell_height": 882667.95666176802, "cell_area": 781726960961.31055, "cell_perimeter": 3535194.3263431801 }, "geometry": { "type": "Polygon", "coordinates": [ [ [ -123.75, -48.92249926375824 ], [ -112.5, -48.92249926375824 ], [ -112.5, -40.979898069620127 ], [ -123.75, -40.979898069620127 ], [ -123.75, -48.92249926375824 ] ] ] } },
{ "type": "Feature", "properties": { "tilecode": "z5x5y21", "resolution": 5, "center_lat": -52.349536141212965, "center_lon": -118.125, "cell_width": 705186.72066214541, "cell_height": 762677.84409848822, "cell_area": 582657894317.77637, "cell_perimeter": 3054247.8886093199 }, "geometry": { "type": "Polygon", "coordinates": [ [ [ -123.75, -55.776573018667698 ], [ -112.5, -55.776573018667698 ], [ -112.5, -48.92249926375824 ], [ -123.75, -48.92249926375824 ], [ -123.75, -55.776573018667698 ] ] ] } },
{ "type": "Feature", "properties": { "tilecode": "z5x5y22", "resolution": 5, "center_lat": -58.691484695026986, "center_lon": -118.125, "cell_width": 596328.26003255299, "cell_height": 649380.10464495013, "cell_area": 421832873365.11719, "cell_perimeter": 2600275.1899845987 }, "geometry": { "type": "Polygon", "coordinates": [ [ [ -123.75, -61.606396371386268 ], [ -112.5, -61.606396371386268 ], [ -112.5, -55.776573018667698 ], [ -123.75, -55.776573018667698 ], [ -123.75, -61.606396371386268 ] ] ] } },
{ "type": "Feature", "properties": { "tilecode": "z5x5y23", "resolution": 5, "center_lat": -64.059828407249057, "center_lon": -118.125, "cell_width": 499840.06041197834, "cell_height": 547006.64910479658, "cell_area": 299004638547.62012, "cell_perimeter": 2190181.6186541244 }, "geometry": { "type": "Polygon", "coordinates": [ [ [ -123.75, -66.513260443111861 ], [ -112.5, -66.513260443111861 ], [ -112.5, -61.606396371386268 ], [ -123.75, -61.606396371386268 ], [ -123.75, -66.513260443111861 ] ] ] } },
{ "type": "Feature", "properties": { "tilecode": "z5x5y24", "resolution": 5, "center_lat": -68.562937340565554, "center_lon": -118.125, "cell_width": 416367.74655973469, "cell_height": 457254.11326378735, "cell_area": 208774564158.09766, "cell_perimeter": 1830716.0334992877 }, "geometry": { "type": "Polygon", "coordinates": [ [ [ -123.75, -70.612614238019248 ], [ -112.5, -70.612614238019248 ], [ -112.5, -66.513260443111861 ], [ -123.75, -66.513260443111861 ], [ -123.75, -70.612614238019248 ] ] ] } },
{ "type": "Feature", "properties": { "tilecode": "z5x5y25", "resolution": 5, "center_lat": -72.316078774760754, "center_lon": -118.125, "cell_width": 345340.39321398037, "cell_height": 380177.85463522567, "cell_area": 144244649467.35156, "cell_perimeter": 1522063.8490441665 }, "geometry": { "type": "Polygon", "coordinates": [ [ [ -123.75, -74.019543311502261 ], [ -112.5, -74.019543311502261 ], [ -112.5, -70.612614238019248 ], [ -123.75, -70.612614238019248 ], [ -123.75, -74.019543311502261 ] ] ] } },
{ "type": "Feature", "properties": { "tilecode": "z5x5y26", "resolution": 5, "center_lat": -75.430179862966611, "center_lon": -118.125, "cell_width": 285578.90577750694, "cell_height": 314917.17448925663, "cell_area": 98935667800.386719, "cell_perimeter": 1260753.6479700005 }, "geometry": { "type": "Polygon", "coordinates": [ [ [ -123.75, -76.840816414430975 ], [ -112.5, -76.840816414430975 ], [ -112.5, -74.019543311502261 ], [ -123.75, -74.019543311502261 ], [ -123.75, -76.840816414430975 ] ] ] } },
{ "type": "Feature", "properties": { "tilecode": "z5x5y27", "resolution": 5, "center_lat": -78.006075527625214, "center_lon": -118.125, "cell_width": 235679.10278705135, "cell_height": 260190.92729335208, "cell_area": 67519540387.077148, "cell_perimeter": 1041639.8631512625 }, "geometry": { "type": "Polygon", "coordinates": [ [ [ -123.75, -79.171334640819452 ], [ -112.5, -79.171334640819452 ], [ -112.5, -76.840816414430975 ], [ -123.75, -76.840816414430975 ], [ -123.75, -79.171334640819452 ] ] ] } },
{ "type": "Feature", "properties": { "tilecode": "z5x5y28", "resolution": 5, "center_lat": -80.132274246713919, "center_lon": -118.125, "cell_width": 194228.89232904164, "cell_height": 214598.42880588266, "cell_area": 45921829864.564453, "cell_perimeter": 859104.85272785835 }, "geometry": { "type": "Polygon", "coordinates": [ [ [ -123.75, -81.093213852608386 ], [ -112.5, -81.093213852608386 ], [ -112.5, -79.171334640819452 ], [ -123.75, -79.171334640819452 ], [ -123.75, -81.093213852608386 ] ] ] } },
{ "type": "Feature", "properties": { "tilecode": "z5x5y29", "resolution": 5, "center_lat": -81.884749415478709, "center_lon": -118.125, "cell_width": 159918.04297982904, "cell_height": 176783.79025463015, "cell_area": 31159964055.347656, "cell_perimeter": 707714.51581813092 }, "geometry": { "type": "Polygon", "coordinates": [ [ [ -123.75, -82.676284978349031 ], [ -112.5, -82.676284978349031 ], [ -112.5, -81.093213852608386 ], [ -123.75, -81.093213852608386 ], [ -123.75, -82.676284978349031 ] ] ] } },
{ "type": "Feature", "properties": { "tilecode": "z5x5y30", "resolution": 5, "center_lat": -83.327772238605547, "center_lon": -118.125, "cell_width": 131584.18496449364, "cell_height": 145514.4883510592, "cell_area": 21109976338.21875, "cell_perimeter": 582531.20464644115 }, "geometry": { "type": "Polygon", "coordinates": [ [ [ -123.75, -83.979259498862049 ], [ -112.5, -83.979259498862049 ], [ -112.5, -82.676284978349031 ], [ -123.75, -82.676284978349031 ], [ -123.75, -83.979259498862049 ] ] ] } },
{ "type": "Feature", "properties": { "tilecode": "z5x5y31", "resolution": 5, "center_lat": -84.515194139334326, "center_lon": -118.125, "cell_width": 108223.62660486477, "cell_height": 119710.25468782624, "cell_area": 14286077469.145508, "cell_perimeter": 479228.32094501087 }, "geometry": { "type": "Polygon", "coordinates": [ [ [ -123.75, -85.051128779806604 ], [ -112.5, -85.051128779806604 ], [ -112.5, -83.979259498862049 ], [ -123.75, -83.979259498862049 ], [ -123.75, -85.051128779806604 ] ] ] } },
{ "type": "Feature", "properties": { "tilecode": "z5x6y0", "resolution": 5, "center_lat": 84.515194139334326, "center_lon": -106.875, "cell_width": 131584.18496449364, "cell_height": 119710.25468782624, "cell_area": 14286077469.145508, "cell_perimeter": 479228.32094501087 }, "geometry": { "type": "Polygon", "coordinates": [ [ [ -112.5, 83.979259498862049 ], [ -101.25, 83.979259498862049 ], [ -101.25, 85.051128779806604 ], [ -112.5, 85.051128779806604 ], [ -112.5, 83.979259498862049 ] ] ] } },
{ "type": "Feature", "properties": { "tilecode": "z5x6y1", "resolution": 5, "center_lat": 83.327772238605547, "center_lon": -106.875, "cell_width": 159918.04297982904, "cell_height": 145514.4883510592, "cell_area": 21109976338.21875, "cell_perimeter": 582531.20464644115 }, "geometry": { "type": "Polygon", "coordinates": [ [ [ -112.5, 82.676284978349031 ], [ -101.25, 82.676284978349031 ], [ -101.25, 83.979259498862049 ], [ -112.5, 83.979259498862049 ], [ -112.5, 82.676284978349031 ] ] ] } },
{ "type": "Feature", "properties": { "tilecode": "z5x6y2", "resolution": 5, "center_lat": 81.884749415478709, "center_lon": -106.875, "cell_width": 194228.89232904164, "cell_height": 176783.79025463015, "cell_area": 31159964055.347656, "cell_perimeter": 707714.51581813092 }, "geometry": { "type": "Polygon", "coordinates": [ [ [ -112.5, 81.093213852608386 ], [ -101.25, 81.093213852608386 ], [ -101.25, 82.676284978349031 ], [ -112.5, 82.676284978349031 ], [ -112.5, 81.093213852608386 ] ] ] } },
{ "type": "Feature", "properties": { "tilecode": "z5x6y3", "resolution": 5, "center_lat": 80.132274246713919, "center_lon": -106.875, "cell_width": 235679.10278705135, "cell_height": 214598.42880588266, "cell_area": 45921829864.564453, "cell_perimeter": 859104.85272785835 }, "geometry": { "type": "Polygon", "coordinates": [ [ [ -112.5, 79.171334640819452 ], [ -101.25, 79.171334640819452 ], [ -101.25, 81.093213852608386 ], [ -112.5, 81.093213852608386 ], [ -112.5, 79.171334640819452 ] ] ] } },
{ "type": "Feature", "properties": { "tilecode": "z5x6y4", "resolution": 5, "center_lat": 78.006075527625214, "center_lon": -106.875, "cell_width": 285578.90577750694, "cell_height": 260190.92729335208, "cell_area": 67519540387.077148, "cell_perimeter": 1041639.8631512625 }, "geometry": { "type": "Polygon", "coordinates": [ [ [ -112.5, 76.840816414430975 ], [ -101.25, 76.840816414430975 ], [ -101.25, 79.171334640819452 ], [ -112.5, 79.171334640819452 ], [ -112.5, 76.840816414430975 ] ] ] } },
{ "type": "Feature", "properties": { "tilecode": "z5x6y5", "resolution": 5, "center_lat": 75.430179862966611, "center_lon": -106.875, "cell_width": 345340.39321398037, "cell_height": 314917.17448925663, "cell_area": 98935667800.386719, "cell_perimeter": 1260753.6479700005 }, "geometry": { "type": "Polygon", "coordinates": [ [ [ -112.5, 74.019543311502261 ], [ -101.25, 74.019543311502261 ], [ -101.25, 76.840816414430975 ], [ -112.5, 76.840816414430975 ], [ -112.5, 74.019543311502261 ] ] ] } },
{ "type": "Feature", "properties": { "tilecode": "z5x6y6", "resolution": 5, "center_lat": 72.316078774760754, "center_lon": -106.875, "cell_width": 416367.74655973469, "cell_height": 380177.85463522567, "cell_area": 144244649467.35156, "cell_perimeter": 1522063.8490441665 }, "geometry": { "type": "Polygon", "coordinates": [ [ [ -112.5, 70.612614238019248 ], [ -101.25, 70.612614238019248 ], [ -101.25, 74.019543311502261 ], [ -112.5, 74.019543311502261 ], [ -112.5, 70.612614238019248 ] ] ] } },
{ "type": "Feature", "properties": { "tilecode": "z5x6y7", "resolution": 5, "center_lat": 68.562937340565554, "center_lon": -106.875, "cell_width": 499840.06041197834, "cell_height": 457254.11326378735, "cell_area": 208774564158.09766, "cell_perimeter": 1830716.0334992877 }, "geometry": { "type": "Polygon", "coordinates": [ [ [ -112.5, 66.513260443111861 ], [ -101.25, 66.513260443111861 ], [ -101.25, 70.612614238019248 ], [ -112.5, 70.612614238019248 ], [ -112.5, 66.513260443111861 ] ] ] } },
{ "type": "Feature", "properties": { "tilecode": "z5x6y8", "resolution": 5, "center_lat": 64.059828407249057, "center_lon": -106.875, "cell_width": 596328.26003255299, "cell_height": 547006.64910479658, "cell_area": 299004638547.62012, "cell_perimeter": 2190181.6186541244 }, "geometry": { "type": "Polygon", "coordinates": [ [ [ -112.5, 61.606396371386268 ], [ -101.25, 61.606396371386268 ], [ -101.25, 66.513260443111861 ], [ -112.5, 66.513260443111861 ], [ -112.5, 61.606396371386268 ] ] ] } },
{ "type": "Feature", "properties": { "tilecode": "z5x6y9", "resolution": 5, "center_lat": 58.691484695026986, "center_lon": -106.875, "cell_width": 705186.72066214541, "cell_height": 649380.10464495013, "cell_area": 421832873365.11719, "cell_perimeter": 2600275.1899845987 }, "geometry": { "type": "Polygon", "coordinates": [ [ [ -112.5, 55.776573018667698 ], [ -101.25, 55.776573018667698 ], [ -101.25, 61.606396371386268 ], [ -112.5, 61.606396371386268 ], [ -112.5, 55.776573018667698 ] ] ] } },
{ "type": "Feature", "properties": { "tilecode": "z5x6y10", "resolution": 5, "center_lat": 52.349536141212965, "center_lon": -106.875, "cell_width": 823705.47975019796, "cell_height": 762677.84409848822, "cell_area": 582657894317.77637, "cell_perimeter": 3054247.8886093199 }, "geometry": { "type": "Polygon", "coordinates": [ [ [ -112.5, 48.92249926375824 ], [ -101.25, 48.92249926375824 ], [ -101.25, 55.776573018667698 ], [ -112.5, 55.776573018667698 ], [ -112.5, 48.92249926375824 ] ] ] } },
{ "type": "Feature", "properties": { "tilecode": "z5x6y11", "resolution": 5, "center_lat": 44.95119866668918, "center_lon": -106.875, "cell_width": 946152.93326944625, "cell_height": 882667.95666176802, "cell_area": 781726960961.31055, "cell_perimeter": 3535194.3263431801 }, "geometry": { "type": "Polygon", "coordinates": [ [ [ -112.5, 40.979898069620127 ], [ -101.25, 40.979898069620127 ], [ -101.25, 48.92249926375824 ], [ -112.5, 48.92249926375824 ], [ -112.5, 40.979898069620127 ] ] ] } },
{ "type": "Feature", "properties": { "tilecode": "z5x6y12", "resolution": 5, "center_lat": 36.466030153822544, "center_lon": -106.875, "cell_width": 1063119.6372028978, "cell_height": 1001793.0197306408, "cell_area": 1008900467966.7783, "cell_perimeter": 4012858.6099336259 }, "geometry": { "type": "Polygon", "coordinates": [ [ [ -112.5, 31.952162238024968 ], [ -101.25, 31.952162238024968 ], [ -101.25, 40.979898069620127 ], [ -112.5, 40.979898069620127 ], [ -112.5, 31.952162238024968 ] ] ] } },
{ "type": "Feature", "properties": { "tilecode": "z5x6y13", "resolution": 5, "center_lat": 26.947603885731574, "center_lon": -106.875, "cell_width": 1161900.9357158756, "cell_height": 1109053.9614562085, "cell_area": 1238910794109.9292, "cell_perimeter": 4443128.4958311906 }, "geometry": { "type": "Polygon", "coordinates": [ [ [ -112.5, 21.943045533438177 ], [ -101.25, 21.943045533438177 ], [ -101.25, 31.952162238024968 ], [ -112.5, 31.952162238024968 ], [ -112.5, 21.943045533438177 ] ] ] } },
{ "type": "Feature", "properties": { "tilecode": "z5x6y14", "resolution": 5, "center_lat": 16.560723703574979, "center_lon": -106.875, "cell_width": 1228665.3006186907, "cell_height": 1191293.9078964787, "cell_area": 1431788580865.3503, "cell_perimeter": 4773154.0521275233 }, "geometry": { "type": "Polygon", "coordinates": [ [ [ -112.5, 11.178401873711781 ], [ -101.25, 11.178401873711781 ], [ -101.25, 21.943045533438177 ], [ -112.5, 21.943045533438177 ], [ -112.5, 11.178401873711781 ] ] ] } },
{ "type": "Feature", "properties": { "tilecode": "z5x6y15", "resolution": 5, "center_lat": 5.5892009368558906, "center_lon": -106.875, "cell_width": 1252344.2714243277, "cell_height": 1236200.0081271871, "cell_area": 1543215607369.6492, "cell_perimeter": 4953409.5882973932 }, "geometry": { "type": "Polygon", "coordinates": [ [ [ -112.5, 0.0 ], [ -101.25, 0.0 ], [ -101.25, 11.178401873711781 ], [ -112.5, 11.178401873711781 ], [ -112.5, 0.0 ] ] ] } },
{ "type": "Feature", "properties": { "tilecode": "z5x6y16", "resolution": 5, "center_lat": -5.5892009368558906, "center_lon": -106.875, "cell_width": 1228665.3006186907, "cell_height": 1236200.0081271871, "cell_area": 1543215607369.6492, "cell_perimeter": 4953409.5882973932 }, "geometry": { "type": "Polygon", "coordinates": [ [ [ -112.5, -11.178401873711781 ], [ -101.25, -11.178401873711781 ], [ -101.25, 0.0 ], [ -112.5, 0.0 ], [ -112.5, -11.178401873711781 ] ] ] } },
{ "type": "Feature", "properties": { "tilecode": "z5x6y17", "resolution": 5, "center_lat": -16.560723703574979, "center_lon": -106.875, "cell_width": 1161900.9357158756, "cell_height": 1191293.9078964787, "cell_area": 1431788580865.3503, "cell_perimeter": 4773154.0521275233 }, "geometry": { "type": "Polygon", "coordinates": [ [ [ -112.5, -21.943045533438177 ], [ -101.25, -21.943045533438177 ], [ -101.25, -11.178401873711781 ], [ -112.5, -11.178401873711781 ], [ -112.5, -21.943045533438177 ] ] ] } },
{ "type": "Feature", "properties": { "tilecode": "z5x6y18", "resolution": 5, "center_lat": -26.947603885731574, "center_lon": -106.875, "cell_width": 1063119.6372028978, "cell_height": 1109053.9614562085, "cell_area": 1238910794109.9292, "cell_perimeter": 4443128.4958311906 }, "geometry": { "type": "Polygon", "coordinates": [ [ [ -112.5, -31.952162238024968 ], [ -101.25, -31.952162238024968 ], [ -101.25, -21.943045533438177 ], [ -112.5, -21.943045533438177 ], [ -112.5, -31.952162238024968 ] ] ] } },
{ "type": "Feature", "properties": { "tilecode": "z5x6y19", "resolution": 5, "center_lat": -36.466030153822544, "center_lon": -106.875, "cell_width": 946152.93326944625, "cell_height": 1001793.0197306408, "cell_area": 1008900467966.7783, "cell_perimeter": 4012858.6099336259 }, "geometry": { "type": "Polygon", "coordinates": [ [ [ -112.5, -40.979898069620127 ], [ -101.25, -40.979898069620127 ], [ -101.25, -31.952162238024968 ], [ -112.5, -31.952162238024968 ], [ -112.5, -40.979898069620127 ] ] ] } },
{ "type": "Feature", "properties": { "tilecode": "z5x6y20", "resolution": 5, "center_lat": -44.95119866668918, "center_lon": -106.875, "cell_width": 823705.47975019796, "cell_height": 882667.95666176802, "cell_area": 781726960961.31055, "cell_perimeter": 3535194.3263431801 }, "geometry": { "type": "Polygon", "coordinates": [ [ [ -112.5, -48.92249926375824 ], [ -101.25, -48.92249926375824 ], [ -101.25, -40.979898069620127 ], [ -112.5, -40.979898069620127 ], [ -112.5, -48.92249926375824 ] ] ] } },
{ "type": "Feature", "properties": { "tilecode": "z5x6y21", "resolution": 5, "center_lat": -52.349536141212965, "center_lon": -106.875, "cell_width": 705186.72066214541, "cell_height": 762677.84409848822, "cell_area": 582657894317.77637, "cell_perimeter": 3054247.8886093199 }, "geometry": { "type": "Polygon", "coordinates": [ [ [ -112.5, -55.776573018667698 ], [ -101.25, -55.776573018667698 ], [ -101.25, -48.92249926375824 ], [ -112.5, -48.92249926375824 ], [ -112.5, -55.776573018667698 ] ] ] } },
{ "type": "Feature", "properties": { "tilecode": "z5x6y22", "resolution": 5, "center_lat": -58.691484695026986, "center_lon": -106.875, "cell_width": 596328.26003255299, "cell_height": 649380.10464495013, "cell_area": 421832873365.11719, "cell_perimeter": 2600275.1899845987 }, "geometry": { "type": "Polygon", "coordinates": [ [ [ -112.5, -61.606396371386268 ], [ -101.25, -61.606396371386268 ], [ -101.25, -55.776573018667698 ], [ -112.5, -55.776573018667698 ], [ -112.5, -61.606396371386268 ] ] ] } },
{ "type": "Feature", "properties": { "tilecode": "z5x6y23", "resolution": 5, "center_lat": -64.059828407249057, "center_lon": -106.875, "cell_width": 499840.06041197834, "cell_height": 547006.64910479658, "cell_area": 299004638547.62012, "cell_perimeter": 2190181.6186541244 }, "geometry": { "type": "Polygon", "coordinates": [ [ [ -112.5, -66.513260443111861 ], [ -101.25, -66.513260443111861 ], [ -101.25, -61.606396371386268 ], [ -112.5, -61.606396371386268 ], [ -112.5, -66.513260443111861 ] ] ] } },
{ "type": "Feature", "properties": { "tilecode": "z5x6y24", "resolution": 5, "center_lat": -68.562937340565554, "center_lon": -106.875, "cell_width": 416367.74655973469, "cell_height": 457254.11326378735, "cell_area": 208774564158.09766, "cell_perimeter": 1830716.0334992877 }, "geometry": { "type": "Polygon", "coordinates": [ [ [ -112.5, -70.612614238019248 ], [ -101.25, -70.612614238019248 ], [ -101.25, -66.513260443111861 ], [ -112.5, -66.513260443111861 ], [ -112.5, -70.612614238019248 ] ] ] } },
{ "type": "Feature", "properties": { "tilecode": "z5x6y25", "resolution": 5, "center_lat": -72.316078774760754, "center_lon": -106.875, "cell_width": 345340.39321398037, "cell_height": 380177.85463522567, "cell_area": 144244649467.35156, "cell_perimeter": 1522063.8490441665 }, "geometry": { "type": "Polygon", "coordinates": [ [ [ -112.5, -74.019543311502261 ], [ -101.25, -74.019543311502261 ], [ -101.25, -70.612614238019248 ], [ -112.5, -70.612614238019248 ], [ -112.5, -74.019543311502261 ] ] ] } },
{ "type": "Feature", "properties": { "tilecode": "z5x6y26", "resolution": 5, "center_lat": -75.430179862966611, "center_lon": -106.875, "cell_width": 285578.90577750694, "cell_height": 314917.17448925663, "cell_area": 98935667800.386719, "cell_perimeter": 1260753.6479700005 }, "geometry": { "type": "Polygon", "coordinates": [ [ [ -112.5, -76.840816414430975 ], [ -101.25, -76.840816414430975 ], [ -101.25, -74.019543311502261 ], [ -112.5, -74.019543311502261 ], [ -112.5, -76.840816414430975 ] ] ] } },
{ "type": "Feature", "properties": { "tilecode": "z5x6y27", "resolution": 5, "center_lat": -78.006075527625214, "center_lon": -106.875, "cell_width": 235679.10278705135, "cell_height": 260190.92729335208, "cell_area": 67519540387.077148, "cell_perimeter": 1041639.8631512625 }, "geometry": { "type": "Polygon", "coordinates": [ [ [ -112.5, -79.171334640819452 ], [ -101.25, -79.171334640819452 ], [ -101.25, -76.840816414430975 ], [ -112.5, -76.840816414430975 ], [ -112.5, -79.171334640819452 ] ] ] } },
{ "type": "Feature", "properties": { "tilecode": "z5x6y28", "resolution": 5, "center_lat": -80.132274246713919, "center_lon": -106.875, "cell_width": 194228.89232904164, "cell_height": 214598.42880588266, "cell_area": 45921829864.564453, "cell_perimeter": 859104.85272785835 }, "geometry": { "type": "Polygon", "coordinates": [ [ [ -112.5, -81.093213852608386 ], [ -101.25, -81.093213852608386 ], [ -101.25, -79.171334640819452 ], [ -112.5, -79.171334640819452 ], [ -112.5, -81.093213852608386 ] ] ] } },
{ "type": "Feature", "properties": { "tilecode": "z5x6y29", "resolution": 5, "center_lat": -81.884749415478709, "center_lon": -106.875, "cell_width": 159918.04297982904, "cell_height": 176783.79025463015, "cell_area": 31159964055.347656, "cell_perimeter": 707714.51581813092 }, "geometry": { "type": "Polygon", "coordinates": [ [ [ -112.5, -82.676284978349031 ], [ -101.25, -82.676284978349031 ], [ -101.25, -81.093213852608386 ], [ -112.5, -81.093213852608386 ], [ -112.5, -82.676284978349031 ] ] ] } },
{ "type": "Feature", "properties": { "tilecode": "z5x6y30", "resolution": 5, "center_lat": -83.327772238605547, "center_lon": -106.875, "cell_width": 131584.18496449364, "cell_height": 145514.4883510592, "cell_area": 21109976338.21875, "cell_perimeter": 582531.20464644115 }, "geometry": { "type": "Polygon", "coordinates": [ [ [ -112.5, -83.979259498862049 ], [ -101.25, -83.979259498862049 ], [ -101.25, -82.676284978349031 ], [ -112.5, -82.676284978349031 ], [ -112.5, -83.979259498862049 ] ] ] } },
{ "type": "Feature", "properties": { "tilecode": "z5x6y31", "resolution": 5, "center_lat": -84.515194139334326, "center_lon": -106.875, "cell_width": 108223.62660486477, "cell_height": 119710.25468782624, "cell_area": 14286077469.145508, "cell_perimeter": 479228.32094501087 }, "geometry": { "type": "Polygon", "coordinates": [ [ [ -112.5, -85.051128779806604 ], [ -101.25, -85.051128779806604 ], [ -101.25, -83.979259498862049 ], [ -112.5, -83.979259498862049 ], [ -112.5, -85.051128779806604 ] ] ] } },
{ "type": "Feature", "properties": { "tilecode": "z5x7y0", "resolution": 5, "center_lat": 84.515194139334326, "center_lon": -95.625, "cell_width": 131584.18496449364, "cell_height": 119710.25468782624, "cell_area": 14286077469.145508, "cell_perimeter": 479228.32094501087 }, "geometry": { "type": "Polygon", "coordinates": [ [ [ -101.25, 83.979259498862049 ], [ -90.0, 83.979259498862049 ], [ -90.0, 85.051128779806604 ], [ -101.25, 85.051128779806604 ], [ -101.25, 83.979259498862049 ] ] ] } },
{ "type": "Feature", "properties": { "tilecode": "z5x7y1", "resolution": 5, "center_lat": 83.327772238605547, "center_lon": -95.625, "cell_width": 159918.04297982904, "cell_height": 145514.4883510592, "cell_area": 21109976338.21875, "cell_perimeter": 582531.20464644115 }, "geometry": { "type": "Polygon", "coordinates": [ [ [ -101.25, 82.676284978349031 ], [ -90.0, 82.676284978349031 ], [ -90.0, 83.979259498862049 ], [ -101.25, 83.979259498862049 ], [ -101.25, 82.676284978349031 ] ] ] } },
{ "type": "Feature", "properties": { "tilecode": "z5x7y2", "resolution": 5, "center_lat": 81.884749415478709, "center_lon": -95.625, "cell_width": 194228.89232904164, "cell_height": 176783.79025463015, "cell_area": 31159964055.347656, "cell_perimeter": 707714.51581813092 }, "geometry": { "type": "Polygon", "coordinates": [ [ [ -101.25, 81.093213852608386 ], [ -90.0, 81.093213852608386 ], [ -90.0, 82.676284978349031 ], [ -101.25, 82.676284978349031 ], [ -101.25, 81.093213852608386 ] ] ] } },
{ "type": "Feature", "properties": { "tilecode": "z5x7y3", "resolution": 5, "center_lat": 80.132274246713919, "center_lon": -95.625, "cell_width": 235679.10278705135, "cell_height": 214598.42880588266, "cell_area": 45921829864.564453, "cell_perimeter": 859104.85272785835 }, "geometry": { "type": "Polygon", "coordinates": [ [ [ -101.25, 79.171334640819452 ], [ -90.0, 79.171334640819452 ], [ -90.0, 81.093213852608386 ], [ -101.25, 81.093213852608386 ], [ -101.25, 79.171334640819452 ] ] ] } },
{ "type": "Feature", "properties": { "tilecode": "z5x7y4", "resolution": 5, "center_lat": 78.006075527625214, "center_lon": -95.625, "cell_width": 285578.90577750694, "cell_height": 260190.92729335208, "cell_area": 67519540387.077148, "cell_perimeter": 1041639.8631512625 }, "geometry": { "type": "Polygon", "coordinates": [ [ [ -101.25, 76.840816414430975 ], [ -90.0, 76.840816414430975 ], [ -90.0, 79.171334640819452 ], [ -101.25, 79.171334640819452 ], [ -101.25, 76.840816414430975 ] ] ] } },
{ "type": "Feature", "properties": { "tilecode": "z5x7y5", "resolution": 5, "center_lat": 75.430179862966611, "center_lon": -95.625, "cell_width": 345340.39321398037, "cell_height": 314917.17448925663, "cell_area": 98935667800.386719, "cell_perimeter": 1260753.6479700005 }, "geometry": { "type": "Polygon", "coordinates": [ [ [ -101.25, 74.019543311502261 ], [ -90.0, 74.019543311502261 ], [ -90.0, 76.840816414430975 ], [ -101.25, 76.840816414430975 ], [ -101.25, 74.019543311502261 ] ] ] } },
{ "type": "Feature", "properties": { "tilecode": "z5x7y6", "resolution": 5, "center_lat": 72.316078774760754, "center_lon": -95.625, "cell_width": 416367.74655973469, "cell_height": 380177.85463522567, "cell_area": 144244649467.35156, "cell_perimeter": 1522063.8490441665 }, "geometry": { "type": "Polygon", "coordinates": [ [ [ -101.25, 70.612614238019248 ], [ -90.0, 70.612614238019248 ], [ -90.0, 74.019543311502261 ], [ -101.25, 74.019543311502261 ], [ -101.25, 70.612614238019248 ] ] ] } },
{ "type": "Feature", "properties": { "tilecode": "z5x7y7", "resolution": 5, "center_lat": 68.562937340565554, "center_lon": -95.625, "cell_width": 499840.06041197834, "cell_height": 457254.11326378735, "cell_area": 208774564158.09766, "cell_perimeter": 1830716.0334992877 }, "geometry": { "type": "Polygon", "coordinates": [ [ [ -101.25, 66.513260443111861 ], [ -90.0, 66.513260443111861 ], [ -90.0, 70.612614238019248 ], [ -101.25, 70.612614238019248 ], [ -101.25, 66.513260443111861 ] ] ] } },
{ "type": "Feature", "properties": { "tilecode": "z5x7y8", "resolution": 5, "center_lat": 64.059828407249057, "center_lon": -95.625, "cell_width": 596328.26003255299, "cell_height": 547006.64910479658, "cell_area": 299004638547.62012, "cell_perimeter": 2190181.6186541244 }, "geometry": { "type": "Polygon", "coordinates": [ [ [ -101.25, 61.606396371386268 ], [ -90.0, 61.606396371386268 ], [ -90.0, 66.513260443111861 ], [ -101.25, 66.513260443111861 ], [ -101.25, 61.606396371386268 ] ] ] } },
{ "type": "Feature", "properties": { "tilecode": "z5x7y9", "resolution": 5, "center_lat": 58.691484695026986, "center_lon": -95.625, "cell_width": 705186.72066214541, "cell_height": 649380.10464495013, "cell_area": 421832873365.11719, "cell_perimeter": 2600275.1899845987 }, "geometry": { "type": "Polygon", "coordinates": [ [ [ -101.25, 55.776573018667698 ], [ -90.0, 55.776573018667698 ], [ -90.0, 61.606396371386268 ], [ -101.25, 61.606396371386268 ], [ -101.25, 55.776573018667698 ] ] ] } },
{ "type": "Feature", "properties": { "tilecode": "z5x7y10", "resolution": 5, "center_lat": 52.349536141212965, "center_lon": -95.625, "cell_width": 823705.47975019796, "cell_height": 762677.84409848822, "cell_area": 582657894317.77637, "cell_perimeter": 3054247.8886093199 }, "geometry": { "type": "Polygon", "coordinates": [ [ [ -101.25, 48.92249926375824 ], [ -90.0, 48.92249926375824 ], [ -90.0, 55.776573018667698 ], [ -101.25, 55.776573018667698 ], [ -101.25, 48.92249926375824 ] ] ] } },
{ "type": "Feature", "properties": { "tilecode": "z5x7y11", "resolution": 5, "center_lat": 44.95119866668918, "center_lon": -95.625, "cell_width": 946152.93326944625, "cell_height": 882667.95666176802, "cell_area": 781726960961.31055, "cell_perimeter": 3535194.3263431801 }, "geometry": { "type": "Polygon", "coordinates": [ [ [ -101.25, 40.979898069620127 ], [ -90.0, 40.979898069620127 ], [ -90.0, 48.92249926375824 ], [ -101.25, 48.92249926375824 ], [ -101.25, 40.979898069620127 ] ] ] } },
{ "type": "Feature", "properties": { "tilecode": "z5x7y12", "resolution": 5, "center_lat": 36.466030153822544, "center_lon": -95.625, "cell_width": 1063119.6372028978, "cell_height": 1001793.0197306408, "cell_area": 1008900467966.7783, "cell_perimeter": 4012858.6099336259 }, "geometry": { "type": "Polygon", "coordinates": [ [ [ -101.25, 31.952162238024968 ], [ -90.0, 31.952162238024968 ], [ -90.0, 40.979898069620127 ], [ -101.25, 40.979898069620127 ], [ -101.25, 31.952162238024968 ] ] ] } },
{ "type": "Feature", "properties": { "tilecode": "z5x7y13", "resolution": 5, "center_lat": 26.947603885731574, "center_lon": -95.625, "cell_width": 1161900.9357158756, "cell_height": 1109053.9614562085, "cell_area": 1238910794109.9292, "cell_perimeter": 4443128.4958311906 }, "geometry": { "type": "Polygon", "coordinates": [ [ [ -101.25, 21.943045533438177 ], [ -90.0, 21.943045533438177 ], [ -90.0, 31.952162238024968 ], [ -101.25, 31.952162238024968 ], [ -101.25, 21.943045533438177 ] ] ] } },
{ "type": "Feature", "properties": { "tilecode": "z5x7y14", "resolution": 5, "center_lat": 16.560723703574979, "center_lon": -95.625, "cell_width": 1228665.3006186907, "cell_height": 1191293.9078964787, "cell_area": 1431788580865.3503, "cell_perimeter": 4773154.0521275233 }, "geometry": { "type": "Polygon", "coordinates": [ [ [ -101.25, 11.178401873711781 ], [ -90.0, 11.178401873711781 ], [ -90.0, 21.943045533438177 ], [ -101.25, 21.943045533438177 ], [ -101.25, 11.178401873711781 ] ] ] } },
{ "type": "Feature", "properties": { "tilecode": "z5x7y15", "resolution": 5, "center_lat": 5.5892009368558906, "center_lon": -95.625, "cell_width": 1252344.2714243277, "cell_height": 1236200.0081271871, "cell_area": 1543215607369.6492, "cell_perimeter": 4953409.5882973932 }, "geometry": { "type": "Polygon", "coordinates": [ [ [ -101.25, 0.0 ], [ -90.0, 0.0 ], [ -90.0, 11.178401873711781 ], [ -101.25, 11.178401873711781 ], [ -101.25, 0.0 ] ] ] } },
{ "type": "Feature", "properties": { "tilecode": "z5x7y16", "resolution": 5, "center_lat": -5.5892009368558906, "center_lon": -95.625, "cell_width": 1228665.3006186907, "cell_height": 1236200.0081271871, "cell_area": 1543215607369.6492, "cell_perimeter": 4953409.5882973932 }, "geometry": { "type": "Polygon", "coordinates": [ [ [ -101.25, -11.178401873711781 ], [ -90.0, -11.178401873711781 ], [ -90.0, 0.0 ], [ -101.25, 0.0 ], [ -101.25, -11.178401873711781 ] ] ] } },
{ "type": "Feature", "properties": { "tilecode": "z5x7y17", "resolution": 5, "center_lat": -16.560723703574979, "center_lon": -95.625, "cell_width": 1161900.9357158756, "cell_height": 1191293.9078964787, "cell_area": 1431788580865.3503, "cell_perimeter": 4773154.0521275233 }, "geometry": { "type": "Polygon", "coordinates": [ [ [ -101.25, -21.943045533438177 ], [ -90.0, -21.943045533438177 ], [ -90.0, -11.178401873711781 ], [ -101.25, -11.178401873711781 ], [ -101.25, -21.943045533438177 ] ] ] } },
{ "type": "Feature", "properties": { "tilecode": "z5x7y18", "resolution": 5, "center_lat": -26.947603885731574, "center_lon": -95.625, "cell_width": 1063119.6372028978, "cell_height": 1109053.9614562085, "cell_area": 1238910794109.9292, "cell_perimeter": 4443128.4958311906 }, "geometry": { "type": "Polygon", "coordinates": [ [ [ -101.25, -31.952162238024968 ], [ -90.0, -31.952162238024968 ], [ -90.0, -21.943045533438177 ], [ -101.25, -21.943045533438177 ], [ -101.25, -31.952162238024968 ] ] ] } },
{ "type": "Feature", "properties": { "tilecode": "z5x7y19", "resolution": 5, "center_lat": -36.466030153822544, "center_lon": -95.625, "cell_width": 946152.93326944625, "cell_height": 1001793.0197306408, "cell_area": 1008900467966.7783, "cell_perimeter": 4012858.6099336259 }, "geometry": { "type": "Polygon", "coordinates": [ [ [ -101.25, -40.979898069620127 ], [ -90.0, -40.979898069620127 ], [ -90.0, -31.952162238024968 ], [ -101.25, -31.952162238024968 ], [ -101.25, -40.979898069620127 ] ] ] } },
{ "type": "Feature", "properties": { "tilecode": "z5x7y20", "resolution": 5, "center_lat": -44.95119866668918, "center_lon": -95.625, "cell_width": 823705.47975019796, "cell_height": 882667.95666176802, "cell_area": 781726960961.31055, "cell_perimeter": 3535194.3263431801 }, "geometry": { "type": "Polygon", "coordinates": [ [ [ -101.25, -48.92249926375824 ], [ -90.0, -48.92249926375824 ], [ -90.0, -40.979898069620127 ], [ -101.25, -40.979898069620127 ], [ -101.25, -48.92249926375824 ] ] ] } },
{ "type": "Feature", "properties": { "tilecode": "z5x7y21", "resolution": 5, "center_lat": -52.349536141212965, "center_lon": -95.625, "cell_width": 705186.72066214541, "cell_height": 762677.84409848822, "cell_area": 582657894317.77637, "cell_perimeter": 3054247.8886093199 }, "geometry": { "type": "Polygon", "coordinates": [ [ [ -101.25, -55.776573018667698 ], [ -90.0, -55.776573018667698 ], [ -90.0, -48.92249926375824 ], [ -101.25, -48.92249926375824 ], [ -101.25, -55.776573018667698 ] ] ] } },
{ "type": "Feature", "properties": { "tilecode": "z5x7y22", "resolution": 5, "center_lat": -58.691484695026986, "center_lon": -95.625, "cell_width": 596328.26003255299, "cell_height": 649380.10464495013, "cell_area": 421832873365.11719, "cell_perimeter": 2600275.1899845987 }, "geometry": { "type": "Polygon", "coordinates": [ [ [ -101.25, -61.606396371386268 ], [ -90.0, -61.606396371386268 ], [ -90.0, -55.776573018667698 ], [ -101.25, -55.776573018667698 ], [ -101.25, -61.606396371386268 ] ] ] } },
{ "type": "Feature", "properties": { "tilecode": "z5x7y23", "resolution": 5, "center_lat": -64.059828407249057, "center_lon": -95.625, "cell_width": 499840.06041197834, "cell_height": 547006.64910479658, "cell_area": 299004638547.62012, "cell_perimeter": 2190181.6186541244 }, "geometry": { "type": "Polygon", "coordinates": [ [ [ -101.25, -66.513260443111861 ], [ -90.0, -66.513260443111861 ], [ -90.0, -61.606396371386268 ], [ -101.25, -61.606396371386268 ], [ -101.25, -66.513260443111861 ] ] ] } },
{ "type": "Feature", "properties": { "tilecode": "z5x7y24", "resolution": 5, "center_lat": -68.562937340565554, "center_lon": -95.625, "cell_width": 416367.74655973469, "cell_height": 457254.11326378735, "cell_area": 208774564158.09766, "cell_perimeter": 1830716.0334992877 }, "geometry": { "type": "Polygon", "coordinates": [ [ [ -101.25, -70.612614238019248 ], [ -90.0, -70.612614238019248 ], [ -90.0, -66.513260443111861 ], [ -101.25, -66.513260443111861 ], [ -101.25, -70.612614238019248 ] ] ] } },
{ "type": "Feature", "properties": { "tilecode": "z5x7y25", "resolution": 5, "center_lat": -72.316078774760754, "center_lon": -95.625, "cell_width": 345340.39321398037, "cell_height": 380177.85463522567, "cell_area": 144244649467.35156, "cell_perimeter": 1522063.8490441665 }, "geometry": { "type": "Polygon", "coordinates": [ [ [ -101.25, -74.019543311502261 ], [ -90.0, -74.019543311502261 ], [ -90.0, -70.612614238019248 ], [ -101.25, -70.612614238019248 ], [ -101.25, -74.019543311502261 ] ] ] } },
{ "type": "Feature", "properties": { "tilecode": "z5x7y26", "resolution": 5, "center_lat": -75.430179862966611, "center_lon": -95.625, "cell_width": 285578.90577750694, "cell_height": 314917.17448925663, "cell_area": 98935667800.386719, "cell_perimeter": 1260753.6479700005 }, "geometry": { "type": "Polygon", "coordinates": [ [ [ -101.25, -76.840816414430975 ], [ -90.0, -76.840816414430975 ], [ -90.0, -74.019543311502261 ], [ -101.25, -74.019543311502261 ], [ -101.25, -76.840816414430975 ] ] ] } },
{ "type": "Feature", "properties": { "tilecode": "z5x7y27", "resolution": 5, "center_lat": -78.006075527625214, "center_lon": -95.625, "cell_width": 235679.10278705135, "cell_height": 260190.92729335208, "cell_area": 67519540387.077148, "cell_perimeter": 1041639.8631512625 }, "geometry": { "type": "Polygon", "coordinates": [ [ [ -101.25, -79.171334640819452 ], [ -90.0, -79.171334640819452 ], [ -90.0, -76.840816414430975 ], [ -101.25, -76.840816414430975 ], [ -101.25, -79.171334640819452 ] ] ] } },
{ "type": "Feature", "properties": { "tilecode": "z5x7y28", "resolution": 5, "center_lat": -80.132274246713919, "center_lon": -95.625, "cell_width": 194228.89232904164, "cell_height": 214598.42880588266, "cell_area": 45921829864.564453, "cell_perimeter": 859104.85272785835 }, "geometry": { "type": "Polygon", "coordinates": [ [ [ -101.25, -81.093213852608386 ], [ -90.0, -81.093213852608386 ], [ -90.0, -79.171334640819452 ], [ -101.25, -79.171334640819452 ], [ -101.25, -81.093213852608386 ] ] ] } },
{ "type": "Feature", "properties": { "tilecode": "z5x7y29", "resolution": 5, "center_lat": -81.884749415478709, "center_lon": -95.625, "cell_width": 159918.04297982904, "cell_height": 176783.79025463015, "cell_area": 31159964055.347656, "cell_perimeter": 707714.51581813092 }, "geometry": { "type": "Polygon", "coordinates": [ [ [ -101.25, -82.676284978349031 ], [ -90.0, -82.676284978349031 ], [ -90.0, -81.093213852608386 ], [ -101.25, -81.093213852608386 ], [ -101.25, -82.676284978349031 ] ] ] } },
{ "type": "Feature", "properties": { "tilecode": "z5x7y30", "resolution": 5, "center_lat": -83.327772238605547, "center_lon": -95.625, "cell_width": 131584.18496449364, "cell_height": 145514.4883510592, "cell_area": 21109976338.21875, "cell_perimeter": 582531.20464644115 }, "geometry": { "type": "Polygon", "coordinates": [ [ [ -101.25, -83.979259498862049 ], [ -90.0, -83.979259498862049 ], [ -90.0, -82.676284978349031 ], [ -101.25, -82.676284978349031 ], [ -101.25, -83.979259498862049 ] ] ] } },
{ "type": "Feature", "properties": { "tilecode": "z5x7y31", "resolution": 5, "center_lat": -84.515194139334326, "center_lon": -95.625, "cell_width": 108223.62660486477, "cell_height": 119710.25468782624, "cell_area": 14286077469.145508, "cell_perimeter": 479228.32094501087 }, "geometry": { "type": "Polygon", "coordinates": [ [ [ -101.25, -85.051128779806604 ], [ -90.0, -85.051128779806604 ], [ -90.0, -83.979259498862049 ], [ -101.25, -83.979259498862049 ], [ -101.25, -85.051128779806604 ] ] ] } },
{ "type": "Feature", "properties": { "tilecode": "z5x8y0", "resolution": 5, "center_lat": 84.515194139334326, "center_lon": -84.375, "cell_width": 131584.18496449364, "cell_height": 119710.25468782624, "cell_area": 14286077469.145508, "cell_perimeter": 479228.32094501087 }, "geometry": { "type": "Polygon", "coordinates": [ [ [ -90.0, 83.979259498862049 ], [ -78.75, 83.979259498862049 ], [ -78.75, 85.051128779806604 ], [ -90.0, 85.051128779806604 ], [ -90.0, 83.979259498862049 ] ] ] } },
{ "type": "Feature", "properties": { "tilecode": "z5x8y1", "resolution": 5, "center_lat": 83.327772238605547, "center_lon": -84.375, "cell_width": 159918.04297982904, "cell_height": 145514.4883510592, "cell_area": 21109976338.21875, "cell_perimeter": 582531.20464644115 }, "geometry": { "type": "Polygon", "coordinates": [ [ [ -90.0, 82.676284978349031 ], [ -78.75, 82.676284978349031 ], [ -78.75, 83.979259498862049 ], [ -90.0, 83.979259498862049 ], [ -90.0, 82.676284978349031 ] ] ] } },
{ "type": "Feature", "properties": { "tilecode": "z5x8y2", "resolution": 5, "center_lat": 81.884749415478709, "center_lon": -84.375, "cell_width": 194228.89232904164, "cell_height": 176783.79025463015, "cell_area": 31159964055.347656, "cell_perimeter": 707714.51581813092 }, "geometry": { "type": "Polygon", "coordinates": [ [ [ -90.0, 81.093213852608386 ], [ -78.75, 81.093213852608386 ], [ -78.75, 82.676284978349031 ], [ -90.0, 82.676284978349031 ], [ -90.0, 81.093213852608386 ] ] ] } },
{ "type": "Feature", "properties": { "tilecode": "z5x8y3", "resolution": 5, "center_lat": 80.132274246713919, "center_lon": -84.375, "cell_width": 235679.10278705135, "cell_height": 214598.42880588266, "cell_area": 45921829864.564453, "cell_perimeter": 859104.85272785835 }, "geometry": { "type": "Polygon", "coordinates": [ [ [ -90.0, 79.171334640819452 ], [ -78.75, 79.171334640819452 ], [ -78.75, 81.093213852608386 ], [ -90.0, 81.093213852608386 ], [ -90.0, 79.171334640819452 ] ] ] } },
{ "type": "Feature", "properties": { "tilecode": "z5x8y4", "resolution": 5, "center_lat": 78.006075527625214, "center_lon": -84.375, "cell_width": 285578.90577750694, "cell_height": 260190.92729335208, "cell_area": 67519540387.077148, "cell_perimeter": 1041639.8631512625 }, "geometry": { "type": "Polygon", "coordinates": [ [ [ -90.0, 76.840816414430975 ], [ -78.75, 76.840816414430975 ], [ -78.75, 79.171334640819452 ], [ -90.0, 79.171334640819452 ], [ -90.0, 76.840816414430975 ] ] ] } },
{ "type": "Feature", "properties": { "tilecode": "z5x8y5", "resolution": 5, "center_lat": 75.430179862966611, "center_lon": -84.375, "cell_width": 345340.39321398037, "cell_height": 314917.17448925663, "cell_area": 98935667800.386719, "cell_perimeter": 1260753.6479700005 }, "geometry": { "type": "Polygon", "coordinates": [ [ [ -90.0, 74.019543311502261 ], [ -78.75, 74.019543311502261 ], [ -78.75, 76.840816414430975 ], [ -90.0, 76.840816414430975 ], [ -90.0, 74.019543311502261 ] ] ] } },
{ "type": "Feature", "properties": { "tilecode": "z5x8y6", "resolution": 5, "center_lat": 72.316078774760754, "center_lon": -84.375, "cell_width": 416367.74655973469, "cell_height": 380177.85463522567, "cell_area": 144244649467.35156, "cell_perimeter": 1522063.8490441665 }, "geometry": { "type": "Polygon", "coordinates": [ [ [ -90.0, 70.612614238019248 ], [ -78.75, 70.612614238019248 ], [ -78.75, 74.019543311502261 ], [ -90.0, 74.019543311502261 ], [ -90.0, 70.612614238019248 ] ] ] } },
{ "type": "Feature", "properties": { "tilecode": "z5x8y7", "resolution": 5, "center_lat": 68.562937340565554, "center_lon": -84.375, "cell_width": 499840.06041197834, "cell_height": 457254.11326378735, "cell_area": 208774564158.09766, "cell_perimeter": 1830716.0334992877 }, "geometry": { "type": "Polygon", "coordinates": [ [ [ -90.0, 66.513260443111861 ], [ -78.75, 66.513260443111861 ], [ -78.75, 70.612614238019248 ], [ -90.0, 70.612614238019248 ], [ -90.0, 66.513260443111861 ] ] ] } },
{ "type": "Feature", "properties": { "tilecode": "z5x8y8", "resolution": 5, "center_lat": 64.059828407249057, "center_lon": -84.375, "cell_width": 596328.26003255299, "cell_height": 547006.64910479658, "cell_area": 299004638547.62012, "cell_perimeter": 2190181.6186541244 }, "geometry": { "type": "Polygon", "coordinates": [ [ [ -90.0, 61.606396371386268 ], [ -78.75, 61.606396371386268 ], [ -78.75, 66.513260443111861 ], [ -90.0, 66.513260443111861 ], [ -90.0, 61.606396371386268 ] ] ] } },
{ "type": "Feature", "properties": { "tilecode": "z5x8y9", "resolution": 5, "center_lat": 58.691484695026986, "center_lon": -84.375, "cell_width": 705186.72066214541, "cell_height": 649380.10464495013, "cell_area": 421832873365.11719, "cell_perimeter": 2600275.1899845987 }, "geometry": { "type": "Polygon", "coordinates": [ [ [ -90.0, 55.776573018667698 ], [ -78.75, 55.776573018667698 ], [ -78.75, 61.606396371386268 ], [ -90.0, 61.606396371386268 ], [ -90.0, 55.776573018667698 ] ] ] } },
{ "type": "Feature", "properties": { "tilecode": "z5x8y10", "resolution": 5, "center_lat": 52.349536141212965, "center_lon": -84.375, "cell_width": 823705.47975019796, "cell_height": 762677.84409848822, "cell_area": 582657894317.77637, "cell_perimeter": 3054247.8886093199 }, "geometry": { "type": "Polygon", "coordinates": [ [ [ -90.0, 48.92249926375824 ], [ -78.75, 48.92249926375824 ], [ -78.75, 55.776573018667698 ], [ -90.0, 55.776573018667698 ], [ -90.0, 48.92249926375824 ] ] ] } },
{ "type": "Feature", "properties": { "tilecode": "z5x8y11", "resolution": 5, "center_lat": 44.95119866668918, "center_lon": -84.375, "cell_width": 946152.93326944625, "cell_height": 882667.95666176802, "cell_area": 781726960961.31055, "cell_perimeter": 3535194.3263431801 }, "geometry": { "type": "Polygon", "coordinates": [ [ [ -90.0, 40.979898069620127 ], [ -78.75, 40.979898069620127 ], [ -78.75, 48.92249926375824 ], [ -90.0, 48.92249926375824 ], [ -90.0, 40.979898069620127 ] ] ] } },
{ "type": "Feature", "properties": { "tilecode": "z5x8y12", "resolution": 5, "center_lat": 36.466030153822544, "center_lon": -84.375, "cell_width": 1063119.6372028978, "cell_height": 1001793.0197306408, "cell_area": 1008900467966.7783, "cell_perimeter": 4012858.6099336259 }, "geometry": { "type": "Polygon", "coordinates": [ [ [ -90.0, 31.952162238024968 ], [ -78.75, 31.952162238024968 ], [ -78.75, 40.979898069620127 ], [ -90.0, 40.979898069620127 ], [ -90.0, 31.952162238024968 ] ] ] } },
{ "type": "Feature", "properties": { "tilecode": "z5x8y13", "resolution": 5, "center_lat": 26.947603885731574, "center_lon": -84.375, "cell_width": 1161900.9357158756, "cell_height": 1109053.9614562085, "cell_area": 1238910794109.9292, "cell_perimeter": 4443128.4958311906 }, "geometry": { "type": "Polygon", "coordinates": [ [ [ -90.0, 21.943045533438177 ], [ -78.75, 21.943045533438177 ], [ -78.75, 31.952162238024968 ], [ -90.0, 31.952162238024968 ], [ -90.0, 21.943045533438177 ] ] ] } },
{ "type": "Feature", "properties": { "tilecode": "z5x8y14", "resolution": 5, "center_lat": 16.560723703574979, "center_lon": -84.375, "cell_width": 1228665.3006186907, "cell_height": 1191293.9078964787, "cell_area": 1431788580865.3503, "cell_perimeter": 4773154.0521275233 }, "geometry": { "type": "Polygon", "coordinates": [ [ [ -90.0, 11.178401873711781 ], [ -78.75, 11.178401873711781 ], [ -78.75, 21.943045533438177 ], [ -90.0, 21.943045533438177 ], [ -90.0, 11.178401873711781 ] ] ] } },
{ "type": "Feature", "properties": { "tilecode": "z5x8y15", "resolution": 5, "center_lat": 5.5892009368558906, "center_lon": -84.375, "cell_width": 1252344.2714243277, "cell_height": 1236200.0081271871, "cell_area": 1543215607369.6492, "cell_perimeter": 4953409.5882973932 }, "geometry": { "type": "Polygon", "coordinates": [ [ [ -90.0, 0.0 ], [ -78.75, 0.0 ], [ -78.75, 11.178401873711781 ], [ -90.0, 11.178401873711781 ], [ -90.0, 0.0 ] ] ] } },
{ "type": "Feature", "properties": { "tilecode": "z5x8y16", "resolution": 5, "center_lat": -5.5892009368558906, "center_lon": -84.375, "cell_width": 1228665.3006186907, "cell_height": 1236200.0081271871, "cell_area": 1543215607369.6492, "cell_perimeter": 4953409.5882973932 }, "geometry": { "type": "Polygon", "coordinates": [ [ [ -90.0, -11.178401873711781 ], [ -78.75, -11.178401873711781 ], [ -78.75, 0.0 ], [ -90.0, 0.0 ], [ -90.0, -11.178401873711781 ] ] ] } },
{ "type": "Feature", "properties": { "tilecode": "z5x8y17", "resolution": 5, "center_lat": -16.560723703574979, "center_lon": -84.375, "cell_width": 1161900.9357158756, "cell_height": 1191293.9078964787, "cell_area": 1431788580865.3503, "cell_perimeter": 4773154.0521275233 }, "geometry": { "type": "Polygon", "coordinates": [ [ [ -90.0, -21.943045533438177 ], [ -78.75, -21.943045533438177 ], [ -78.75, -11.178401873711781 ], [ -90.0, -11.178401873711781 ], [ -90.0, -21.943045533438177 ] ] ] } },
{ "type": "Feature", "properties": { "tilecode": "z5x8y18", "resolution": 5, "center_lat": -26.947603885731574, "center_lon": -84.375, "cell_width": 1063119.6372028978, "cell_height": 1109053.9614562085, "cell_area": 1238910794109.9292, "cell_perimeter": 4443128.4958311906 }, "geometry": { "type": "Polygon", "coordinates": [ [ [ -90.0, -31.952162238024968 ], [ -78.75, -31.952162238024968 ], [ -78.75, -21.943045533438177 ], [ -90.0, -21.943045533438177 ], [ -90.0, -31.952162238024968 ] ] ] } },
{ "type": "Feature", "properties": { "tilecode": "z5x8y19", "resolution": 5, "center_lat": -36.466030153822544, "center_lon": -84.375, "cell_width": 946152.93326944625, "cell_height": 1001793.0197306408, "cell_area": 1008900467966.7783, "cell_perimeter": 4012858.6099336259 }, "geometry": { "type": "Polygon", "coordinates": [ [ [ -90.0, -40.979898069620127 ], [ -78.75, -40.979898069620127 ], [ -78.75, -31.952162238024968 ], [ -90.0, -31.952162238024968 ], [ -90.0, -40.979898069620127 ] ] ] } },
{ "type": "Feature", "properties": { "tilecode": "z5x8y20", "resolution": 5, "center_lat": -44.95119866668918, "center_lon": -84.375, "cell_width": 823705.47975019796, "cell_height": 882667.95666176802, "cell_area": 781726960961.31055, "cell_perimeter": 3535194.3263431801 }, "geometry": { "type": "Polygon", "coordinates": [ [ [ -90.0, -48.92249926375824 ], [ -78.75, -48.92249926375824 ], [ -78.75, -40.979898069620127 ], [ -90.0, -40.979898069620127 ], [ -90.0, -48.92249926375824 ] ] ] } },
{ "type": "Feature", "properties": { "tilecode": "z5x8y21", "resolution": 5, "center_lat": -52.349536141212965, "center_lon": -84.375, "cell_width": 705186.72066214541, "cell_height": 762677.84409848822, "cell_area": 582657894317.77637, "cell_perimeter": 3054247.8886093199 }, "geometry": { "type": "Polygon", "coordinates": [ [ [ -90.0, -55.776573018667698 ], [ -78.75, -55.776573018667698 ], [ -78.75, -48.92249926375824 ], [ -90.0, -48.92249926375824 ], [ -90.0, -55.776573018667698 ] ] ] } },
{ "type": "Feature", "properties": { "tilecode": "z5x8y22", "resolution": 5, "center_lat": -58.691484695026986, "center_lon": -84.375, "cell_width": 596328.26003255299, "cell_height": 649380.10464495013, "cell_area": 421832873365.11719, "cell_perimeter": 2600275.1899845987 }, "geometry": { "type": "Polygon", "coordinates": [ [ [ -90.0, -61.606396371386268 ], [ -78.75, -61.606396371386268 ], [ -78.75, -55.776573018667698 ], [ -90.0, -55.776573018667698 ], [ -90.0, -61.606396371386268 ] ] ] } },
{ "type": "Feature", "properties": { "tilecode": "z5x8y23", "resolution": 5, "center_lat": -64.059828407249057, "center_lon": -84.375, "cell_width": 499840.06041197834, "cell_height": 547006.64910479658, "cell_area": 299004638547.62012, "cell_perimeter": 2190181.6186541244 }, "geometry": { "type": "Polygon", "coordinates": [ [ [ -90.0, -66.513260443111861 ], [ -78.75, -66.513260443111861 ], [ -78.75, -61.606396371386268 ], [ -90.0, -61.606396371386268 ], [ -90.0, -66.513260443111861 ] ] ] } },
{ "type": "Feature", "properties": { "tilecode": "z5x8y24", "resolution": 5, "center_lat": -68.562937340565554, "center_lon": -84.375, "cell_width": 416367.74655973469, "cell_height": 457254.11326378735, "cell_area": 208774564158.09766, "cell_perimeter": 1830716.0334992877 }, "geometry": { "type": "Polygon", "coordinates": [ [ [ -90.0, -70.612614238019248 ], [ -78.75, -70.612614238019248 ], [ -78.75, -66.513260443111861 ], [ -90.0, -66.513260443111861 ], [ -90.0, -70.612614238019248 ] ] ] } },
{ "type": "Feature", "properties": { "tilecode": "z5x8y25", "resolution": 5, "center_lat": -72.316078774760754, "center_lon": -84.375, "cell_width": 345340.39321398037, "cell_height": 380177.85463522567, "cell_area": 144244649467.35156, "cell_perimeter": 1522063.8490441665 }, "geometry": { "type": "Polygon", "coordinates": [ [ [ -90.0, -74.019543311502261 ], [ -78.75, -74.019543311502261 ], [ -78.75, -70.612614238019248 ], [ -90.0, -70.612614238019248 ], [ -90.0, -74.019543311502261 ] ] ] } },
{ "type": "Feature", "properties": { "tilecode": "z5x8y26", "resolution": 5, "center_lat": -75.430179862966611, "center_lon": -84.375, "cell_width": 285578.90577750694, "cell_height": 314917.17448925663, "cell_area": 98935667800.386719, "cell_perimeter": 1260753.6479700005 }, "geometry": { "type": "Polygon", "coordinates": [ [ [ -90.0, -76.840816414430975 ], [ -78.75, -76.840816414430975 ], [ -78.75, -74.019543311502261 ], [ -90.0, -74.019543311502261 ], [ -90.0, -76.840816414430975 ] ] ] } },
{ "type": "Feature", "properties": { "tilecode": "z5x8y27", "resolution": 5, "center_lat": -78.006075527625214, "center_lon": -84.375, "cell_width": 235679.10278705135, "cell_height": 260190.92729335208, "cell_area": 67519540387.077148, "cell_perimeter": 1041639.8631512625 }, "geometry": { "type": "Polygon", "coordinates": [ [ [ -90.0, -79.171334640819452 ], [ -78.75, -79.171334640819452 ], [ -78.75, -76.840816414430975 ], [ -90.0, -76.840816414430975 ], [ -90.0, -79.171334640819452 ] ] ] } },
{ "type": "Feature", "properties": { "tilecode": "z5x8y28", "resolution": 5, "center_lat": -80.132274246713919, "center_lon": -84.375, "cell_width": 194228.89232904164, "cell_height": 214598.42880588266, "cell_area": 45921829864.564453, "cell_perimeter": 859104.85272785835 }, "geometry": { "type": "Polygon", "coordinates": [ [ [ -90.0, -81.093213852608386 ], [ -78.75, -81.093213852608386 ], [ -78.75, -79.171334640819452 ], [ -90.0, -79.171334640819452 ], [ -90.0, -81.093213852608386 ] ] ] } },
{ "type": "Feature", "properties": { "tilecode": "z5x8y29", "resolution": 5, "center_lat": -81.884749415478709, "center_lon": -84.375, "cell_width": 159918.04297982904, "cell_height": 176783.79025463015, "cell_area": 31159964055.347656, "cell_perimeter": 707714.51581813092 }, "geometry": { "type": "Polygon", "coordinates": [ [ [ -90.0, -82.676284978349031 ], [ -78.75, -82.676284978349031 ], [ -78.75, -81.093213852608386 ], [ -90.0, -81.093213852608386 ], [ -90.0, -82.676284978349031 ] ] ] } },
{ "type": "Feature", "properties": { "tilecode": "z5x8y30", "resolution": 5, "center_lat": -83.327772238605547, "center_lon": -84.375, "cell_width": 131584.18496449364, "cell_height": 145514.4883510592, "cell_area": 21109976338.21875, "cell_perimeter": 582531.20464644115 }, "geometry": { "type": "Polygon", "coordinates": [ [ [ -90.0, -83.979259498862049 ], [ -78.75, -83.979259498862049 ], [ -78.75, -82.676284978349031 ], [ -90.0, -82.676284978349031 ], [ -90.0, -83.979259498862049 ] ] ] } },
{ "type": "Feature", "properties": { "tilecode": "z5x8y31", "resolution": 5, "center_lat": -84.515194139334326, "center_lon": -84.375, "cell_width": 108223.62660486477, "cell_height": 119710.25468782624, "cell_area": 14286077469.145508, "cell_perimeter": 479228.32094501087 }, "geometry": { "type": "Polygon", "coordinates": [ [ [ -90.0, -85.051128779806604 ], [ -78.75, -85.051128779806604 ], [ -78.75, -83.979259498862049 ], [ -90.0, -83.979259498862049 ], [ -90.0, -85.051128779806604 ] ] ] } },
{ "type": "Feature", "properties": { "tilecode": "z5x9y0", "resolution": 5, "center_lat": 84.515194139334326, "center_lon": -73.125, "cell_width": 131584.18496449364, "cell_height": 119710.25468782624, "cell_area": 14286077469.145508, "cell_perimeter": 479228.32094501087 }, "geometry": { "type": "Polygon", "coordinates": [ [ [ -78.75, 83.979259498862049 ], [ -67.5, 83.979259498862049 ], [ -67.5, 85.051128779806604 ], [ -78.75, 85.051128779806604 ], [ -78.75, 83.979259498862049 ] ] ] } },
{ "type": "Feature", "properties": { "tilecode": "z5x9y1", "resolution": 5, "center_lat": 83.327772238605547, "center_lon": -73.125, "cell_width": 159918.04297982904, "cell_height": 145514.4883510592, "cell_area": 21109976338.21875, "cell_perimeter": 582531.20464644115 }, "geometry": { "type": "Polygon", "coordinates": [ [ [ -78.75, 82.676284978349031 ], [ -67.5, 82.676284978349031 ], [ -67.5, 83.979259498862049 ], [ -78.75, 83.979259498862049 ], [ -78.75, 82.676284978349031 ] ] ] } },
{ "type": "Feature", "properties": { "tilecode": "z5x9y2", "resolution": 5, "center_lat": 81.884749415478709, "center_lon": -73.125, "cell_width": 194228.89232904164, "cell_height": 176783.79025463015, "cell_area": 31159964055.347656, "cell_perimeter": 707714.51581813092 }, "geometry": { "type": "Polygon", "coordinates": [ [ [ -78.75, 81.093213852608386 ], [ -67.5, 81.093213852608386 ], [ -67.5, 82.676284978349031 ], [ -78.75, 82.676284978349031 ], [ -78.75, 81.093213852608386 ] ] ] } },
{ "type": "Feature", "properties": { "tilecode": "z5x9y3", "resolution": 5, "center_lat": 80.132274246713919, "center_lon": -73.125, "cell_width": 235679.10278705135, "cell_height": 214598.42880588266, "cell_area": 45921829864.564453, "cell_perimeter": 859104.85272785835 }, "geometry": { "type": "Polygon", "coordinates": [ [ [ -78.75, 79.171334640819452 ], [ -67.5, 79.171334640819452 ], [ -67.5, 81.093213852608386 ], [ -78.75, 81.093213852608386 ], [ -78.75, 79.171334640819452 ] ] ] } },
{ "type": "Feature", "properties": { "tilecode": "z5x9y4", "resolution": 5, "center_lat": 78.006075527625214, "center_lon": -73.125, "cell_width": 285578.90577750694, "cell_height": 260190.92729335208, "cell_area": 67519540387.077148, "cell_perimeter": 1041639.8631512625 }, "geometry": { "type": "Polygon", "coordinates": [ [ [ -78.75, 76.840816414430975 ], [ -67.5, 76.840816414430975 ], [ -67.5, 79.171334640819452 ], [ -78.75, 79.171334640819452 ], [ -78.75, 76.840816414430975 ] ] ] } },
{ "type": "Feature", "properties": { "tilecode": "z5x9y5", "resolution": 5, "center_lat": 75.430179862966611, "center_lon": -73.125, "cell_width": 345340.39321398037, "cell_height": 314917.17448925663, "cell_area": 98935667800.386719, "cell_perimeter": 1260753.6479700005 }, "geometry": { "type": "Polygon", "coordinates": [ [ [ -78.75, 74.019543311502261 ], [ -67.5, 74.019543311502261 ], [ -67.5, 76.840816414430975 ], [ -78.75, 76.840816414430975 ], [ -78.75, 74.019543311502261 ] ] ] } },
{ "type": "Feature", "properties": { "tilecode": "z5x9y6", "resolution": 5, "center_lat": 72.316078774760754, "center_lon": -73.125, "cell_width": 416367.74655973469, "cell_height": 380177.85463522567, "cell_area": 144244649467.35156, "cell_perimeter": 1522063.8490441665 }, "geometry": { "type": "Polygon", "coordinates": [ [ [ -78.75, 70.612614238019248 ], [ -67.5, 70.612614238019248 ], [ -67.5, 74.019543311502261 ], [ -78.75, 74.019543311502261 ], [ -78.75, 70.612614238019248 ] ] ] } },
{ "type": "Feature", "properties": { "tilecode": "z5x9y7", "resolution": 5, "center_lat": 68.562937340565554, "center_lon": -73.125, "cell_width": 499840.06041197834, "cell_height": 457254.11326378735, "cell_area": 208774564158.09766, "cell_perimeter": 1830716.0334992877 }, "geometry": { "type": "Polygon", "coordinates": [ [ [ -78.75, 66.513260443111861 ], [ -67.5, 66.513260443111861 ], [ -67.5, 70.612614238019248 ], [ -78.75, 70.612614238019248 ], [ -78.75, 66.513260443111861 ] ] ] } },
{ "type": "Feature", "properties": { "tilecode": "z5x9y8", "resolution": 5, "center_lat": 64.059828407249057, "center_lon": -73.125, "cell_width": 596328.26003255299, "cell_height": 547006.64910479658, "cell_area": 299004638547.62012, "cell_perimeter": 2190181.6186541244 }, "geometry": { "type": "Polygon", "coordinates": [ [ [ -78.75, 61.606396371386268 ], [ -67.5, 61.606396371386268 ], [ -67.5, 66.513260443111861 ], [ -78.75, 66.513260443111861 ], [ -78.75, 61.606396371386268 ] ] ] } },
{ "type": "Feature", "properties": { "tilecode": "z5x9y9", "resolution": 5, "center_lat": 58.691484695026986, "center_lon": -73.125, "cell_width": 705186.72066214541, "cell_height": 649380.10464495013, "cell_area": 421832873365.11719, "cell_perimeter": 2600275.1899845987 }, "geometry": { "type": "Polygon", "coordinates": [ [ [ -78.75, 55.776573018667698 ], [ -67.5, 55.776573018667698 ], [ -67.5, 61.606396371386268 ], [ -78.75, 61.606396371386268 ], [ -78.75, 55.776573018667698 ] ] ] } },
{ "type": "Feature", "properties": { "tilecode": "z5x9y10", "resolution": 5, "center_lat": 52.349536141212965, "center_lon": -73.125, "cell_width": 823705.47975019796, "cell_height": 762677.84409848822, "cell_area": 582657894317.77637, "cell_perimeter": 3054247.8886093199 }, "geometry": { "type": "Polygon", "coordinates": [ [ [ -78.75, 48.92249926375824 ], [ -67.5, 48.92249926375824 ], [ -67.5, 55.776573018667698 ], [ -78.75, 55.776573018667698 ], [ -78.75, 48.92249926375824 ] ] ] } },
{ "type": "Feature", "properties": { "tilecode": "z5x9y11", "resolution": 5, "center_lat": 44.95119866668918, "center_lon": -73.125, "cell_width": 946152.93326944625, "cell_height": 882667.95666176802, "cell_area": 781726960961.31055, "cell_perimeter": 3535194.3263431801 }, "geometry": { "type": "Polygon", "coordinates": [ [ [ -78.75, 40.979898069620127 ], [ -67.5, 40.979898069620127 ], [ -67.5, 48.92249926375824 ], [ -78.75, 48.92249926375824 ], [ -78.75, 40.979898069620127 ] ] ] } },
{ "type": "Feature", "properties": { "tilecode": "z5x9y12", "resolution": 5, "center_lat": 36.466030153822544, "center_lon": -73.125, "cell_width": 1063119.6372028978, "cell_height": 1001793.0197306408, "cell_area": 1008900467966.7783, "cell_perimeter": 4012858.6099336259 }, "geometry": { "type": "Polygon", "coordinates": [ [ [ -78.75, 31.952162238024968 ], [ -67.5, 31.952162238024968 ], [ -67.5, 40.979898069620127 ], [ -78.75, 40.979898069620127 ], [ -78.75, 31.952162238024968 ] ] ] } },
{ "type": "Feature", "properties": { "tilecode": "z5x9y13", "resolution": 5, "center_lat": 26.947603885731574, "center_lon": -73.125, "cell_width": 1161900.9357158756, "cell_height": 1109053.9614562085, "cell_area": 1238910794109.9292, "cell_perimeter": 4443128.4958311906 }, "geometry": { "type": "Polygon", "coordinates": [ [ [ -78.75, 21.943045533438177 ], [ -67.5, 21.943045533438177 ], [ -67.5, 31.952162238024968 ], [ -78.75, 31.952162238024968 ], [ -78.75, 21.943045533438177 ] ] ] } },
{ "type": "Feature", "properties": { "tilecode": "z5x9y14", "resolution": 5, "center_lat": 16.560723703574979, "center_lon": -73.125, "cell_width": 1228665.3006186907, "cell_height": 1191293.9078964787, "cell_area": 1431788580865.3503, "cell_perimeter": 4773154.0521275233 }, "geometry": { "type": "Polygon", "coordinates": [ [ [ -78.75, 11.178401873711781 ], [ -67.5, 11.178401873711781 ], [ -67.5, 21.943045533438177 ], [ -78.75, 21.943045533438177 ], [ -78.75, 11.178401873711781 ] ] ] } },
{ "type": "Feature", "properties": { "tilecode": "z5x9y15", "resolution": 5, "center_lat": 5.5892009368558906, "center_lon": -73.125, "cell_width": 1252344.2714243277, "cell_height": 1236200.0081271871, "cell_area": 1543215607369.6492, "cell_perimeter": 4953409.5882973932 }, "geometry": { "type": "Polygon", "coordinates": [ [ [ -78.75, 0.0 ], [ -67.5, 0.0 ], [ -67.5, 11.178401873711781 ], [ -78.75, 11.178401873711781 ], [ -78.75, 0.0 ] ] ] } },
{ "type": "Feature", "properties": { "tilecode": "z5x9y16", "resolution": 5, "center_lat": -5.5892009368558906, "center_lon": -73.125, "cell_width": 1228665.3006186907, "cell_height": 1236200.0081271871, "cell_area": 1543215607369.6492, "cell_perimeter": 4953409.5882973932 }, "geometry": { "type": "Polygon", "coordinates": [ [ [ -78.75, -11.178401873711781 ], [ -67.5, -11.178401873711781 ], [ -67.5, 0.0 ], [ -78.75, 0.0 ], [ -78.75, -11.178401873711781 ] ] ] } },
{ "type": "Feature", "properties": { "tilecode": "z5x9y17", "resolution": 5, "center_lat": -16.560723703574979, "center_lon": -73.125, "cell_width": 1161900.9357158756, "cell_height": 1191293.9078964787, "cell_area": 1431788580865.3503, "cell_perimeter": 4773154.0521275233 }, "geometry": { "type": "Polygon", "coordinates": [ [ [ -78.75, -21.943045533438177 ], [ -67.5, -21.943045533438177 ], [ -67.5, -11.178401873711781 ], [ -78.75, -11.178401873711781 ], [ -78.75, -21.943045533438177 ] ] ] } },
{ "type": "Feature", "properties": { "tilecode": "z5x9y18", "resolution": 5, "center_lat": -26.947603885731574, "center_lon": -73.125, "cell_width": 1063119.6372028978, "cell_height": 1109053.9614562085, "cell_area": 1238910794109.9292, "cell_perimeter": 4443128.4958311906 }, "geometry": { "type": "Polygon", "coordinates": [ [ [ -78.75, -31.952162238024968 ], [ -67.5, -31.952162238024968 ], [ -67.5, -21.943045533438177 ], [ -78.75, -21.943045533438177 ], [ -78.75, -31.952162238024968 ] ] ] } },
{ "type": "Feature", "properties": { "tilecode": "z5x9y19", "resolution": 5, "center_lat": -36.466030153822544, "center_lon": -73.125, "cell_width": 946152.93326944625, "cell_height": 1001793.0197306408, "cell_area": 1008900467966.7783, "cell_perimeter": 4012858.6099336259 }, "geometry": { "type": "Polygon", "coordinates": [ [ [ -78.75, -40.979898069620127 ], [ -67.5, -40.979898069620127 ], [ -67.5, -31.952162238024968 ], [ -78.75, -31.952162238024968 ], [ -78.75, -40.979898069620127 ] ] ] } },
{ "type": "Feature", "properties": { "tilecode": "z5x9y20", "resolution": 5, "center_lat": -44.95119866668918, "center_lon": -73.125, "cell_width": 823705.47975019796, "cell_height": 882667.95666176802, "cell_area": 781726960961.31055, "cell_perimeter": 3535194.3263431801 }, "geometry": { "type": "Polygon", "coordinates": [ [ [ -78.75, -48.92249926375824 ], [ -67.5, -48.92249926375824 ], [ -67.5, -40.979898069620127 ], [ -78.75, -40.979898069620127 ], [ -78.75, -48.92249926375824 ] ] ] } },
{ "type": "Feature", "properties": { "tilecode": "z5x9y21", "resolution": 5, "center_lat": -52.349536141212965, "center_lon": -73.125, "cell_width": 705186.72066214541, "cell_height": 762677.84409848822, "cell_area": 582657894317.77637, "cell_perimeter": 3054247.8886093199 }, "geometry": { "type": "Polygon", "coordinates": [ [ [ -78.75, -55.776573018667698 ], [ -67.5, -55.776573018667698 ], [ -67.5, -48.92249926375824 ], [ -78.75, -48.92249926375824 ], [ -78.75, -55.776573018667698 ] ] ] } },
{ "type": "Feature", "properties": { "tilecode": "z5x9y22", "resolution": 5, "center_lat": -58.691484695026986, "center_lon": -73.125, "cell_width": 596328.26003255299, "cell_height": 649380.10464495013, "cell_area": 421832873365.11719, "cell_perimeter": 2600275.1899845987 }, "geometry": { "type": "Polygon", "coordinates": [ [ [ -78.75, -61.606396371386268 ], [ -67.5, -61.606396371386268 ], [ -67.5, -55.776573018667698 ], [ -78.75, -55.776573018667698 ], [ -78.75, -61.606396371386268 ] ] ] } },
{ "type": "Feature", "properties": { "tilecode": "z5x9y23", "resolution": 5, "center_lat": -64.059828407249057, "center_lon": -73.125, "cell_width": 499840.06041197834, "cell_height": 547006.64910479658, "cell_area": 299004638547.62012, "cell_perimeter": 2190181.6186541244 }, "geometry": { "type": "Polygon", "coordinates": [ [ [ -78.75, -66.513260443111861 ], [ -67.5, -66.513260443111861 ], [ -67.5, -61.606396371386268 ], [ -78.75, -61.606396371386268 ], [ -78.75, -66.513260443111861 ] ] ] } },
{ "type": "Feature", "properties": { "tilecode": "z5x9y24", "resolution": 5, "center_lat": -68.562937340565554, "center_lon": -73.125, "cell_width": 416367.74655973469, "cell_height": 457254.11326378735, "cell_area": 208774564158.09766, "cell_perimeter": 1830716.0334992877 }, "geometry": { "type": "Polygon", "coordinates": [ [ [ -78.75, -70.612614238019248 ], [ -67.5, -70.612614238019248 ], [ -67.5, -66.513260443111861 ], [ -78.75, -66.513260443111861 ], [ -78.75, -70.612614238019248 ] ] ] } },
{ "type": "Feature", "properties": { "tilecode": "z5x9y25", "resolution": 5, "center_lat": -72.316078774760754, "center_lon": -73.125, "cell_width": 345340.39321398037, "cell_height": 380177.85463522567, "cell_area": 144244649467.35156, "cell_perimeter": 1522063.8490441665 }, "geometry": { "type": "Polygon", "coordinates": [ [ [ -78.75, -74.019543311502261 ], [ -67.5, -74.019543311502261 ], [ -67.5, -70.612614238019248 ], [ -78.75, -70.612614238019248 ], [ -78.75, -74.019543311502261 ] ] ] } },
{ "type": "Feature", "properties": { "tilecode": "z5x9y26", "resolution": 5, "center_lat": -75.430179862966611, "center_lon": -73.125, "cell_width": 285578.90577750694, "cell_height": 314917.17448925663, "cell_area": 98935667800.386719, "cell_perimeter": 1260753.6479700005 }, "geometry": { "type": "Polygon", "coordinates": [ [ [ -78.75, -76.840816414430975 ], [ -67.5, -76.840816414430975 ], [ -67.5, -74.019543311502261 ], [ -78.75, -74.019543311502261 ], [ -78.75, -76.840816414430975 ] ] ] } },
{ "type": "Feature", "properties": { "tilecode": "z5x9y27", "resolution": 5, "center_lat": -78.006075527625214, "center_lon": -73.125, "cell_width": 235679.10278705135, "cell_height": 260190.92729335208, "cell_area": 67519540387.077148, "cell_perimeter": 1041639.8631512625 }, "geometry": { "type": "Polygon", "coordinates": [ [ [ -78.75, -79.171334640819452 ], [ -67.5, -79.171334640819452 ], [ -67.5, -76.840816414430975 ], [ -78.75, -76.840816414430975 ], [ -78.75, -79.171334640819452 ] ] ] } },
{ "type": "Feature", "properties": { "tilecode": "z5x9y28", "resolution": 5, "center_lat": -80.132274246713919, "center_lon": -73.125, "cell_width": 194228.89232904164, "cell_height": 214598.42880588266, "cell_area": 45921829864.564453, "cell_perimeter": 859104.85272785835 }, "geometry": { "type": "Polygon", "coordinates": [ [ [ -78.75, -81.093213852608386 ], [ -67.5, -81.093213852608386 ], [ -67.5, -79.171334640819452 ], [ -78.75, -79.171334640819452 ], [ -78.75, -81.093213852608386 ] ] ] } },
{ "type": "Feature", "properties": { "tilecode": "z5x9y29", "resolution": 5, "center_lat": -81.884749415478709, "center_lon": -73.125, "cell_width": 159918.04297982904, "cell_height": 176783.79025463015, "cell_area": 31159964055.347656, "cell_perimeter": 707714.51581813092 }, "geometry": { "type": "Polygon", "coordinates": [ [ [ -78.75, -82.676284978349031 ], [ -67.5, -82.676284978349031 ], [ -67.5, -81.093213852608386 ], [ -78.75, -81.093213852608386 ], [ -78.75, -82.676284978349031 ] ] ] } },
{ "type": "Feature", "properties": { "tilecode": "z5x9y30", "resolution": 5, "center_lat": -83.327772238605547, "center_lon": -73.125, "cell_width": 131584.18496449364, "cell_height": 145514.4883510592, "cell_area": 21109976338.21875, "cell_perimeter": 582531.20464644115 }, "geometry": { "type": "Polygon", "coordinates": [ [ [ -78.75, -83.979259498862049 ], [ -67.5, -83.979259498862049 ], [ -67.5, -82.676284978349031 ], [ -78.75, -82.676284978349031 ], [ -78.75, -83.979259498862049 ] ] ] } },
{ "type": "Feature", "properties": { "tilecode": "z5x9y31", "resolution": 5, "center_lat": -84.515194139334326, "center_lon": -73.125, "cell_width": 108223.62660486477, "cell_height": 119710.25468782624, "cell_area": 14286077469.145508, "cell_perimeter": 479228.32094501087 }, "geometry": { "type": "Polygon", "coordinates": [ [ [ -78.75, -85.051128779806604 ], [ -67.5, -85.051128779806604 ], [ -67.5, -83.979259498862049 ], [ -78.75, -83.979259498862049 ], [ -78.75, -85.051128779806604 ] ] ] } },
{ "type": "Feature", "properties": { "tilecode": "z5x10y0", "resolution": 5, "center_lat": 84.515194139334326, "center_lon": -61.875, "cell_width": 131584.18496449364, "cell_height": 119710.25468782624, "cell_area": 14286077469.145508, "cell_perimeter": 479228.32094501087 }, "geometry": { "type": "Polygon", "coordinates": [ [ [ -67.5, 83.979259498862049 ], [ -56.25, 83.979259498862049 ], [ -56.25, 85.051128779806604 ], [ -67.5, 85.051128779806604 ], [ -67.5, 83.979259498862049 ] ] ] } },
{ "type": "Feature", "properties": { "tilecode": "z5x10y1", "resolution": 5, "center_lat": 83.327772238605547, "center_lon": -61.875, "cell_width": 159918.04297982904, "cell_height": 145514.4883510592, "cell_area": 21109976338.21875, "cell_perimeter": 582531.20464644115 }, "geometry": { "type": "Polygon", "coordinates": [ [ [ -67.5, 82.676284978349031 ], [ -56.25, 82.676284978349031 ], [ -56.25, 83.979259498862049 ], [ -67.5, 83.979259498862049 ], [ -67.5, 82.676284978349031 ] ] ] } },
{ "type": "Feature", "properties": { "tilecode": "z5x10y2", "resolution": 5, "center_lat": 81.884749415478709, "center_lon": -61.875, "cell_width": 194228.89232904164, "cell_height": 176783.79025463015, "cell_area": 31159964055.347656, "cell_perimeter": 707714.51581813092 }, "geometry": { "type": "Polygon", "coordinates": [ [ [ -67.5, 81.093213852608386 ], [ -56.25, 81.093213852608386 ], [ -56.25, 82.676284978349031 ], [ -67.5, 82.676284978349031 ], [ -67.5, 81.093213852608386 ] ] ] } },
{ "type": "Feature", "properties": { "tilecode": "z5x10y3", "resolution": 5, "center_lat": 80.132274246713919, "center_lon": -61.875, "cell_width": 235679.10278705135, "cell_height": 214598.42880588266, "cell_area": 45921829864.564453, "cell_perimeter": 859104.85272785835 }, "geometry": { "type": "Polygon", "coordinates": [ [ [ -67.5, 79.171334640819452 ], [ -56.25, 79.171334640819452 ], [ -56.25, 81.093213852608386 ], [ -67.5, 81.093213852608386 ], [ -67.5, 79.171334640819452 ] ] ] } },
{ "type": "Feature", "properties": { "tilecode": "z5x10y4", "resolution": 5, "center_lat": 78.006075527625214, "center_lon": -61.875, "cell_width": 285578.90577750694, "cell_height": 260190.92729335208, "cell_area": 67519540387.077148, "cell_perimeter": 1041639.8631512625 }, "geometry": { "type": "Polygon", "coordinates": [ [ [ -67.5, 76.840816414430975 ], [ -56.25, 76.840816414430975 ], [ -56.25, 79.171334640819452 ], [ -67.5, 79.171334640819452 ], [ -67.5, 76.840816414430975 ] ] ] } },
{ "type": "Feature", "properties": { "tilecode": "z5x10y5", "resolution": 5, "center_lat": 75.430179862966611, "center_lon": -61.875, "cell_width": 345340.39321398037, "cell_height": 314917.17448925663, "cell_area": 98935667800.386719, "cell_perimeter": 1260753.6479700005 }, "geometry": { "type": "Polygon", "coordinates": [ [ [ -67.5, 74.019543311502261 ], [ -56.25, 74.019543311502261 ], [ -56.25, 76.840816414430975 ], [ -67.5, 76.840816414430975 ], [ -67.5, 74.019543311502261 ] ] ] } },
{ "type": "Feature", "properties": { "tilecode": "z5x10y6", "resolution": 5, "center_lat": 72.316078774760754, "center_lon": -61.875, "cell_width": 416367.74655973469, "cell_height": 380177.85463522567, "cell_area": 144244649467.35156, "cell_perimeter": 1522063.8490441665 }, "geometry": { "type": "Polygon", "coordinates": [ [ [ -67.5, 70.612614238019248 ], [ -56.25, 70.612614238019248 ], [ -56.25, 74.019543311502261 ], [ -67.5, 74.019543311502261 ], [ -67.5, 70.612614238019248 ] ] ] } },
{ "type": "Feature", "properties": { "tilecode": "z5x10y7", "resolution": 5, "center_lat": 68.562937340565554, "center_lon": -61.875, "cell_width": 499840.06041197834, "cell_height": 457254.11326378735, "cell_area": 208774564158.09766, "cell_perimeter": 1830716.0334992877 }, "geometry": { "type": "Polygon", "coordinates": [ [ [ -67.5, 66.513260443111861 ], [ -56.25, 66.513260443111861 ], [ -56.25, 70.612614238019248 ], [ -67.5, 70.612614238019248 ], [ -67.5, 66.513260443111861 ] ] ] } },
{ "type": "Feature", "properties": { "tilecode": "z5x10y8", "resolution": 5, "center_lat": 64.059828407249057, "center_lon": -61.875, "cell_width": 596328.26003255299, "cell_height": 547006.64910479658, "cell_area": 299004638547.62012, "cell_perimeter": 2190181.6186541244 }, "geometry": { "type": "Polygon", "coordinates": [ [ [ -67.5, 61.606396371386268 ], [ -56.25, 61.606396371386268 ], [ -56.25, 66.513260443111861 ], [ -67.5, 66.513260443111861 ], [ -67.5, 61.606396371386268 ] ] ] } },
{ "type": "Feature", "properties": { "tilecode": "z5x10y9", "resolution": 5, "center_lat": 58.691484695026986, "center_lon": -61.875, "cell_width": 705186.72066214541, "cell_height": 649380.10464495013, "cell_area": 421832873365.11719, "cell_perimeter": 2600275.1899845987 }, "geometry": { "type": "Polygon", "coordinates": [ [ [ -67.5, 55.776573018667698 ], [ -56.25, 55.776573018667698 ], [ -56.25, 61.606396371386268 ], [ -67.5, 61.606396371386268 ], [ -67.5, 55.776573018667698 ] ] ] } },
{ "type": "Feature", "properties": { "tilecode": "z5x10y10", "resolution": 5, "center_lat": 52.349536141212965, "center_lon": -61.875, "cell_width": 823705.47975019796, "cell_height": 762677.84409848822, "cell_area": 582657894317.77637, "cell_perimeter": 3054247.8886093199 }, "geometry": { "type": "Polygon", "coordinates": [ [ [ -67.5, 48.92249926375824 ], [ -56.25, 48.92249926375824 ], [ -56.25, 55.776573018667698 ], [ -67.5, 55.776573018667698 ], [ -67.5, 48.92249926375824 ] ] ] } },
{ "type": "Feature", "properties": { "tilecode": "z5x10y11", "resolution": 5, "center_lat": 44.95119866668918, "center_lon": -61.875, "cell_width": 946152.93326944625, "cell_height": 882667.95666176802, "cell_area": 781726960961.31055, "cell_perimeter": 3535194.3263431801 }, "geometry": { "type": "Polygon", "coordinates": [ [ [ -67.5, 40.979898069620127 ], [ -56.25, 40.979898069620127 ], [ -56.25, 48.92249926375824 ], [ -67.5, 48.92249926375824 ], [ -67.5, 40.979898069620127 ] ] ] } },
{ "type": "Feature", "properties": { "tilecode": "z5x10y12", "resolution": 5, "center_lat": 36.466030153822544, "center_lon": -61.875, "cell_width": 1063119.6372028978, "cell_height": 1001793.0197306408, "cell_area": 1008900467966.7783, "cell_perimeter": 4012858.6099336259 }, "geometry": { "type": "Polygon", "coordinates": [ [ [ -67.5, 31.952162238024968 ], [ -56.25, 31.952162238024968 ], [ -56.25, 40.979898069620127 ], [ -67.5, 40.979898069620127 ], [ -67.5, 31.952162238024968 ] ] ] } },
{ "type": "Feature", "properties": { "tilecode": "z5x10y13", "resolution": 5, "center_lat": 26.947603885731574, "center_lon": -61.875, "cell_width": 1161900.9357158756, "cell_height": 1109053.9614562085, "cell_area": 1238910794109.9292, "cell_perimeter": 4443128.4958311906 }, "geometry": { "type": "Polygon", "coordinates": [ [ [ -67.5, 21.943045533438177 ], [ -56.25, 21.943045533438177 ], [ -56.25, 31.952162238024968 ], [ -67.5, 31.952162238024968 ], [ -67.5, 21.943045533438177 ] ] ] } },
{ "type": "Feature", "properties": { "tilecode": "z5x10y14", "resolution": 5, "center_lat": 16.560723703574979, "center_lon": -61.875, "cell_width": 1228665.3006186907, "cell_height": 1191293.9078964787, "cell_area": 1431788580865.3503, "cell_perimeter": 4773154.0521275233 }, "geometry": { "type": "Polygon", "coordinates": [ [ [ -67.5, 11.178401873711781 ], [ -56.25, 11.178401873711781 ], [ -56.25, 21.943045533438177 ], [ -67.5, 21.943045533438177 ], [ -67.5, 11.178401873711781 ] ] ] } },
{ "type": "Feature", "properties": { "tilecode": "z5x10y15", "resolution": 5, "center_lat": 5.5892009368558906, "center_lon": -61.875, "cell_width": 1252344.2714243277, "cell_height": 1236200.0081271871, "cell_area": 1543215607369.6492, "cell_perimeter": 4953409.5882973932 }, "geometry": { "type": "Polygon", "coordinates": [ [ [ -67.5, 0.0 ], [ -56.25, 0.0 ], [ -56.25, 11.178401873711781 ], [ -67.5, 11.178401873711781 ], [ -67.5, 0.0 ] ] ] } },
{ "type": "Feature", "properties": { "tilecode": "z5x10y16", "resolution": 5, "center_lat": -5.5892009368558906, "center_lon": -61.875, "cell_width": 1228665.3006186907, "cell_height": 1236200.0081271871, "cell_area": 1543215607369.6492, "cell_perimeter": 4953409.5882973932 }, "geometry": { "type": "Polygon", "coordinates": [ [ [ -67.5, -11.178401873711781 ], [ -56.25, -11.178401873711781 ], [ -56.25, 0.0 ], [ -67.5, 0.0 ], [ -67.5, -11.178401873711781 ] ] ] } },
{ "type": "Feature", "properties": { "tilecode": "z5x10y17", "resolution": 5, "center_lat": -16.560723703574979, "center_lon": -61.875, "cell_width": 1161900.9357158756, "cell_height": 1191293.9078964787, "cell_area": 1431788580865.3503, "cell_perimeter": 4773154.0521275233 }, "geometry": { "type": "Polygon", "coordinates": [ [ [ -67.5, -21.943045533438177 ], [ -56.25, -21.943045533438177 ], [ -56.25, -11.178401873711781 ], [ -67.5, -11.178401873711781 ], [ -67.5, -21.943045533438177 ] ] ] } },
{ "type": "Feature", "properties": { "tilecode": "z5x10y18", "resolution": 5, "center_lat": -26.947603885731574, "center_lon": -61.875, "cell_width": 1063119.6372028978, "cell_height": 1109053.9614562085, "cell_area": 1238910794109.9292, "cell_perimeter": 4443128.4958311906 }, "geometry": { "type": "Polygon", "coordinates": [ [ [ -67.5, -31.952162238024968 ], [ -56.25, -31.952162238024968 ], [ -56.25, -21.943045533438177 ], [ -67.5, -21.943045533438177 ], [ -67.5, -31.952162238024968 ] ] ] } },
{ "type": "Feature", "properties": { "tilecode": "z5x10y19", "resolution": 5, "center_lat": -36.466030153822544, "center_lon": -61.875, "cell_width": 946152.93326944625, "cell_height": 1001793.0197306408, "cell_area": 1008900467966.7783, "cell_perimeter": 4012858.6099336259 }, "geometry": { "type": "Polygon", "coordinates": [ [ [ -67.5, -40.979898069620127 ], [ -56.25, -40.979898069620127 ], [ -56.25, -31.952162238024968 ], [ -67.5, -31.952162238024968 ], [ -67.5, -40.979898069620127 ] ] ] } },
{ "type": "Feature", "properties": { "tilecode": "z5x10y20", "resolution": 5, "center_lat": -44.95119866668918, "center_lon": -61.875, "cell_width": 823705.47975019796, "cell_height": 882667.95666176802, "cell_area": 781726960961.31055, "cell_perimeter": 3535194.3263431801 }, "geometry": { "type": "Polygon", "coordinates": [ [ [ -67.5, -48.92249926375824 ], [ -56.25, -48.92249926375824 ], [ -56.25, -40.979898069620127 ], [ -67.5, -40.979898069620127 ], [ -67.5, -48.92249926375824 ] ] ] } },
{ "type": "Feature", "properties": { "tilecode": "z5x10y21", "resolution": 5, "center_lat": -52.349536141212965, "center_lon": -61.875, "cell_width": 705186.72066214541, "cell_height": 762677.84409848822, "cell_area": 582657894317.77637, "cell_perimeter": 3054247.8886093199 }, "geometry": { "type": "Polygon", "coordinates": [ [ [ -67.5, -55.776573018667698 ], [ -56.25, -55.776573018667698 ], [ -56.25, -48.92249926375824 ], [ -67.5, -48.92249926375824 ], [ -67.5, -55.776573018667698 ] ] ] } },
{ "type": "Feature", "properties": { "tilecode": "z5x10y22", "resolution": 5, "center_lat": -58.691484695026986, "center_lon": -61.875, "cell_width": 596328.26003255299, "cell_height": 649380.10464495013, "cell_area": 421832873365.11719, "cell_perimeter": 2600275.1899845987 }, "geometry": { "type": "Polygon", "coordinates": [ [ [ -67.5, -61.606396371386268 ], [ -56.25, -61.606396371386268 ], [ -56.25, -55.776573018667698 ], [ -67.5, -55.776573018667698 ], [ -67.5, -61.606396371386268 ] ] ] } },
{ "type": "Feature", "properties": { "tilecode": "z5x10y23", "resolution": 5, "center_lat": -64.059828407249057, "center_lon": -61.875, "cell_width": 499840.06041197834, "cell_height": 547006.64910479658, "cell_area": 299004638547.62012, "cell_perimeter": 2190181.6186541244 }, "geometry": { "type": "Polygon", "coordinates": [ [ [ -67.5, -66.513260443111861 ], [ -56.25, -66.513260443111861 ], [ -56.25, -61.606396371386268 ], [ -67.5, -61.606396371386268 ], [ -67.5, -66.513260443111861 ] ] ] } },
{ "type": "Feature", "properties": { "tilecode": "z5x10y24", "resolution": 5, "center_lat": -68.562937340565554, "center_lon": -61.875, "cell_width": 416367.74655973469, "cell_height": 457254.11326378735, "cell_area": 208774564158.09766, "cell_perimeter": 1830716.0334992877 }, "geometry": { "type": "Polygon", "coordinates": [ [ [ -67.5, -70.612614238019248 ], [ -56.25, -70.612614238019248 ], [ -56.25, -66.513260443111861 ], [ -67.5, -66.513260443111861 ], [ -67.5, -70.612614238019248 ] ] ] } },
{ "type": "Feature", "properties": { "tilecode": "z5x10y25", "resolution": 5, "center_lat": -72.316078774760754, "center_lon": -61.875, "cell_width": 345340.39321398037, "cell_height": 380177.85463522567, "cell_area": 144244649467.35156, "cell_perimeter": 1522063.8490441665 }, "geometry": { "type": "Polygon", "coordinates": [ [ [ -67.5, -74.019543311502261 ], [ -56.25, -74.019543311502261 ], [ -56.25, -70.612614238019248 ], [ -67.5, -70.612614238019248 ], [ -67.5, -74.019543311502261 ] ] ] } },
{ "type": "Feature", "properties": { "tilecode": "z5x10y26", "resolution": 5, "center_lat": -75.430179862966611, "center_lon": -61.875, "cell_width": 285578.90577750694, "cell_height": 314917.17448925663, "cell_area": 98935667800.386719, "cell_perimeter": 1260753.6479700005 }, "geometry": { "type": "Polygon", "coordinates": [ [ [ -67.5, -76.840816414430975 ], [ -56.25, -76.840816414430975 ], [ -56.25, -74.019543311502261 ], [ -67.5, -74.019543311502261 ], [ -67.5, -76.840816414430975 ] ] ] } },
{ "type": "Feature", "properties": { "tilecode": "z5x10y27", "resolution": 5, "center_lat": -78.006075527625214, "center_lon": -61.875, "cell_width": 235679.10278705135, "cell_height": 260190.92729335208, "cell_area": 67519540387.077148, "cell_perimeter": 1041639.8631512625 }, "geometry": { "type": "Polygon", "coordinates": [ [ [ -67.5, -79.171334640819452 ], [ -56.25, -79.171334640819452 ], [ -56.25, -76.840816414430975 ], [ -67.5, -76.840816414430975 ], [ -67.5, -79.171334640819452 ] ] ] } },
{ "type": "Feature", "properties": { "tilecode": "z5x10y28", "resolution": 5, "center_lat": -80.132274246713919, "center_lon": -61.875, "cell_width": 194228.89232904164, "cell_height": 214598.42880588266, "cell_area": 45921829864.564453, "cell_perimeter": 859104.85272785835 }, "geometry": { "type": "Polygon", "coordinates": [ [ [ -67.5, -81.093213852608386 ], [ -56.25, -81.093213852608386 ], [ -56.25, -79.171334640819452 ], [ -67.5, -79.171334640819452 ], [ -67.5, -81.093213852608386 ] ] ] } },
{ "type": "Feature", "properties": { "tilecode": "z5x10y29", "resolution": 5, "center_lat": -81.884749415478709, "center_lon": -61.875, "cell_width": 159918.04297982904, "cell_height": 176783.79025463015, "cell_area": 31159964055.347656, "cell_perimeter": 707714.51581813092 }, "geometry": { "type": "Polygon", "coordinates": [ [ [ -67.5, -82.676284978349031 ], [ -56.25, -82.676284978349031 ], [ -56.25, -81.093213852608386 ], [ -67.5, -81.093213852608386 ], [ -67.5, -82.676284978349031 ] ] ] } },
{ "type": "Feature", "properties": { "tilecode": "z5x10y30", "resolution": 5, "center_lat": -83.327772238605547, "center_lon": -61.875, "cell_width": 131584.18496449364, "cell_height": 145514.4883510592, "cell_area": 21109976338.21875, "cell_perimeter": 582531.20464644115 }, "geometry": { "type": "Polygon", "coordinates": [ [ [ -67.5, -83.979259498862049 ], [ -56.25, -83.979259498862049 ], [ -56.25, -82.676284978349031 ], [ -67.5, -82.676284978349031 ], [ -67.5, -83.979259498862049 ] ] ] } },
{ "type": "Feature", "properties": { "tilecode": "z5x10y31", "resolution": 5, "center_lat": -84.515194139334326, "center_lon": -61.875, "cell_width": 108223.62660486477, "cell_height": 119710.25468782624, "cell_area": 14286077469.145508, "cell_perimeter": 479228.32094501087 }, "geometry": { "type": "Polygon", "coordinates": [ [ [ -67.5, -85.051128779806604 ], [ -56.25, -85.051128779806604 ], [ -56.25, -83.979259498862049 ], [ -67.5, -83.979259498862049 ], [ -67.5, -85.051128779806604 ] ] ] } },
{ "type": "Feature", "properties": { "tilecode": "z5x11y0", "resolution": 5, "center_lat": 84.515194139334326, "center_lon": -50.625, "cell_width": 131584.18496449364, "cell_height": 119710.25468782624, "cell_area": 14286077469.145508, "cell_perimeter": 479228.32094501087 }, "geometry": { "type": "Polygon", "coordinates": [ [ [ -56.25, 83.979259498862049 ], [ -45.0, 83.979259498862049 ], [ -45.0, 85.051128779806604 ], [ -56.25, 85.051128779806604 ], [ -56.25, 83.979259498862049 ] ] ] } },
{ "type": "Feature", "properties": { "tilecode": "z5x11y1", "resolution": 5, "center_lat": 83.327772238605547, "center_lon": -50.625, "cell_width": 159918.04297982904, "cell_height": 145514.4883510592, "cell_area": 21109976338.21875, "cell_perimeter": 582531.20464644115 }, "geometry": { "type": "Polygon", "coordinates": [ [ [ -56.25, 82.676284978349031 ], [ -45.0, 82.676284978349031 ], [ -45.0, 83.979259498862049 ], [ -56.25, 83.979259498862049 ], [ -56.25, 82.676284978349031 ] ] ] } },
{ "type": "Feature", "properties": { "tilecode": "z5x11y2", "resolution": 5, "center_lat": 81.884749415478709, "center_lon": -50.625, "cell_width": 194228.89232904164, "cell_height": 176783.79025463015, "cell_area": 31159964055.347656, "cell_perimeter": 707714.51581813092 }, "geometry": { "type": "Polygon", "coordinates": [ [ [ -56.25, 81.093213852608386 ], [ -45.0, 81.093213852608386 ], [ -45.0, 82.676284978349031 ], [ -56.25, 82.676284978349031 ], [ -56.25, 81.093213852608386 ] ] ] } },
{ "type": "Feature", "properties": { "tilecode": "z5x11y3", "resolution": 5, "center_lat": 80.132274246713919, "center_lon": -50.625, "cell_width": 235679.10278705135, "cell_height": 214598.42880588266, "cell_area": 45921829864.564453, "cell_perimeter": 859104.85272785835 }, "geometry": { "type": "Polygon", "coordinates": [ [ [ -56.25, 79.171334640819452 ], [ -45.0, 79.171334640819452 ], [ -45.0, 81.093213852608386 ], [ -56.25, 81.093213852608386 ], [ -56.25, 79.171334640819452 ] ] ] } },
{ "type": "Feature", "properties": { "tilecode": "z5x11y4", "resolution": 5, "center_lat": 78.006075527625214, "center_lon": -50.625, "cell_width": 285578.90577750694, "cell_height": 260190.92729335208, "cell_area": 67519540387.077148, "cell_perimeter": 1041639.8631512625 }, "geometry": { "type": "Polygon", "coordinates": [ [ [ -56.25, 76.840816414430975 ], [ -45.0, 76.840816414430975 ], [ -45.0, 79.171334640819452 ], [ -56.25, 79.171334640819452 ], [ -56.25, 76.840816414430975 ] ] ] } },
{ "type": "Feature", "properties": { "tilecode": "z5x11y5", "resolution": 5, "center_lat": 75.430179862966611, "center_lon": -50.625, "cell_width": 345340.39321398037, "cell_height": 314917.17448925663, "cell_area": 98935667800.386719, "cell_perimeter": 1260753.6479700005 }, "geometry": { "type": "Polygon", "coordinates": [ [ [ -56.25, 74.019543311502261 ], [ -45.0, 74.019543311502261 ], [ -45.0, 76.840816414430975 ], [ -56.25, 76.840816414430975 ], [ -56.25, 74.019543311502261 ] ] ] } },
{ "type": "Feature", "properties": { "tilecode": "z5x11y6", "resolution": 5, "center_lat": 72.316078774760754, "center_lon": -50.625, "cell_width": 416367.74655973469, "cell_height": 380177.85463522567, "cell_area": 144244649467.35156, "cell_perimeter": 1522063.8490441665 }, "geometry": { "type": "Polygon", "coordinates": [ [ [ -56.25, 70.612614238019248 ], [ -45.0, 70.612614238019248 ], [ -45.0, 74.019543311502261 ], [ -56.25, 74.019543311502261 ], [ -56.25, 70.612614238019248 ] ] ] } },
{ "type": "Feature", "properties": { "tilecode": "z5x11y7", "resolution": 5, "center_lat": 68.562937340565554, "center_lon": -50.625, "cell_width": 499840.06041197834, "cell_height": 457254.11326378735, "cell_area": 208774564158.09766, "cell_perimeter": 1830716.0334992877 }, "geometry": { "type": "Polygon", "coordinates": [ [ [ -56.25, 66.513260443111861 ], [ -45.0, 66.513260443111861 ], [ -45.0, 70.612614238019248 ], [ -56.25, 70.612614238019248 ], [ -56.25, 66.513260443111861 ] ] ] } },
{ "type": "Feature", "properties": { "tilecode": "z5x11y8", "resolution": 5, "center_lat": 64.059828407249057, "center_lon": -50.625, "cell_width": 596328.26003255299, "cell_height": 547006.64910479658, "cell_area": 299004638547.62012, "cell_perimeter": 2190181.6186541244 }, "geometry": { "type": "Polygon", "coordinates": [ [ [ -56.25, 61.606396371386268 ], [ -45.0, 61.606396371386268 ], [ -45.0, 66.513260443111861 ], [ -56.25, 66.513260443111861 ], [ -56.25, 61.606396371386268 ] ] ] } },
{ "type": "Feature", "properties": { "tilecode": "z5x11y9", "resolution": 5, "center_lat": 58.691484695026986, "center_lon": -50.625, "cell_width": 705186.72066214541, "cell_height": 649380.10464495013, "cell_area": 421832873365.11719, "cell_perimeter": 2600275.1899845987 }, "geometry": { "type": "Polygon", "coordinates": [ [ [ -56.25, 55.776573018667698 ], [ -45.0, 55.776573018667698 ], [ -45.0, 61.606396371386268 ], [ -56.25, 61.606396371386268 ], [ -56.25, 55.776573018667698 ] ] ] } },
{ "type": "Feature", "properties": { "tilecode": "z5x11y10", "resolution": 5, "center_lat": 52.349536141212965, "center_lon": -50.625, "cell_width": 823705.47975019796, "cell_height": 762677.84409848822, "cell_area": 582657894317.77637, "cell_perimeter": 3054247.8886093199 }, "geometry": { "type": "Polygon", "coordinates": [ [ [ -56.25, 48.92249926375824 ], [ -45.0, 48.92249926375824 ], [ -45.0, 55.776573018667698 ], [ -56.25, 55.776573018667698 ], [ -56.25, 48.92249926375824 ] ] ] } },
{ "type": "Feature", "properties": { "tilecode": "z5x11y11", "resolution": 5, "center_lat": 44.95119866668918, "center_lon": -50.625, "cell_width": 946152.93326944625, "cell_height": 882667.95666176802, "cell_area": 781726960961.31055, "cell_perimeter": 3535194.3263431801 }, "geometry": { "type": "Polygon", "coordinates": [ [ [ -56.25, 40.979898069620127 ], [ -45.0, 40.979898069620127 ], [ -45.0, 48.92249926375824 ], [ -56.25, 48.92249926375824 ], [ -56.25, 40.979898069620127 ] ] ] } },
{ "type": "Feature", "properties": { "tilecode": "z5x11y12", "resolution": 5, "center_lat": 36.466030153822544, "center_lon": -50.625, "cell_width": 1063119.6372028978, "cell_height": 1001793.0197306408, "cell_area": 1008900467966.7783, "cell_perimeter": 4012858.6099336259 }, "geometry": { "type": "Polygon", "coordinates": [ [ [ -56.25, 31.952162238024968 ], [ -45.0, 31.952162238024968 ], [ -45.0, 40.979898069620127 ], [ -56.25, 40.979898069620127 ], [ -56.25, 31.952162238024968 ] ] ] } },
{ "type": "Feature", "properties": { "tilecode": "z5x11y13", "resolution": 5, "center_lat": 26.947603885731574, "center_lon": -50.625, "cell_width": 1161900.9357158756, "cell_height": 1109053.9614562085, "cell_area": 1238910794109.9292, "cell_perimeter": 4443128.4958311906 }, "geometry": { "type": "Polygon", "coordinates": [ [ [ -56.25, 21.943045533438177 ], [ -45.0, 21.943045533438177 ], [ -45.0, 31.952162238024968 ], [ -56.25, 31.952162238024968 ], [ -56.25, 21.943045533438177 ] ] ] } },
{ "type": "Feature", "properties": { "tilecode": "z5x11y14", "resolution": 5, "center_lat": 16.560723703574979, "center_lon": -50.625, "cell_width": 1228665.3006186907, "cell_height": 1191293.9078964787, "cell_area": 1431788580865.3503, "cell_perimeter": 4773154.0521275233 }, "geometry": { "type": "Polygon", "coordinates": [ [ [ -56.25, 11.178401873711781 ], [ -45.0, 11.178401873711781 ], [ -45.0, 21.943045533438177 ], [ -56.25, 21.943045533438177 ], [ -56.25, 11.178401873711781 ] ] ] } },
{ "type": "Feature", "properties": { "tilecode": "z5x11y15", "resolution": 5, "center_lat": 5.5892009368558906, "center_lon": -50.625, "cell_width": 1252344.2714243277, "cell_height": 1236200.0081271871, "cell_area": 1543215607369.6492, "cell_perimeter": 4953409.5882973932 }, "geometry": { "type": "Polygon", "coordinates": [ [ [ -56.25, 0.0 ], [ -45.0, 0.0 ], [ -45.0, 11.178401873711781 ], [ -56.25, 11.178401873711781 ], [ -56.25, 0.0 ] ] ] } },
{ "type": "Feature", "properties": { "tilecode": "z5x11y16", "resolution": 5, "center_lat": -5.5892009368558906, "center_lon": -50.625, "cell_width": 1228665.3006186907, "cell_height": 1236200.0081271871, "cell_area": 1543215607369.6492, "cell_perimeter": 4953409.5882973932 }, "geometry": { "type": "Polygon", "coordinates": [ [ [ -56.25, -11.178401873711781 ], [ -45.0, -11.178401873711781 ], [ -45.0, 0.0 ], [ -56.25, 0.0 ], [ -56.25, -11.178401873711781 ] ] ] } },
{ "type": "Feature", "properties": { "tilecode": "z5x11y17", "resolution": 5, "center_lat": -16.560723703574979, "center_lon": -50.625, "cell_width": 1161900.9357158756, "cell_height": 1191293.9078964787, "cell_area": 1431788580865.3503, "cell_perimeter": 4773154.0521275233 }, "geometry": { "type": "Polygon", "coordinates": [ [ [ -56.25, -21.943045533438177 ], [ -45.0, -21.943045533438177 ], [ -45.0, -11.178401873711781 ], [ -56.25, -11.178401873711781 ], [ -56.25, -21.943045533438177 ] ] ] } },
{ "type": "Feature", "properties": { "tilecode": "z5x11y18", "resolution": 5, "center_lat": -26.947603885731574, "center_lon": -50.625, "cell_width": 1063119.6372028978, "cell_height": 1109053.9614562085, "cell_area": 1238910794109.9292, "cell_perimeter": 4443128.4958311906 }, "geometry": { "type": "Polygon", "coordinates": [ [ [ -56.25, -31.952162238024968 ], [ -45.0, -31.952162238024968 ], [ -45.0, -21.943045533438177 ], [ -56.25, -21.943045533438177 ], [ -56.25, -31.952162238024968 ] ] ] } },
{ "type": "Feature", "properties": { "tilecode": "z5x11y19", "resolution": 5, "center_lat": -36.466030153822544, "center_lon": -50.625, "cell_width": 946152.93326944625, "cell_height": 1001793.0197306408, "cell_area": 1008900467966.7783, "cell_perimeter": 4012858.6099336259 }, "geometry": { "type": "Polygon", "coordinates": [ [ [ -56.25, -40.979898069620127 ], [ -45.0, -40.979898069620127 ], [ -45.0, -31.952162238024968 ], [ -56.25, -31.952162238024968 ], [ -56.25, -40.979898069620127 ] ] ] } },
{ "type": "Feature", "properties": { "tilecode": "z5x11y20", "resolution": 5, "center_lat": -44.95119866668918, "center_lon": -50.625, "cell_width": 823705.47975019796, "cell_height": 882667.95666176802, "cell_area": 781726960961.31055, "cell_perimeter": 3535194.3263431801 }, "geometry": { "type": "Polygon", "coordinates": [ [ [ -56.25, -48.92249926375824 ], [ -45.0, -48.92249926375824 ], [ -45.0, -40.979898069620127 ], [ -56.25, -40.979898069620127 ], [ -56.25, -48.92249926375824 ] ] ] } },
{ "type": "Feature", "properties": { "tilecode": "z5x11y21", "resolution": 5, "center_lat": -52.349536141212965, "center_lon": -50.625, "cell_width": 705186.72066214541, "cell_height": 762677.84409848822, "cell_area": 582657894317.77637, "cell_perimeter": 3054247.8886093199 }, "geometry": { "type": "Polygon", "coordinates": [ [ [ -56.25, -55.776573018667698 ], [ -45.0, -55.776573018667698 ], [ -45.0, -48.92249926375824 ], [ -56.25, -48.92249926375824 ], [ -56.25, -55.776573018667698 ] ] ] } },
{ "type": "Feature", "properties": { "tilecode": "z5x11y22", "resolution": 5, "center_lat": -58.691484695026986, "center_lon": -50.625, "cell_width": 596328.26003255299, "cell_height": 649380.10464495013, "cell_area": 421832873365.11719, "cell_perimeter": 2600275.1899845987 }, "geometry": { "type": "Polygon", "coordinates": [ [ [ -56.25, -61.606396371386268 ], [ -45.0, -61.606396371386268 ], [ -45.0, -55.776573018667698 ], [ -56.25, -55.776573018667698 ], [ -56.25, -61.606396371386268 ] ] ] } },
{ "type": "Feature", "properties": { "tilecode": "z5x11y23", "resolution": 5, "center_lat": -64.059828407249057, "center_lon": -50.625, "cell_width": 499840.06041197834, "cell_height": 547006.64910479658, "cell_area": 299004638547.62012, "cell_perimeter": 2190181.6186541244 }, "geometry": { "type": "Polygon", "coordinates": [ [ [ -56.25, -66.513260443111861 ], [ -45.0, -66.513260443111861 ], [ -45.0, -61.606396371386268 ], [ -56.25, -61.606396371386268 ], [ -56.25, -66.513260443111861 ] ] ] } },
{ "type": "Feature", "properties": { "tilecode": "z5x11y24", "resolution": 5, "center_lat": -68.562937340565554, "center_lon": -50.625, "cell_width": 416367.74655973469, "cell_height": 457254.11326378735, "cell_area": 208774564158.09766, "cell_perimeter": 1830716.0334992877 }, "geometry": { "type": "Polygon", "coordinates": [ [ [ -56.25, -70.612614238019248 ], [ -45.0, -70.612614238019248 ], [ -45.0, -66.513260443111861 ], [ -56.25, -66.513260443111861 ], [ -56.25, -70.612614238019248 ] ] ] } },
{ "type": "Feature", "properties": { "tilecode": "z5x11y25", "resolution": 5, "center_lat": -72.316078774760754, "center_lon": -50.625, "cell_width": 345340.39321398037, "cell_height": 380177.85463522567, "cell_area": 144244649467.35156, "cell_perimeter": 1522063.8490441665 }, "geometry": { "type": "Polygon", "coordinates": [ [ [ -56.25, -74.019543311502261 ], [ -45.0, -74.019543311502261 ], [ -45.0, -70.612614238019248 ], [ -56.25, -70.612614238019248 ], [ -56.25, -74.019543311502261 ] ] ] } },
{ "type": "Feature", "properties": { "tilecode": "z5x11y26", "resolution": 5, "center_lat": -75.430179862966611, "center_lon": -50.625, "cell_width": 285578.90577750694, "cell_height": 314917.17448925663, "cell_area": 98935667800.386719, "cell_perimeter": 1260753.6479700005 }, "geometry": { "type": "Polygon", "coordinates": [ [ [ -56.25, -76.840816414430975 ], [ -45.0, -76.840816414430975 ], [ -45.0, -74.019543311502261 ], [ -56.25, -74.019543311502261 ], [ -56.25, -76.840816414430975 ] ] ] } },
{ "type": "Feature", "properties": { "tilecode": "z5x11y27", "resolution": 5, "center_lat": -78.006075527625214, "center_lon": -50.625, "cell_width": 235679.10278705135, "cell_height": 260190.92729335208, "cell_area": 67519540387.077148, "cell_perimeter": 1041639.8631512625 }, "geometry": { "type": "Polygon", "coordinates": [ [ [ -56.25, -79.171334640819452 ], [ -45.0, -79.171334640819452 ], [ -45.0, -76.840816414430975 ], [ -56.25, -76.840816414430975 ], [ -56.25, -79.171334640819452 ] ] ] } },
{ "type": "Feature", "properties": { "tilecode": "z5x11y28", "resolution": 5, "center_lat": -80.132274246713919, "center_lon": -50.625, "cell_width": 194228.89232904164, "cell_height": 214598.42880588266, "cell_area": 45921829864.564453, "cell_perimeter": 859104.85272785835 }, "geometry": { "type": "Polygon", "coordinates": [ [ [ -56.25, -81.093213852608386 ], [ -45.0, -81.093213852608386 ], [ -45.0, -79.171334640819452 ], [ -56.25, -79.171334640819452 ], [ -56.25, -81.093213852608386 ] ] ] } },
{ "type": "Feature", "properties": { "tilecode": "z5x11y29", "resolution": 5, "center_lat": -81.884749415478709, "center_lon": -50.625, "cell_width": 159918.04297982904, "cell_height": 176783.79025463015, "cell_area": 31159964055.347656, "cell_perimeter": 707714.51581813092 }, "geometry": { "type": "Polygon", "coordinates": [ [ [ -56.25, -82.676284978349031 ], [ -45.0, -82.676284978349031 ], [ -45.0, -81.093213852608386 ], [ -56.25, -81.093213852608386 ], [ -56.25, -82.676284978349031 ] ] ] } },
{ "type": "Feature", "properties": { "tilecode": "z5x11y30", "resolution": 5, "center_lat": -83.327772238605547, "center_lon": -50.625, "cell_width": 131584.18496449364, "cell_height": 145514.4883510592, "cell_area": 21109976338.21875, "cell_perimeter": 582531.20464644115 }, "geometry": { "type": "Polygon", "coordinates": [ [ [ -56.25, -83.979259498862049 ], [ -45.0, -83.979259498862049 ], [ -45.0, -82.676284978349031 ], [ -56.25, -82.676284978349031 ], [ -56.25, -83.979259498862049 ] ] ] } },
{ "type": "Feature", "properties": { "tilecode": "z5x11y31", "resolution": 5, "center_lat": -84.515194139334326, "center_lon": -50.625, "cell_width": 108223.62660486477, "cell_height": 119710.25468782624, "cell_area": 14286077469.145508, "cell_perimeter": 479228.32094501087 }, "geometry": { "type": "Polygon", "coordinates": [ [ [ -56.25, -85.051128779806604 ], [ -45.0, -85.051128779806604 ], [ -45.0, -83.979259498862049 ], [ -56.25, -83.979259498862049 ], [ -56.25, -85.051128779806604 ] ] ] } },
{ "type": "Feature", "properties": { "tilecode": "z5x12y0", "resolution": 5, "center_lat": 84.515194139334326, "center_lon": -39.375, "cell_width": 131584.18496449364, "cell_height": 119710.25468782624, "cell_area": 14286077469.145508, "cell_perimeter": 479228.32094501087 }, "geometry": { "type": "Polygon", "coordinates": [ [ [ -45.0, 83.979259498862049 ], [ -33.75, 83.979259498862049 ], [ -33.75, 85.051128779806604 ], [ -45.0, 85.051128779806604 ], [ -45.0, 83.979259498862049 ] ] ] } },
{ "type": "Feature", "properties": { "tilecode": "z5x12y1", "resolution": 5, "center_lat": 83.327772238605547, "center_lon": -39.375, "cell_width": 159918.04297982904, "cell_height": 145514.4883510592, "cell_area": 21109976338.21875, "cell_perimeter": 582531.20464644115 }, "geometry": { "type": "Polygon", "coordinates": [ [ [ -45.0, 82.676284978349031 ], [ -33.75, 82.676284978349031 ], [ -33.75, 83.979259498862049 ], [ -45.0, 83.979259498862049 ], [ -45.0, 82.676284978349031 ] ] ] } },
{ "type": "Feature", "properties": { "tilecode": "z5x12y2", "resolution": 5, "center_lat": 81.884749415478709, "center_lon": -39.375, "cell_width": 194228.89232904164, "cell_height": 176783.79025463015, "cell_area": 31159964055.347656, "cell_perimeter": 707714.51581813092 }, "geometry": { "type": "Polygon", "coordinates": [ [ [ -45.0, 81.093213852608386 ], [ -33.75, 81.093213852608386 ], [ -33.75, 82.676284978349031 ], [ -45.0, 82.676284978349031 ], [ -45.0, 81.093213852608386 ] ] ] } },
{ "type": "Feature", "properties": { "tilecode": "z5x12y3", "resolution": 5, "center_lat": 80.132274246713919, "center_lon": -39.375, "cell_width": 235679.10278705135, "cell_height": 214598.42880588266, "cell_area": 45921829864.564453, "cell_perimeter": 859104.85272785835 }, "geometry": { "type": "Polygon", "coordinates": [ [ [ -45.0, 79.171334640819452 ], [ -33.75, 79.171334640819452 ], [ -33.75, 81.093213852608386 ], [ -45.0, 81.093213852608386 ], [ -45.0, 79.171334640819452 ] ] ] } },
{ "type": "Feature", "properties": { "tilecode": "z5x12y4", "resolution": 5, "center_lat": 78.006075527625214, "center_lon": -39.375, "cell_width": 285578.90577750694, "cell_height": 260190.92729335208, "cell_area": 67519540387.077148, "cell_perimeter": 1041639.8631512625 }, "geometry": { "type": "Polygon", "coordinates": [ [ [ -45.0, 76.840816414430975 ], [ -33.75, 76.840816414430975 ], [ -33.75, 79.171334640819452 ], [ -45.0, 79.171334640819452 ], [ -45.0, 76.840816414430975 ] ] ] } },
{ "type": "Feature", "properties": { "tilecode": "z5x12y5", "resolution": 5, "center_lat": 75.430179862966611, "center_lon": -39.375, "cell_width": 345340.39321398037, "cell_height": 314917.17448925663, "cell_area": 98935667800.386719, "cell_perimeter": 1260753.6479700005 }, "geometry": { "type": "Polygon", "coordinates": [ [ [ -45.0, 74.019543311502261 ], [ -33.75, 74.019543311502261 ], [ -33.75, 76.840816414430975 ], [ -45.0, 76.840816414430975 ], [ -45.0, 74.019543311502261 ] ] ] } },
{ "type": "Feature", "properties": { "tilecode": "z5x12y6", "resolution": 5, "center_lat": 72.316078774760754, "center_lon": -39.375, "cell_width": 416367.74655973469, "cell_height": 380177.85463522567, "cell_area": 144244649467.35156, "cell_perimeter": 1522063.8490441665 }, "geometry": { "type": "Polygon", "coordinates": [ [ [ -45.0, 70.612614238019248 ], [ -33.75, 70.612614238019248 ], [ -33.75, 74.019543311502261 ], [ -45.0, 74.019543311502261 ], [ -45.0, 70.612614238019248 ] ] ] } },
{ "type": "Feature", "properties": { "tilecode": "z5x12y7", "resolution": 5, "center_lat": 68.562937340565554, "center_lon": -39.375, "cell_width": 499840.06041197834, "cell_height": 457254.11326378735, "cell_area": 208774564158.09766, "cell_perimeter": 1830716.0334992877 }, "geometry": { "type": "Polygon", "coordinates": [ [ [ -45.0, 66.513260443111861 ], [ -33.75, 66.513260443111861 ], [ -33.75, 70.612614238019248 ], [ -45.0, 70.612614238019248 ], [ -45.0, 66.513260443111861 ] ] ] } },
{ "type": "Feature", "properties": { "tilecode": "z5x12y8", "resolution": 5, "center_lat": 64.059828407249057, "center_lon": -39.375, "cell_width": 596328.26003255299, "cell_height": 547006.64910479658, "cell_area": 299004638547.62012, "cell_perimeter": 2190181.6186541244 }, "geometry": { "type": "Polygon", "coordinates": [ [ [ -45.0, 61.606396371386268 ], [ -33.75, 61.606396371386268 ], [ -33.75, 66.513260443111861 ], [ -45.0, 66.513260443111861 ], [ -45.0, 61.606396371386268 ] ] ] } },
{ "type": "Feature", "properties": { "tilecode": "z5x12y9", "resolution": 5, "center_lat": 58.691484695026986, "center_lon": -39.375, "cell_width": 705186.72066214541, "cell_height": 649380.10464495013, "cell_area": 421832873365.11719, "cell_perimeter": 2600275.1899845987 }, "geometry": { "type": "Polygon", "coordinates": [ [ [ -45.0, 55.776573018667698 ], [ -33.75, 55.776573018667698 ], [ -33.75, 61.606396371386268 ], [ -45.0, 61.606396371386268 ], [ -45.0, 55.776573018667698 ] ] ] } },
{ "type": "Feature", "properties": { "tilecode": "z5x12y10", "resolution": 5, "center_lat": 52.349536141212965, "center_lon": -39.375, "cell_width": 823705.47975019796, "cell_height": 762677.84409848822, "cell_area": 582657894317.77637, "cell_perimeter": 3054247.8886093199 }, "geometry": { "type": "Polygon", "coordinates": [ [ [ -45.0, 48.92249926375824 ], [ -33.75, 48.92249926375824 ], [ -33.75, 55.776573018667698 ], [ -45.0, 55.776573018667698 ], [ -45.0, 48.92249926375824 ] ] ] } },
{ "type": "Feature", "properties": { "tilecode": "z5x12y11", "resolution": 5, "center_lat": 44.95119866668918, "center_lon": -39.375, "cell_width": 946152.93326944625, "cell_height": 882667.95666176802, "cell_area": 781726960961.31055, "cell_perimeter": 3535194.3263431801 }, "geometry": { "type": "Polygon", "coordinates": [ [ [ -45.0, 40.979898069620127 ], [ -33.75, 40.979898069620127 ], [ -33.75, 48.92249926375824 ], [ -45.0, 48.92249926375824 ], [ -45.0, 40.979898069620127 ] ] ] } },
{ "type": "Feature", "properties": { "tilecode": "z5x12y12", "resolution": 5, "center_lat": 36.466030153822544, "center_lon": -39.375, "cell_width": 1063119.6372028978, "cell_height": 1001793.0197306408, "cell_area": 1008900467966.7783, "cell_perimeter": 4012858.6099336259 }, "geometry": { "type": "Polygon", "coordinates": [ [ [ -45.0, 31.952162238024968 ], [ -33.75, 31.952162238024968 ], [ -33.75, 40.979898069620127 ], [ -45.0, 40.979898069620127 ], [ -45.0, 31.952162238024968 ] ] ] } },
{ "type": "Feature", "properties": { "tilecode": "z5x12y13", "resolution": 5, "center_lat": 26.947603885731574, "center_lon": -39.375, "cell_width": 1161900.9357158756, "cell_height": 1109053.9614562085, "cell_area": 1238910794109.9292, "cell_perimeter": 4443128.4958311906 }, "geometry": { "type": "Polygon", "coordinates": [ [ [ -45.0, 21.943045533438177 ], [ -33.75, 21.943045533438177 ], [ -33.75, 31.952162238024968 ], [ -45.0, 31.952162238024968 ], [ -45.0, 21.943045533438177 ] ] ] } },
{ "type": "Feature", "properties": { "tilecode": "z5x12y14", "resolution": 5, "center_lat": 16.560723703574979, "center_lon": -39.375, "cell_width": 1228665.3006186907, "cell_height": 1191293.9078964787, "cell_area": 1431788580865.3503, "cell_perimeter": 4773154.0521275233 }, "geometry": { "type": "Polygon", "coordinates": [ [ [ -45.0, 11.178401873711781 ], [ -33.75, 11.178401873711781 ], [ -33.75, 21.943045533438177 ], [ -45.0, 21.943045533438177 ], [ -45.0, 11.178401873711781 ] ] ] } },
{ "type": "Feature", "properties": { "tilecode": "z5x12y15", "resolution": 5, "center_lat": 5.5892009368558906, "center_lon": -39.375, "cell_width": 1252344.2714243277, "cell_height": 1236200.0081271871, "cell_area": 1543215607369.6492, "cell_perimeter": 4953409.5882973932 }, "geometry": { "type": "Polygon", "coordinates": [ [ [ -45.0, 0.0 ], [ -33.75, 0.0 ], [ -33.75, 11.178401873711781 ], [ -45.0, 11.178401873711781 ], [ -45.0, 0.0 ] ] ] } },
{ "type": "Feature", "properties": { "tilecode": "z5x12y16", "resolution": 5, "center_lat": -5.5892009368558906, "center_lon": -39.375, "cell_width": 1228665.3006186907, "cell_height": 1236200.0081271871, "cell_area": 1543215607369.6492, "cell_perimeter": 4953409.5882973932 }, "geometry": { "type": "Polygon", "coordinates": [ [ [ -45.0, -11.178401873711781 ], [ -33.75, -11.178401873711781 ], [ -33.75, 0.0 ], [ -45.0, 0.0 ], [ -45.0, -11.178401873711781 ] ] ] } },
{ "type": "Feature", "properties": { "tilecode": "z5x12y17", "resolution": 5, "center_lat": -16.560723703574979, "center_lon": -39.375, "cell_width": 1161900.9357158756, "cell_height": 1191293.9078964787, "cell_area": 1431788580865.3503, "cell_perimeter": 4773154.0521275233 }, "geometry": { "type": "Polygon", "coordinates": [ [ [ -45.0, -21.943045533438177 ], [ -33.75, -21.943045533438177 ], [ -33.75, -11.178401873711781 ], [ -45.0, -11.178401873711781 ], [ -45.0, -21.943045533438177 ] ] ] } },
{ "type": "Feature", "properties": { "tilecode": "z5x12y18", "resolution": 5, "center_lat": -26.947603885731574, "center_lon": -39.375, "cell_width": 1063119.6372028978, "cell_height": 1109053.9614562085, "cell_area": 1238910794109.9292, "cell_perimeter": 4443128.4958311906 }, "geometry": { "type": "Polygon", "coordinates": [ [ [ -45.0, -31.952162238024968 ], [ -33.75, -31.952162238024968 ], [ -33.75, -21.943045533438177 ], [ -45.0, -21.943045533438177 ], [ -45.0, -31.952162238024968 ] ] ] } },
{ "type": "Feature", "properties": { "tilecode": "z5x12y19", "resolution": 5, "center_lat": -36.466030153822544, "center_lon": -39.375, "cell_width": 946152.93326944625, "cell_height": 1001793.0197306408, "cell_area": 1008900467966.7783, "cell_perimeter": 4012858.6099336259 }, "geometry": { "type": "Polygon", "coordinates": [ [ [ -45.0, -40.979898069620127 ], [ -33.75, -40.979898069620127 ], [ -33.75, -31.952162238024968 ], [ -45.0, -31.952162238024968 ], [ -45.0, -40.979898069620127 ] ] ] } },
{ "type": "Feature", "properties": { "tilecode": "z5x12y20", "resolution": 5, "center_lat": -44.95119866668918, "center_lon": -39.375, "cell_width": 823705.47975019796, "cell_height": 882667.95666176802, "cell_area": 781726960961.31055, "cell_perimeter": 3535194.3263431801 }, "geometry": { "type": "Polygon", "coordinates": [ [ [ -45.0, -48.92249926375824 ], [ -33.75, -48.92249926375824 ], [ -33.75, -40.979898069620127 ], [ -45.0, -40.979898069620127 ], [ -45.0, -48.92249926375824 ] ] ] } },
{ "type": "Feature", "properties": { "tilecode": "z5x12y21", "resolution": 5, "center_lat": -52.349536141212965, "center_lon": -39.375, "cell_width": 705186.72066214541, "cell_height": 762677.84409848822, "cell_area": 582657894317.77637, "cell_perimeter": 3054247.8886093199 }, "geometry": { "type": "Polygon", "coordinates": [ [ [ -45.0, -55.776573018667698 ], [ -33.75, -55.776573018667698 ], [ -33.75, -48.92249926375824 ], [ -45.0, -48.92249926375824 ], [ -45.0, -55.776573018667698 ] ] ] } },
{ "type": "Feature", "properties": { "tilecode": "z5x12y22", "resolution": 5, "center_lat": -58.691484695026986, "center_lon": -39.375, "cell_width": 596328.26003255299, "cell_height": 649380.10464495013, "cell_area": 421832873365.11719, "cell_perimeter": 2600275.1899845987 }, "geometry": { "type": "Polygon", "coordinates": [ [ [ -45.0, -61.606396371386268 ], [ -33.75, -61.606396371386268 ], [ -33.75, -55.776573018667698 ], [ -45.0, -55.776573018667698 ], [ -45.0, -61.606396371386268 ] ] ] } },
{ "type": "Feature", "properties": { "tilecode": "z5x12y23", "resolution": 5, "center_lat": -64.059828407249057, "center_lon": -39.375, "cell_width": 499840.06041197834, "cell_height": 547006.64910479658, "cell_area": 299004638547.62012, "cell_perimeter": 2190181.6186541244 }, "geometry": { "type": "Polygon", "coordinates": [ [ [ -45.0, -66.513260443111861 ], [ -33.75, -66.513260443111861 ], [ -33.75, -61.606396371386268 ], [ -45.0, -61.606396371386268 ], [ -45.0, -66.513260443111861 ] ] ] } },
{ "type": "Feature", "properties": { "tilecode": "z5x12y24", "resolution": 5, "center_lat": -68.562937340565554, "center_lon": -39.375, "cell_width": 416367.74655973469, "cell_height": 457254.11326378735, "cell_area": 208774564158.09766, "cell_perimeter": 1830716.0334992877 }, "geometry": { "type": "Polygon", "coordinates": [ [ [ -45.0, -70.612614238019248 ], [ -33.75, -70.612614238019248 ], [ -33.75, -66.513260443111861 ], [ -45.0, -66.513260443111861 ], [ -45.0, -70.612614238019248 ] ] ] } },
{ "type": "Feature", "properties": { "tilecode": "z5x12y25", "resolution": 5, "center_lat": -72.316078774760754, "center_lon": -39.375, "cell_width": 345340.39321398037, "cell_height": 380177.85463522567, "cell_area": 144244649467.35156, "cell_perimeter": 1522063.8490441665 }, "geometry": { "type": "Polygon", "coordinates": [ [ [ -45.0, -74.019543311502261 ], [ -33.75, -74.019543311502261 ], [ -33.75, -70.612614238019248 ], [ -45.0, -70.612614238019248 ], [ -45.0, -74.019543311502261 ] ] ] } },
{ "type": "Feature", "properties": { "tilecode": "z5x12y26", "resolution": 5, "center_lat": -75.430179862966611, "center_lon": -39.375, "cell_width": 285578.90577750694, "cell_height": 314917.17448925663, "cell_area": 98935667800.386719, "cell_perimeter": 1260753.6479700005 }, "geometry": { "type": "Polygon", "coordinates": [ [ [ -45.0, -76.840816414430975 ], [ -33.75, -76.840816414430975 ], [ -33.75, -74.019543311502261 ], [ -45.0, -74.019543311502261 ], [ -45.0, -76.840816414430975 ] ] ] } },
{ "type": "Feature", "properties": { "tilecode": "z5x12y27", "resolution": 5, "center_lat": -78.006075527625214, "center_lon": -39.375, "cell_width": 235679.10278705135, "cell_height": 260190.92729335208, "cell_area": 67519540387.077148, "cell_perimeter": 1041639.8631512625 }, "geometry": { "type": "Polygon", "coordinates": [ [ [ -45.0, -79.171334640819452 ], [ -33.75, -79.171334640819452 ], [ -33.75, -76.840816414430975 ], [ -45.0, -76.840816414430975 ], [ -45.0, -79.171334640819452 ] ] ] } },
{ "type": "Feature", "properties": { "tilecode": "z5x12y28", "resolution": 5, "center_lat": -80.132274246713919, "center_lon": -39.375, "cell_width": 194228.89232904164, "cell_height": 214598.42880588266, "cell_area": 45921829864.564453, "cell_perimeter": 859104.85272785835 }, "geometry": { "type": "Polygon", "coordinates": [ [ [ -45.0, -81.093213852608386 ], [ -33.75, -81.093213852608386 ], [ -33.75, -79.171334640819452 ], [ -45.0, -79.171334640819452 ], [ -45.0, -81.093213852608386 ] ] ] } },
{ "type": "Feature", "properties": { "tilecode": "z5x12y29", "resolution": 5, "center_lat": -81.884749415478709, "center_lon": -39.375, "cell_width": 159918.04297982904, "cell_height": 176783.79025463015, "cell_area": 31159964055.347656, "cell_perimeter": 707714.51581813092 }, "geometry": { "type": "Polygon", "coordinates": [ [ [ -45.0, -82.676284978349031 ], [ -33.75, -82.676284978349031 ], [ -33.75, -81.093213852608386 ], [ -45.0, -81.093213852608386 ], [ -45.0, -82.676284978349031 ] ] ] } },
{ "type": "Feature", "properties": { "tilecode": "z5x12y30", "resolution": 5, "center_lat": -83.327772238605547, "center_lon": -39.375, "cell_width": 131584.18496449364, "cell_height": 145514.4883510592, "cell_area": 21109976338.21875, "cell_perimeter": 582531.20464644115 }, "geometry": { "type": "Polygon", "coordinates": [ [ [ -45.0, -83.979259498862049 ], [ -33.75, -83.979259498862049 ], [ -33.75, -82.676284978349031 ], [ -45.0, -82.676284978349031 ], [ -45.0, -83.979259498862049 ] ] ] } },
{ "type": "Feature", "properties": { "tilecode": "z5x12y31", "resolution": 5, "center_lat": -84.515194139334326, "center_lon": -39.375, "cell_width": 108223.62660486477, "cell_height": 119710.25468782624, "cell_area": 14286077469.145508, "cell_perimeter": 479228.32094501087 }, "geometry": { "type": "Polygon", "coordinates": [ [ [ -45.0, -85.051128779806604 ], [ -33.75, -85.051128779806604 ], [ -33.75, -83.979259498862049 ], [ -45.0, -83.979259498862049 ], [ -45.0, -85.051128779806604 ] ] ] } },
{ "type": "Feature", "properties": { "tilecode": "z5x13y0", "resolution": 5, "center_lat": 84.515194139334326, "center_lon": -28.125, "cell_width": 131584.18496449364, "cell_height": 119710.25468782624, "cell_area": 14286077469.145508, "cell_perimeter": 479228.32094501087 }, "geometry": { "type": "Polygon", "coordinates": [ [ [ -33.75, 83.979259498862049 ], [ -22.5, 83.979259498862049 ], [ -22.5, 85.051128779806604 ], [ -33.75, 85.051128779806604 ], [ -33.75, 83.979259498862049 ] ] ] } },
{ "type": "Feature", "properties": { "tilecode": "z5x13y1", "resolution": 5, "center_lat": 83.327772238605547, "center_lon": -28.125, "cell_width": 159918.04297982904, "cell_height": 145514.4883510592, "cell_area": 21109976338.21875, "cell_perimeter": 582531.20464644115 }, "geometry": { "type": "Polygon", "coordinates": [ [ [ -33.75, 82.676284978349031 ], [ -22.5, 82.676284978349031 ], [ -22.5, 83.979259498862049 ], [ -33.75, 83.979259498862049 ], [ -33.75, 82.676284978349031 ] ] ] } },
{ "type": "Feature", "properties": { "tilecode": "z5x13y2", "resolution": 5, "center_lat": 81.884749415478709, "center_lon": -28.125, "cell_width": 194228.89232904164, "cell_height": 176783.79025463015, "cell_area": 31159964055.347656, "cell_perimeter": 707714.51581813092 }, "geometry": { "type": "Polygon", "coordinates": [ [ [ -33.75, 81.093213852608386 ], [ -22.5, 81.093213852608386 ], [ -22.5, 82.676284978349031 ], [ -33.75, 82.676284978349031 ], [ -33.75, 81.093213852608386 ] ] ] } },
{ "type": "Feature", "properties": { "tilecode": "z5x13y3", "resolution": 5, "center_lat": 80.132274246713919, "center_lon": -28.125, "cell_width": 235679.10278705135, "cell_height": 214598.42880588266, "cell_area": 45921829864.564453, "cell_perimeter": 859104.85272785835 }, "geometry": { "type": "Polygon", "coordinates": [ [ [ -33.75, 79.171334640819452 ], [ -22.5, 79.171334640819452 ], [ -22.5, 81.093213852608386 ], [ -33.75, 81.093213852608386 ], [ -33.75, 79.171334640819452 ] ] ] } },
{ "type": "Feature", "properties": { "tilecode": "z5x13y4", "resolution": 5, "center_lat": 78.006075527625214, "center_lon": -28.125, "cell_width": 285578.90577750694, "cell_height": 260190.92729335208, "cell_area": 67519540387.077148, "cell_perimeter": 1041639.8631512625 }, "geometry": { "type": "Polygon", "coordinates": [ [ [ -33.75, 76.840816414430975 ], [ -22.5, 76.840816414430975 ], [ -22.5, 79.171334640819452 ], [ -33.75, 79.171334640819452 ], [ -33.75, 76.840816414430975 ] ] ] } },
{ "type": "Feature", "properties": { "tilecode": "z5x13y5", "resolution": 5, "center_lat": 75.430179862966611, "center_lon": -28.125, "cell_width": 345340.39321398037, "cell_height": 314917.17448925663, "cell_area": 98935667800.386719, "cell_perimeter": 1260753.6479700005 }, "geometry": { "type": "Polygon", "coordinates": [ [ [ -33.75, 74.019543311502261 ], [ -22.5, 74.019543311502261 ], [ -22.5, 76.840816414430975 ], [ -33.75, 76.840816414430975 ], [ -33.75, 74.019543311502261 ] ] ] } },
{ "type": "Feature", "properties": { "tilecode": "z5x13y6", "resolution": 5, "center_lat": 72.316078774760754, "center_lon": -28.125, "cell_width": 416367.74655973469, "cell_height": 380177.85463522567, "cell_area": 144244649467.35156, "cell_perimeter": 1522063.8490441665 }, "geometry": { "type": "Polygon", "coordinates": [ [ [ -33.75, 70.612614238019248 ], [ -22.5, 70.612614238019248 ], [ -22.5, 74.019543311502261 ], [ -33.75, 74.019543311502261 ], [ -33.75, 70.612614238019248 ] ] ] } },
{ "type": "Feature", "properties": { "tilecode": "z5x13y7", "resolution": 5, "center_lat": 68.562937340565554, "center_lon": -28.125, "cell_width": 499840.06041197834, "cell_height": 457254.11326378735, "cell_area": 208774564158.09766, "cell_perimeter": 1830716.0334992877 }, "geometry": { "type": "Polygon", "coordinates": [ [ [ -33.75, 66.513260443111861 ], [ -22.5, 66.513260443111861 ], [ -22.5, 70.612614238019248 ], [ -33.75, 70.612614238019248 ], [ -33.75, 66.513260443111861 ] ] ] } },
{ "type": "Feature", "properties": { "tilecode": "z5x13y8", "resolution": 5, "center_lat": 64.059828407249057, "center_lon": -28.125, "cell_width": 596328.26003255299, "cell_height": 547006.64910479658, "cell_area": 299004638547.62012, "cell_perimeter": 2190181.6186541244 }, "geometry": { "type": "Polygon", "coordinates": [ [ [ -33.75, 61.606396371386268 ], [ -22.5, 61.606396371386268 ], [ -22.5, 66.513260443111861 ], [ -33.75, 66.513260443111861 ], [ -33.75, 61.606396371386268 ] ] ] } },
{ "type": "Feature", "properties": { "tilecode": "z5x13y9", "resolution": 5, "center_lat": 58.691484695026986, "center_lon": -28.125, "cell_width": 705186.72066214541, "cell_height": 649380.10464495013, "cell_area": 421832873365.11719, "cell_perimeter": 2600275.1899845987 }, "geometry": { "type": "Polygon", "coordinates": [ [ [ -33.75, 55.776573018667698 ], [ -22.5, 55.776573018667698 ], [ -22.5, 61.606396371386268 ], [ -33.75, 61.606396371386268 ], [ -33.75, 55.776573018667698 ] ] ] } },
{ "type": "Feature", "properties": { "tilecode": "z5x13y10", "resolution": 5, "center_lat": 52.349536141212965, "center_lon": -28.125, "cell_width": 823705.47975019796, "cell_height": 762677.84409848822, "cell_area": 582657894317.77637, "cell_perimeter": 3054247.8886093199 }, "geometry": { "type": "Polygon", "coordinates": [ [ [ -33.75, 48.92249926375824 ], [ -22.5, 48.92249926375824 ], [ -22.5, 55.776573018667698 ], [ -33.75, 55.776573018667698 ], [ -33.75, 48.92249926375824 ] ] ] } },
{ "type": "Feature", "properties": { "tilecode": "z5x13y11", "resolution": 5, "center_lat": 44.95119866668918, "center_lon": -28.125, "cell_width": 946152.93326944625, "cell_height": 882667.95666176802, "cell_area": 781726960961.31055, "cell_perimeter": 3535194.3263431801 }, "geometry": { "type": "Polygon", "coordinates": [ [ [ -33.75, 40.979898069620127 ], [ -22.5, 40.979898069620127 ], [ -22.5, 48.92249926375824 ], [ -33.75, 48.92249926375824 ], [ -33.75, 40.979898069620127 ] ] ] } },
{ "type": "Feature", "properties": { "tilecode": "z5x13y12", "resolution": 5, "center_lat": 36.466030153822544, "center_lon": -28.125, "cell_width": 1063119.6372028978, "cell_height": 1001793.0197306408, "cell_area": 1008900467966.7783, "cell_perimeter": 4012858.6099336259 }, "geometry": { "type": "Polygon", "coordinates": [ [ [ -33.75, 31.952162238024968 ], [ -22.5, 31.952162238024968 ], [ -22.5, 40.979898069620127 ], [ -33.75, 40.979898069620127 ], [ -33.75, 31.952162238024968 ] ] ] } },
{ "type": "Feature", "properties": { "tilecode": "z5x13y13", "resolution": 5, "center_lat": 26.947603885731574, "center_lon": -28.125, "cell_width": 1161900.9357158756, "cell_height": 1109053.9614562085, "cell_area": 1238910794109.9292, "cell_perimeter": 4443128.4958311906 }, "geometry": { "type": "Polygon", "coordinates": [ [ [ -33.75, 21.943045533438177 ], [ -22.5, 21.943045533438177 ], [ -22.5, 31.952162238024968 ], [ -33.75, 31.952162238024968 ], [ -33.75, 21.943045533438177 ] ] ] } },
{ "type": "Feature", "properties": { "tilecode": "z5x13y14", "resolution": 5, "center_lat": 16.560723703574979, "center_lon": -28.125, "cell_width": 1228665.3006186907, "cell_height": 1191293.9078964787, "cell_area": 1431788580865.3503, "cell_perimeter": 4773154.0521275233 }, "geometry": { "type": "Polygon", "coordinates": [ [ [ -33.75, 11.178401873711781 ], [ -22.5, 11.178401873711781 ], [ -22.5, 21.943045533438177 ], [ -33.75, 21.943045533438177 ], [ -33.75, 11.178401873711781 ] ] ] } },
{ "type": "Feature", "properties": { "tilecode": "z5x13y15", "resolution": 5, "center_lat": 5.5892009368558906, "center_lon": -28.125, "cell_width": 1252344.2714243277, "cell_height": 1236200.0081271871, "cell_area": 1543215607369.6492, "cell_perimeter": 4953409.5882973932 }, "geometry": { "type": "Polygon", "coordinates": [ [ [ -33.75, 0.0 ], [ -22.5, 0.0 ], [ -22.5, 11.178401873711781 ], [ -33.75, 11.178401873711781 ], [ -33.75, 0.0 ] ] ] } },
{ "type": "Feature", "properties": { "tilecode": "z5x13y16", "resolution": 5, "center_lat": -5.5892009368558906, "center_lon": -28.125, "cell_width": 1228665.3006186907, "cell_height": 1236200.0081271871, "cell_area": 1543215607369.6492, "cell_perimeter": 4953409.5882973932 }, "geometry": { "type": "Polygon", "coordinates": [ [ [ -33.75, -11.178401873711781 ], [ -22.5, -11.178401873711781 ], [ -22.5, 0.0 ], [ -33.75, 0.0 ], [ -33.75, -11.178401873711781 ] ] ] } },
{ "type": "Feature", "properties": { "tilecode": "z5x13y17", "resolution": 5, "center_lat": -16.560723703574979, "center_lon": -28.125, "cell_width": 1161900.9357158756, "cell_height": 1191293.9078964787, "cell_area": 1431788580865.3503, "cell_perimeter": 4773154.0521275233 }, "geometry": { "type": "Polygon", "coordinates": [ [ [ -33.75, -21.943045533438177 ], [ -22.5, -21.943045533438177 ], [ -22.5, -11.178401873711781 ], [ -33.75, -11.178401873711781 ], [ -33.75, -21.943045533438177 ] ] ] } },
{ "type": "Feature", "properties": { "tilecode": "z5x13y18", "resolution": 5, "center_lat": -26.947603885731574, "center_lon": -28.125, "cell_width": 1063119.6372028978, "cell_height": 1109053.9614562085, "cell_area": 1238910794109.9292, "cell_perimeter": 4443128.4958311906 }, "geometry": { "type": "Polygon", "coordinates": [ [ [ -33.75, -31.952162238024968 ], [ -22.5, -31.952162238024968 ], [ -22.5, -21.943045533438177 ], [ -33.75, -21.943045533438177 ], [ -33.75, -31.952162238024968 ] ] ] } },
{ "type": "Feature", "properties": { "tilecode": "z5x13y19", "resolution": 5, "center_lat": -36.466030153822544, "center_lon": -28.125, "cell_width": 946152.93326944625, "cell_height": 1001793.0197306408, "cell_area": 1008900467966.7783, "cell_perimeter": 4012858.6099336259 }, "geometry": { "type": "Polygon", "coordinates": [ [ [ -33.75, -40.979898069620127 ], [ -22.5, -40.979898069620127 ], [ -22.5, -31.952162238024968 ], [ -33.75, -31.952162238024968 ], [ -33.75, -40.979898069620127 ] ] ] } },
{ "type": "Feature", "properties": { "tilecode": "z5x13y20", "resolution": 5, "center_lat": -44.95119866668918, "center_lon": -28.125, "cell_width": 823705.47975019796, "cell_height": 882667.95666176802, "cell_area": 781726960961.31055, "cell_perimeter": 3535194.3263431801 }, "geometry": { "type": "Polygon", "coordinates": [ [ [ -33.75, -48.92249926375824 ], [ -22.5, -48.92249926375824 ], [ -22.5, -40.979898069620127 ], [ -33.75, -40.979898069620127 ], [ -33.75, -48.92249926375824 ] ] ] } },
{ "type": "Feature", "properties": { "tilecode": "z5x13y21", "resolution": 5, "center_lat": -52.349536141212965, "center_lon": -28.125, "cell_width": 705186.72066214541, "cell_height": 762677.84409848822, "cell_area": 582657894317.77637, "cell_perimeter": 3054247.8886093199 }, "geometry": { "type": "Polygon", "coordinates": [ [ [ -33.75, -55.776573018667698 ], [ -22.5, -55.776573018667698 ], [ -22.5, -48.92249926375824 ], [ -33.75, -48.92249926375824 ], [ -33.75, -55.776573018667698 ] ] ] } },
{ "type": "Feature", "properties": { "tilecode": "z5x13y22", "resolution": 5, "center_lat": -58.691484695026986, "center_lon": -28.125, "cell_width": 596328.26003255299, "cell_height": 649380.10464495013, "cell_area": 421832873365.11719, "cell_perimeter": 2600275.1899845987 }, "geometry": { "type": "Polygon", "coordinates": [ [ [ -33.75, -61.606396371386268 ], [ -22.5, -61.606396371386268 ], [ -22.5, -55.776573018667698 ], [ -33.75, -55.776573018667698 ], [ -33.75, -61.606396371386268 ] ] ] } },
{ "type": "Feature", "properties": { "tilecode": "z5x13y23", "resolution": 5, "center_lat": -64.059828407249057, "center_lon": -28.125, "cell_width": 499840.06041197834, "cell_height": 547006.64910479658, "cell_area": 299004638547.62012, "cell_perimeter": 2190181.6186541244 }, "geometry": { "type": "Polygon", "coordinates": [ [ [ -33.75, -66.513260443111861 ], [ -22.5, -66.513260443111861 ], [ -22.5, -61.606396371386268 ], [ -33.75, -61.606396371386268 ], [ -33.75, -66.513260443111861 ] ] ] } },
{ "type": "Feature", "properties": { "tilecode": "z5x13y24", "resolution": 5, "center_lat": -68.562937340565554, "center_lon": -28.125, "cell_width": 416367.74655973469, "cell_height": 457254.11326378735, "cell_area": 208774564158.09766, "cell_perimeter": 1830716.0334992877 }, "geometry": { "type": "Polygon", "coordinates": [ [ [ -33.75, -70.612614238019248 ], [ -22.5, -70.612614238019248 ], [ -22.5, -66.513260443111861 ], [ -33.75, -66.513260443111861 ], [ -33.75, -70.612614238019248 ] ] ] } },
{ "type": "Feature", "properties": { "tilecode": "z5x13y25", "resolution": 5, "center_lat": -72.316078774760754, "center_lon": -28.125, "cell_width": 345340.39321398037, "cell_height": 380177.85463522567, "cell_area": 144244649467.35156, "cell_perimeter": 1522063.8490441665 }, "geometry": { "type": "Polygon", "coordinates": [ [ [ -33.75, -74.019543311502261 ], [ -22.5, -74.019543311502261 ], [ -22.5, -70.612614238019248 ], [ -33.75, -70.612614238019248 ], [ -33.75, -74.019543311502261 ] ] ] } },
{ "type": "Feature", "properties": { "tilecode": "z5x13y26", "resolution": 5, "center_lat": -75.430179862966611, "center_lon": -28.125, "cell_width": 285578.90577750694, "cell_height": 314917.17448925663, "cell_area": 98935667800.386719, "cell_perimeter": 1260753.6479700005 }, "geometry": { "type": "Polygon", "coordinates": [ [ [ -33.75, -76.840816414430975 ], [ -22.5, -76.840816414430975 ], [ -22.5, -74.019543311502261 ], [ -33.75, -74.019543311502261 ], [ -33.75, -76.840816414430975 ] ] ] } },
{ "type": "Feature", "properties": { "tilecode": "z5x13y27", "resolution": 5, "center_lat": -78.006075527625214, "center_lon": -28.125, "cell_width": 235679.10278705135, "cell_height": 260190.92729335208, "cell_area": 67519540387.077148, "cell_perimeter": 1041639.8631512625 }, "geometry": { "type": "Polygon", "coordinates": [ [ [ -33.75, -79.171334640819452 ], [ -22.5, -79.171334640819452 ], [ -22.5, -76.840816414430975 ], [ -33.75, -76.840816414430975 ], [ -33.75, -79.171334640819452 ] ] ] } },
{ "type": "Feature", "properties": { "tilecode": "z5x13y28", "resolution": 5, "center_lat": -80.132274246713919, "center_lon": -28.125, "cell_width": 194228.89232904164, "cell_height": 214598.42880588266, "cell_area": 45921829864.564453, "cell_perimeter": 859104.85272785835 }, "geometry": { "type": "Polygon", "coordinates": [ [ [ -33.75, -81.093213852608386 ], [ -22.5, -81.093213852608386 ], [ -22.5, -79.171334640819452 ], [ -33.75, -79.171334640819452 ], [ -33.75, -81.093213852608386 ] ] ] } },
{ "type": "Feature", "properties": { "tilecode": "z5x13y29", "resolution": 5, "center_lat": -81.884749415478709, "center_lon": -28.125, "cell_width": 159918.04297982904, "cell_height": 176783.79025463015, "cell_area": 31159964055.347656, "cell_perimeter": 707714.51581813092 }, "geometry": { "type": "Polygon", "coordinates": [ [ [ -33.75, -82.676284978349031 ], [ -22.5, -82.676284978349031 ], [ -22.5, -81.093213852608386 ], [ -33.75, -81.093213852608386 ], [ -33.75, -82.676284978349031 ] ] ] } },
{ "type": "Feature", "properties": { "tilecode": "z5x13y30", "resolution": 5, "center_lat": -83.327772238605547, "center_lon": -28.125, "cell_width": 131584.18496449364, "cell_height": 145514.4883510592, "cell_area": 21109976338.21875, "cell_perimeter": 582531.20464644115 }, "geometry": { "type": "Polygon", "coordinates": [ [ [ -33.75, -83.979259498862049 ], [ -22.5, -83.979259498862049 ], [ -22.5, -82.676284978349031 ], [ -33.75, -82.676284978349031 ], [ -33.75, -83.979259498862049 ] ] ] } },
{ "type": "Feature", "properties": { "tilecode": "z5x13y31", "resolution": 5, "center_lat": -84.515194139334326, "center_lon": -28.125, "cell_width": 108223.62660486477, "cell_height": 119710.25468782624, "cell_area": 14286077469.145508, "cell_perimeter": 479228.32094501087 }, "geometry": { "type": "Polygon", "coordinates": [ [ [ -33.75, -85.051128779806604 ], [ -22.5, -85.051128779806604 ], [ -22.5, -83.979259498862049 ], [ -33.75, -83.979259498862049 ], [ -33.75, -85.051128779806604 ] ] ] } },
{ "type": "Feature", "properties": { "tilecode": "z5x14y0", "resolution": 5, "center_lat": 84.515194139334326, "center_lon": -16.875, "cell_width": 131584.18496449364, "cell_height": 119710.25468782624, "cell_area": 14286077469.145508, "cell_perimeter": 479228.32094501087 }, "geometry": { "type": "Polygon", "coordinates": [ [ [ -22.5, 83.979259498862049 ], [ -11.25, 83.979259498862049 ], [ -11.25, 85.051128779806604 ], [ -22.5, 85.051128779806604 ], [ -22.5, 83.979259498862049 ] ] ] } },
{ "type": "Feature", "properties": { "tilecode": "z5x14y1", "resolution": 5, "center_lat": 83.327772238605547, "center_lon": -16.875, "cell_width": 159918.04297982904, "cell_height": 145514.4883510592, "cell_area": 21109976338.21875, "cell_perimeter": 582531.20464644115 }, "geometry": { "type": "Polygon", "coordinates": [ [ [ -22.5, 82.676284978349031 ], [ -11.25, 82.676284978349031 ], [ -11.25, 83.979259498862049 ], [ -22.5, 83.979259498862049 ], [ -22.5, 82.676284978349031 ] ] ] } },
{ "type": "Feature", "properties": { "tilecode": "z5x14y2", "resolution": 5, "center_lat": 81.884749415478709, "center_lon": -16.875, "cell_width": 194228.89232904164, "cell_height": 176783.79025463015, "cell_area": 31159964055.347656, "cell_perimeter": 707714.51581813092 }, "geometry": { "type": "Polygon", "coordinates": [ [ [ -22.5, 81.093213852608386 ], [ -11.25, 81.093213852608386 ], [ -11.25, 82.676284978349031 ], [ -22.5, 82.676284978349031 ], [ -22.5, 81.093213852608386 ] ] ] } },
{ "type": "Feature", "properties": { "tilecode": "z5x14y3", "resolution": 5, "center_lat": 80.132274246713919, "center_lon": -16.875, "cell_width": 235679.10278705135, "cell_height": 214598.42880588266, "cell_area": 45921829864.564453, "cell_perimeter": 859104.85272785835 }, "geometry": { "type": "Polygon", "coordinates": [ [ [ -22.5, 79.171334640819452 ], [ -11.25, 79.171334640819452 ], [ -11.25, 81.093213852608386 ], [ -22.5, 81.093213852608386 ], [ -22.5, 79.171334640819452 ] ] ] } },
{ "type": "Feature", "properties": { "tilecode": "z5x14y4", "resolution": 5, "center_lat": 78.006075527625214, "center_lon": -16.875, "cell_width": 285578.90577750694, "cell_height": 260190.92729335208, "cell_area": 67519540387.077148, "cell_perimeter": 1041639.8631512625 }, "geometry": { "type": "Polygon", "coordinates": [ [ [ -22.5, 76.840816414430975 ], [ -11.25, 76.840816414430975 ], [ -11.25, 79.171334640819452 ], [ -22.5, 79.171334640819452 ], [ -22.5, 76.840816414430975 ] ] ] } },
{ "type": "Feature", "properties": { "tilecode": "z5x14y5", "resolution": 5, "center_lat": 75.430179862966611, "center_lon": -16.875, "cell_width": 345340.39321398037, "cell_height": 314917.17448925663, "cell_area": 98935667800.386719, "cell_perimeter": 1260753.6479700005 }, "geometry": { "type": "Polygon", "coordinates": [ [ [ -22.5, 74.019543311502261 ], [ -11.25, 74.019543311502261 ], [ -11.25, 76.840816414430975 ], [ -22.5, 76.840816414430975 ], [ -22.5, 74.019543311502261 ] ] ] } },
{ "type": "Feature", "properties": { "tilecode": "z5x14y6", "resolution": 5, "center_lat": 72.316078774760754, "center_lon": -16.875, "cell_width": 416367.74655973469, "cell_height": 380177.85463522567, "cell_area": 144244649467.35156, "cell_perimeter": 1522063.8490441665 }, "geometry": { "type": "Polygon", "coordinates": [ [ [ -22.5, 70.612614238019248 ], [ -11.25, 70.612614238019248 ], [ -11.25, 74.019543311502261 ], [ -22.5, 74.019543311502261 ], [ -22.5, 70.612614238019248 ] ] ] } },
{ "type": "Feature", "properties": { "tilecode": "z5x14y7", "resolution": 5, "center_lat": 68.562937340565554, "center_lon": -16.875, "cell_width": 499840.06041197834, "cell_height": 457254.11326378735, "cell_area": 208774564158.09766, "cell_perimeter": 1830716.0334992877 }, "geometry": { "type": "Polygon", "coordinates": [ [ [ -22.5, 66.513260443111861 ], [ -11.25, 66.513260443111861 ], [ -11.25, 70.612614238019248 ], [ -22.5, 70.612614238019248 ], [ -22.5, 66.513260443111861 ] ] ] } },
{ "type": "Feature", "properties": { "tilecode": "z5x14y8", "resolution": 5, "center_lat": 64.059828407249057, "center_lon": -16.875, "cell_width": 596328.26003255299, "cell_height": 547006.64910479658, "cell_area": 299004638547.62012, "cell_perimeter": 2190181.6186541244 }, "geometry": { "type": "Polygon", "coordinates": [ [ [ -22.5, 61.606396371386268 ], [ -11.25, 61.606396371386268 ], [ -11.25, 66.513260443111861 ], [ -22.5, 66.513260443111861 ], [ -22.5, 61.606396371386268 ] ] ] } },
{ "type": "Feature", "properties": { "tilecode": "z5x14y9", "resolution": 5, "center_lat": 58.691484695026986, "center_lon": -16.875, "cell_width": 705186.72066214541, "cell_height": 649380.10464495013, "cell_area": 421832873365.11719, "cell_perimeter": 2600275.1899845987 }, "geometry": { "type": "Polygon", "coordinates": [ [ [ -22.5, 55.776573018667698 ], [ -11.25, 55.776573018667698 ], [ -11.25, 61.606396371386268 ], [ -22.5, 61.606396371386268 ], [ -22.5, 55.776573018667698 ] ] ] } },
{ "type": "Feature", "properties": { "tilecode": "z5x14y10", "resolution": 5, "center_lat": 52.349536141212965, "center_lon": -16.875, "cell_width": 823705.47975019796, "cell_height": 762677.84409848822, "cell_area": 582657894317.77637, "cell_perimeter": 3054247.8886093199 }, "geometry": { "type": "Polygon", "coordinates": [ [ [ -22.5, 48.92249926375824 ], [ -11.25, 48.92249926375824 ], [ -11.25, 55.776573018667698 ], [ -22.5, 55.776573018667698 ], [ -22.5, 48.92249926375824 ] ] ] } },
{ "type": "Feature", "properties": { "tilecode": "z5x14y11", "resolution": 5, "center_lat": 44.95119866668918, "center_lon": -16.875, "cell_width": 946152.93326944625, "cell_height": 882667.95666176802, "cell_area": 781726960961.31055, "cell_perimeter": 3535194.3263431801 }, "geometry": { "type": "Polygon", "coordinates": [ [ [ -22.5, 40.979898069620127 ], [ -11.25, 40.979898069620127 ], [ -11.25, 48.92249926375824 ], [ -22.5, 48.92249926375824 ], [ -22.5, 40.979898069620127 ] ] ] } },
{ "type": "Feature", "properties": { "tilecode": "z5x14y12", "resolution": 5, "center_lat": 36.466030153822544, "center_lon": -16.875, "cell_width": 1063119.6372028978, "cell_height": 1001793.0197306408, "cell_area": 1008900467966.7783, "cell_perimeter": 4012858.6099336259 }, "geometry": { "type": "Polygon", "coordinates": [ [ [ -22.5, 31.952162238024968 ], [ -11.25, 31.952162238024968 ], [ -11.25, 40.979898069620127 ], [ -22.5, 40.979898069620127 ], [ -22.5, 31.952162238024968 ] ] ] } },
{ "type": "Feature", "properties": { "tilecode": "z5x14y13", "resolution": 5, "center_lat": 26.947603885731574, "center_lon": -16.875, "cell_width": 1161900.9357158756, "cell_height": 1109053.9614562085, "cell_area": 1238910794109.9292, "cell_perimeter": 4443128.4958311906 }, "geometry": { "type": "Polygon", "coordinates": [ [ [ -22.5, 21.943045533438177 ], [ -11.25, 21.943045533438177 ], [ -11.25, 31.952162238024968 ], [ -22.5, 31.952162238024968 ], [ -22.5, 21.943045533438177 ] ] ] } },
{ "type": "Feature", "properties": { "tilecode": "z5x14y14", "resolution": 5, "center_lat": 16.560723703574979, "center_lon": -16.875, "cell_width": 1228665.3006186907, "cell_height": 1191293.9078964787, "cell_area": 1431788580865.3503, "cell_perimeter": 4773154.0521275233 }, "geometry": { "type": "Polygon", "coordinates": [ [ [ -22.5, 11.178401873711781 ], [ -11.25, 11.178401873711781 ], [ -11.25, 21.943045533438177 ], [ -22.5, 21.943045533438177 ], [ -22.5, 11.178401873711781 ] ] ] } },
{ "type": "Feature", "properties": { "tilecode": "z5x14y15", "resolution": 5, "center_lat": 5.5892009368558906, "center_lon": -16.875, "cell_width": 1252344.2714243277, "cell_height": 1236200.0081271871, "cell_area": 1543215607369.6492, "cell_perimeter": 4953409.5882973932 }, "geometry": { "type": "Polygon", "coordinates": [ [ [ -22.5, 0.0 ], [ -11.25, 0.0 ], [ -11.25, 11.178401873711781 ], [ -22.5, 11.178401873711781 ], [ -22.5, 0.0 ] ] ] } },
{ "type": "Feature", "properties": { "tilecode": "z5x14y16", "resolution": 5, "center_lat": -5.5892009368558906, "center_lon": -16.875, "cell_width": 1228665.3006186907, "cell_height": 1236200.0081271871, "cell_area": 1543215607369.6492, "cell_perimeter": 4953409.5882973932 }, "geometry": { "type": "Polygon", "coordinates": [ [ [ -22.5, -11.178401873711781 ], [ -11.25, -11.178401873711781 ], [ -11.25, 0.0 ], [ -22.5, 0.0 ], [ -22.5, -11.178401873711781 ] ] ] } },
{ "type": "Feature", "properties": { "tilecode": "z5x14y17", "resolution": 5, "center_lat": -16.560723703574979, "center_lon": -16.875, "cell_width": 1161900.9357158756, "cell_height": 1191293.9078964787, "cell_area": 1431788580865.3503, "cell_perimeter": 4773154.0521275233 }, "geometry": { "type": "Polygon", "coordinates": [ [ [ -22.5, -21.943045533438177 ], [ -11.25, -21.943045533438177 ], [ -11.25, -11.178401873711781 ], [ -22.5, -11.178401873711781 ], [ -22.5, -21.943045533438177 ] ] ] } },
{ "type": "Feature", "properties": { "tilecode": "z5x14y18", "resolution": 5, "center_lat": -26.947603885731574, "center_lon": -16.875, "cell_width": 1063119.6372028978, "cell_height": 1109053.9614562085, "cell_area": 1238910794109.9292, "cell_perimeter": 4443128.4958311906 }, "geometry": { "type": "Polygon", "coordinates": [ [ [ -22.5, -31.952162238024968 ], [ -11.25, -31.952162238024968 ], [ -11.25, -21.943045533438177 ], [ -22.5, -21.943045533438177 ], [ -22.5, -31.952162238024968 ] ] ] } },
{ "type": "Feature", "properties": { "tilecode": "z5x14y19", "resolution": 5, "center_lat": -36.466030153822544, "center_lon": -16.875, "cell_width": 946152.93326944625, "cell_height": 1001793.0197306408, "cell_area": 1008900467966.7783, "cell_perimeter": 4012858.6099336259 }, "geometry": { "type": "Polygon", "coordinates": [ [ [ -22.5, -40.979898069620127 ], [ -11.25, -40.979898069620127 ], [ -11.25, -31.952162238024968 ], [ -22.5, -31.952162238024968 ], [ -22.5, -40.979898069620127 ] ] ] } },
{ "type": "Feature", "properties": { "tilecode": "z5x14y20", "resolution": 5, "center_lat": -44.95119866668918, "center_lon": -16.875, "cell_width": 823705.47975019796, "cell_height": 882667.95666176802, "cell_area": 781726960961.31055, "cell_perimeter": 3535194.3263431801 }, "geometry": { "type": "Polygon", "coordinates": [ [ [ -22.5, -48.92249926375824 ], [ -11.25, -48.92249926375824 ], [ -11.25, -40.979898069620127 ], [ -22.5, -40.979898069620127 ], [ -22.5, -48.92249926375824 ] ] ] } },
{ "type": "Feature", "properties": { "tilecode": "z5x14y21", "resolution": 5, "center_lat": -52.349536141212965, "center_lon": -16.875, "cell_width": 705186.72066214541, "cell_height": 762677.84409848822, "cell_area": 582657894317.77637, "cell_perimeter": 3054247.8886093199 }, "geometry": { "type": "Polygon", "coordinates": [ [ [ -22.5, -55.776573018667698 ], [ -11.25, -55.776573018667698 ], [ -11.25, -48.92249926375824 ], [ -22.5, -48.92249926375824 ], [ -22.5, -55.776573018667698 ] ] ] } },
{ "type": "Feature", "properties": { "tilecode": "z5x14y22", "resolution": 5, "center_lat": -58.691484695026986, "center_lon": -16.875, "cell_width": 596328.26003255299, "cell_height": 649380.10464495013, "cell_area": 421832873365.11719, "cell_perimeter": 2600275.1899845987 }, "geometry": { "type": "Polygon", "coordinates": [ [ [ -22.5, -61.606396371386268 ], [ -11.25, -61.606396371386268 ], [ -11.25, -55.776573018667698 ], [ -22.5, -55.776573018667698 ], [ -22.5, -61.606396371386268 ] ] ] } },
{ "type": "Feature", "properties": { "tilecode": "z5x14y23", "resolution": 5, "center_lat": -64.059828407249057, "center_lon": -16.875, "cell_width": 499840.06041197834, "cell_height": 547006.64910479658, "cell_area": 299004638547.62012, "cell_perimeter": 2190181.6186541244 }, "geometry": { "type": "Polygon", "coordinates": [ [ [ -22.5, -66.513260443111861 ], [ -11.25, -66.513260443111861 ], [ -11.25, -61.606396371386268 ], [ -22.5, -61.606396371386268 ], [ -22.5, -66.513260443111861 ] ] ] } },
{ "type": "Feature", "properties": { "tilecode": "z5x14y24", "resolution": 5, "center_lat": -68.562937340565554, "center_lon": -16.875, "cell_width": 416367.74655973469, "cell_height": 457254.11326378735, "cell_area": 208774564158.09766, "cell_perimeter": 1830716.0334992877 }, "geometry": { "type": "Polygon", "coordinates": [ [ [ -22.5, -70.612614238019248 ], [ -11.25, -70.612614238019248 ], [ -11.25, -66.513260443111861 ], [ -22.5, -66.513260443111861 ], [ -22.5, -70.612614238019248 ] ] ] } },
{ "type": "Feature", "properties": { "tilecode": "z5x14y25", "resolution": 5, "center_lat": -72.316078774760754, "center_lon": -16.875, "cell_width": 345340.39321398037, "cell_height": 380177.85463522567, "cell_area": 144244649467.35156, "cell_perimeter": 1522063.8490441665 }, "geometry": { "type": "Polygon", "coordinates": [ [ [ -22.5, -74.019543311502261 ], [ -11.25, -74.019543311502261 ], [ -11.25, -70.612614238019248 ], [ -22.5, -70.612614238019248 ], [ -22.5, -74.019543311502261 ] ] ] } },
{ "type": "Feature", "properties": { "tilecode": "z5x14y26", "resolution": 5, "center_lat": -75.430179862966611, "center_lon": -16.875, "cell_width": 285578.90577750694, "cell_height": 314917.17448925663, "cell_area": 98935667800.386719, "cell_perimeter": 1260753.6479700005 }, "geometry": { "type": "Polygon", "coordinates": [ [ [ -22.5, -76.840816414430975 ], [ -11.25, -76.840816414430975 ], [ -11.25, -74.019543311502261 ], [ -22.5, -74.019543311502261 ], [ -22.5, -76.840816414430975 ] ] ] } },
{ "type": "Feature", "properties": { "tilecode": "z5x14y27", "resolution": 5, "center_lat": -78.006075527625214, "center_lon": -16.875, "cell_width": 235679.10278705135, "cell_height": 260190.92729335208, "cell_area": 67519540387.077148, "cell_perimeter": 1041639.8631512625 }, "geometry": { "type": "Polygon", "coordinates": [ [ [ -22.5, -79.171334640819452 ], [ -11.25, -79.171334640819452 ], [ -11.25, -76.840816414430975 ], [ -22.5, -76.840816414430975 ], [ -22.5, -79.171334640819452 ] ] ] } },
{ "type": "Feature", "properties": { "tilecode": "z5x14y28", "resolution": 5, "center_lat": -80.132274246713919, "center_lon": -16.875, "cell_width": 194228.89232904164, "cell_height": 214598.42880588266, "cell_area": 45921829864.564453, "cell_perimeter": 859104.85272785835 }, "geometry": { "type": "Polygon", "coordinates": [ [ [ -22.5, -81.093213852608386 ], [ -11.25, -81.093213852608386 ], [ -11.25, -79.171334640819452 ], [ -22.5, -79.171334640819452 ], [ -22.5, -81.093213852608386 ] ] ] } },
{ "type": "Feature", "properties": { "tilecode": "z5x14y29", "resolution": 5, "center_lat": -81.884749415478709, "center_lon": -16.875, "cell_width": 159918.04297982904, "cell_height": 176783.79025463015, "cell_area": 31159964055.347656, "cell_perimeter": 707714.51581813092 }, "geometry": { "type": "Polygon", "coordinates": [ [ [ -22.5, -82.676284978349031 ], [ -11.25, -82.676284978349031 ], [ -11.25, -81.093213852608386 ], [ -22.5, -81.093213852608386 ], [ -22.5, -82.676284978349031 ] ] ] } },
{ "type": "Feature", "properties": { "tilecode": "z5x14y30", "resolution": 5, "center_lat": -83.327772238605547, "center_lon": -16.875, "cell_width": 131584.18496449364, "cell_height": 145514.4883510592, "cell_area": 21109976338.21875, "cell_perimeter": 582531.20464644115 }, "geometry": { "type": "Polygon", "coordinates": [ [ [ -22.5, -83.979259498862049 ], [ -11.25, -83.979259498862049 ], [ -11.25, -82.676284978349031 ], [ -22.5, -82.676284978349031 ], [ -22.5, -83.979259498862049 ] ] ] } },
{ "type": "Feature", "properties": { "tilecode": "z5x14y31", "resolution": 5, "center_lat": -84.515194139334326, "center_lon": -16.875, "cell_width": 108223.62660486477, "cell_height": 119710.25468782624, "cell_area": 14286077469.145508, "cell_perimeter": 479228.32094501087 }, "geometry": { "type": "Polygon", "coordinates": [ [ [ -22.5, -85.051128779806604 ], [ -11.25, -85.051128779806604 ], [ -11.25, -83.979259498862049 ], [ -22.5, -83.979259498862049 ], [ -22.5, -85.051128779806604 ] ] ] } },
{ "type": "Feature", "properties": { "tilecode": "z5x15y0", "resolution": 5, "center_lat": 84.515194139334326, "center_lon": -5.625, "cell_width": 131584.18496449364, "cell_height": 119710.25468782624, "cell_area": 14286077469.145508, "cell_perimeter": 479228.32094501087 }, "geometry": { "type": "Polygon", "coordinates": [ [ [ -11.25, 83.979259498862049 ], [ 0.0, 83.979259498862049 ], [ 0.0, 85.051128779806604 ], [ -11.25, 85.051128779806604 ], [ -11.25, 83.979259498862049 ] ] ] } },
{ "type": "Feature", "properties": { "tilecode": "z5x15y1", "resolution": 5, "center_lat": 83.327772238605547, "center_lon": -5.625, "cell_width": 159918.04297982904, "cell_height": 145514.4883510592, "cell_area": 21109976338.21875, "cell_perimeter": 582531.20464644115 }, "geometry": { "type": "Polygon", "coordinates": [ [ [ -11.25, 82.676284978349031 ], [ 0.0, 82.676284978349031 ], [ 0.0, 83.979259498862049 ], [ -11.25, 83.979259498862049 ], [ -11.25, 82.676284978349031 ] ] ] } },
{ "type": "Feature", "properties": { "tilecode": "z5x15y2", "resolution": 5, "center_lat": 81.884749415478709, "center_lon": -5.625, "cell_width": 194228.89232904164, "cell_height": 176783.79025463015, "cell_area": 31159964055.347656, "cell_perimeter": 707714.51581813092 }, "geometry": { "type": "Polygon", "coordinates": [ [ [ -11.25, 81.093213852608386 ], [ 0.0, 81.093213852608386 ], [ 0.0, 82.676284978349031 ], [ -11.25, 82.676284978349031 ], [ -11.25, 81.093213852608386 ] ] ] } },
{ "type": "Feature", "properties": { "tilecode": "z5x15y3", "resolution": 5, "center_lat": 80.132274246713919, "center_lon": -5.625, "cell_width": 235679.10278705135, "cell_height": 214598.42880588266, "cell_area": 45921829864.564453, "cell_perimeter": 859104.85272785835 }, "geometry": { "type": "Polygon", "coordinates": [ [ [ -11.25, 79.171334640819452 ], [ 0.0, 79.171334640819452 ], [ 0.0, 81.093213852608386 ], [ -11.25, 81.093213852608386 ], [ -11.25, 79.171334640819452 ] ] ] } },
{ "type": "Feature", "properties": { "tilecode": "z5x15y4", "resolution": 5, "center_lat": 78.006075527625214, "center_lon": -5.625, "cell_width": 285578.90577750694, "cell_height": 260190.92729335208, "cell_area": 67519540387.077148, "cell_perimeter": 1041639.8631512625 }, "geometry": { "type": "Polygon", "coordinates": [ [ [ -11.25, 76.840816414430975 ], [ 0.0, 76.840816414430975 ], [ 0.0, 79.171334640819452 ], [ -11.25, 79.171334640819452 ], [ -11.25, 76.840816414430975 ] ] ] } },
{ "type": "Feature", "properties": { "tilecode": "z5x15y5", "resolution": 5, "center_lat": 75.430179862966611, "center_lon": -5.625, "cell_width": 345340.39321398037, "cell_height": 314917.17448925663, "cell_area": 98935667800.386719, "cell_perimeter": 1260753.6479700005 }, "geometry": { "type": "Polygon", "coordinates": [ [ [ -11.25, 74.019543311502261 ], [ 0.0, 74.019543311502261 ], [ 0.0, 76.840816414430975 ], [ -11.25, 76.840816414430975 ], [ -11.25, 74.019543311502261 ] ] ] } },
{ "type": "Feature", "properties": { "tilecode": "z5x15y6", "resolution": 5, "center_lat": 72.316078774760754, "center_lon": -5.625, "cell_width": 416367.74655973469, "cell_height": 380177.85463522567, "cell_area": 144244649467.35156, "cell_perimeter": 1522063.8490441665 }, "geometry": { "type": "Polygon", "coordinates": [ [ [ -11.25, 70.612614238019248 ], [ 0.0, 70.612614238019248 ], [ 0.0, 74.019543311502261 ], [ -11.25, 74.019543311502261 ], [ -11.25, 70.612614238019248 ] ] ] } },
{ "type": "Feature", "properties": { "tilecode": "z5x15y7", "resolution": 5, "center_lat": 68.562937340565554, "center_lon": -5.625, "cell_width": 499840.06041197834, "cell_height": 457254.11326378735, "cell_area": 208774564158.09766, "cell_perimeter": 1830716.0334992877 }, "geometry": { "type": "Polygon", "coordinates": [ [ [ -11.25, 66.513260443111861 ], [ 0.0, 66.513260443111861 ], [ 0.0, 70.612614238019248 ], [ -11.25, 70.612614238019248 ], [ -11.25, 66.513260443111861 ] ] ] } },
{ "type": "Feature", "properties": { "tilecode": "z5x15y8", "resolution": 5, "center_lat": 64.059828407249057, "center_lon": -5.625, "cell_width": 596328.26003255299, "cell_height": 547006.64910479658, "cell_area": 299004638547.62012, "cell_perimeter": 2190181.6186541244 }, "geometry": { "type": "Polygon", "coordinates": [ [ [ -11.25, 61.606396371386268 ], [ 0.0, 61.606396371386268 ], [ 0.0, 66.513260443111861 ], [ -11.25, 66.513260443111861 ], [ -11.25, 61.606396371386268 ] ] ] } },
{ "type": "Feature", "properties": { "tilecode": "z5x15y9", "resolution": 5, "center_lat": 58.691484695026986, "center_lon": -5.625, "cell_width": 705186.72066214541, "cell_height": 649380.10464495013, "cell_area": 421832873365.11719, "cell_perimeter": 2600275.1899845987 }, "geometry": { "type": "Polygon", "coordinates": [ [ [ -11.25, 55.776573018667698 ], [ 0.0, 55.776573018667698 ], [ 0.0, 61.606396371386268 ], [ -11.25, 61.606396371386268 ], [ -11.25, 55.776573018667698 ] ] ] } },
{ "type": "Feature", "properties": { "tilecode": "z5x15y10", "resolution": 5, "center_lat": 52.349536141212965, "center_lon": -5.625, "cell_width": 823705.47975019796, "cell_height": 762677.84409848822, "cell_area": 582657894317.77637, "cell_perimeter": 3054247.8886093199 }, "geometry": { "type": "Polygon", "coordinates": [ [ [ -11.25, 48.92249926375824 ], [ 0.0, 48.92249926375824 ], [ 0.0, 55.776573018667698 ], [ -11.25, 55.776573018667698 ], [ -11.25, 48.92249926375824 ] ] ] } },
{ "type": "Feature", "properties": { "tilecode": "z5x15y11", "resolution": 5, "center_lat": 44.95119866668918, "center_lon": -5.625, "cell_width": 946152.93326944625, "cell_height": 882667.95666176802, "cell_area": 781726960961.31055, "cell_perimeter": 3535194.3263431801 }, "geometry": { "type": "Polygon", "coordinates": [ [ [ -11.25, 40.979898069620127 ], [ 0.0, 40.979898069620127 ], [ 0.0, 48.92249926375824 ], [ -11.25, 48.92249926375824 ], [ -11.25, 40.979898069620127 ] ] ] } },
{ "type": "Feature", "properties": { "tilecode": "z5x15y12", "resolution": 5, "center_lat": 36.466030153822544, "center_lon": -5.625, "cell_width": 1063119.6372028978, "cell_height": 1001793.0197306408, "cell_area": 1008900467966.7783, "cell_perimeter": 4012858.6099336259 }, "geometry": { "type": "Polygon", "coordinates": [ [ [ -11.25, 31.952162238024968 ], [ 0.0, 31.952162238024968 ], [ 0.0, 40.979898069620127 ], [ -11.25, 40.979898069620127 ], [ -11.25, 31.952162238024968 ] ] ] } },
{ "type": "Feature", "properties": { "tilecode": "z5x15y13", "resolution": 5, "center_lat": 26.947603885731574, "center_lon": -5.625, "cell_width": 1161900.9357158756, "cell_height": 1109053.9614562085, "cell_area": 1238910794109.9292, "cell_perimeter": 4443128.4958311906 }, "geometry": { "type": "Polygon", "coordinates": [ [ [ -11.25, 21.943045533438177 ], [ 0.0, 21.943045533438177 ], [ 0.0, 31.952162238024968 ], [ -11.25, 31.952162238024968 ], [ -11.25, 21.943045533438177 ] ] ] } },
{ "type": "Feature", "properties": { "tilecode": "z5x15y14", "resolution": 5, "center_lat": 16.560723703574979, "center_lon": -5.625, "cell_width": 1228665.3006186907, "cell_height": 1191293.9078964787, "cell_area": 1431788580865.3503, "cell_perimeter": 4773154.0521275233 }, "geometry": { "type": "Polygon", "coordinates": [ [ [ -11.25, 11.178401873711781 ], [ 0.0, 11.178401873711781 ], [ 0.0, 21.943045533438177 ], [ -11.25, 21.943045533438177 ], [ -11.25, 11.178401873711781 ] ] ] } },
{ "type": "Feature", "properties": { "tilecode": "z5x15y15", "resolution": 5, "center_lat": 5.5892009368558906, "center_lon": -5.625, "cell_width": 1252344.2714243277, "cell_height": 1236200.0081271871, "cell_area": 1543215607369.6492, "cell_perimeter": 4953409.5882973932 }, "geometry": { "type": "Polygon", "coordinates": [ [ [ -11.25, 0.0 ], [ 0.0, 0.0 ], [ 0.0, 11.178401873711781 ], [ -11.25, 11.178401873711781 ], [ -11.25, 0.0 ] ] ] } },
{ "type": "Feature", "properties": { "tilecode": "z5x15y16", "resolution": 5, "center_lat": -5.5892009368558906, "center_lon": -5.625, "cell_width": 1228665.3006186907, "cell_height": 1236200.0081271871, "cell_area": 1543215607369.6492, "cell_perimeter": 4953409.5882973932 }, "geometry": { "type": "Polygon", "coordinates": [ [ [ -11.25, -11.178401873711781 ], [ 0.0, -11.178401873711781 ], [ 0.0, 0.0 ], [ -11.25, 0.0 ], [ -11.25, -11.178401873711781 ] ] ] } },
{ "type": "Feature", "properties": { "tilecode": "z5x15y17", "resolution": 5, "center_lat": -16.560723703574979, "center_lon": -5.625, "cell_width": 1161900.9357158756, "cell_height": 1191293.9078964787, "cell_area": 1431788580865.3503, "cell_perimeter": 4773154.0521275233 }, "geometry": { "type": "Polygon", "coordinates": [ [ [ -11.25, -21.943045533438177 ], [ 0.0, -21.943045533438177 ], [ 0.0, -11.178401873711781 ], [ -11.25, -11.178401873711781 ], [ -11.25, -21.943045533438177 ] ] ] } },
{ "type": "Feature", "properties": { "tilecode": "z5x15y18", "resolution": 5, "center_lat": -26.947603885731574, "center_lon": -5.625, "cell_width": 1063119.6372028978, "cell_height": 1109053.9614562085, "cell_area": 1238910794109.9292, "cell_perimeter": 4443128.4958311906 }, "geometry": { "type": "Polygon", "coordinates": [ [ [ -11.25, -31.952162238024968 ], [ 0.0, -31.952162238024968 ], [ 0.0, -21.943045533438177 ], [ -11.25, -21.943045533438177 ], [ -11.25, -31.952162238024968 ] ] ] } },
{ "type": "Feature", "properties": { "tilecode": "z5x15y19", "resolution": 5, "center_lat": -36.466030153822544, "center_lon": -5.625, "cell_width": 946152.93326944625, "cell_height": 1001793.0197306408, "cell_area": 1008900467966.7783, "cell_perimeter": 4012858.6099336259 }, "geometry": { "type": "Polygon", "coordinates": [ [ [ -11.25, -40.979898069620127 ], [ 0.0, -40.979898069620127 ], [ 0.0, -31.952162238024968 ], [ -11.25, -31.952162238024968 ], [ -11.25, -40.979898069620127 ] ] ] } },
{ "type": "Feature", "properties": { "tilecode": "z5x15y20", "resolution": 5, "center_lat": -44.95119866668918, "center_lon": -5.625, "cell_width": 823705.47975019796, "cell_height": 882667.95666176802, "cell_area": 781726960961.31055, "cell_perimeter": 3535194.3263431801 }, "geometry": { "type": "Polygon", "coordinates": [ [ [ -11.25, -48.92249926375824 ], [ 0.0, -48.92249926375824 ], [ 0.0, -40.979898069620127 ], [ -11.25, -40.979898069620127 ], [ -11.25, -48.92249926375824 ] ] ] } },
{ "type": "Feature", "properties": { "tilecode": "z5x15y21", "resolution": 5, "center_lat": -52.349536141212965, "center_lon": -5.625, "cell_width": 705186.72066214541, "cell_height": 762677.84409848822, "cell_area": 582657894317.77637, "cell_perimeter": 3054247.8886093199 }, "geometry": { "type": "Polygon", "coordinates": [ [ [ -11.25, -55.776573018667698 ], [ 0.0, -55.776573018667698 ], [ 0.0, -48.92249926375824 ], [ -11.25, -48.92249926375824 ], [ -11.25, -55.776573018667698 ] ] ] } },
{ "type": "Feature", "properties": { "tilecode": "z5x15y22", "resolution": 5, "center_lat": -58.691484695026986, "center_lon": -5.625, "cell_width": 596328.26003255299, "cell_height": 649380.10464495013, "cell_area": 421832873365.11719, "cell_perimeter": 2600275.1899845987 }, "geometry": { "type": "Polygon", "coordinates": [ [ [ -11.25, -61.606396371386268 ], [ 0.0, -61.606396371386268 ], [ 0.0, -55.776573018667698 ], [ -11.25, -55.776573018667698 ], [ -11.25, -61.606396371386268 ] ] ] } },
{ "type": "Feature", "properties": { "tilecode": "z5x15y23", "resolution": 5, "center_lat": -64.059828407249057, "center_lon": -5.625, "cell_width": 499840.06041197834, "cell_height": 547006.64910479658, "cell_area": 299004638547.62012, "cell_perimeter": 2190181.6186541244 }, "geometry": { "type": "Polygon", "coordinates": [ [ [ -11.25, -66.513260443111861 ], [ 0.0, -66.513260443111861 ], [ 0.0, -61.606396371386268 ], [ -11.25, -61.606396371386268 ], [ -11.25, -66.513260443111861 ] ] ] } },
{ "type": "Feature", "properties": { "tilecode": "z5x15y24", "resolution": 5, "center_lat": -68.562937340565554, "center_lon": -5.625, "cell_width": 416367.74655973469, "cell_height": 457254.11326378735, "cell_area": 208774564158.09766, "cell_perimeter": 1830716.0334992877 }, "geometry": { "type": "Polygon", "coordinates": [ [ [ -11.25, -70.612614238019248 ], [ 0.0, -70.612614238019248 ], [ 0.0, -66.513260443111861 ], [ -11.25, -66.513260443111861 ], [ -11.25, -70.612614238019248 ] ] ] } },
{ "type": "Feature", "properties": { "tilecode": "z5x15y25", "resolution": 5, "center_lat": -72.316078774760754, "center_lon": -5.625, "cell_width": 345340.39321398037, "cell_height": 380177.85463522567, "cell_area": 144244649467.35156, "cell_perimeter": 1522063.8490441665 }, "geometry": { "type": "Polygon", "coordinates": [ [ [ -11.25, -74.019543311502261 ], [ 0.0, -74.019543311502261 ], [ 0.0, -70.612614238019248 ], [ -11.25, -70.612614238019248 ], [ -11.25, -74.019543311502261 ] ] ] } },
{ "type": "Feature", "properties": { "tilecode": "z5x15y26", "resolution": 5, "center_lat": -75.430179862966611, "center_lon": -5.625, "cell_width": 285578.90577750694, "cell_height": 314917.17448925663, "cell_area": 98935667800.386719, "cell_perimeter": 1260753.6479700005 }, "geometry": { "type": "Polygon", "coordinates": [ [ [ -11.25, -76.840816414430975 ], [ 0.0, -76.840816414430975 ], [ 0.0, -74.019543311502261 ], [ -11.25, -74.019543311502261 ], [ -11.25, -76.840816414430975 ] ] ] } },
{ "type": "Feature", "properties": { "tilecode": "z5x15y27", "resolution": 5, "center_lat": -78.006075527625214, "center_lon": -5.625, "cell_width": 235679.10278705135, "cell_height": 260190.92729335208, "cell_area": 67519540387.077148, "cell_perimeter": 1041639.8631512625 }, "geometry": { "type": "Polygon", "coordinates": [ [ [ -11.25, -79.171334640819452 ], [ 0.0, -79.171334640819452 ], [ 0.0, -76.840816414430975 ], [ -11.25, -76.840816414430975 ], [ -11.25, -79.171334640819452 ] ] ] } },
{ "type": "Feature", "properties": { "tilecode": "z5x15y28", "resolution": 5, "center_lat": -80.132274246713919, "center_lon": -5.625, "cell_width": 194228.89232904164, "cell_height": 214598.42880588266, "cell_area": 45921829864.564453, "cell_perimeter": 859104.85272785835 }, "geometry": { "type": "Polygon", "coordinates": [ [ [ -11.25, -81.093213852608386 ], [ 0.0, -81.093213852608386 ], [ 0.0, -79.171334640819452 ], [ -11.25, -79.171334640819452 ], [ -11.25, -81.093213852608386 ] ] ] } },
{ "type": "Feature", "properties": { "tilecode": "z5x15y29", "resolution": 5, "center_lat": -81.884749415478709, "center_lon": -5.625, "cell_width": 159918.04297982904, "cell_height": 176783.79025463015, "cell_area": 31159964055.347656, "cell_perimeter": 707714.51581813092 }, "geometry": { "type": "Polygon", "coordinates": [ [ [ -11.25, -82.676284978349031 ], [ 0.0, -82.676284978349031 ], [ 0.0, -81.093213852608386 ], [ -11.25, -81.093213852608386 ], [ -11.25, -82.676284978349031 ] ] ] } },
{ "type": "Feature", "properties": { "tilecode": "z5x15y30", "resolution": 5, "center_lat": -83.327772238605547, "center_lon": -5.625, "cell_width": 131584.18496449364, "cell_height": 145514.4883510592, "cell_area": 21109976338.21875, "cell_perimeter": 582531.20464644115 }, "geometry": { "type": "Polygon", "coordinates": [ [ [ -11.25, -83.979259498862049 ], [ 0.0, -83.979259498862049 ], [ 0.0, -82.676284978349031 ], [ -11.25, -82.676284978349031 ], [ -11.25, -83.979259498862049 ] ] ] } },
{ "type": "Feature", "properties": { "tilecode": "z5x15y31", "resolution": 5, "center_lat": -84.515194139334326, "center_lon": -5.625, "cell_width": 108223.62660486477, "cell_height": 119710.25468782624, "cell_area": 14286077469.145508, "cell_perimeter": 479228.32094501087 }, "geometry": { "type": "Polygon", "coordinates": [ [ [ -11.25, -85.051128779806604 ], [ 0.0, -85.051128779806604 ], [ 0.0, -83.979259498862049 ], [ -11.25, -83.979259498862049 ], [ -11.25, -85.051128779806604 ] ] ] } },
{ "type": "Feature", "properties": { "tilecode": "z5x16y0", "resolution": 5, "center_lat": 84.515194139334326, "center_lon": 5.625, "cell_width": 131584.18496449364, "cell_height": 119710.25468782624, "cell_area": 14286077469.145508, "cell_perimeter": 479228.32094501087 }, "geometry": { "type": "Polygon", "coordinates": [ [ [ 0.0, 83.979259498862049 ], [ 11.25, 83.979259498862049 ], [ 11.25, 85.051128779806604 ], [ 0.0, 85.051128779806604 ], [ 0.0, 83.979259498862049 ] ] ] } },
{ "type": "Feature", "properties": { "tilecode": "z5x16y1", "resolution": 5, "center_lat": 83.327772238605547, "center_lon": 5.625, "cell_width": 159918.04297982904, "cell_height": 145514.4883510592, "cell_area": 21109976338.21875, "cell_perimeter": 582531.20464644115 }, "geometry": { "type": "Polygon", "coordinates": [ [ [ 0.0, 82.676284978349031 ], [ 11.25, 82.676284978349031 ], [ 11.25, 83.979259498862049 ], [ 0.0, 83.979259498862049 ], [ 0.0, 82.676284978349031 ] ] ] } },
{ "type": "Feature", "properties": { "tilecode": "z5x16y2", "resolution": 5, "center_lat": 81.884749415478709, "center_lon": 5.625, "cell_width": 194228.89232904164, "cell_height": 176783.79025463015, "cell_area": 31159964055.347656, "cell_perimeter": 707714.51581813092 }, "geometry": { "type": "Polygon", "coordinates": [ [ [ 0.0, 81.093213852608386 ], [ 11.25, 81.093213852608386 ], [ 11.25, 82.676284978349031 ], [ 0.0, 82.676284978349031 ], [ 0.0, 81.093213852608386 ] ] ] } },
{ "type": "Feature", "properties": { "tilecode": "z5x16y3", "resolution": 5, "center_lat": 80.132274246713919, "center_lon": 5.625, "cell_width": 235679.10278705135, "cell_height": 214598.42880588266, "cell_area": 45921829864.564453, "cell_perimeter": 859104.85272785835 }, "geometry": { "type": "Polygon", "coordinates": [ [ [ 0.0, 79.171334640819452 ], [ 11.25, 79.171334640819452 ], [ 11.25, 81.093213852608386 ], [ 0.0, 81.093213852608386 ], [ 0.0, 79.171334640819452 ] ] ] } },
{ "type": "Feature", "properties": { "tilecode": "z5x16y4", "resolution": 5, "center_lat": 78.006075527625214, "center_lon": 5.625, "cell_width": 285578.90577750694, "cell_height": 260190.92729335208, "cell_area": 67519540387.077148, "cell_perimeter": 1041639.8631512625 }, "geometry": { "type": "Polygon", "coordinates": [ [ [ 0.0, 76.840816414430975 ], [ 11.25, 76.840816414430975 ], [ 11.25, 79.171334640819452 ], [ 0.0, 79.171334640819452 ], [ 0.0, 76.840816414430975 ] ] ] } },
{ "type": "Feature", "properties": { "tilecode": "z5x16y5", "resolution": 5, "center_lat": 75.430179862966611, "center_lon": 5.625, "cell_width": 345340.39321398037, "cell_height": 314917.17448925663, "cell_area": 98935667800.386719, "cell_perimeter": 1260753.6479700005 }, "geometry": { "type": "Polygon", "coordinates": [ [ [ 0.0, 74.019543311502261 ], [ 11.25, 74.019543311502261 ], [ 11.25, 76.840816414430975 ], [ 0.0, 76.840816414430975 ], [ 0.0, 74.019543311502261 ] ] ] } },
{ "type": "Feature", "properties": { "tilecode": "z5x16y6", "resolution": 5, "center_lat": 72.316078774760754, "center_lon": 5.625, "cell_width": 416367.74655973469, "cell_height": 380177.85463522567, "cell_area": 144244649467.35156, "cell_perimeter": 1522063.8490441665 }, "geometry": { "type": "Polygon", "coordinates": [ [ [ 0.0, 70.612614238019248 ], [ 11.25, 70.612614238019248 ], [ 11.25, 74.019543311502261 ], [ 0.0, 74.019543311502261 ], [ 0.0, 70.612614238019248 ] ] ] } },
{ "type": "Feature", "properties": { "tilecode": "z5x16y7", "resolution": 5, "center_lat": 68.562937340565554, "center_lon": 5.625, "cell_width": 499840.06041197834, "cell_height": 457254.11326378735, "cell_area": 208774564158.09766, "cell_perimeter": 1830716.0334992877 }, "geometry": { "type": "Polygon", "coordinates": [ [ [ 0.0, 66.513260443111861 ], [ 11.25, 66.513260443111861 ], [ 11.25, 70.612614238019248 ], [ 0.0, 70.612614238019248 ], [ 0.0, 66.513260443111861 ] ] ] } },
{ "type": "Feature", "properties": { "tilecode": "z5x16y8", "resolution": 5, "center_lat": 64.059828407249057, "center_lon": 5.625, "cell_width": 596328.26003255299, "cell_height": 547006.64910479658, "cell_area": 299004638547.62012, "cell_perimeter": 2190181.6186541244 }, "geometry": { "type": "Polygon", "coordinates": [ [ [ 0.0, 61.606396371386268 ], [ 11.25, 61.606396371386268 ], [ 11.25, 66.513260443111861 ], [ 0.0, 66.513260443111861 ], [ 0.0, 61.606396371386268 ] ] ] } },
{ "type": "Feature", "properties": { "tilecode": "z5x16y9", "resolution": 5, "center_lat": 58.691484695026986, "center_lon": 5.625, "cell_width": 705186.72066214541, "cell_height": 649380.10464495013, "cell_area": 421832873365.11719, "cell_perimeter": 2600275.1899845987 }, "geometry": { "type": "Polygon", "coordinates": [ [ [ 0.0, 55.776573018667698 ], [ 11.25, 55.776573018667698 ], [ 11.25, 61.606396371386268 ], [ 0.0, 61.606396371386268 ], [ 0.0, 55.776573018667698 ] ] ] } },
{ "type": "Feature", "properties": { "tilecode": "z5x16y10", "resolution": 5, "center_lat": 52.349536141212965, "center_lon": 5.625, "cell_width": 823705.47975019796, "cell_height": 762677.84409848822, "cell_area": 582657894317.77637, "cell_perimeter": 3054247.8886093199 }, "geometry": { "type": "Polygon", "coordinates": [ [ [ 0.0, 48.92249926375824 ], [ 11.25, 48.92249926375824 ], [ 11.25, 55.776573018667698 ], [ 0.0, 55.776573018667698 ], [ 0.0, 48.92249926375824 ] ] ] } },
{ "type": "Feature", "properties": { "tilecode": "z5x16y11", "resolution": 5, "center_lat": 44.95119866668918, "center_lon": 5.625, "cell_width": 946152.93326944625, "cell_height": 882667.95666176802, "cell_area": 781726960961.31055, "cell_perimeter": 3535194.3263431801 }, "geometry": { "type": "Polygon", "coordinates": [ [ [ 0.0, 40.979898069620127 ], [ 11.25, 40.979898069620127 ], [ 11.25, 48.92249926375824 ], [ 0.0, 48.92249926375824 ], [ 0.0, 40.979898069620127 ] ] ] } },
{ "type": "Feature", "properties": { "tilecode": "z5x16y12", "resolution": 5, "center_lat": 36.466030153822544, "center_lon": 5.625, "cell_width": 1063119.6372028978, "cell_height": 1001793.0197306408, "cell_area": 1008900467966.7783, "cell_perimeter": 4012858.6099336259 }, "geometry": { "type": "Polygon", "coordinates": [ [ [ 0.0, 31.952162238024968 ], [ 11.25, 31.952162238024968 ], [ 11.25, 40.979898069620127 ], [ 0.0, 40.979898069620127 ], [ 0.0, 31.952162238024968 ] ] ] } },
{ "type": "Feature", "properties": { "tilecode": "z5x16y13", "resolution": 5, "center_lat": 26.947603885731574, "center_lon": 5.625, "cell_width": 1161900.9357158756, "cell_height": 1109053.9614562085, "cell_area": 1238910794109.9292, "cell_perimeter": 4443128.4958311906 }, "geometry": { "type": "Polygon", "coordinates": [ [ [ 0.0, 21.943045533438177 ], [ 11.25, 21.943045533438177 ], [ 11.25, 31.952162238024968 ], [ 0.0, 31.952162238024968 ], [ 0.0, 21.943045533438177 ] ] ] } },
{ "type": "Feature", "properties": { "tilecode": "z5x16y14", "resolution": 5, "center_lat": 16.560723703574979, "center_lon": 5.625, "cell_width": 1228665.3006186907, "cell_height": 1191293.9078964787, "cell_area": 1431788580865.3503, "cell_perimeter": 4773154.0521275233 }, "geometry": { "type": "Polygon", "coordinates": [ [ [ 0.0, 11.178401873711781 ], [ 11.25, 11.178401873711781 ], [ 11.25, 21.943045533438177 ], [ 0.0, 21.943045533438177 ], [ 0.0, 11.178401873711781 ] ] ] } },
{ "type": "Feature", "properties": { "tilecode": "z5x16y15", "resolution": 5, "center_lat": 5.5892009368558906, "center_lon": 5.625, "cell_width": 1252344.2714243277, "cell_height": 1236200.0081271871, "cell_area": 1543215607369.6492, "cell_perimeter": 4953409.5882973932 }, "geometry": { "type": "Polygon", "coordinates": [ [ [ 0.0, 0.0 ], [ 11.25, 0.0 ], [ 11.25, 11.178401873711781 ], [ 0.0, 11.178401873711781 ], [ 0.0, 0.0 ] ] ] } },
{ "type": "Feature", "properties": { "tilecode": "z5x16y16", "resolution": 5, "center_lat": -5.5892009368558906, "center_lon": 5.625, "cell_width": 1228665.3006186907, "cell_height": 1236200.0081271871, "cell_area": 1543215607369.6492, "cell_perimeter": 4953409.5882973932 }, "geometry": { "type": "Polygon", "coordinates": [ [ [ 0.0, -11.178401873711781 ], [ 11.25, -11.178401873711781 ], [ 11.25, 0.0 ], [ 0.0, 0.0 ], [ 0.0, -11.178401873711781 ] ] ] } },
{ "type": "Feature", "properties": { "tilecode": "z5x16y17", "resolution": 5, "center_lat": -16.560723703574979, "center_lon": 5.625, "cell_width": 1161900.9357158756, "cell_height": 1191293.9078964787, "cell_area": 1431788580865.3503, "cell_perimeter": 4773154.0521275233 }, "geometry": { "type": "Polygon", "coordinates": [ [ [ 0.0, -21.943045533438177 ], [ 11.25, -21.943045533438177 ], [ 11.25, -11.178401873711781 ], [ 0.0, -11.178401873711781 ], [ 0.0, -21.943045533438177 ] ] ] } },
{ "type": "Feature", "properties": { "tilecode": "z5x16y18", "resolution": 5, "center_lat": -26.947603885731574, "center_lon": 5.625, "cell_width": 1063119.6372028978, "cell_height": 1109053.9614562085, "cell_area": 1238910794109.9292, "cell_perimeter": 4443128.4958311906 }, "geometry": { "type": "Polygon", "coordinates": [ [ [ 0.0, -31.952162238024968 ], [ 11.25, -31.952162238024968 ], [ 11.25, -21.943045533438177 ], [ 0.0, -21.943045533438177 ], [ 0.0, -31.952162238024968 ] ] ] } },
{ "type": "Feature", "properties": { "tilecode": "z5x16y19", "resolution": 5, "center_lat": -36.466030153822544, "center_lon": 5.625, "cell_width": 946152.93326944625, "cell_height": 1001793.0197306408, "cell_area": 1008900467966.7783, "cell_perimeter": 4012858.6099336259 }, "geometry": { "type": "Polygon", "coordinates": [ [ [ 0.0, -40.979898069620127 ], [ 11.25, -40.979898069620127 ], [ 11.25, -31.952162238024968 ], [ 0.0, -31.952162238024968 ], [ 0.0, -40.979898069620127 ] ] ] } },
{ "type": "Feature", "properties": { "tilecode": "z5x16y20", "resolution": 5, "center_lat": -44.95119866668918, "center_lon": 5.625, "cell_width": 823705.47975019796, "cell_height": 882667.95666176802, "cell_area": 781726960961.31055, "cell_perimeter": 3535194.3263431801 }, "geometry": { "type": "Polygon", "coordinates": [ [ [ 0.0, -48.92249926375824 ], [ 11.25, -48.92249926375824 ], [ 11.25, -40.979898069620127 ], [ 0.0, -40.979898069620127 ], [ 0.0, -48.92249926375824 ] ] ] } },
{ "type": "Feature", "properties": { "tilecode": "z5x16y21", "resolution": 5, "center_lat": -52.349536141212965, "center_lon": 5.625, "cell_width": 705186.72066214541, "cell_height": 762677.84409848822, "cell_area": 582657894317.77637, "cell_perimeter": 3054247.8886093199 }, "geometry": { "type": "Polygon", "coordinates": [ [ [ 0.0, -55.776573018667698 ], [ 11.25, -55.776573018667698 ], [ 11.25, -48.92249926375824 ], [ 0.0, -48.92249926375824 ], [ 0.0, -55.776573018667698 ] ] ] } },
{ "type": "Feature", "properties": { "tilecode": "z5x16y22", "resolution": 5, "center_lat": -58.691484695026986, "center_lon": 5.625, "cell_width": 596328.26003255299, "cell_height": 649380.10464495013, "cell_area": 421832873365.11719, "cell_perimeter": 2600275.1899845987 }, "geometry": { "type": "Polygon", "coordinates": [ [ [ 0.0, -61.606396371386268 ], [ 11.25, -61.606396371386268 ], [ 11.25, -55.776573018667698 ], [ 0.0, -55.776573018667698 ], [ 0.0, -61.606396371386268 ] ] ] } },
{ "type": "Feature", "properties": { "tilecode": "z5x16y23", "resolution": 5, "center_lat": -64.059828407249057, "center_lon": 5.625, "cell_width": 499840.06041197834, "cell_height": 547006.64910479658, "cell_area": 299004638547.62012, "cell_perimeter": 2190181.6186541244 }, "geometry": { "type": "Polygon", "coordinates": [ [ [ 0.0, -66.513260443111861 ], [ 11.25, -66.513260443111861 ], [ 11.25, -61.606396371386268 ], [ 0.0, -61.606396371386268 ], [ 0.0, -66.513260443111861 ] ] ] } },
{ "type": "Feature", "properties": { "tilecode": "z5x16y24", "resolution": 5, "center_lat": -68.562937340565554, "center_lon": 5.625, "cell_width": 416367.74655973469, "cell_height": 457254.11326378735, "cell_area": 208774564158.09766, "cell_perimeter": 1830716.0334992877 }, "geometry": { "type": "Polygon", "coordinates": [ [ [ 0.0, -70.612614238019248 ], [ 11.25, -70.612614238019248 ], [ 11.25, -66.513260443111861 ], [ 0.0, -66.513260443111861 ], [ 0.0, -70.612614238019248 ] ] ] } },
{ "type": "Feature", "properties": { "tilecode": "z5x16y25", "resolution": 5, "center_lat": -72.316078774760754, "center_lon": 5.625, "cell_width": 345340.39321398037, "cell_height": 380177.85463522567, "cell_area": 144244649467.35156, "cell_perimeter": 1522063.8490441665 }, "geometry": { "type": "Polygon", "coordinates": [ [ [ 0.0, -74.019543311502261 ], [ 11.25, -74.019543311502261 ], [ 11.25, -70.612614238019248 ], [ 0.0, -70.612614238019248 ], [ 0.0, -74.019543311502261 ] ] ] } },
{ "type": "Feature", "properties": { "tilecode": "z5x16y26", "resolution": 5, "center_lat": -75.430179862966611, "center_lon": 5.625, "cell_width": 285578.90577750694, "cell_height": 314917.17448925663, "cell_area": 98935667800.386719, "cell_perimeter": 1260753.6479700005 }, "geometry": { "type": "Polygon", "coordinates": [ [ [ 0.0, -76.840816414430975 ], [ 11.25, -76.840816414430975 ], [ 11.25, -74.019543311502261 ], [ 0.0, -74.019543311502261 ], [ 0.0, -76.840816414430975 ] ] ] } },
{ "type": "Feature", "properties": { "tilecode": "z5x16y27", "resolution": 5, "center_lat": -78.006075527625214, "center_lon": 5.625, "cell_width": 235679.10278705135, "cell_height": 260190.92729335208, "cell_area": 67519540387.077148, "cell_perimeter": 1041639.8631512625 }, "geometry": { "type": "Polygon", "coordinates": [ [ [ 0.0, -79.171334640819452 ], [ 11.25, -79.171334640819452 ], [ 11.25, -76.840816414430975 ], [ 0.0, -76.840816414430975 ], [ 0.0, -79.171334640819452 ] ] ] } },
{ "type": "Feature", "properties": { "tilecode": "z5x16y28", "resolution": 5, "center_lat": -80.132274246713919, "center_lon": 5.625, "cell_width": 194228.89232904164, "cell_height": 214598.42880588266, "cell_area": 45921829864.564453, "cell_perimeter": 859104.85272785835 }, "geometry": { "type": "Polygon", "coordinates": [ [ [ 0.0, -81.093213852608386 ], [ 11.25, -81.093213852608386 ], [ 11.25, -79.171334640819452 ], [ 0.0, -79.171334640819452 ], [ 0.0, -81.093213852608386 ] ] ] } },
{ "type": "Feature", "properties": { "tilecode": "z5x16y29", "resolution": 5, "center_lat": -81.884749415478709, "center_lon": 5.625, "cell_width": 159918.04297982904, "cell_height": 176783.79025463015, "cell_area": 31159964055.347656, "cell_perimeter": 707714.51581813092 }, "geometry": { "type": "Polygon", "coordinates": [ [ [ 0.0, -82.676284978349031 ], [ 11.25, -82.676284978349031 ], [ 11.25, -81.093213852608386 ], [ 0.0, -81.093213852608386 ], [ 0.0, -82.676284978349031 ] ] ] } },
{ "type": "Feature", "properties": { "tilecode": "z5x16y30", "resolution": 5, "center_lat": -83.327772238605547, "center_lon": 5.625, "cell_width": 131584.18496449364, "cell_height": 145514.4883510592, "cell_area": 21109976338.21875, "cell_perimeter": 582531.20464644115 }, "geometry": { "type": "Polygon", "coordinates": [ [ [ 0.0, -83.979259498862049 ], [ 11.25, -83.979259498862049 ], [ 11.25, -82.676284978349031 ], [ 0.0, -82.676284978349031 ], [ 0.0, -83.979259498862049 ] ] ] } },
{ "type": "Feature", "properties": { "tilecode": "z5x16y31", "resolution": 5, "center_lat": -84.515194139334326, "center_lon": 5.625, "cell_width": 108223.62660486477, "cell_height": 119710.25468782624, "cell_area": 14286077469.145508, "cell_perimeter": 479228.32094501087 }, "geometry": { "type": "Polygon", "coordinates": [ [ [ 0.0, -85.051128779806604 ], [ 11.25, -85.051128779806604 ], [ 11.25, -83.979259498862049 ], [ 0.0, -83.979259498862049 ], [ 0.0, -85.051128779806604 ] ] ] } },
{ "type": "Feature", "properties": { "tilecode": "z5x17y0", "resolution": 5, "center_lat": 84.515194139334326, "center_lon": 16.875, "cell_width": 131584.18496449364, "cell_height": 119710.25468782624, "cell_area": 14286077469.145508, "cell_perimeter": 479228.32094501087 }, "geometry": { "type": "Polygon", "coordinates": [ [ [ 11.25, 83.979259498862049 ], [ 22.5, 83.979259498862049 ], [ 22.5, 85.051128779806604 ], [ 11.25, 85.051128779806604 ], [ 11.25, 83.979259498862049 ] ] ] } },
{ "type": "Feature", "properties": { "tilecode": "z5x17y1", "resolution": 5, "center_lat": 83.327772238605547, "center_lon": 16.875, "cell_width": 159918.04297982904, "cell_height": 145514.4883510592, "cell_area": 21109976338.21875, "cell_perimeter": 582531.20464644115 }, "geometry": { "type": "Polygon", "coordinates": [ [ [ 11.25, 82.676284978349031 ], [ 22.5, 82.676284978349031 ], [ 22.5, 83.979259498862049 ], [ 11.25, 83.979259498862049 ], [ 11.25, 82.676284978349031 ] ] ] } },
{ "type": "Feature", "properties": { "tilecode": "z5x17y2", "resolution": 5, "center_lat": 81.884749415478709, "center_lon": 16.875, "cell_width": 194228.89232904164, "cell_height": 176783.79025463015, "cell_area": 31159964055.347656, "cell_perimeter": 707714.51581813092 }, "geometry": { "type": "Polygon", "coordinates": [ [ [ 11.25, 81.093213852608386 ], [ 22.5, 81.093213852608386 ], [ 22.5, 82.676284978349031 ], [ 11.25, 82.676284978349031 ], [ 11.25, 81.093213852608386 ] ] ] } },
{ "type": "Feature", "properties": { "tilecode": "z5x17y3", "resolution": 5, "center_lat": 80.132274246713919, "center_lon": 16.875, "cell_width": 235679.10278705135, "cell_height": 214598.42880588266, "cell_area": 45921829864.564453, "cell_perimeter": 859104.85272785835 }, "geometry": { "type": "Polygon", "coordinates": [ [ [ 11.25, 79.171334640819452 ], [ 22.5, 79.171334640819452 ], [ 22.5, 81.093213852608386 ], [ 11.25, 81.093213852608386 ], [ 11.25, 79.171334640819452 ] ] ] } },
{ "type": "Feature", "properties": { "tilecode": "z5x17y4", "resolution": 5, "center_lat": 78.006075527625214, "center_lon": 16.875, "cell_width": 285578.90577750694, "cell_height": 260190.92729335208, "cell_area": 67519540387.077148, "cell_perimeter": 1041639.8631512625 }, "geometry": { "type": "Polygon", "coordinates": [ [ [ 11.25, 76.840816414430975 ], [ 22.5, 76.840816414430975 ], [ 22.5, 79.171334640819452 ], [ 11.25, 79.171334640819452 ], [ 11.25, 76.840816414430975 ] ] ] } },
{ "type": "Feature", "properties": { "tilecode": "z5x17y5", "resolution": 5, "center_lat": 75.430179862966611, "center_lon": 16.875, "cell_width": 345340.39321398037, "cell_height": 314917.17448925663, "cell_area": 98935667800.386719, "cell_perimeter": 1260753.6479700005 }, "geometry": { "type": "Polygon", "coordinates": [ [ [ 11.25, 74.019543311502261 ], [ 22.5, 74.019543311502261 ], [ 22.5, 76.840816414430975 ], [ 11.25, 76.840816414430975 ], [ 11.25, 74.019543311502261 ] ] ] } },
{ "type": "Feature", "properties": { "tilecode": "z5x17y6", "resolution": 5, "center_lat": 72.316078774760754, "center_lon": 16.875, "cell_width": 416367.74655973469, "cell_height": 380177.85463522567, "cell_area": 144244649467.35156, "cell_perimeter": 1522063.8490441665 }, "geometry": { "type": "Polygon", "coordinates": [ [ [ 11.25, 70.612614238019248 ], [ 22.5, 70.612614238019248 ], [ 22.5, 74.019543311502261 ], [ 11.25, 74.019543311502261 ], [ 11.25, 70.612614238019248 ] ] ] } },
{ "type": "Feature", "properties": { "tilecode": "z5x17y7", "resolution": 5, "center_lat": 68.562937340565554, "center_lon": 16.875, "cell_width": 499840.06041197834, "cell_height": 457254.11326378735, "cell_area": 208774564158.09766, "cell_perimeter": 1830716.0334992877 }, "geometry": { "type": "Polygon", "coordinates": [ [ [ 11.25, 66.513260443111861 ], [ 22.5, 66.513260443111861 ], [ 22.5, 70.612614238019248 ], [ 11.25, 70.612614238019248 ], [ 11.25, 66.513260443111861 ] ] ] } },
{ "type": "Feature", "properties": { "tilecode": "z5x17y8", "resolution": 5, "center_lat": 64.059828407249057, "center_lon": 16.875, "cell_width": 596328.26003255299, "cell_height": 547006.64910479658, "cell_area": 299004638547.62012, "cell_perimeter": 2190181.6186541244 }, "geometry": { "type": "Polygon", "coordinates": [ [ [ 11.25, 61.606396371386268 ], [ 22.5, 61.606396371386268 ], [ 22.5, 66.513260443111861 ], [ 11.25, 66.513260443111861 ], [ 11.25, 61.606396371386268 ] ] ] } },
{ "type": "Feature", "properties": { "tilecode": "z5x17y9", "resolution": 5, "center_lat": 58.691484695026986, "center_lon": 16.875, "cell_width": 705186.72066214541, "cell_height": 649380.10464495013, "cell_area": 421832873365.11719, "cell_perimeter": 2600275.1899845987 }, "geometry": { "type": "Polygon", "coordinates": [ [ [ 11.25, 55.776573018667698 ], [ 22.5, 55.776573018667698 ], [ 22.5, 61.606396371386268 ], [ 11.25, 61.606396371386268 ], [ 11.25, 55.776573018667698 ] ] ] } },
{ "type": "Feature", "properties": { "tilecode": "z5x17y10", "resolution": 5, "center_lat": 52.349536141212965, "center_lon": 16.875, "cell_width": 823705.47975019796, "cell_height": 762677.84409848822, "cell_area": 582657894317.77637, "cell_perimeter": 3054247.8886093199 }, "geometry": { "type": "Polygon", "coordinates": [ [ [ 11.25, 48.92249926375824 ], [ 22.5, 48.92249926375824 ], [ 22.5, 55.776573018667698 ], [ 11.25, 55.776573018667698 ], [ 11.25, 48.92249926375824 ] ] ] } },
{ "type": "Feature", "properties": { "tilecode": "z5x17y11", "resolution": 5, "center_lat": 44.95119866668918, "center_lon": 16.875, "cell_width": 946152.93326944625, "cell_height": 882667.95666176802, "cell_area": 781726960961.31055, "cell_perimeter": 3535194.3263431801 }, "geometry": { "type": "Polygon", "coordinates": [ [ [ 11.25, 40.979898069620127 ], [ 22.5, 40.979898069620127 ], [ 22.5, 48.92249926375824 ], [ 11.25, 48.92249926375824 ], [ 11.25, 40.979898069620127 ] ] ] } },
{ "type": "Feature", "properties": { "tilecode": "z5x17y12", "resolution": 5, "center_lat": 36.466030153822544, "center_lon": 16.875, "cell_width": 1063119.6372028978, "cell_height": 1001793.0197306408, "cell_area": 1008900467966.7783, "cell_perimeter": 4012858.6099336259 }, "geometry": { "type": "Polygon", "coordinates": [ [ [ 11.25, 31.952162238024968 ], [ 22.5, 31.952162238024968 ], [ 22.5, 40.979898069620127 ], [ 11.25, 40.979898069620127 ], [ 11.25, 31.952162238024968 ] ] ] } },
{ "type": "Feature", "properties": { "tilecode": "z5x17y13", "resolution": 5, "center_lat": 26.947603885731574, "center_lon": 16.875, "cell_width": 1161900.9357158756, "cell_height": 1109053.9614562085, "cell_area": 1238910794109.9292, "cell_perimeter": 4443128.4958311906 }, "geometry": { "type": "Polygon", "coordinates": [ [ [ 11.25, 21.943045533438177 ], [ 22.5, 21.943045533438177 ], [ 22.5, 31.952162238024968 ], [ 11.25, 31.952162238024968 ], [ 11.25, 21.943045533438177 ] ] ] } },
{ "type": "Feature", "properties": { "tilecode": "z5x17y14", "resolution": 5, "center_lat": 16.560723703574979, "center_lon": 16.875, "cell_width": 1228665.3006186907, "cell_height": 1191293.9078964787, "cell_area": 1431788580865.3503, "cell_perimeter": 4773154.0521275233 }, "geometry": { "type": "Polygon", "coordinates": [ [ [ 11.25, 11.178401873711781 ], [ 22.5, 11.178401873711781 ], [ 22.5, 21.943045533438177 ], [ 11.25, 21.943045533438177 ], [ 11.25, 11.178401873711781 ] ] ] } },
{ "type": "Feature", "properties": { "tilecode": "z5x17y15", "resolution": 5, "center_lat": 5.5892009368558906, "center_lon": 16.875, "cell_width": 1252344.2714243277, "cell_height": 1236200.0081271871, "cell_area": 1543215607369.6492, "cell_perimeter": 4953409.5882973932 }, "geometry": { "type": "Polygon", "coordinates": [ [ [ 11.25, 0.0 ], [ 22.5, 0.0 ], [ 22.5, 11.178401873711781 ], [ 11.25, 11.178401873711781 ], [ 11.25, 0.0 ] ] ] } },
{ "type": "Feature", "properties": { "tilecode": "z5x17y16", "resolution": 5, "center_lat": -5.5892009368558906, "center_lon": 16.875, "cell_width": 1228665.3006186907, "cell_height": 1236200.0081271871, "cell_area": 1543215607369.6492, "cell_perimeter": 4953409.5882973932 }, "geometry": { "type": "Polygon", "coordinates": [ [ [ 11.25, -11.178401873711781 ], [ 22.5, -11.178401873711781 ], [ 22.5, 0.0 ], [ 11.25, 0.0 ], [ 11.25, -11.178401873711781 ] ] ] } },
{ "type": "Feature", "properties": { "tilecode": "z5x17y17", "resolution": 5, "center_lat": -16.560723703574979, "center_lon": 16.875, "cell_width": 1161900.9357158756, "cell_height": 1191293.9078964787, "cell_area": 1431788580865.3503, "cell_perimeter": 4773154.0521275233 }, "geometry": { "type": "Polygon", "coordinates": [ [ [ 11.25, -21.943045533438177 ], [ 22.5, -21.943045533438177 ], [ 22.5, -11.178401873711781 ], [ 11.25, -11.178401873711781 ], [ 11.25, -21.943045533438177 ] ] ] } },
{ "type": "Feature", "properties": { "tilecode": "z5x17y18", "resolution": 5, "center_lat": -26.947603885731574, "center_lon": 16.875, "cell_width": 1063119.6372028978, "cell_height": 1109053.9614562085, "cell_area": 1238910794109.9292, "cell_perimeter": 4443128.4958311906 }, "geometry": { "type": "Polygon", "coordinates": [ [ [ 11.25, -31.952162238024968 ], [ 22.5, -31.952162238024968 ], [ 22.5, -21.943045533438177 ], [ 11.25, -21.943045533438177 ], [ 11.25, -31.952162238024968 ] ] ] } },
{ "type": "Feature", "properties": { "tilecode": "z5x17y19", "resolution": 5, "center_lat": -36.466030153822544, "center_lon": 16.875, "cell_width": 946152.93326944625, "cell_height": 1001793.0197306408, "cell_area": 1008900467966.7783, "cell_perimeter": 4012858.6099336259 }, "geometry": { "type": "Polygon", "coordinates": [ [ [ 11.25, -40.979898069620127 ], [ 22.5, -40.979898069620127 ], [ 22.5, -31.952162238024968 ], [ 11.25, -31.952162238024968 ], [ 11.25, -40.979898069620127 ] ] ] } },
{ "type": "Feature", "properties": { "tilecode": "z5x17y20", "resolution": 5, "center_lat": -44.95119866668918, "center_lon": 16.875, "cell_width": 823705.47975019796, "cell_height": 882667.95666176802, "cell_area": 781726960961.31055, "cell_perimeter": 3535194.3263431801 }, "geometry": { "type": "Polygon", "coordinates": [ [ [ 11.25, -48.92249926375824 ], [ 22.5, -48.92249926375824 ], [ 22.5, -40.979898069620127 ], [ 11.25, -40.979898069620127 ], [ 11.25, -48.92249926375824 ] ] ] } },
{ "type": "Feature", "properties": { "tilecode": "z5x17y21", "resolution": 5, "center_lat": -52.349536141212965, "center_lon": 16.875, "cell_width": 705186.72066214541, "cell_height": 762677.84409848822, "cell_area": 582657894317.77637, "cell_perimeter": 3054247.8886093199 }, "geometry": { "type": "Polygon", "coordinates": [ [ [ 11.25, -55.776573018667698 ], [ 22.5, -55.776573018667698 ], [ 22.5, -48.92249926375824 ], [ 11.25, -48.92249926375824 ], [ 11.25, -55.776573018667698 ] ] ] } },
{ "type": "Feature", "properties": { "tilecode": "z5x17y22", "resolution": 5, "center_lat": -58.691484695026986, "center_lon": 16.875, "cell_width": 596328.26003255299, "cell_height": 649380.10464495013, "cell_area": 421832873365.11719, "cell_perimeter": 2600275.1899845987 }, "geometry": { "type": "Polygon", "coordinates": [ [ [ 11.25, -61.606396371386268 ], [ 22.5, -61.606396371386268 ], [ 22.5, -55.776573018667698 ], [ 11.25, -55.776573018667698 ], [ 11.25, -61.606396371386268 ] ] ] } },
{ "type": "Feature", "properties": { "tilecode": "z5x17y23", "resolution": 5, "center_lat": -64.059828407249057, "center_lon": 16.875, "cell_width": 499840.06041197834, "cell_height": 547006.64910479658, "cell_area": 299004638547.62012, "cell_perimeter": 2190181.6186541244 }, "geometry": { "type": "Polygon", "coordinates": [ [ [ 11.25, -66.513260443111861 ], [ 22.5, -66.513260443111861 ], [ 22.5, -61.606396371386268 ], [ 11.25, -61.606396371386268 ], [ 11.25, -66.513260443111861 ] ] ] } },
{ "type": "Feature", "properties": { "tilecode": "z5x17y24", "resolution": 5, "center_lat": -68.562937340565554, "center_lon": 16.875, "cell_width": 416367.74655973469, "cell_height": 457254.11326378735, "cell_area": 208774564158.09766, "cell_perimeter": 1830716.0334992877 }, "geometry": { "type": "Polygon", "coordinates": [ [ [ 11.25, -70.612614238019248 ], [ 22.5, -70.612614238019248 ], [ 22.5, -66.513260443111861 ], [ 11.25, -66.513260443111861 ], [ 11.25, -70.612614238019248 ] ] ] } },
{ "type": "Feature", "properties": { "tilecode": "z5x17y25", "resolution": 5, "center_lat": -72.316078774760754, "center_lon": 16.875, "cell_width": 345340.39321398037, "cell_height": 380177.85463522567, "cell_area": 144244649467.35156, "cell_perimeter": 1522063.8490441665 }, "geometry": { "type": "Polygon", "coordinates": [ [ [ 11.25, -74.019543311502261 ], [ 22.5, -74.019543311502261 ], [ 22.5, -70.612614238019248 ], [ 11.25, -70.612614238019248 ], [ 11.25, -74.019543311502261 ] ] ] } },
{ "type": "Feature", "properties": { "tilecode": "z5x17y26", "resolution": 5, "center_lat": -75.430179862966611, "center_lon": 16.875, "cell_width": 285578.90577750694, "cell_height": 314917.17448925663, "cell_area": 98935667800.386719, "cell_perimeter": 1260753.6479700005 }, "geometry": { "type": "Polygon", "coordinates": [ [ [ 11.25, -76.840816414430975 ], [ 22.5, -76.840816414430975 ], [ 22.5, -74.019543311502261 ], [ 11.25, -74.019543311502261 ], [ 11.25, -76.840816414430975 ] ] ] } },
{ "type": "Feature", "properties": { "tilecode": "z5x17y27", "resolution": 5, "center_lat": -78.006075527625214, "center_lon": 16.875, "cell_width": 235679.10278705135, "cell_height": 260190.92729335208, "cell_area": 67519540387.077148, "cell_perimeter": 1041639.8631512625 }, "geometry": { "type": "Polygon", "coordinates": [ [ [ 11.25, -79.171334640819452 ], [ 22.5, -79.171334640819452 ], [ 22.5, -76.840816414430975 ], [ 11.25, -76.840816414430975 ], [ 11.25, -79.171334640819452 ] ] ] } },
{ "type": "Feature", "properties": { "tilecode": "z5x17y28", "resolution": 5, "center_lat": -80.132274246713919, "center_lon": 16.875, "cell_width": 194228.89232904164, "cell_height": 214598.42880588266, "cell_area": 45921829864.564453, "cell_perimeter": 859104.85272785835 }, "geometry": { "type": "Polygon", "coordinates": [ [ [ 11.25, -81.093213852608386 ], [ 22.5, -81.093213852608386 ], [ 22.5, -79.171334640819452 ], [ 11.25, -79.171334640819452 ], [ 11.25, -81.093213852608386 ] ] ] } },
{ "type": "Feature", "properties": { "tilecode": "z5x17y29", "resolution": 5, "center_lat": -81.884749415478709, "center_lon": 16.875, "cell_width": 159918.04297982904, "cell_height": 176783.79025463015, "cell_area": 31159964055.347656, "cell_perimeter": 707714.51581813092 }, "geometry": { "type": "Polygon", "coordinates": [ [ [ 11.25, -82.676284978349031 ], [ 22.5, -82.676284978349031 ], [ 22.5, -81.093213852608386 ], [ 11.25, -81.093213852608386 ], [ 11.25, -82.676284978349031 ] ] ] } },
{ "type": "Feature", "properties": { "tilecode": "z5x17y30", "resolution": 5, "center_lat": -83.327772238605547, "center_lon": 16.875, "cell_width": 131584.18496449364, "cell_height": 145514.4883510592, "cell_area": 21109976338.21875, "cell_perimeter": 582531.20464644115 }, "geometry": { "type": "Polygon", "coordinates": [ [ [ 11.25, -83.979259498862049 ], [ 22.5, -83.979259498862049 ], [ 22.5, -82.676284978349031 ], [ 11.25, -82.676284978349031 ], [ 11.25, -83.979259498862049 ] ] ] } },
{ "type": "Feature", "properties": { "tilecode": "z5x17y31", "resolution": 5, "center_lat": -84.515194139334326, "center_lon": 16.875, "cell_width": 108223.62660486477, "cell_height": 119710.25468782624, "cell_area": 14286077469.145508, "cell_perimeter": 479228.32094501087 }, "geometry": { "type": "Polygon", "coordinates": [ [ [ 11.25, -85.051128779806604 ], [ 22.5, -85.051128779806604 ], [ 22.5, -83.979259498862049 ], [ 11.25, -83.979259498862049 ], [ 11.25, -85.051128779806604 ] ] ] } },
{ "type": "Feature", "properties": { "tilecode": "z5x18y0", "resolution": 5, "center_lat": 84.515194139334326, "center_lon": 28.125, "cell_width": 131584.18496449364, "cell_height": 119710.25468782624, "cell_area": 14286077469.145508, "cell_perimeter": 479228.32094501087 }, "geometry": { "type": "Polygon", "coordinates": [ [ [ 22.5, 83.979259498862049 ], [ 33.75, 83.979259498862049 ], [ 33.75, 85.051128779806604 ], [ 22.5, 85.051128779806604 ], [ 22.5, 83.979259498862049 ] ] ] } },
{ "type": "Feature", "properties": { "tilecode": "z5x18y1", "resolution": 5, "center_lat": 83.327772238605547, "center_lon": 28.125, "cell_width": 159918.04297982904, "cell_height": 145514.4883510592, "cell_area": 21109976338.21875, "cell_perimeter": 582531.20464644115 }, "geometry": { "type": "Polygon", "coordinates": [ [ [ 22.5, 82.676284978349031 ], [ 33.75, 82.676284978349031 ], [ 33.75, 83.979259498862049 ], [ 22.5, 83.979259498862049 ], [ 22.5, 82.676284978349031 ] ] ] } },
{ "type": "Feature", "properties": { "tilecode": "z5x18y2", "resolution": 5, "center_lat": 81.884749415478709, "center_lon": 28.125, "cell_width": 194228.89232904164, "cell_height": 176783.79025463015, "cell_area": 31159964055.347656, "cell_perimeter": 707714.51581813092 }, "geometry": { "type": "Polygon", "coordinates": [ [ [ 22.5, 81.093213852608386 ], [ 33.75, 81.093213852608386 ], [ 33.75, 82.676284978349031 ], [ 22.5, 82.676284978349031 ], [ 22.5, 81.093213852608386 ] ] ] } },
{ "type": "Feature", "properties": { "tilecode": "z5x18y3", "resolution": 5, "center_lat": 80.132274246713919, "center_lon": 28.125, "cell_width": 235679.10278705135, "cell_height": 214598.42880588266, "cell_area": 45921829864.564453, "cell_perimeter": 859104.85272785835 }, "geometry": { "type": "Polygon", "coordinates": [ [ [ 22.5, 79.171334640819452 ], [ 33.75, 79.171334640819452 ], [ 33.75, 81.093213852608386 ], [ 22.5, 81.093213852608386 ], [ 22.5, 79.171334640819452 ] ] ] } },
{ "type": "Feature", "properties": { "tilecode": "z5x18y4", "resolution": 5, "center_lat": 78.006075527625214, "center_lon": 28.125, "cell_width": 285578.90577750694, "cell_height": 260190.92729335208, "cell_area": 67519540387.077148, "cell_perimeter": 1041639.8631512625 }, "geometry": { "type": "Polygon", "coordinates": [ [ [ 22.5, 76.840816414430975 ], [ 33.75, 76.840816414430975 ], [ 33.75, 79.171334640819452 ], [ 22.5, 79.171334640819452 ], [ 22.5, 76.840816414430975 ] ] ] } },
{ "type": "Feature", "properties": { "tilecode": "z5x18y5", "resolution": 5, "center_lat": 75.430179862966611, "center_lon": 28.125, "cell_width": 345340.39321398037, "cell_height": 314917.17448925663, "cell_area": 98935667800.386719, "cell_perimeter": 1260753.6479700005 }, "geometry": { "type": "Polygon", "coordinates": [ [ [ 22.5, 74.019543311502261 ], [ 33.75, 74.019543311502261 ], [ 33.75, 76.840816414430975 ], [ 22.5, 76.840816414430975 ], [ 22.5, 74.019543311502261 ] ] ] } },
{ "type": "Feature", "properties": { "tilecode": "z5x18y6", "resolution": 5, "center_lat": 72.316078774760754, "center_lon": 28.125, "cell_width": 416367.74655973469, "cell_height": 380177.85463522567, "cell_area": 144244649467.35156, "cell_perimeter": 1522063.8490441665 }, "geometry": { "type": "Polygon", "coordinates": [ [ [ 22.5, 70.612614238019248 ], [ 33.75, 70.612614238019248 ], [ 33.75, 74.019543311502261 ], [ 22.5, 74.019543311502261 ], [ 22.5, 70.612614238019248 ] ] ] } },
{ "type": "Feature", "properties": { "tilecode": "z5x18y7", "resolution": 5, "center_lat": 68.562937340565554, "center_lon": 28.125, "cell_width": 499840.06041197834, "cell_height": 457254.11326378735, "cell_area": 208774564158.09766, "cell_perimeter": 1830716.0334992877 }, "geometry": { "type": "Polygon", "coordinates": [ [ [ 22.5, 66.513260443111861 ], [ 33.75, 66.513260443111861 ], [ 33.75, 70.612614238019248 ], [ 22.5, 70.612614238019248 ], [ 22.5, 66.513260443111861 ] ] ] } },
{ "type": "Feature", "properties": { "tilecode": "z5x18y8", "resolution": 5, "center_lat": 64.059828407249057, "center_lon": 28.125, "cell_width": 596328.26003255299, "cell_height": 547006.64910479658, "cell_area": 299004638547.62012, "cell_perimeter": 2190181.6186541244 }, "geometry": { "type": "Polygon", "coordinates": [ [ [ 22.5, 61.606396371386268 ], [ 33.75, 61.606396371386268 ], [ 33.75, 66.513260443111861 ], [ 22.5, 66.513260443111861 ], [ 22.5, 61.606396371386268 ] ] ] } },
{ "type": "Feature", "properties": { "tilecode": "z5x18y9", "resolution": 5, "center_lat": 58.691484695026986, "center_lon": 28.125, "cell_width": 705186.72066214541, "cell_height": 649380.10464495013, "cell_area": 421832873365.11719, "cell_perimeter": 2600275.1899845987 }, "geometry": { "type": "Polygon", "coordinates": [ [ [ 22.5, 55.776573018667698 ], [ 33.75, 55.776573018667698 ], [ 33.75, 61.606396371386268 ], [ 22.5, 61.606396371386268 ], [ 22.5, 55.776573018667698 ] ] ] } },
{ "type": "Feature", "properties": { "tilecode": "z5x18y10", "resolution": 5, "center_lat": 52.349536141212965, "center_lon": 28.125, "cell_width": 823705.47975019796, "cell_height": 762677.84409848822, "cell_area": 582657894317.77637, "cell_perimeter": 3054247.8886093199 }, "geometry": { "type": "Polygon", "coordinates": [ [ [ 22.5, 48.92249926375824 ], [ 33.75, 48.92249926375824 ], [ 33.75, 55.776573018667698 ], [ 22.5, 55.776573018667698 ], [ 22.5, 48.92249926375824 ] ] ] } },
{ "type": "Feature", "properties": { "tilecode": "z5x18y11", "resolution": 5, "center_lat": 44.95119866668918, "center_lon": 28.125, "cell_width": 946152.93326944625, "cell_height": 882667.95666176802, "cell_area": 781726960961.31055, "cell_perimeter": 3535194.3263431801 }, "geometry": { "type": "Polygon", "coordinates": [ [ [ 22.5, 40.979898069620127 ], [ 33.75, 40.979898069620127 ], [ 33.75, 48.92249926375824 ], [ 22.5, 48.92249926375824 ], [ 22.5, 40.979898069620127 ] ] ] } },
{ "type": "Feature", "properties": { "tilecode": "z5x18y12", "resolution": 5, "center_lat": 36.466030153822544, "center_lon": 28.125, "cell_width": 1063119.6372028978, "cell_height": 1001793.0197306408, "cell_area": 1008900467966.7783, "cell_perimeter": 4012858.6099336259 }, "geometry": { "type": "Polygon", "coordinates": [ [ [ 22.5, 31.952162238024968 ], [ 33.75, 31.952162238024968 ], [ 33.75, 40.979898069620127 ], [ 22.5, 40.979898069620127 ], [ 22.5, 31.952162238024968 ] ] ] } },
{ "type": "Feature", "properties": { "tilecode": "z5x18y13", "resolution": 5, "center_lat": 26.947603885731574, "center_lon": 28.125, "cell_width": 1161900.9357158756, "cell_height": 1109053.9614562085, "cell_area": 1238910794109.9292, "cell_perimeter": 4443128.4958311906 }, "geometry": { "type": "Polygon", "coordinates": [ [ [ 22.5, 21.943045533438177 ], [ 33.75, 21.943045533438177 ], [ 33.75, 31.952162238024968 ], [ 22.5, 31.952162238024968 ], [ 22.5, 21.943045533438177 ] ] ] } },
{ "type": "Feature", "properties": { "tilecode": "z5x18y14", "resolution": 5, "center_lat": 16.560723703574979, "center_lon": 28.125, "cell_width": 1228665.3006186907, "cell_height": 1191293.9078964787, "cell_area": 1431788580865.3503, "cell_perimeter": 4773154.0521275233 }, "geometry": { "type": "Polygon", "coordinates": [ [ [ 22.5, 11.178401873711781 ], [ 33.75, 11.178401873711781 ], [ 33.75, 21.943045533438177 ], [ 22.5, 21.943045533438177 ], [ 22.5, 11.178401873711781 ] ] ] } },
{ "type": "Feature", "properties": { "tilecode": "z5x18y15", "resolution": 5, "center_lat": 5.5892009368558906, "center_lon": 28.125, "cell_width": 1252344.2714243277, "cell_height": 1236200.0081271871, "cell_area": 1543215607369.6492, "cell_perimeter": 4953409.5882973932 }, "geometry": { "type": "Polygon", "coordinates": [ [ [ 22.5, 0.0 ], [ 33.75, 0.0 ], [ 33.75, 11.178401873711781 ], [ 22.5, 11.178401873711781 ], [ 22.5, 0.0 ] ] ] } },
{ "type": "Feature", "properties": { "tilecode": "z5x18y16", "resolution": 5, "center_lat": -5.5892009368558906, "center_lon": 28.125, "cell_width": 1228665.3006186907, "cell_height": 1236200.0081271871, "cell_area": 1543215607369.6492, "cell_perimeter": 4953409.5882973932 }, "geometry": { "type": "Polygon", "coordinates": [ [ [ 22.5, -11.178401873711781 ], [ 33.75, -11.178401873711781 ], [ 33.75, 0.0 ], [ 22.5, 0.0 ], [ 22.5, -11.178401873711781 ] ] ] } },
{ "type": "Feature", "properties": { "tilecode": "z5x18y17", "resolution": 5, "center_lat": -16.560723703574979, "center_lon": 28.125, "cell_width": 1161900.9357158756, "cell_height": 1191293.9078964787, "cell_area": 1431788580865.3503, "cell_perimeter": 4773154.0521275233 }, "geometry": { "type": "Polygon", "coordinates": [ [ [ 22.5, -21.943045533438177 ], [ 33.75, -21.943045533438177 ], [ 33.75, -11.178401873711781 ], [ 22.5, -11.178401873711781 ], [ 22.5, -21.943045533438177 ] ] ] } },
{ "type": "Feature", "properties": { "tilecode": "z5x18y18", "resolution": 5, "center_lat": -26.947603885731574, "center_lon": 28.125, "cell_width": 1063119.6372028978, "cell_height": 1109053.9614562085, "cell_area": 1238910794109.9292, "cell_perimeter": 4443128.4958311906 }, "geometry": { "type": "Polygon", "coordinates": [ [ [ 22.5, -31.952162238024968 ], [ 33.75, -31.952162238024968 ], [ 33.75, -21.943045533438177 ], [ 22.5, -21.943045533438177 ], [ 22.5, -31.952162238024968 ] ] ] } },
{ "type": "Feature", "properties": { "tilecode": "z5x18y19", "resolution": 5, "center_lat": -36.466030153822544, "center_lon": 28.125, "cell_width": 946152.93326944625, "cell_height": 1001793.0197306408, "cell_area": 1008900467966.7783, "cell_perimeter": 4012858.6099336259 }, "geometry": { "type": "Polygon", "coordinates": [ [ [ 22.5, -40.979898069620127 ], [ 33.75, -40.979898069620127 ], [ 33.75, -31.952162238024968 ], [ 22.5, -31.952162238024968 ], [ 22.5, -40.979898069620127 ] ] ] } },
{ "type": "Feature", "properties": { "tilecode": "z5x18y20", "resolution": 5, "center_lat": -44.95119866668918, "center_lon": 28.125, "cell_width": 823705.47975019796, "cell_height": 882667.95666176802, "cell_area": 781726960961.31055, "cell_perimeter": 3535194.3263431801 }, "geometry": { "type": "Polygon", "coordinates": [ [ [ 22.5, -48.92249926375824 ], [ 33.75, -48.92249926375824 ], [ 33.75, -40.979898069620127 ], [ 22.5, -40.979898069620127 ], [ 22.5, -48.92249926375824 ] ] ] } },
{ "type": "Feature", "properties": { "tilecode": "z5x18y21", "resolution": 5, "center_lat": -52.349536141212965, "center_lon": 28.125, "cell_width": 705186.72066214541, "cell_height": 762677.84409848822, "cell_area": 582657894317.77637, "cell_perimeter": 3054247.8886093199 }, "geometry": { "type": "Polygon", "coordinates": [ [ [ 22.5, -55.776573018667698 ], [ 33.75, -55.776573018667698 ], [ 33.75, -48.92249926375824 ], [ 22.5, -48.92249926375824 ], [ 22.5, -55.776573018667698 ] ] ] } },
{ "type": "Feature", "properties": { "tilecode": "z5x18y22", "resolution": 5, "center_lat": -58.691484695026986, "center_lon": 28.125, "cell_width": 596328.26003255299, "cell_height": 649380.10464495013, "cell_area": 421832873365.11719, "cell_perimeter": 2600275.1899845987 }, "geometry": { "type": "Polygon", "coordinates": [ [ [ 22.5, -61.606396371386268 ], [ 33.75, -61.606396371386268 ], [ 33.75, -55.776573018667698 ], [ 22.5, -55.776573018667698 ], [ 22.5, -61.606396371386268 ] ] ] } },
{ "type": "Feature", "properties": { "tilecode": "z5x18y23", "resolution": 5, "center_lat": -64.059828407249057, "center_lon": 28.125, "cell_width": 499840.06041197834, "cell_height": 547006.64910479658, "cell_area": 299004638547.62012, "cell_perimeter": 2190181.6186541244 }, "geometry": { "type": "Polygon", "coordinates": [ [ [ 22.5, -66.513260443111861 ], [ 33.75, -66.513260443111861 ], [ 33.75, -61.606396371386268 ], [ 22.5, -61.606396371386268 ], [ 22.5, -66.513260443111861 ] ] ] } },
{ "type": "Feature", "properties": { "tilecode": "z5x18y24", "resolution": 5, "center_lat": -68.562937340565554, "center_lon": 28.125, "cell_width": 416367.74655973469, "cell_height": 457254.11326378735, "cell_area": 208774564158.09766, "cell_perimeter": 1830716.0334992877 }, "geometry": { "type": "Polygon", "coordinates": [ [ [ 22.5, -70.612614238019248 ], [ 33.75, -70.612614238019248 ], [ 33.75, -66.513260443111861 ], [ 22.5, -66.513260443111861 ], [ 22.5, -70.612614238019248 ] ] ] } },
{ "type": "Feature", "properties": { "tilecode": "z5x18y25", "resolution": 5, "center_lat": -72.316078774760754, "center_lon": 28.125, "cell_width": 345340.39321398037, "cell_height": 380177.85463522567, "cell_area": 144244649467.35156, "cell_perimeter": 1522063.8490441665 }, "geometry": { "type": "Polygon", "coordinates": [ [ [ 22.5, -74.019543311502261 ], [ 33.75, -74.019543311502261 ], [ 33.75, -70.612614238019248 ], [ 22.5, -70.612614238019248 ], [ 22.5, -74.019543311502261 ] ] ] } },
{ "type": "Feature", "properties": { "tilecode": "z5x18y26", "resolution": 5, "center_lat": -75.430179862966611, "center_lon": 28.125, "cell_width": 285578.90577750694, "cell_height": 314917.17448925663, "cell_area": 98935667800.386719, "cell_perimeter": 1260753.6479700005 }, "geometry": { "type": "Polygon", "coordinates": [ [ [ 22.5, -76.840816414430975 ], [ 33.75, -76.840816414430975 ], [ 33.75, -74.019543311502261 ], [ 22.5, -74.019543311502261 ], [ 22.5, -76.840816414430975 ] ] ] } },
{ "type": "Feature", "properties": { "tilecode": "z5x18y27", "resolution": 5, "center_lat": -78.006075527625214, "center_lon": 28.125, "cell_width": 235679.10278705135, "cell_height": 260190.92729335208, "cell_area": 67519540387.077148, "cell_perimeter": 1041639.8631512625 }, "geometry": { "type": "Polygon", "coordinates": [ [ [ 22.5, -79.171334640819452 ], [ 33.75, -79.171334640819452 ], [ 33.75, -76.840816414430975 ], [ 22.5, -76.840816414430975 ], [ 22.5, -79.171334640819452 ] ] ] } },
{ "type": "Feature", "properties": { "tilecode": "z5x18y28", "resolution": 5, "center_lat": -80.132274246713919, "center_lon": 28.125, "cell_width": 194228.89232904164, "cell_height": 214598.42880588266, "cell_area": 45921829864.564453, "cell_perimeter": 859104.85272785835 }, "geometry": { "type": "Polygon", "coordinates": [ [ [ 22.5, -81.093213852608386 ], [ 33.75, -81.093213852608386 ], [ 33.75, -79.171334640819452 ], [ 22.5, -79.171334640819452 ], [ 22.5, -81.093213852608386 ] ] ] } },
{ "type": "Feature", "properties": { "tilecode": "z5x18y29", "resolution": 5, "center_lat": -81.884749415478709, "center_lon": 28.125, "cell_width": 159918.04297982904, "cell_height": 176783.79025463015, "cell_area": 31159964055.347656, "cell_perimeter": 707714.51581813092 }, "geometry": { "type": "Polygon", "coordinates": [ [ [ 22.5, -82.676284978349031 ], [ 33.75, -82.676284978349031 ], [ 33.75, -81.093213852608386 ], [ 22.5, -81.093213852608386 ], [ 22.5, -82.676284978349031 ] ] ] } },
{ "type": "Feature", "properties": { "tilecode": "z5x18y30", "resolution": 5, "center_lat": -83.327772238605547, "center_lon": 28.125, "cell_width": 131584.18496449364, "cell_height": 145514.4883510592, "cell_area": 21109976338.21875, "cell_perimeter": 582531.20464644115 }, "geometry": { "type": "Polygon", "coordinates": [ [ [ 22.5, -83.979259498862049 ], [ 33.75, -83.979259498862049 ], [ 33.75, -82.676284978349031 ], [ 22.5, -82.676284978349031 ], [ 22.5, -83.979259498862049 ] ] ] } },
{ "type": "Feature", "properties": { "tilecode": "z5x18y31", "resolution": 5, "center_lat": -84.515194139334326, "center_lon": 28.125, "cell_width": 108223.62660486477, "cell_height": 119710.25468782624, "cell_area": 14286077469.145508, "cell_perimeter": 479228.32094501087 }, "geometry": { "type": "Polygon", "coordinates": [ [ [ 22.5, -85.051128779806604 ], [ 33.75, -85.051128779806604 ], [ 33.75, -83.979259498862049 ], [ 22.5, -83.979259498862049 ], [ 22.5, -85.051128779806604 ] ] ] } },
{ "type": "Feature", "properties": { "tilecode": "z5x19y0", "resolution": 5, "center_lat": 84.515194139334326, "center_lon": 39.375, "cell_width": 131584.18496449364, "cell_height": 119710.25468782624, "cell_area": 14286077469.145508, "cell_perimeter": 479228.32094501087 }, "geometry": { "type": "Polygon", "coordinates": [ [ [ 33.75, 83.979259498862049 ], [ 45.0, 83.979259498862049 ], [ 45.0, 85.051128779806604 ], [ 33.75, 85.051128779806604 ], [ 33.75, 83.979259498862049 ] ] ] } },
{ "type": "Feature", "properties": { "tilecode": "z5x19y1", "resolution": 5, "center_lat": 83.327772238605547, "center_lon": 39.375, "cell_width": 159918.04297982904, "cell_height": 145514.4883510592, "cell_area": 21109976338.21875, "cell_perimeter": 582531.20464644115 }, "geometry": { "type": "Polygon", "coordinates": [ [ [ 33.75, 82.676284978349031 ], [ 45.0, 82.676284978349031 ], [ 45.0, 83.979259498862049 ], [ 33.75, 83.979259498862049 ], [ 33.75, 82.676284978349031 ] ] ] } },
{ "type": "Feature", "properties": { "tilecode": "z5x19y2", "resolution": 5, "center_lat": 81.884749415478709, "center_lon": 39.375, "cell_width": 194228.89232904164, "cell_height": 176783.79025463015, "cell_area": 31159964055.347656, "cell_perimeter": 707714.51581813092 }, "geometry": { "type": "Polygon", "coordinates": [ [ [ 33.75, 81.093213852608386 ], [ 45.0, 81.093213852608386 ], [ 45.0, 82.676284978349031 ], [ 33.75, 82.676284978349031 ], [ 33.75, 81.093213852608386 ] ] ] } },
{ "type": "Feature", "properties": { "tilecode": "z5x19y3", "resolution": 5, "center_lat": 80.132274246713919, "center_lon": 39.375, "cell_width": 235679.10278705135, "cell_height": 214598.42880588266, "cell_area": 45921829864.564453, "cell_perimeter": 859104.85272785835 }, "geometry": { "type": "Polygon", "coordinates": [ [ [ 33.75, 79.171334640819452 ], [ 45.0, 79.171334640819452 ], [ 45.0, 81.093213852608386 ], [ 33.75, 81.093213852608386 ], [ 33.75, 79.171334640819452 ] ] ] } },
{ "type": "Feature", "properties": { "tilecode": "z5x19y4", "resolution": 5, "center_lat": 78.006075527625214, "center_lon": 39.375, "cell_width": 285578.90577750694, "cell_height": 260190.92729335208, "cell_area": 67519540387.077148, "cell_perimeter": 1041639.8631512625 }, "geometry": { "type": "Polygon", "coordinates": [ [ [ 33.75, 76.840816414430975 ], [ 45.0, 76.840816414430975 ], [ 45.0, 79.171334640819452 ], [ 33.75, 79.171334640819452 ], [ 33.75, 76.840816414430975 ] ] ] } },
{ "type": "Feature", "properties": { "tilecode": "z5x19y5", "resolution": 5, "center_lat": 75.430179862966611, "center_lon": 39.375, "cell_width": 345340.39321398037, "cell_height": 314917.17448925663, "cell_area": 98935667800.386719, "cell_perimeter": 1260753.6479700005 }, "geometry": { "type": "Polygon", "coordinates": [ [ [ 33.75, 74.019543311502261 ], [ 45.0, 74.019543311502261 ], [ 45.0, 76.840816414430975 ], [ 33.75, 76.840816414430975 ], [ 33.75, 74.019543311502261 ] ] ] } },
{ "type": "Feature", "properties": { "tilecode": "z5x19y6", "resolution": 5, "center_lat": 72.316078774760754, "center_lon": 39.375, "cell_width": 416367.74655973469, "cell_height": 380177.85463522567, "cell_area": 144244649467.35156, "cell_perimeter": 1522063.8490441665 }, "geometry": { "type": "Polygon", "coordinates": [ [ [ 33.75, 70.612614238019248 ], [ 45.0, 70.612614238019248 ], [ 45.0, 74.019543311502261 ], [ 33.75, 74.019543311502261 ], [ 33.75, 70.612614238019248 ] ] ] } },
{ "type": "Feature", "properties": { "tilecode": "z5x19y7", "resolution": 5, "center_lat": 68.562937340565554, "center_lon": 39.375, "cell_width": 499840.06041197834, "cell_height": 457254.11326378735, "cell_area": 208774564158.09766, "cell_perimeter": 1830716.0334992877 }, "geometry": { "type": "Polygon", "coordinates": [ [ [ 33.75, 66.513260443111861 ], [ 45.0, 66.513260443111861 ], [ 45.0, 70.612614238019248 ], [ 33.75, 70.612614238019248 ], [ 33.75, 66.513260443111861 ] ] ] } },
{ "type": "Feature", "properties": { "tilecode": "z5x19y8", "resolution": 5, "center_lat": 64.059828407249057, "center_lon": 39.375, "cell_width": 596328.26003255299, "cell_height": 547006.64910479658, "cell_area": 299004638547.62012, "cell_perimeter": 2190181.6186541244 }, "geometry": { "type": "Polygon", "coordinates": [ [ [ 33.75, 61.606396371386268 ], [ 45.0, 61.606396371386268 ], [ 45.0, 66.513260443111861 ], [ 33.75, 66.513260443111861 ], [ 33.75, 61.606396371386268 ] ] ] } },
{ "type": "Feature", "properties": { "tilecode": "z5x19y9", "resolution": 5, "center_lat": 58.691484695026986, "center_lon": 39.375, "cell_width": 705186.72066214541, "cell_height": 649380.10464495013, "cell_area": 421832873365.11719, "cell_perimeter": 2600275.1899845987 }, "geometry": { "type": "Polygon", "coordinates": [ [ [ 33.75, 55.776573018667698 ], [ 45.0, 55.776573018667698 ], [ 45.0, 61.606396371386268 ], [ 33.75, 61.606396371386268 ], [ 33.75, 55.776573018667698 ] ] ] } },
{ "type": "Feature", "properties": { "tilecode": "z5x19y10", "resolution": 5, "center_lat": 52.349536141212965, "center_lon": 39.375, "cell_width": 823705.47975019796, "cell_height": 762677.84409848822, "cell_area": 582657894317.77637, "cell_perimeter": 3054247.8886093199 }, "geometry": { "type": "Polygon", "coordinates": [ [ [ 33.75, 48.92249926375824 ], [ 45.0, 48.92249926375824 ], [ 45.0, 55.776573018667698 ], [ 33.75, 55.776573018667698 ], [ 33.75, 48.92249926375824 ] ] ] } },
{ "type": "Feature", "properties": { "tilecode": "z5x19y11", "resolution": 5, "center_lat": 44.95119866668918, "center_lon": 39.375, "cell_width": 946152.93326944625, "cell_height": 882667.95666176802, "cell_area": 781726960961.31055, "cell_perimeter": 3535194.3263431801 }, "geometry": { "type": "Polygon", "coordinates": [ [ [ 33.75, 40.979898069620127 ], [ 45.0, 40.979898069620127 ], [ 45.0, 48.92249926375824 ], [ 33.75, 48.92249926375824 ], [ 33.75, 40.979898069620127 ] ] ] } },
{ "type": "Feature", "properties": { "tilecode": "z5x19y12", "resolution": 5, "center_lat": 36.466030153822544, "center_lon": 39.375, "cell_width": 1063119.6372028978, "cell_height": 1001793.0197306408, "cell_area": 1008900467966.7783, "cell_perimeter": 4012858.6099336259 }, "geometry": { "type": "Polygon", "coordinates": [ [ [ 33.75, 31.952162238024968 ], [ 45.0, 31.952162238024968 ], [ 45.0, 40.979898069620127 ], [ 33.75, 40.979898069620127 ], [ 33.75, 31.952162238024968 ] ] ] } },
{ "type": "Feature", "properties": { "tilecode": "z5x19y13", "resolution": 5, "center_lat": 26.947603885731574, "center_lon": 39.375, "cell_width": 1161900.9357158756, "cell_height": 1109053.9614562085, "cell_area": 1238910794109.9292, "cell_perimeter": 4443128.4958311906 }, "geometry": { "type": "Polygon", "coordinates": [ [ [ 33.75, 21.943045533438177 ], [ 45.0, 21.943045533438177 ], [ 45.0, 31.952162238024968 ], [ 33.75, 31.952162238024968 ], [ 33.75, 21.943045533438177 ] ] ] } },
{ "type": "Feature", "properties": { "tilecode": "z5x19y14", "resolution": 5, "center_lat": 16.560723703574979, "center_lon": 39.375, "cell_width": 1228665.3006186907, "cell_height": 1191293.9078964787, "cell_area": 1431788580865.3503, "cell_perimeter": 4773154.0521275233 }, "geometry": { "type": "Polygon", "coordinates": [ [ [ 33.75, 11.178401873711781 ], [ 45.0, 11.178401873711781 ], [ 45.0, 21.943045533438177 ], [ 33.75, 21.943045533438177 ], [ 33.75, 11.178401873711781 ] ] ] } },
{ "type": "Feature", "properties": { "tilecode": "z5x19y15", "resolution": 5, "center_lat": 5.5892009368558906, "center_lon": 39.375, "cell_width": 1252344.2714243277, "cell_height": 1236200.0081271871, "cell_area": 1543215607369.6492, "cell_perimeter": 4953409.5882973932 }, "geometry": { "type": "Polygon", "coordinates": [ [ [ 33.75, 0.0 ], [ 45.0, 0.0 ], [ 45.0, 11.178401873711781 ], [ 33.75, 11.178401873711781 ], [ 33.75, 0.0 ] ] ] } },
{ "type": "Feature", "properties": { "tilecode": "z5x19y16", "resolution": 5, "center_lat": -5.5892009368558906, "center_lon": 39.375, "cell_width": 1228665.3006186907, "cell_height": 1236200.0081271871, "cell_area": 1543215607369.6492, "cell_perimeter": 4953409.5882973932 }, "geometry": { "type": "Polygon", "coordinates": [ [ [ 33.75, -11.178401873711781 ], [ 45.0, -11.178401873711781 ], [ 45.0, 0.0 ], [ 33.75, 0.0 ], [ 33.75, -11.178401873711781 ] ] ] } },
{ "type": "Feature", "properties": { "tilecode": "z5x19y17", "resolution": 5, "center_lat": -16.560723703574979, "center_lon": 39.375, "cell_width": 1161900.9357158756, "cell_height": 1191293.9078964787, "cell_area": 1431788580865.3503, "cell_perimeter": 4773154.0521275233 }, "geometry": { "type": "Polygon", "coordinates": [ [ [ 33.75, -21.943045533438177 ], [ 45.0, -21.943045533438177 ], [ 45.0, -11.178401873711781 ], [ 33.75, -11.178401873711781 ], [ 33.75, -21.943045533438177 ] ] ] } },
{ "type": "Feature", "properties": { "tilecode": "z5x19y18", "resolution": 5, "center_lat": -26.947603885731574, "center_lon": 39.375, "cell_width": 1063119.6372028978, "cell_height": 1109053.9614562085, "cell_area": 1238910794109.9292, "cell_perimeter": 4443128.4958311906 }, "geometry": { "type": "Polygon", "coordinates": [ [ [ 33.75, -31.952162238024968 ], [ 45.0, -31.952162238024968 ], [ 45.0, -21.943045533438177 ], [ 33.75, -21.943045533438177 ], [ 33.75, -31.952162238024968 ] ] ] } },
{ "type": "Feature", "properties": { "tilecode": "z5x19y19", "resolution": 5, "center_lat": -36.466030153822544, "center_lon": 39.375, "cell_width": 946152.93326944625, "cell_height": 1001793.0197306408, "cell_area": 1008900467966.7783, "cell_perimeter": 4012858.6099336259 }, "geometry": { "type": "Polygon", "coordinates": [ [ [ 33.75, -40.979898069620127 ], [ 45.0, -40.979898069620127 ], [ 45.0, -31.952162238024968 ], [ 33.75, -31.952162238024968 ], [ 33.75, -40.979898069620127 ] ] ] } },
{ "type": "Feature", "properties": { "tilecode": "z5x19y20", "resolution": 5, "center_lat": -44.95119866668918, "center_lon": 39.375, "cell_width": 823705.47975019796, "cell_height": 882667.95666176802, "cell_area": 781726960961.31055, "cell_perimeter": 3535194.3263431801 }, "geometry": { "type": "Polygon", "coordinates": [ [ [ 33.75, -48.92249926375824 ], [ 45.0, -48.92249926375824 ], [ 45.0, -40.979898069620127 ], [ 33.75, -40.979898069620127 ], [ 33.75, -48.92249926375824 ] ] ] } },
{ "type": "Feature", "properties": { "tilecode": "z5x19y21", "resolution": 5, "center_lat": -52.349536141212965, "center_lon": 39.375, "cell_width": 705186.72066214541, "cell_height": 762677.84409848822, "cell_area": 582657894317.77637, "cell_perimeter": 3054247.8886093199 }, "geometry": { "type": "Polygon", "coordinates": [ [ [ 33.75, -55.776573018667698 ], [ 45.0, -55.776573018667698 ], [ 45.0, -48.92249926375824 ], [ 33.75, -48.92249926375824 ], [ 33.75, -55.776573018667698 ] ] ] } },
{ "type": "Feature", "properties": { "tilecode": "z5x19y22", "resolution": 5, "center_lat": -58.691484695026986, "center_lon": 39.375, "cell_width": 596328.26003255299, "cell_height": 649380.10464495013, "cell_area": 421832873365.11719, "cell_perimeter": 2600275.1899845987 }, "geometry": { "type": "Polygon", "coordinates": [ [ [ 33.75, -61.606396371386268 ], [ 45.0, -61.606396371386268 ], [ 45.0, -55.776573018667698 ], [ 33.75, -55.776573018667698 ], [ 33.75, -61.606396371386268 ] ] ] } },
{ "type": "Feature", "properties": { "tilecode": "z5x19y23", "resolution": 5, "center_lat": -64.059828407249057, "center_lon": 39.375, "cell_width": 499840.06041197834, "cell_height": 547006.64910479658, "cell_area": 299004638547.62012, "cell_perimeter": 2190181.6186541244 }, "geometry": { "type": "Polygon", "coordinates": [ [ [ 33.75, -66.513260443111861 ], [ 45.0, -66.513260443111861 ], [ 45.0, -61.606396371386268 ], [ 33.75, -61.606396371386268 ], [ 33.75, -66.513260443111861 ] ] ] } },
{ "type": "Feature", "properties": { "tilecode": "z5x19y24", "resolution": 5, "center_lat": -68.562937340565554, "center_lon": 39.375, "cell_width": 416367.74655973469, "cell_height": 457254.11326378735, "cell_area": 208774564158.09766, "cell_perimeter": 1830716.0334992877 }, "geometry": { "type": "Polygon", "coordinates": [ [ [ 33.75, -70.612614238019248 ], [ 45.0, -70.612614238019248 ], [ 45.0, -66.513260443111861 ], [ 33.75, -66.513260443111861 ], [ 33.75, -70.612614238019248 ] ] ] } },
{ "type": "Feature", "properties": { "tilecode": "z5x19y25", "resolution": 5, "center_lat": -72.316078774760754, "center_lon": 39.375, "cell_width": 345340.39321398037, "cell_height": 380177.85463522567, "cell_area": 144244649467.35156, "cell_perimeter": 1522063.8490441665 }, "geometry": { "type": "Polygon", "coordinates": [ [ [ 33.75, -74.019543311502261 ], [ 45.0, -74.019543311502261 ], [ 45.0, -70.612614238019248 ], [ 33.75, -70.612614238019248 ], [ 33.75, -74.019543311502261 ] ] ] } },
{ "type": "Feature", "properties": { "tilecode": "z5x19y26", "resolution": 5, "center_lat": -75.430179862966611, "center_lon": 39.375, "cell_width": 285578.90577750694, "cell_height": 314917.17448925663, "cell_area": 98935667800.386719, "cell_perimeter": 1260753.6479700005 }, "geometry": { "type": "Polygon", "coordinates": [ [ [ 33.75, -76.840816414430975 ], [ 45.0, -76.840816414430975 ], [ 45.0, -74.019543311502261 ], [ 33.75, -74.019543311502261 ], [ 33.75, -76.840816414430975 ] ] ] } },
{ "type": "Feature", "properties": { "tilecode": "z5x19y27", "resolution": 5, "center_lat": -78.006075527625214, "center_lon": 39.375, "cell_width": 235679.10278705135, "cell_height": 260190.92729335208, "cell_area": 67519540387.077148, "cell_perimeter": 1041639.8631512625 }, "geometry": { "type": "Polygon", "coordinates": [ [ [ 33.75, -79.171334640819452 ], [ 45.0, -79.171334640819452 ], [ 45.0, -76.840816414430975 ], [ 33.75, -76.840816414430975 ], [ 33.75, -79.171334640819452 ] ] ] } },
{ "type": "Feature", "properties": { "tilecode": "z5x19y28", "resolution": 5, "center_lat": -80.132274246713919, "center_lon": 39.375, "cell_width": 194228.89232904164, "cell_height": 214598.42880588266, "cell_area": 45921829864.564453, "cell_perimeter": 859104.85272785835 }, "geometry": { "type": "Polygon", "coordinates": [ [ [ 33.75, -81.093213852608386 ], [ 45.0, -81.093213852608386 ], [ 45.0, -79.171334640819452 ], [ 33.75, -79.171334640819452 ], [ 33.75, -81.093213852608386 ] ] ] } },
{ "type": "Feature", "properties": { "tilecode": "z5x19y29", "resolution": 5, "center_lat": -81.884749415478709, "center_lon": 39.375, "cell_width": 159918.04297982904, "cell_height": 176783.79025463015, "cell_area": 31159964055.347656, "cell_perimeter": 707714.51581813092 }, "geometry": { "type": "Polygon", "coordinates": [ [ [ 33.75, -82.676284978349031 ], [ 45.0, -82.676284978349031 ], [ 45.0, -81.093213852608386 ], [ 33.75, -81.093213852608386 ], [ 33.75, -82.676284978349031 ] ] ] } },
{ "type": "Feature", "properties": { "tilecode": "z5x19y30", "resolution": 5, "center_lat": -83.327772238605547, "center_lon": 39.375, "cell_width": 131584.18496449364, "cell_height": 145514.4883510592, "cell_area": 21109976338.21875, "cell_perimeter": 582531.20464644115 }, "geometry": { "type": "Polygon", "coordinates": [ [ [ 33.75, -83.979259498862049 ], [ 45.0, -83.979259498862049 ], [ 45.0, -82.676284978349031 ], [ 33.75, -82.676284978349031 ], [ 33.75, -83.979259498862049 ] ] ] } },
{ "type": "Feature", "properties": { "tilecode": "z5x19y31", "resolution": 5, "center_lat": -84.515194139334326, "center_lon": 39.375, "cell_width": 108223.62660486477, "cell_height": 119710.25468782624, "cell_area": 14286077469.145508, "cell_perimeter": 479228.32094501087 }, "geometry": { "type": "Polygon", "coordinates": [ [ [ 33.75, -85.051128779806604 ], [ 45.0, -85.051128779806604 ], [ 45.0, -83.979259498862049 ], [ 33.75, -83.979259498862049 ], [ 33.75, -85.051128779806604 ] ] ] } },
{ "type": "Feature", "properties": { "tilecode": "z5x20y0", "resolution": 5, "center_lat": 84.515194139334326, "center_lon": 50.625, "cell_width": 131584.18496449364, "cell_height": 119710.25468782624, "cell_area": 14286077469.145508, "cell_perimeter": 479228.32094501087 }, "geometry": { "type": "Polygon", "coordinates": [ [ [ 45.0, 83.979259498862049 ], [ 56.25, 83.979259498862049 ], [ 56.25, 85.051128779806604 ], [ 45.0, 85.051128779806604 ], [ 45.0, 83.979259498862049 ] ] ] } },
{ "type": "Feature", "properties": { "tilecode": "z5x20y1", "resolution": 5, "center_lat": 83.327772238605547, "center_lon": 50.625, "cell_width": 159918.04297982904, "cell_height": 145514.4883510592, "cell_area": 21109976338.21875, "cell_perimeter": 582531.20464644115 }, "geometry": { "type": "Polygon", "coordinates": [ [ [ 45.0, 82.676284978349031 ], [ 56.25, 82.676284978349031 ], [ 56.25, 83.979259498862049 ], [ 45.0, 83.979259498862049 ], [ 45.0, 82.676284978349031 ] ] ] } },
{ "type": "Feature", "properties": { "tilecode": "z5x20y2", "resolution": 5, "center_lat": 81.884749415478709, "center_lon": 50.625, "cell_width": 194228.89232904164, "cell_height": 176783.79025463015, "cell_area": 31159964055.347656, "cell_perimeter": 707714.51581813092 }, "geometry": { "type": "Polygon", "coordinates": [ [ [ 45.0, 81.093213852608386 ], [ 56.25, 81.093213852608386 ], [ 56.25, 82.676284978349031 ], [ 45.0, 82.676284978349031 ], [ 45.0, 81.093213852608386 ] ] ] } },
{ "type": "Feature", "properties": { "tilecode": "z5x20y3", "resolution": 5, "center_lat": 80.132274246713919, "center_lon": 50.625, "cell_width": 235679.10278705135, "cell_height": 214598.42880588266, "cell_area": 45921829864.564453, "cell_perimeter": 859104.85272785835 }, "geometry": { "type": "Polygon", "coordinates": [ [ [ 45.0, 79.171334640819452 ], [ 56.25, 79.171334640819452 ], [ 56.25, 81.093213852608386 ], [ 45.0, 81.093213852608386 ], [ 45.0, 79.171334640819452 ] ] ] } },
{ "type": "Feature", "properties": { "tilecode": "z5x20y4", "resolution": 5, "center_lat": 78.006075527625214, "center_lon": 50.625, "cell_width": 285578.90577750694, "cell_height": 260190.92729335208, "cell_area": 67519540387.077148, "cell_perimeter": 1041639.8631512625 }, "geometry": { "type": "Polygon", "coordinates": [ [ [ 45.0, 76.840816414430975 ], [ 56.25, 76.840816414430975 ], [ 56.25, 79.171334640819452 ], [ 45.0, 79.171334640819452 ], [ 45.0, 76.840816414430975 ] ] ] } },
{ "type": "Feature", "properties": { "tilecode": "z5x20y5", "resolution": 5, "center_lat": 75.430179862966611, "center_lon": 50.625, "cell_width": 345340.39321398037, "cell_height": 314917.17448925663, "cell_area": 98935667800.386719, "cell_perimeter": 1260753.6479700005 }, "geometry": { "type": "Polygon", "coordinates": [ [ [ 45.0, 74.019543311502261 ], [ 56.25, 74.019543311502261 ], [ 56.25, 76.840816414430975 ], [ 45.0, 76.840816414430975 ], [ 45.0, 74.019543311502261 ] ] ] } },
{ "type": "Feature", "properties": { "tilecode": "z5x20y6", "resolution": 5, "center_lat": 72.316078774760754, "center_lon": 50.625, "cell_width": 416367.74655973469, "cell_height": 380177.85463522567, "cell_area": 144244649467.35156, "cell_perimeter": 1522063.8490441665 }, "geometry": { "type": "Polygon", "coordinates": [ [ [ 45.0, 70.612614238019248 ], [ 56.25, 70.612614238019248 ], [ 56.25, 74.019543311502261 ], [ 45.0, 74.019543311502261 ], [ 45.0, 70.612614238019248 ] ] ] } },
{ "type": "Feature", "properties": { "tilecode": "z5x20y7", "resolution": 5, "center_lat": 68.562937340565554, "center_lon": 50.625, "cell_width": 499840.06041197834, "cell_height": 457254.11326378735, "cell_area": 208774564158.09766, "cell_perimeter": 1830716.0334992877 }, "geometry": { "type": "Polygon", "coordinates": [ [ [ 45.0, 66.513260443111861 ], [ 56.25, 66.513260443111861 ], [ 56.25, 70.612614238019248 ], [ 45.0, 70.612614238019248 ], [ 45.0, 66.513260443111861 ] ] ] } },
{ "type": "Feature", "properties": { "tilecode": "z5x20y8", "resolution": 5, "center_lat": 64.059828407249057, "center_lon": 50.625, "cell_width": 596328.26003255299, "cell_height": 547006.64910479658, "cell_area": 299004638547.62012, "cell_perimeter": 2190181.6186541244 }, "geometry": { "type": "Polygon", "coordinates": [ [ [ 45.0, 61.606396371386268 ], [ 56.25, 61.606396371386268 ], [ 56.25, 66.513260443111861 ], [ 45.0, 66.513260443111861 ], [ 45.0, 61.606396371386268 ] ] ] } },
{ "type": "Feature", "properties": { "tilecode": "z5x20y9", "resolution": 5, "center_lat": 58.691484695026986, "center_lon": 50.625, "cell_width": 705186.72066214541, "cell_height": 649380.10464495013, "cell_area": 421832873365.11719, "cell_perimeter": 2600275.1899845987 }, "geometry": { "type": "Polygon", "coordinates": [ [ [ 45.0, 55.776573018667698 ], [ 56.25, 55.776573018667698 ], [ 56.25, 61.606396371386268 ], [ 45.0, 61.606396371386268 ], [ 45.0, 55.776573018667698 ] ] ] } },
{ "type": "Feature", "properties": { "tilecode": "z5x20y10", "resolution": 5, "center_lat": 52.349536141212965, "center_lon": 50.625, "cell_width": 823705.47975019796, "cell_height": 762677.84409848822, "cell_area": 582657894317.77637, "cell_perimeter": 3054247.8886093199 }, "geometry": { "type": "Polygon", "coordinates": [ [ [ 45.0, 48.92249926375824 ], [ 56.25, 48.92249926375824 ], [ 56.25, 55.776573018667698 ], [ 45.0, 55.776573018667698 ], [ 45.0, 48.92249926375824 ] ] ] } },
{ "type": "Feature", "properties": { "tilecode": "z5x20y11", "resolution": 5, "center_lat": 44.95119866668918, "center_lon": 50.625, "cell_width": 946152.93326944625, "cell_height": 882667.95666176802, "cell_area": 781726960961.31055, "cell_perimeter": 3535194.3263431801 }, "geometry": { "type": "Polygon", "coordinates": [ [ [ 45.0, 40.979898069620127 ], [ 56.25, 40.979898069620127 ], [ 56.25, 48.92249926375824 ], [ 45.0, 48.92249926375824 ], [ 45.0, 40.979898069620127 ] ] ] } },
{ "type": "Feature", "properties": { "tilecode": "z5x20y12", "resolution": 5, "center_lat": 36.466030153822544, "center_lon": 50.625, "cell_width": 1063119.6372028978, "cell_height": 1001793.0197306408, "cell_area": 1008900467966.7783, "cell_perimeter": 4012858.6099336259 }, "geometry": { "type": "Polygon", "coordinates": [ [ [ 45.0, 31.952162238024968 ], [ 56.25, 31.952162238024968 ], [ 56.25, 40.979898069620127 ], [ 45.0, 40.979898069620127 ], [ 45.0, 31.952162238024968 ] ] ] } },
{ "type": "Feature", "properties": { "tilecode": "z5x20y13", "resolution": 5, "center_lat": 26.947603885731574, "center_lon": 50.625, "cell_width": 1161900.9357158756, "cell_height": 1109053.9614562085, "cell_area": 1238910794109.9292, "cell_perimeter": 4443128.4958311906 }, "geometry": { "type": "Polygon", "coordinates": [ [ [ 45.0, 21.943045533438177 ], [ 56.25, 21.943045533438177 ], [ 56.25, 31.952162238024968 ], [ 45.0, 31.952162238024968 ], [ 45.0, 21.943045533438177 ] ] ] } },
{ "type": "Feature", "properties": { "tilecode": "z5x20y14", "resolution": 5, "center_lat": 16.560723703574979, "center_lon": 50.625, "cell_width": 1228665.3006186907, "cell_height": 1191293.9078964787, "cell_area": 1431788580865.3503, "cell_perimeter": 4773154.0521275233 }, "geometry": { "type": "Polygon", "coordinates": [ [ [ 45.0, 11.178401873711781 ], [ 56.25, 11.178401873711781 ], [ 56.25, 21.943045533438177 ], [ 45.0, 21.943045533438177 ], [ 45.0, 11.178401873711781 ] ] ] } },
{ "type": "Feature", "properties": { "tilecode": "z5x20y15", "resolution": 5, "center_lat": 5.5892009368558906, "center_lon": 50.625, "cell_width": 1252344.2714243277, "cell_height": 1236200.0081271871, "cell_area": 1543215607369.6492, "cell_perimeter": 4953409.5882973932 }, "geometry": { "type": "Polygon", "coordinates": [ [ [ 45.0, 0.0 ], [ 56.25, 0.0 ], [ 56.25, 11.178401873711781 ], [ 45.0, 11.178401873711781 ], [ 45.0, 0.0 ] ] ] } },
{ "type": "Feature", "properties": { "tilecode": "z5x20y16", "resolution": 5, "center_lat": -5.5892009368558906, "center_lon": 50.625, "cell_width": 1228665.3006186907, "cell_height": 1236200.0081271871, "cell_area": 1543215607369.6492, "cell_perimeter": 4953409.5882973932 }, "geometry": { "type": "Polygon", "coordinates": [ [ [ 45.0, -11.178401873711781 ], [ 56.25, -11.178401873711781 ], [ 56.25, 0.0 ], [ 45.0, 0.0 ], [ 45.0, -11.178401873711781 ] ] ] } },
{ "type": "Feature", "properties": { "tilecode": "z5x20y17", "resolution": 5, "center_lat": -16.560723703574979, "center_lon": 50.625, "cell_width": 1161900.9357158756, "cell_height": 1191293.9078964787, "cell_area": 1431788580865.3503, "cell_perimeter": 4773154.0521275233 }, "geometry": { "type": "Polygon", "coordinates": [ [ [ 45.0, -21.943045533438177 ], [ 56.25, -21.943045533438177 ], [ 56.25, -11.178401873711781 ], [ 45.0, -11.178401873711781 ], [ 45.0, -21.943045533438177 ] ] ] } },
{ "type": "Feature", "properties": { "tilecode": "z5x20y18", "resolution": 5, "center_lat": -26.947603885731574, "center_lon": 50.625, "cell_width": 1063119.6372028978, "cell_height": 1109053.9614562085, "cell_area": 1238910794109.9292, "cell_perimeter": 4443128.4958311906 }, "geometry": { "type": "Polygon", "coordinates": [ [ [ 45.0, -31.952162238024968 ], [ 56.25, -31.952162238024968 ], [ 56.25, -21.943045533438177 ], [ 45.0, -21.943045533438177 ], [ 45.0, -31.952162238024968 ] ] ] } },
{ "type": "Feature", "properties": { "tilecode": "z5x20y19", "resolution": 5, "center_lat": -36.466030153822544, "center_lon": 50.625, "cell_width": 946152.93326944625, "cell_height": 1001793.0197306408, "cell_area": 1008900467966.7783, "cell_perimeter": 4012858.6099336259 }, "geometry": { "type": "Polygon", "coordinates": [ [ [ 45.0, -40.979898069620127 ], [ 56.25, -40.979898069620127 ], [ 56.25, -31.952162238024968 ], [ 45.0, -31.952162238024968 ], [ 45.0, -40.979898069620127 ] ] ] } },
{ "type": "Feature", "properties": { "tilecode": "z5x20y20", "resolution": 5, "center_lat": -44.95119866668918, "center_lon": 50.625, "cell_width": 823705.47975019796, "cell_height": 882667.95666176802, "cell_area": 781726960961.31055, "cell_perimeter": 3535194.3263431801 }, "geometry": { "type": "Polygon", "coordinates": [ [ [ 45.0, -48.92249926375824 ], [ 56.25, -48.92249926375824 ], [ 56.25, -40.979898069620127 ], [ 45.0, -40.979898069620127 ], [ 45.0, -48.92249926375824 ] ] ] } },
{ "type": "Feature", "properties": { "tilecode": "z5x20y21", "resolution": 5, "center_lat": -52.349536141212965, "center_lon": 50.625, "cell_width": 705186.72066214541, "cell_height": 762677.84409848822, "cell_area": 582657894317.77637, "cell_perimeter": 3054247.8886093199 }, "geometry": { "type": "Polygon", "coordinates": [ [ [ 45.0, -55.776573018667698 ], [ 56.25, -55.776573018667698 ], [ 56.25, -48.92249926375824 ], [ 45.0, -48.92249926375824 ], [ 45.0, -55.776573018667698 ] ] ] } },
{ "type": "Feature", "properties": { "tilecode": "z5x20y22", "resolution": 5, "center_lat": -58.691484695026986, "center_lon": 50.625, "cell_width": 596328.26003255299, "cell_height": 649380.10464495013, "cell_area": 421832873365.11719, "cell_perimeter": 2600275.1899845987 }, "geometry": { "type": "Polygon", "coordinates": [ [ [ 45.0, -61.606396371386268 ], [ 56.25, -61.606396371386268 ], [ 56.25, -55.776573018667698 ], [ 45.0, -55.776573018667698 ], [ 45.0, -61.606396371386268 ] ] ] } },
{ "type": "Feature", "properties": { "tilecode": "z5x20y23", "resolution": 5, "center_lat": -64.059828407249057, "center_lon": 50.625, "cell_width": 499840.06041197834, "cell_height": 547006.64910479658, "cell_area": 299004638547.62012, "cell_perimeter": 2190181.6186541244 }, "geometry": { "type": "Polygon", "coordinates": [ [ [ 45.0, -66.513260443111861 ], [ 56.25, -66.513260443111861 ], [ 56.25, -61.606396371386268 ], [ 45.0, -61.606396371386268 ], [ 45.0, -66.513260443111861 ] ] ] } },
{ "type": "Feature", "properties": { "tilecode": "z5x20y24", "resolution": 5, "center_lat": -68.562937340565554, "center_lon": 50.625, "cell_width": 416367.74655973469, "cell_height": 457254.11326378735, "cell_area": 208774564158.09766, "cell_perimeter": 1830716.0334992877 }, "geometry": { "type": "Polygon", "coordinates": [ [ [ 45.0, -70.612614238019248 ], [ 56.25, -70.612614238019248 ], [ 56.25, -66.513260443111861 ], [ 45.0, -66.513260443111861 ], [ 45.0, -70.612614238019248 ] ] ] } },
{ "type": "Feature", "properties": { "tilecode": "z5x20y25", "resolution": 5, "center_lat": -72.316078774760754, "center_lon": 50.625, "cell_width": 345340.39321398037, "cell_height": 380177.85463522567, "cell_area": 144244649467.35156, "cell_perimeter": 1522063.8490441665 }, "geometry": { "type": "Polygon", "coordinates": [ [ [ 45.0, -74.019543311502261 ], [ 56.25, -74.019543311502261 ], [ 56.25, -70.612614238019248 ], [ 45.0, -70.612614238019248 ], [ 45.0, -74.019543311502261 ] ] ] } },
{ "type": "Feature", "properties": { "tilecode": "z5x20y26", "resolution": 5, "center_lat": -75.430179862966611, "center_lon": 50.625, "cell_width": 285578.90577750694, "cell_height": 314917.17448925663, "cell_area": 98935667800.386719, "cell_perimeter": 1260753.6479700005 }, "geometry": { "type": "Polygon", "coordinates": [ [ [ 45.0, -76.840816414430975 ], [ 56.25, -76.840816414430975 ], [ 56.25, -74.019543311502261 ], [ 45.0, -74.019543311502261 ], [ 45.0, -76.840816414430975 ] ] ] } },
{ "type": "Feature", "properties": { "tilecode": "z5x20y27", "resolution": 5, "center_lat": -78.006075527625214, "center_lon": 50.625, "cell_width": 235679.10278705135, "cell_height": 260190.92729335208, "cell_area": 67519540387.077148, "cell_perimeter": 1041639.8631512625 }, "geometry": { "type": "Polygon", "coordinates": [ [ [ 45.0, -79.171334640819452 ], [ 56.25, -79.171334640819452 ], [ 56.25, -76.840816414430975 ], [ 45.0, -76.840816414430975 ], [ 45.0, -79.171334640819452 ] ] ] } },
{ "type": "Feature", "properties": { "tilecode": "z5x20y28", "resolution": 5, "center_lat": -80.132274246713919, "center_lon": 50.625, "cell_width": 194228.89232904164, "cell_height": 214598.42880588266, "cell_area": 45921829864.564453, "cell_perimeter": 859104.85272785835 }, "geometry": { "type": "Polygon", "coordinates": [ [ [ 45.0, -81.093213852608386 ], [ 56.25, -81.093213852608386 ], [ 56.25, -79.171334640819452 ], [ 45.0, -79.171334640819452 ], [ 45.0, -81.093213852608386 ] ] ] } },
{ "type": "Feature", "properties": { "tilecode": "z5x20y29", "resolution": 5, "center_lat": -81.884749415478709, "center_lon": 50.625, "cell_width": 159918.04297982904, "cell_height": 176783.79025463015, "cell_area": 31159964055.347656, "cell_perimeter": 707714.51581813092 }, "geometry": { "type": "Polygon", "coordinates": [ [ [ 45.0, -82.676284978349031 ], [ 56.25, -82.676284978349031 ], [ 56.25, -81.093213852608386 ], [ 45.0, -81.093213852608386 ], [ 45.0, -82.676284978349031 ] ] ] } },
{ "type": "Feature", "properties": { "tilecode": "z5x20y30", "resolution": 5, "center_lat": -83.327772238605547, "center_lon": 50.625, "cell_width": 131584.18496449364, "cell_height": 145514.4883510592, "cell_area": 21109976338.21875, "cell_perimeter": 582531.20464644115 }, "geometry": { "type": "Polygon", "coordinates": [ [ [ 45.0, -83.979259498862049 ], [ 56.25, -83.979259498862049 ], [ 56.25, -82.676284978349031 ], [ 45.0, -82.676284978349031 ], [ 45.0, -83.979259498862049 ] ] ] } },
{ "type": "Feature", "properties": { "tilecode": "z5x20y31", "resolution": 5, "center_lat": -84.515194139334326, "center_lon": 50.625, "cell_width": 108223.62660486477, "cell_height": 119710.25468782624, "cell_area": 14286077469.145508, "cell_perimeter": 479228.32094501087 }, "geometry": { "type": "Polygon", "coordinates": [ [ [ 45.0, -85.051128779806604 ], [ 56.25, -85.051128779806604 ], [ 56.25, -83.979259498862049 ], [ 45.0, -83.979259498862049 ], [ 45.0, -85.051128779806604 ] ] ] } },
{ "type": "Feature", "properties": { "tilecode": "z5x21y0", "resolution": 5, "center_lat": 84.515194139334326, "center_lon": 61.875, "cell_width": 131584.18496449364, "cell_height": 119710.25468782624, "cell_area": 14286077469.145508, "cell_perimeter": 479228.32094501087 }, "geometry": { "type": "Polygon", "coordinates": [ [ [ 56.25, 83.979259498862049 ], [ 67.5, 83.979259498862049 ], [ 67.5, 85.051128779806604 ], [ 56.25, 85.051128779806604 ], [ 56.25, 83.979259498862049 ] ] ] } },
{ "type": "Feature", "properties": { "tilecode": "z5x21y1", "resolution": 5, "center_lat": 83.327772238605547, "center_lon": 61.875, "cell_width": 159918.04297982904, "cell_height": 145514.4883510592, "cell_area": 21109976338.21875, "cell_perimeter": 582531.20464644115 }, "geometry": { "type": "Polygon", "coordinates": [ [ [ 56.25, 82.676284978349031 ], [ 67.5, 82.676284978349031 ], [ 67.5, 83.979259498862049 ], [ 56.25, 83.979259498862049 ], [ 56.25, 82.676284978349031 ] ] ] } },
{ "type": "Feature", "properties": { "tilecode": "z5x21y2", "resolution": 5, "center_lat": 81.884749415478709, "center_lon": 61.875, "cell_width": 194228.89232904164, "cell_height": 176783.79025463015, "cell_area": 31159964055.347656, "cell_perimeter": 707714.51581813092 }, "geometry": { "type": "Polygon", "coordinates": [ [ [ 56.25, 81.093213852608386 ], [ 67.5, 81.093213852608386 ], [ 67.5, 82.676284978349031 ], [ 56.25, 82.676284978349031 ], [ 56.25, 81.093213852608386 ] ] ] } },
{ "type": "Feature", "properties": { "tilecode": "z5x21y3", "resolution": 5, "center_lat": 80.132274246713919, "center_lon": 61.875, "cell_width": 235679.10278705135, "cell_height": 214598.42880588266, "cell_area": 45921829864.564453, "cell_perimeter": 859104.85272785835 }, "geometry": { "type": "Polygon", "coordinates": [ [ [ 56.25, 79.171334640819452 ], [ 67.5, 79.171334640819452 ], [ 67.5, 81.093213852608386 ], [ 56.25, 81.093213852608386 ], [ 56.25, 79.171334640819452 ] ] ] } },
{ "type": "Feature", "properties": { "tilecode": "z5x21y4", "resolution": 5, "center_lat": 78.006075527625214, "center_lon": 61.875, "cell_width": 285578.90577750694, "cell_height": 260190.92729335208, "cell_area": 67519540387.077148, "cell_perimeter": 1041639.8631512625 }, "geometry": { "type": "Polygon", "coordinates": [ [ [ 56.25, 76.840816414430975 ], [ 67.5, 76.840816414430975 ], [ 67.5, 79.171334640819452 ], [ 56.25, 79.171334640819452 ], [ 56.25, 76.840816414430975 ] ] ] } },
{ "type": "Feature", "properties": { "tilecode": "z5x21y5", "resolution": 5, "center_lat": 75.430179862966611, "center_lon": 61.875, "cell_width": 345340.39321398037, "cell_height": 314917.17448925663, "cell_area": 98935667800.386719, "cell_perimeter": 1260753.6479700005 }, "geometry": { "type": "Polygon", "coordinates": [ [ [ 56.25, 74.019543311502261 ], [ 67.5, 74.019543311502261 ], [ 67.5, 76.840816414430975 ], [ 56.25, 76.840816414430975 ], [ 56.25, 74.019543311502261 ] ] ] } },
{ "type": "Feature", "properties": { "tilecode": "z5x21y6", "resolution": 5, "center_lat": 72.316078774760754, "center_lon": 61.875, "cell_width": 416367.74655973469, "cell_height": 380177.85463522567, "cell_area": 144244649467.35156, "cell_perimeter": 1522063.8490441665 }, "geometry": { "type": "Polygon", "coordinates": [ [ [ 56.25, 70.612614238019248 ], [ 67.5, 70.612614238019248 ], [ 67.5, 74.019543311502261 ], [ 56.25, 74.019543311502261 ], [ 56.25, 70.612614238019248 ] ] ] } },
{ "type": "Feature", "properties": { "tilecode": "z5x21y7", "resolution": 5, "center_lat": 68.562937340565554, "center_lon": 61.875, "cell_width": 499840.06041197834, "cell_height": 457254.11326378735, "cell_area": 208774564158.09766, "cell_perimeter": 1830716.0334992877 }, "geometry": { "type": "Polygon", "coordinates": [ [ [ 56.25, 66.513260443111861 ], [ 67.5, 66.513260443111861 ], [ 67.5, 70.612614238019248 ], [ 56.25, 70.612614238019248 ], [ 56.25, 66.513260443111861 ] ] ] } },
{ "type": "Feature", "properties": { "tilecode": "z5x21y8", "resolution": 5, "center_lat": 64.059828407249057, "center_lon": 61.875, "cell_width": 596328.26003255299, "cell_height": 547006.64910479658, "cell_area": 299004638547.62012, "cell_perimeter": 2190181.6186541244 }, "geometry": { "type": "Polygon", "coordinates": [ [ [ 56.25, 61.606396371386268 ], [ 67.5, 61.606396371386268 ], [ 67.5, 66.513260443111861 ], [ 56.25, 66.513260443111861 ], [ 56.25, 61.606396371386268 ] ] ] } },
{ "type": "Feature", "properties": { "tilecode": "z5x21y9", "resolution": 5, "center_lat": 58.691484695026986, "center_lon": 61.875, "cell_width": 705186.72066214541, "cell_height": 649380.10464495013, "cell_area": 421832873365.11719, "cell_perimeter": 2600275.1899845987 }, "geometry": { "type": "Polygon", "coordinates": [ [ [ 56.25, 55.776573018667698 ], [ 67.5, 55.776573018667698 ], [ 67.5, 61.606396371386268 ], [ 56.25, 61.606396371386268 ], [ 56.25, 55.776573018667698 ] ] ] } },
{ "type": "Feature", "properties": { "tilecode": "z5x21y10", "resolution": 5, "center_lat": 52.349536141212965, "center_lon": 61.875, "cell_width": 823705.47975019796, "cell_height": 762677.84409848822, "cell_area": 582657894317.77637, "cell_perimeter": 3054247.8886093199 }, "geometry": { "type": "Polygon", "coordinates": [ [ [ 56.25, 48.92249926375824 ], [ 67.5, 48.92249926375824 ], [ 67.5, 55.776573018667698 ], [ 56.25, 55.776573018667698 ], [ 56.25, 48.92249926375824 ] ] ] } },
{ "type": "Feature", "properties": { "tilecode": "z5x21y11", "resolution": 5, "center_lat": 44.95119866668918, "center_lon": 61.875, "cell_width": 946152.93326944625, "cell_height": 882667.95666176802, "cell_area": 781726960961.31055, "cell_perimeter": 3535194.3263431801 }, "geometry": { "type": "Polygon", "coordinates": [ [ [ 56.25, 40.979898069620127 ], [ 67.5, 40.979898069620127 ], [ 67.5, 48.92249926375824 ], [ 56.25, 48.92249926375824 ], [ 56.25, 40.979898069620127 ] ] ] } },
{ "type": "Feature", "properties": { "tilecode": "z5x21y12", "resolution": 5, "center_lat": 36.466030153822544, "center_lon": 61.875, "cell_width": 1063119.6372028978, "cell_height": 1001793.0197306408, "cell_area": 1008900467966.7783, "cell_perimeter": 4012858.6099336259 }, "geometry": { "type": "Polygon", "coordinates": [ [ [ 56.25, 31.952162238024968 ], [ 67.5, 31.952162238024968 ], [ 67.5, 40.979898069620127 ], [ 56.25, 40.979898069620127 ], [ 56.25, 31.952162238024968 ] ] ] } },
{ "type": "Feature", "properties": { "tilecode": "z5x21y13", "resolution": 5, "center_lat": 26.947603885731574, "center_lon": 61.875, "cell_width": 1161900.9357158756, "cell_height": 1109053.9614562085, "cell_area": 1238910794109.9292, "cell_perimeter": 4443128.4958311906 }, "geometry": { "type": "Polygon", "coordinates": [ [ [ 56.25, 21.943045533438177 ], [ 67.5, 21.943045533438177 ], [ 67.5, 31.952162238024968 ], [ 56.25, 31.952162238024968 ], [ 56.25, 21.943045533438177 ] ] ] } },
{ "type": "Feature", "properties": { "tilecode": "z5x21y14", "resolution": 5, "center_lat": 16.560723703574979, "center_lon": 61.875, "cell_width": 1228665.3006186907, "cell_height": 1191293.9078964787, "cell_area": 1431788580865.3503, "cell_perimeter": 4773154.0521275233 }, "geometry": { "type": "Polygon", "coordinates": [ [ [ 56.25, 11.178401873711781 ], [ 67.5, 11.178401873711781 ], [ 67.5, 21.943045533438177 ], [ 56.25, 21.943045533438177 ], [ 56.25, 11.178401873711781 ] ] ] } },
{ "type": "Feature", "properties": { "tilecode": "z5x21y15", "resolution": 5, "center_lat": 5.5892009368558906, "center_lon": 61.875, "cell_width": 1252344.2714243277, "cell_height": 1236200.0081271871, "cell_area": 1543215607369.6492, "cell_perimeter": 4953409.5882973932 }, "geometry": { "type": "Polygon", "coordinates": [ [ [ 56.25, 0.0 ], [ 67.5, 0.0 ], [ 67.5, 11.178401873711781 ], [ 56.25, 11.178401873711781 ], [ 56.25, 0.0 ] ] ] } },
{ "type": "Feature", "properties": { "tilecode": "z5x21y16", "resolution": 5, "center_lat": -5.5892009368558906, "center_lon": 61.875, "cell_width": 1228665.3006186907, "cell_height": 1236200.0081271871, "cell_area": 1543215607369.6492, "cell_perimeter": 4953409.5882973932 }, "geometry": { "type": "Polygon", "coordinates": [ [ [ 56.25, -11.178401873711781 ], [ 67.5, -11.178401873711781 ], [ 67.5, 0.0 ], [ 56.25, 0.0 ], [ 56.25, -11.178401873711781 ] ] ] } },
{ "type": "Feature", "properties": { "tilecode": "z5x21y17", "resolution": 5, "center_lat": -16.560723703574979, "center_lon": 61.875, "cell_width": 1161900.9357158756, "cell_height": 1191293.9078964787, "cell_area": 1431788580865.3503, "cell_perimeter": 4773154.0521275233 }, "geometry": { "type": "Polygon", "coordinates": [ [ [ 56.25, -21.943045533438177 ], [ 67.5, -21.943045533438177 ], [ 67.5, -11.178401873711781 ], [ 56.25, -11.178401873711781 ], [ 56.25, -21.943045533438177 ] ] ] } },
{ "type": "Feature", "properties": { "tilecode": "z5x21y18", "resolution": 5, "center_lat": -26.947603885731574, "center_lon": 61.875, "cell_width": 1063119.6372028978, "cell_height": 1109053.9614562085, "cell_area": 1238910794109.9292, "cell_perimeter": 4443128.4958311906 }, "geometry": { "type": "Polygon", "coordinates": [ [ [ 56.25, -31.952162238024968 ], [ 67.5, -31.952162238024968 ], [ 67.5, -21.943045533438177 ], [ 56.25, -21.943045533438177 ], [ 56.25, -31.952162238024968 ] ] ] } },
{ "type": "Feature", "properties": { "tilecode": "z5x21y19", "resolution": 5, "center_lat": -36.466030153822544, "center_lon": 61.875, "cell_width": 946152.93326944625, "cell_height": 1001793.0197306408, "cell_area": 1008900467966.7783, "cell_perimeter": 4012858.6099336259 }, "geometry": { "type": "Polygon", "coordinates": [ [ [ 56.25, -40.979898069620127 ], [ 67.5, -40.979898069620127 ], [ 67.5, -31.952162238024968 ], [ 56.25, -31.952162238024968 ], [ 56.25, -40.979898069620127 ] ] ] } },
{ "type": "Feature", "properties": { "tilecode": "z5x21y20", "resolution": 5, "center_lat": -44.95119866668918, "center_lon": 61.875, "cell_width": 823705.47975019796, "cell_height": 882667.95666176802, "cell_area": 781726960961.31055, "cell_perimeter": 3535194.3263431801 }, "geometry": { "type": "Polygon", "coordinates": [ [ [ 56.25, -48.92249926375824 ], [ 67.5, -48.92249926375824 ], [ 67.5, -40.979898069620127 ], [ 56.25, -40.979898069620127 ], [ 56.25, -48.92249926375824 ] ] ] } },
{ "type": "Feature", "properties": { "tilecode": "z5x21y21", "resolution": 5, "center_lat": -52.349536141212965, "center_lon": 61.875, "cell_width": 705186.72066214541, "cell_height": 762677.84409848822, "cell_area": 582657894317.77637, "cell_perimeter": 3054247.8886093199 }, "geometry": { "type": "Polygon", "coordinates": [ [ [ 56.25, -55.776573018667698 ], [ 67.5, -55.776573018667698 ], [ 67.5, -48.92249926375824 ], [ 56.25, -48.92249926375824 ], [ 56.25, -55.776573018667698 ] ] ] } },
{ "type": "Feature", "properties": { "tilecode": "z5x21y22", "resolution": 5, "center_lat": -58.691484695026986, "center_lon": 61.875, "cell_width": 596328.26003255299, "cell_height": 649380.10464495013, "cell_area": 421832873365.11719, "cell_perimeter": 2600275.1899845987 }, "geometry": { "type": "Polygon", "coordinates": [ [ [ 56.25, -61.606396371386268 ], [ 67.5, -61.606396371386268 ], [ 67.5, -55.776573018667698 ], [ 56.25, -55.776573018667698 ], [ 56.25, -61.606396371386268 ] ] ] } },
{ "type": "Feature", "properties": { "tilecode": "z5x21y23", "resolution": 5, "center_lat": -64.059828407249057, "center_lon": 61.875, "cell_width": 499840.06041197834, "cell_height": 547006.64910479658, "cell_area": 299004638547.62012, "cell_perimeter": 2190181.6186541244 }, "geometry": { "type": "Polygon", "coordinates": [ [ [ 56.25, -66.513260443111861 ], [ 67.5, -66.513260443111861 ], [ 67.5, -61.606396371386268 ], [ 56.25, -61.606396371386268 ], [ 56.25, -66.513260443111861 ] ] ] } },
{ "type": "Feature", "properties": { "tilecode": "z5x21y24", "resolution": 5, "center_lat": -68.562937340565554, "center_lon": 61.875, "cell_width": 416367.74655973469, "cell_height": 457254.11326378735, "cell_area": 208774564158.09766, "cell_perimeter": 1830716.0334992877 }, "geometry": { "type": "Polygon", "coordinates": [ [ [ 56.25, -70.612614238019248 ], [ 67.5, -70.612614238019248 ], [ 67.5, -66.513260443111861 ], [ 56.25, -66.513260443111861 ], [ 56.25, -70.612614238019248 ] ] ] } },
{ "type": "Feature", "properties": { "tilecode": "z5x21y25", "resolution": 5, "center_lat": -72.316078774760754, "center_lon": 61.875, "cell_width": 345340.39321398037, "cell_height": 380177.85463522567, "cell_area": 144244649467.35156, "cell_perimeter": 1522063.8490441665 }, "geometry": { "type": "Polygon", "coordinates": [ [ [ 56.25, -74.019543311502261 ], [ 67.5, -74.019543311502261 ], [ 67.5, -70.612614238019248 ], [ 56.25, -70.612614238019248 ], [ 56.25, -74.019543311502261 ] ] ] } },
{ "type": "Feature", "properties": { "tilecode": "z5x21y26", "resolution": 5, "center_lat": -75.430179862966611, "center_lon": 61.875, "cell_width": 285578.90577750694, "cell_height": 314917.17448925663, "cell_area": 98935667800.386719, "cell_perimeter": 1260753.6479700005 }, "geometry": { "type": "Polygon", "coordinates": [ [ [ 56.25, -76.840816414430975 ], [ 67.5, -76.840816414430975 ], [ 67.5, -74.019543311502261 ], [ 56.25, -74.019543311502261 ], [ 56.25, -76.840816414430975 ] ] ] } },
{ "type": "Feature", "properties": { "tilecode": "z5x21y27", "resolution": 5, "center_lat": -78.006075527625214, "center_lon": 61.875, "cell_width": 235679.10278705135, "cell_height": 260190.92729335208, "cell_area": 67519540387.077148, "cell_perimeter": 1041639.8631512625 }, "geometry": { "type": "Polygon", "coordinates": [ [ [ 56.25, -79.171334640819452 ], [ 67.5, -79.171334640819452 ], [ 67.5, -76.840816414430975 ], [ 56.25, -76.840816414430975 ], [ 56.25, -79.171334640819452 ] ] ] } },
{ "type": "Feature", "properties": { "tilecode": "z5x21y28", "resolution": 5, "center_lat": -80.132274246713919, "center_lon": 61.875, "cell_width": 194228.89232904164, "cell_height": 214598.42880588266, "cell_area": 45921829864.564453, "cell_perimeter": 859104.85272785835 }, "geometry": { "type": "Polygon", "coordinates": [ [ [ 56.25, -81.093213852608386 ], [ 67.5, -81.093213852608386 ], [ 67.5, -79.171334640819452 ], [ 56.25, -79.171334640819452 ], [ 56.25, -81.093213852608386 ] ] ] } },
{ "type": "Feature", "properties": { "tilecode": "z5x21y29", "resolution": 5, "center_lat": -81.884749415478709, "center_lon": 61.875, "cell_width": 159918.04297982904, "cell_height": 176783.79025463015, "cell_area": 31159964055.347656, "cell_perimeter": 707714.51581813092 }, "geometry": { "type": "Polygon", "coordinates": [ [ [ 56.25, -82.676284978349031 ], [ 67.5, -82.676284978349031 ], [ 67.5, -81.093213852608386 ], [ 56.25, -81.093213852608386 ], [ 56.25, -82.676284978349031 ] ] ] } },
{ "type": "Feature", "properties": { "tilecode": "z5x21y30", "resolution": 5, "center_lat": -83.327772238605547, "center_lon": 61.875, "cell_width": 131584.18496449364, "cell_height": 145514.4883510592, "cell_area": 21109976338.21875, "cell_perimeter": 582531.20464644115 }, "geometry": { "type": "Polygon", "coordinates": [ [ [ 56.25, -83.979259498862049 ], [ 67.5, -83.979259498862049 ], [ 67.5, -82.676284978349031 ], [ 56.25, -82.676284978349031 ], [ 56.25, -83.979259498862049 ] ] ] } },
{ "type": "Feature", "properties": { "tilecode": "z5x21y31", "resolution": 5, "center_lat": -84.515194139334326, "center_lon": 61.875, "cell_width": 108223.62660486477, "cell_height": 119710.25468782624, "cell_area": 14286077469.145508, "cell_perimeter": 479228.32094501087 }, "geometry": { "type": "Polygon", "coordinates": [ [ [ 56.25, -85.051128779806604 ], [ 67.5, -85.051128779806604 ], [ 67.5, -83.979259498862049 ], [ 56.25, -83.979259498862049 ], [ 56.25, -85.051128779806604 ] ] ] } },
{ "type": "Feature", "properties": { "tilecode": "z5x22y0", "resolution": 5, "center_lat": 84.515194139334326, "center_lon": 73.125, "cell_width": 131584.18496449364, "cell_height": 119710.25468782624, "cell_area": 14286077469.145508, "cell_perimeter": 479228.32094501087 }, "geometry": { "type": "Polygon", "coordinates": [ [ [ 67.5, 83.979259498862049 ], [ 78.75, 83.979259498862049 ], [ 78.75, 85.051128779806604 ], [ 67.5, 85.051128779806604 ], [ 67.5, 83.979259498862049 ] ] ] } },
{ "type": "Feature", "properties": { "tilecode": "z5x22y1", "resolution": 5, "center_lat": 83.327772238605547, "center_lon": 73.125, "cell_width": 159918.04297982904, "cell_height": 145514.4883510592, "cell_area": 21109976338.21875, "cell_perimeter": 582531.20464644115 }, "geometry": { "type": "Polygon", "coordinates": [ [ [ 67.5, 82.676284978349031 ], [ 78.75, 82.676284978349031 ], [ 78.75, 83.979259498862049 ], [ 67.5, 83.979259498862049 ], [ 67.5, 82.676284978349031 ] ] ] } },
{ "type": "Feature", "properties": { "tilecode": "z5x22y2", "resolution": 5, "center_lat": 81.884749415478709, "center_lon": 73.125, "cell_width": 194228.89232904164, "cell_height": 176783.79025463015, "cell_area": 31159964055.347656, "cell_perimeter": 707714.51581813092 }, "geometry": { "type": "Polygon", "coordinates": [ [ [ 67.5, 81.093213852608386 ], [ 78.75, 81.093213852608386 ], [ 78.75, 82.676284978349031 ], [ 67.5, 82.676284978349031 ], [ 67.5, 81.093213852608386 ] ] ] } },
{ "type": "Feature", "properties": { "tilecode": "z5x22y3", "resolution": 5, "center_lat": 80.132274246713919, "center_lon": 73.125, "cell_width": 235679.10278705135, "cell_height": 214598.42880588266, "cell_area": 45921829864.564453, "cell_perimeter": 859104.85272785835 }, "geometry": { "type": "Polygon", "coordinates": [ [ [ 67.5, 79.171334640819452 ], [ 78.75, 79.171334640819452 ], [ 78.75, 81.093213852608386 ], [ 67.5, 81.093213852608386 ], [ 67.5, 79.171334640819452 ] ] ] } },
{ "type": "Feature", "properties": { "tilecode": "z5x22y4", "resolution": 5, "center_lat": 78.006075527625214, "center_lon": 73.125, "cell_width": 285578.90577750694, "cell_height": 260190.92729335208, "cell_area": 67519540387.077148, "cell_perimeter": 1041639.8631512625 }, "geometry": { "type": "Polygon", "coordinates": [ [ [ 67.5, 76.840816414430975 ], [ 78.75, 76.840816414430975 ], [ 78.75, 79.171334640819452 ], [ 67.5, 79.171334640819452 ], [ 67.5, 76.840816414430975 ] ] ] } },
{ "type": "Feature", "properties": { "tilecode": "z5x22y5", "resolution": 5, "center_lat": 75.430179862966611, "center_lon": 73.125, "cell_width": 345340.39321398037, "cell_height": 314917.17448925663, "cell_area": 98935667800.386719, "cell_perimeter": 1260753.6479700005 }, "geometry": { "type": "Polygon", "coordinates": [ [ [ 67.5, 74.019543311502261 ], [ 78.75, 74.019543311502261 ], [ 78.75, 76.840816414430975 ], [ 67.5, 76.840816414430975 ], [ 67.5, 74.019543311502261 ] ] ] } },
{ "type": "Feature", "properties": { "tilecode": "z5x22y6", "resolution": 5, "center_lat": 72.316078774760754, "center_lon": 73.125, "cell_width": 416367.74655973469, "cell_height": 380177.85463522567, "cell_area": 144244649467.35156, "cell_perimeter": 1522063.8490441665 }, "geometry": { "type": "Polygon", "coordinates": [ [ [ 67.5, 70.612614238019248 ], [ 78.75, 70.612614238019248 ], [ 78.75, 74.019543311502261 ], [ 67.5, 74.019543311502261 ], [ 67.5, 70.612614238019248 ] ] ] } },
{ "type": "Feature", "properties": { "tilecode": "z5x22y7", "resolution": 5, "center_lat": 68.562937340565554, "center_lon": 73.125, "cell_width": 499840.06041197834, "cell_height": 457254.11326378735, "cell_area": 208774564158.09766, "cell_perimeter": 1830716.0334992877 }, "geometry": { "type": "Polygon", "coordinates": [ [ [ 67.5, 66.513260443111861 ], [ 78.75, 66.513260443111861 ], [ 78.75, 70.612614238019248 ], [ 67.5, 70.612614238019248 ], [ 67.5, 66.513260443111861 ] ] ] } },
{ "type": "Feature", "properties": { "tilecode": "z5x22y8", "resolution": 5, "center_lat": 64.059828407249057, "center_lon": 73.125, "cell_width": 596328.26003255299, "cell_height": 547006.64910479658, "cell_area": 299004638547.62012, "cell_perimeter": 2190181.6186541244 }, "geometry": { "type": "Polygon", "coordinates": [ [ [ 67.5, 61.606396371386268 ], [ 78.75, 61.606396371386268 ], [ 78.75, 66.513260443111861 ], [ 67.5, 66.513260443111861 ], [ 67.5, 61.606396371386268 ] ] ] } },
{ "type": "Feature", "properties": { "tilecode": "z5x22y9", "resolution": 5, "center_lat": 58.691484695026986, "center_lon": 73.125, "cell_width": 705186.72066214541, "cell_height": 649380.10464495013, "cell_area": 421832873365.11719, "cell_perimeter": 2600275.1899845987 }, "geometry": { "type": "Polygon", "coordinates": [ [ [ 67.5, 55.776573018667698 ], [ 78.75, 55.776573018667698 ], [ 78.75, 61.606396371386268 ], [ 67.5, 61.606396371386268 ], [ 67.5, 55.776573018667698 ] ] ] } },
{ "type": "Feature", "properties": { "tilecode": "z5x22y10", "resolution": 5, "center_lat": 52.349536141212965, "center_lon": 73.125, "cell_width": 823705.47975019796, "cell_height": 762677.84409848822, "cell_area": 582657894317.77637, "cell_perimeter": 3054247.8886093199 }, "geometry": { "type": "Polygon", "coordinates": [ [ [ 67.5, 48.92249926375824 ], [ 78.75, 48.92249926375824 ], [ 78.75, 55.776573018667698 ], [ 67.5, 55.776573018667698 ], [ 67.5, 48.92249926375824 ] ] ] } },
{ "type": "Feature", "properties": { "tilecode": "z5x22y11", "resolution": 5, "center_lat": 44.95119866668918, "center_lon": 73.125, "cell_width": 946152.93326944625, "cell_height": 882667.95666176802, "cell_area": 781726960961.31055, "cell_perimeter": 3535194.3263431801 }, "geometry": { "type": "Polygon", "coordinates": [ [ [ 67.5, 40.979898069620127 ], [ 78.75, 40.979898069620127 ], [ 78.75, 48.92249926375824 ], [ 67.5, 48.92249926375824 ], [ 67.5, 40.979898069620127 ] ] ] } },
{ "type": "Feature", "properties": { "tilecode": "z5x22y12", "resolution": 5, "center_lat": 36.466030153822544, "center_lon": 73.125, "cell_width": 1063119.6372028978, "cell_height": 1001793.0197306408, "cell_area": 1008900467966.7783, "cell_perimeter": 4012858.6099336259 }, "geometry": { "type": "Polygon", "coordinates": [ [ [ 67.5, 31.952162238024968 ], [ 78.75, 31.952162238024968 ], [ 78.75, 40.979898069620127 ], [ 67.5, 40.979898069620127 ], [ 67.5, 31.952162238024968 ] ] ] } },
{ "type": "Feature", "properties": { "tilecode": "z5x22y13", "resolution": 5, "center_lat": 26.947603885731574, "center_lon": 73.125, "cell_width": 1161900.9357158756, "cell_height": 1109053.9614562085, "cell_area": 1238910794109.9292, "cell_perimeter": 4443128.4958311906 }, "geometry": { "type": "Polygon", "coordinates": [ [ [ 67.5, 21.943045533438177 ], [ 78.75, 21.943045533438177 ], [ 78.75, 31.952162238024968 ], [ 67.5, 31.952162238024968 ], [ 67.5, 21.943045533438177 ] ] ] } },
{ "type": "Feature", "properties": { "tilecode": "z5x22y14", "resolution": 5, "center_lat": 16.560723703574979, "center_lon": 73.125, "cell_width": 1228665.3006186907, "cell_height": 1191293.9078964787, "cell_area": 1431788580865.3503, "cell_perimeter": 4773154.0521275233 }, "geometry": { "type": "Polygon", "coordinates": [ [ [ 67.5, 11.178401873711781 ], [ 78.75, 11.178401873711781 ], [ 78.75, 21.943045533438177 ], [ 67.5, 21.943045533438177 ], [ 67.5, 11.178401873711781 ] ] ] } },
{ "type": "Feature", "properties": { "tilecode": "z5x22y15", "resolution": 5, "center_lat": 5.5892009368558906, "center_lon": 73.125, "cell_width": 1252344.2714243277, "cell_height": 1236200.0081271871, "cell_area": 1543215607369.6492, "cell_perimeter": 4953409.5882973932 }, "geometry": { "type": "Polygon", "coordinates": [ [ [ 67.5, 0.0 ], [ 78.75, 0.0 ], [ 78.75, 11.178401873711781 ], [ 67.5, 11.178401873711781 ], [ 67.5, 0.0 ] ] ] } },
{ "type": "Feature", "properties": { "tilecode": "z5x22y16", "resolution": 5, "center_lat": -5.5892009368558906, "center_lon": 73.125, "cell_width": 1228665.3006186907, "cell_height": 1236200.0081271871, "cell_area": 1543215607369.6492, "cell_perimeter": 4953409.5882973932 }, "geometry": { "type": "Polygon", "coordinates": [ [ [ 67.5, -11.178401873711781 ], [ 78.75, -11.178401873711781 ], [ 78.75, 0.0 ], [ 67.5, 0.0 ], [ 67.5, -11.178401873711781 ] ] ] } },
{ "type": "Feature", "properties": { "tilecode": "z5x22y17", "resolution": 5, "center_lat": -16.560723703574979, "center_lon": 73.125, "cell_width": 1161900.9357158756, "cell_height": 1191293.9078964787, "cell_area": 1431788580865.3503, "cell_perimeter": 4773154.0521275233 }, "geometry": { "type": "Polygon", "coordinates": [ [ [ 67.5, -21.943045533438177 ], [ 78.75, -21.943045533438177 ], [ 78.75, -11.178401873711781 ], [ 67.5, -11.178401873711781 ], [ 67.5, -21.943045533438177 ] ] ] } },
{ "type": "Feature", "properties": { "tilecode": "z5x22y18", "resolution": 5, "center_lat": -26.947603885731574, "center_lon": 73.125, "cell_width": 1063119.6372028978, "cell_height": 1109053.9614562085, "cell_area": 1238910794109.9292, "cell_perimeter": 4443128.4958311906 }, "geometry": { "type": "Polygon", "coordinates": [ [ [ 67.5, -31.952162238024968 ], [ 78.75, -31.952162238024968 ], [ 78.75, -21.943045533438177 ], [ 67.5, -21.943045533438177 ], [ 67.5, -31.952162238024968 ] ] ] } },
{ "type": "Feature", "properties": { "tilecode": "z5x22y19", "resolution": 5, "center_lat": -36.466030153822544, "center_lon": 73.125, "cell_width": 946152.93326944625, "cell_height": 1001793.0197306408, "cell_area": 1008900467966.7783, "cell_perimeter": 4012858.6099336259 }, "geometry": { "type": "Polygon", "coordinates": [ [ [ 67.5, -40.979898069620127 ], [ 78.75, -40.979898069620127 ], [ 78.75, -31.952162238024968 ], [ 67.5, -31.952162238024968 ], [ 67.5, -40.979898069620127 ] ] ] } },
{ "type": "Feature", "properties": { "tilecode": "z5x22y20", "resolution": 5, "center_lat": -44.95119866668918, "center_lon": 73.125, "cell_width": 823705.47975019796, "cell_height": 882667.95666176802, "cell_area": 781726960961.31055, "cell_perimeter": 3535194.3263431801 }, "geometry": { "type": "Polygon", "coordinates": [ [ [ 67.5, -48.92249926375824 ], [ 78.75, -48.92249926375824 ], [ 78.75, -40.979898069620127 ], [ 67.5, -40.979898069620127 ], [ 67.5, -48.92249926375824 ] ] ] } },
{ "type": "Feature", "properties": { "tilecode": "z5x22y21", "resolution": 5, "center_lat": -52.349536141212965, "center_lon": 73.125, "cell_width": 705186.72066214541, "cell_height": 762677.84409848822, "cell_area": 582657894317.77637, "cell_perimeter": 3054247.8886093199 }, "geometry": { "type": "Polygon", "coordinates": [ [ [ 67.5, -55.776573018667698 ], [ 78.75, -55.776573018667698 ], [ 78.75, -48.92249926375824 ], [ 67.5, -48.92249926375824 ], [ 67.5, -55.776573018667698 ] ] ] } },
{ "type": "Feature", "properties": { "tilecode": "z5x22y22", "resolution": 5, "center_lat": -58.691484695026986, "center_lon": 73.125, "cell_width": 596328.26003255299, "cell_height": 649380.10464495013, "cell_area": 421832873365.11719, "cell_perimeter": 2600275.1899845987 }, "geometry": { "type": "Polygon", "coordinates": [ [ [ 67.5, -61.606396371386268 ], [ 78.75, -61.606396371386268 ], [ 78.75, -55.776573018667698 ], [ 67.5, -55.776573018667698 ], [ 67.5, -61.606396371386268 ] ] ] } },
{ "type": "Feature", "properties": { "tilecode": "z5x22y23", "resolution": 5, "center_lat": -64.059828407249057, "center_lon": 73.125, "cell_width": 499840.06041197834, "cell_height": 547006.64910479658, "cell_area": 299004638547.62012, "cell_perimeter": 2190181.6186541244 }, "geometry": { "type": "Polygon", "coordinates": [ [ [ 67.5, -66.513260443111861 ], [ 78.75, -66.513260443111861 ], [ 78.75, -61.606396371386268 ], [ 67.5, -61.606396371386268 ], [ 67.5, -66.513260443111861 ] ] ] } },
{ "type": "Feature", "properties": { "tilecode": "z5x22y24", "resolution": 5, "center_lat": -68.562937340565554, "center_lon": 73.125, "cell_width": 416367.74655973469, "cell_height": 457254.11326378735, "cell_area": 208774564158.09766, "cell_perimeter": 1830716.0334992877 }, "geometry": { "type": "Polygon", "coordinates": [ [ [ 67.5, -70.612614238019248 ], [ 78.75, -70.612614238019248 ], [ 78.75, -66.513260443111861 ], [ 67.5, -66.513260443111861 ], [ 67.5, -70.612614238019248 ] ] ] } },
{ "type": "Feature", "properties": { "tilecode": "z5x22y25", "resolution": 5, "center_lat": -72.316078774760754, "center_lon": 73.125, "cell_width": 345340.39321398037, "cell_height": 380177.85463522567, "cell_area": 144244649467.35156, "cell_perimeter": 1522063.8490441665 }, "geometry": { "type": "Polygon", "coordinates": [ [ [ 67.5, -74.019543311502261 ], [ 78.75, -74.019543311502261 ], [ 78.75, -70.612614238019248 ], [ 67.5, -70.612614238019248 ], [ 67.5, -74.019543311502261 ] ] ] } },
{ "type": "Feature", "properties": { "tilecode": "z5x22y26", "resolution": 5, "center_lat": -75.430179862966611, "center_lon": 73.125, "cell_width": 285578.90577750694, "cell_height": 314917.17448925663, "cell_area": 98935667800.386719, "cell_perimeter": 1260753.6479700005 }, "geometry": { "type": "Polygon", "coordinates": [ [ [ 67.5, -76.840816414430975 ], [ 78.75, -76.840816414430975 ], [ 78.75, -74.019543311502261 ], [ 67.5, -74.019543311502261 ], [ 67.5, -76.840816414430975 ] ] ] } },
{ "type": "Feature", "properties": { "tilecode": "z5x22y27", "resolution": 5, "center_lat": -78.006075527625214, "center_lon": 73.125, "cell_width": 235679.10278705135, "cell_height": 260190.92729335208, "cell_area": 67519540387.077148, "cell_perimeter": 1041639.8631512625 }, "geometry": { "type": "Polygon", "coordinates": [ [ [ 67.5, -79.171334640819452 ], [ 78.75, -79.171334640819452 ], [ 78.75, -76.840816414430975 ], [ 67.5, -76.840816414430975 ], [ 67.5, -79.171334640819452 ] ] ] } },
{ "type": "Feature", "properties": { "tilecode": "z5x22y28", "resolution": 5, "center_lat": -80.132274246713919, "center_lon": 73.125, "cell_width": 194228.89232904164, "cell_height": 214598.42880588266, "cell_area": 45921829864.564453, "cell_perimeter": 859104.85272785835 }, "geometry": { "type": "Polygon", "coordinates": [ [ [ 67.5, -81.093213852608386 ], [ 78.75, -81.093213852608386 ], [ 78.75, -79.171334640819452 ], [ 67.5, -79.171334640819452 ], [ 67.5, -81.093213852608386 ] ] ] } },
{ "type": "Feature", "properties": { "tilecode": "z5x22y29", "resolution": 5, "center_lat": -81.884749415478709, "center_lon": 73.125, "cell_width": 159918.04297982904, "cell_height": 176783.79025463015, "cell_area": 31159964055.347656, "cell_perimeter": 707714.51581813092 }, "geometry": { "type": "Polygon", "coordinates": [ [ [ 67.5, -82.676284978349031 ], [ 78.75, -82.676284978349031 ], [ 78.75, -81.093213852608386 ], [ 67.5, -81.093213852608386 ], [ 67.5, -82.676284978349031 ] ] ] } },
{ "type": "Feature", "properties": { "tilecode": "z5x22y30", "resolution": 5, "center_lat": -83.327772238605547, "center_lon": 73.125, "cell_width": 131584.18496449364, "cell_height": 145514.4883510592, "cell_area": 21109976338.21875, "cell_perimeter": 582531.20464644115 }, "geometry": { "type": "Polygon", "coordinates": [ [ [ 67.5, -83.979259498862049 ], [ 78.75, -83.979259498862049 ], [ 78.75, -82.676284978349031 ], [ 67.5, -82.676284978349031 ], [ 67.5, -83.979259498862049 ] ] ] } },
{ "type": "Feature", "properties": { "tilecode": "z5x22y31", "resolution": 5, "center_lat": -84.515194139334326, "center_lon": 73.125, "cell_width": 108223.62660486477, "cell_height": 119710.25468782624, "cell_area": 14286077469.145508, "cell_perimeter": 479228.32094501087 }, "geometry": { "type": "Polygon", "coordinates": [ [ [ 67.5, -85.051128779806604 ], [ 78.75, -85.051128779806604 ], [ 78.75, -83.979259498862049 ], [ 67.5, -83.979259498862049 ], [ 67.5, -85.051128779806604 ] ] ] } },
{ "type": "Feature", "properties": { "tilecode": "z5x23y0", "resolution": 5, "center_lat": 84.515194139334326, "center_lon": 84.375, "cell_width": 131584.18496449364, "cell_height": 119710.25468782624, "cell_area": 14286077469.145508, "cell_perimeter": 479228.32094501087 }, "geometry": { "type": "Polygon", "coordinates": [ [ [ 78.75, 83.979259498862049 ], [ 90.0, 83.979259498862049 ], [ 90.0, 85.051128779806604 ], [ 78.75, 85.051128779806604 ], [ 78.75, 83.979259498862049 ] ] ] } },
{ "type": "Feature", "properties": { "tilecode": "z5x23y1", "resolution": 5, "center_lat": 83.327772238605547, "center_lon": 84.375, "cell_width": 159918.04297982904, "cell_height": 145514.4883510592, "cell_area": 21109976338.21875, "cell_perimeter": 582531.20464644115 }, "geometry": { "type": "Polygon", "coordinates": [ [ [ 78.75, 82.676284978349031 ], [ 90.0, 82.676284978349031 ], [ 90.0, 83.979259498862049 ], [ 78.75, 83.979259498862049 ], [ 78.75, 82.676284978349031 ] ] ] } },
{ "type": "Feature", "properties": { "tilecode": "z5x23y2", "resolution": 5, "center_lat": 81.884749415478709, "center_lon": 84.375, "cell_width": 194228.89232904164, "cell_height": 176783.79025463015, "cell_area": 31159964055.347656, "cell_perimeter": 707714.51581813092 }, "geometry": { "type": "Polygon", "coordinates": [ [ [ 78.75, 81.093213852608386 ], [ 90.0, 81.093213852608386 ], [ 90.0, 82.676284978349031 ], [ 78.75, 82.676284978349031 ], [ 78.75, 81.093213852608386 ] ] ] } },
{ "type": "Feature", "properties": { "tilecode": "z5x23y3", "resolution": 5, "center_lat": 80.132274246713919, "center_lon": 84.375, "cell_width": 235679.10278705135, "cell_height": 214598.42880588266, "cell_area": 45921829864.564453, "cell_perimeter": 859104.85272785835 }, "geometry": { "type": "Polygon", "coordinates": [ [ [ 78.75, 79.171334640819452 ], [ 90.0, 79.171334640819452 ], [ 90.0, 81.093213852608386 ], [ 78.75, 81.093213852608386 ], [ 78.75, 79.171334640819452 ] ] ] } },
{ "type": "Feature", "properties": { "tilecode": "z5x23y4", "resolution": 5, "center_lat": 78.006075527625214, "center_lon": 84.375, "cell_width": 285578.90577750694, "cell_height": 260190.92729335208, "cell_area": 67519540387.077148, "cell_perimeter": 1041639.8631512625 }, "geometry": { "type": "Polygon", "coordinates": [ [ [ 78.75, 76.840816414430975 ], [ 90.0, 76.840816414430975 ], [ 90.0, 79.171334640819452 ], [ 78.75, 79.171334640819452 ], [ 78.75, 76.840816414430975 ] ] ] } },
{ "type": "Feature", "properties": { "tilecode": "z5x23y5", "resolution": 5, "center_lat": 75.430179862966611, "center_lon": 84.375, "cell_width": 345340.39321398037, "cell_height": 314917.17448925663, "cell_area": 98935667800.386719, "cell_perimeter": 1260753.6479700005 }, "geometry": { "type": "Polygon", "coordinates": [ [ [ 78.75, 74.019543311502261 ], [ 90.0, 74.019543311502261 ], [ 90.0, 76.840816414430975 ], [ 78.75, 76.840816414430975 ], [ 78.75, 74.019543311502261 ] ] ] } },
{ "type": "Feature", "properties": { "tilecode": "z5x23y6", "resolution": 5, "center_lat": 72.316078774760754, "center_lon": 84.375, "cell_width": 416367.74655973469, "cell_height": 380177.85463522567, "cell_area": 144244649467.35156, "cell_perimeter": 1522063.8490441665 }, "geometry": { "type": "Polygon", "coordinates": [ [ [ 78.75, 70.612614238019248 ], [ 90.0, 70.612614238019248 ], [ 90.0, 74.019543311502261 ], [ 78.75, 74.019543311502261 ], [ 78.75, 70.612614238019248 ] ] ] } },
{ "type": "Feature", "properties": { "tilecode": "z5x23y7", "resolution": 5, "center_lat": 68.562937340565554, "center_lon": 84.375, "cell_width": 499840.06041197834, "cell_height": 457254.11326378735, "cell_area": 208774564158.09766, "cell_perimeter": 1830716.0334992877 }, "geometry": { "type": "Polygon", "coordinates": [ [ [ 78.75, 66.513260443111861 ], [ 90.0, 66.513260443111861 ], [ 90.0, 70.612614238019248 ], [ 78.75, 70.612614238019248 ], [ 78.75, 66.513260443111861 ] ] ] } },
{ "type": "Feature", "properties": { "tilecode": "z5x23y8", "resolution": 5, "center_lat": 64.059828407249057, "center_lon": 84.375, "cell_width": 596328.26003255299, "cell_height": 547006.64910479658, "cell_area": 299004638547.62012, "cell_perimeter": 2190181.6186541244 }, "geometry": { "type": "Polygon", "coordinates": [ [ [ 78.75, 61.606396371386268 ], [ 90.0, 61.606396371386268 ], [ 90.0, 66.513260443111861 ], [ 78.75, 66.513260443111861 ], [ 78.75, 61.606396371386268 ] ] ] } },
{ "type": "Feature", "properties": { "tilecode": "z5x23y9", "resolution": 5, "center_lat": 58.691484695026986, "center_lon": 84.375, "cell_width": 705186.72066214541, "cell_height": 649380.10464495013, "cell_area": 421832873365.11719, "cell_perimeter": 2600275.1899845987 }, "geometry": { "type": "Polygon", "coordinates": [ [ [ 78.75, 55.776573018667698 ], [ 90.0, 55.776573018667698 ], [ 90.0, 61.606396371386268 ], [ 78.75, 61.606396371386268 ], [ 78.75, 55.776573018667698 ] ] ] } },
{ "type": "Feature", "properties": { "tilecode": "z5x23y10", "resolution": 5, "center_lat": 52.349536141212965, "center_lon": 84.375, "cell_width": 823705.47975019796, "cell_height": 762677.84409848822, "cell_area": 582657894317.77637, "cell_perimeter": 3054247.8886093199 }, "geometry": { "type": "Polygon", "coordinates": [ [ [ 78.75, 48.92249926375824 ], [ 90.0, 48.92249926375824 ], [ 90.0, 55.776573018667698 ], [ 78.75, 55.776573018667698 ], [ 78.75, 48.92249926375824 ] ] ] } },
{ "type": "Feature", "properties": { "tilecode": "z5x23y11", "resolution": 5, "center_lat": 44.95119866668918, "center_lon": 84.375, "cell_width": 946152.93326944625, "cell_height": 882667.95666176802, "cell_area": 781726960961.31055, "cell_perimeter": 3535194.3263431801 }, "geometry": { "type": "Polygon", "coordinates": [ [ [ 78.75, 40.979898069620127 ], [ 90.0, 40.979898069620127 ], [ 90.0, 48.92249926375824 ], [ 78.75, 48.92249926375824 ], [ 78.75, 40.979898069620127 ] ] ] } },
{ "type": "Feature", "properties": { "tilecode": "z5x23y12", "resolution": 5, "center_lat": 36.466030153822544, "center_lon": 84.375, "cell_width": 1063119.6372028978, "cell_height": 1001793.0197306408, "cell_area": 1008900467966.7783, "cell_perimeter": 4012858.6099336259 }, "geometry": { "type": "Polygon", "coordinates": [ [ [ 78.75, 31.952162238024968 ], [ 90.0, 31.952162238024968 ], [ 90.0, 40.979898069620127 ], [ 78.75, 40.979898069620127 ], [ 78.75, 31.952162238024968 ] ] ] } },
{ "type": "Feature", "properties": { "tilecode": "z5x23y13", "resolution": 5, "center_lat": 26.947603885731574, "center_lon": 84.375, "cell_width": 1161900.9357158756, "cell_height": 1109053.9614562085, "cell_area": 1238910794109.9292, "cell_perimeter": 4443128.4958311906 }, "geometry": { "type": "Polygon", "coordinates": [ [ [ 78.75, 21.943045533438177 ], [ 90.0, 21.943045533438177 ], [ 90.0, 31.952162238024968 ], [ 78.75, 31.952162238024968 ], [ 78.75, 21.943045533438177 ] ] ] } },
{ "type": "Feature", "properties": { "tilecode": "z5x23y14", "resolution": 5, "center_lat": 16.560723703574979, "center_lon": 84.375, "cell_width": 1228665.3006186907, "cell_height": 1191293.9078964787, "cell_area": 1431788580865.3503, "cell_perimeter": 4773154.0521275233 }, "geometry": { "type": "Polygon", "coordinates": [ [ [ 78.75, 11.178401873711781 ], [ 90.0, 11.178401873711781 ], [ 90.0, 21.943045533438177 ], [ 78.75, 21.943045533438177 ], [ 78.75, 11.178401873711781 ] ] ] } },
{ "type": "Feature", "properties": { "tilecode": "z5x23y15", "resolution": 5, "center_lat": 5.5892009368558906, "center_lon": 84.375, "cell_width": 1252344.2714243277, "cell_height": 1236200.0081271871, "cell_area": 1543215607369.6492, "cell_perimeter": 4953409.5882973932 }, "geometry": { "type": "Polygon", "coordinates": [ [ [ 78.75, 0.0 ], [ 90.0, 0.0 ], [ 90.0, 11.178401873711781 ], [ 78.75, 11.178401873711781 ], [ 78.75, 0.0 ] ] ] } },
{ "type": "Feature", "properties": { "tilecode": "z5x23y16", "resolution": 5, "center_lat": -5.5892009368558906, "center_lon": 84.375, "cell_width": 1228665.3006186907, "cell_height": 1236200.0081271871, "cell_area": 1543215607369.6492, "cell_perimeter": 4953409.5882973932 }, "geometry": { "type": "Polygon", "coordinates": [ [ [ 78.75, -11.178401873711781 ], [ 90.0, -11.178401873711781 ], [ 90.0, 0.0 ], [ 78.75, 0.0 ], [ 78.75, -11.178401873711781 ] ] ] } },
{ "type": "Feature", "properties": { "tilecode": "z5x23y17", "resolution": 5, "center_lat": -16.560723703574979, "center_lon": 84.375, "cell_width": 1161900.9357158756, "cell_height": 1191293.9078964787, "cell_area": 1431788580865.3503, "cell_perimeter": 4773154.0521275233 }, "geometry": { "type": "Polygon", "coordinates": [ [ [ 78.75, -21.943045533438177 ], [ 90.0, -21.943045533438177 ], [ 90.0, -11.178401873711781 ], [ 78.75, -11.178401873711781 ], [ 78.75, -21.943045533438177 ] ] ] } },
{ "type": "Feature", "properties": { "tilecode": "z5x23y18", "resolution": 5, "center_lat": -26.947603885731574, "center_lon": 84.375, "cell_width": 1063119.6372028978, "cell_height": 1109053.9614562085, "cell_area": 1238910794109.9292, "cell_perimeter": 4443128.4958311906 }, "geometry": { "type": "Polygon", "coordinates": [ [ [ 78.75, -31.952162238024968 ], [ 90.0, -31.952162238024968 ], [ 90.0, -21.943045533438177 ], [ 78.75, -21.943045533438177 ], [ 78.75, -31.952162238024968 ] ] ] } },
{ "type": "Feature", "properties": { "tilecode": "z5x23y19", "resolution": 5, "center_lat": -36.466030153822544, "center_lon": 84.375, "cell_width": 946152.93326944625, "cell_height": 1001793.0197306408, "cell_area": 1008900467966.7783, "cell_perimeter": 4012858.6099336259 }, "geometry": { "type": "Polygon", "coordinates": [ [ [ 78.75, -40.979898069620127 ], [ 90.0, -40.979898069620127 ], [ 90.0, -31.952162238024968 ], [ 78.75, -31.952162238024968 ], [ 78.75, -40.979898069620127 ] ] ] } },
{ "type": "Feature", "properties": { "tilecode": "z5x23y20", "resolution": 5, "center_lat": -44.95119866668918, "center_lon": 84.375, "cell_width": 823705.47975019796, "cell_height": 882667.95666176802, "cell_area": 781726960961.31055, "cell_perimeter": 3535194.3263431801 }, "geometry": { "type": "Polygon", "coordinates": [ [ [ 78.75, -48.92249926375824 ], [ 90.0, -48.92249926375824 ], [ 90.0, -40.979898069620127 ], [ 78.75, -40.979898069620127 ], [ 78.75, -48.92249926375824 ] ] ] } },
{ "type": "Feature", "properties": { "tilecode": "z5x23y21", "resolution": 5, "center_lat": -52.349536141212965, "center_lon": 84.375, "cell_width": 705186.72066214541, "cell_height": 762677.84409848822, "cell_area": 582657894317.77637, "cell_perimeter": 3054247.8886093199 }, "geometry": { "type": "Polygon", "coordinates": [ [ [ 78.75, -55.776573018667698 ], [ 90.0, -55.776573018667698 ], [ 90.0, -48.92249926375824 ], [ 78.75, -48.92249926375824 ], [ 78.75, -55.776573018667698 ] ] ] } },
{ "type": "Feature", "properties": { "tilecode": "z5x23y22", "resolution": 5, "center_lat": -58.691484695026986, "center_lon": 84.375, "cell_width": 596328.26003255299, "cell_height": 649380.10464495013, "cell_area": 421832873365.11719, "cell_perimeter": 2600275.1899845987 }, "geometry": { "type": "Polygon", "coordinates": [ [ [ 78.75, -61.606396371386268 ], [ 90.0, -61.606396371386268 ], [ 90.0, -55.776573018667698 ], [ 78.75, -55.776573018667698 ], [ 78.75, -61.606396371386268 ] ] ] } },
{ "type": "Feature", "properties": { "tilecode": "z5x23y23", "resolution": 5, "center_lat": -64.059828407249057, "center_lon": 84.375, "cell_width": 499840.06041197834, "cell_height": 547006.64910479658, "cell_area": 299004638547.62012, "cell_perimeter": 2190181.6186541244 }, "geometry": { "type": "Polygon", "coordinates": [ [ [ 78.75, -66.513260443111861 ], [ 90.0, -66.513260443111861 ], [ 90.0, -61.606396371386268 ], [ 78.75, -61.606396371386268 ], [ 78.75, -66.513260443111861 ] ] ] } },
{ "type": "Feature", "properties": { "tilecode": "z5x23y24", "resolution": 5, "center_lat": -68.562937340565554, "center_lon": 84.375, "cell_width": 416367.74655973469, "cell_height": 457254.11326378735, "cell_area": 208774564158.09766, "cell_perimeter": 1830716.0334992877 }, "geometry": { "type": "Polygon", "coordinates": [ [ [ 78.75, -70.612614238019248 ], [ 90.0, -70.612614238019248 ], [ 90.0, -66.513260443111861 ], [ 78.75, -66.513260443111861 ], [ 78.75, -70.612614238019248 ] ] ] } },
{ "type": "Feature", "properties": { "tilecode": "z5x23y25", "resolution": 5, "center_lat": -72.316078774760754, "center_lon": 84.375, "cell_width": 345340.39321398037, "cell_height": 380177.85463522567, "cell_area": 144244649467.35156, "cell_perimeter": 1522063.8490441665 }, "geometry": { "type": "Polygon", "coordinates": [ [ [ 78.75, -74.019543311502261 ], [ 90.0, -74.019543311502261 ], [ 90.0, -70.612614238019248 ], [ 78.75, -70.612614238019248 ], [ 78.75, -74.019543311502261 ] ] ] } },
{ "type": "Feature", "properties": { "tilecode": "z5x23y26", "resolution": 5, "center_lat": -75.430179862966611, "center_lon": 84.375, "cell_width": 285578.90577750694, "cell_height": 314917.17448925663, "cell_area": 98935667800.386719, "cell_perimeter": 1260753.6479700005 }, "geometry": { "type": "Polygon", "coordinates": [ [ [ 78.75, -76.840816414430975 ], [ 90.0, -76.840816414430975 ], [ 90.0, -74.019543311502261 ], [ 78.75, -74.019543311502261 ], [ 78.75, -76.840816414430975 ] ] ] } },
{ "type": "Feature", "properties": { "tilecode": "z5x23y27", "resolution": 5, "center_lat": -78.006075527625214, "center_lon": 84.375, "cell_width": 235679.10278705135, "cell_height": 260190.92729335208, "cell_area": 67519540387.077148, "cell_perimeter": 1041639.8631512625 }, "geometry": { "type": "Polygon", "coordinates": [ [ [ 78.75, -79.171334640819452 ], [ 90.0, -79.171334640819452 ], [ 90.0, -76.840816414430975 ], [ 78.75, -76.840816414430975 ], [ 78.75, -79.171334640819452 ] ] ] } },
{ "type": "Feature", "properties": { "tilecode": "z5x23y28", "resolution": 5, "center_lat": -80.132274246713919, "center_lon": 84.375, "cell_width": 194228.89232904164, "cell_height": 214598.42880588266, "cell_area": 45921829864.564453, "cell_perimeter": 859104.85272785835 }, "geometry": { "type": "Polygon", "coordinates": [ [ [ 78.75, -81.093213852608386 ], [ 90.0, -81.093213852608386 ], [ 90.0, -79.171334640819452 ], [ 78.75, -79.171334640819452 ], [ 78.75, -81.093213852608386 ] ] ] } },
{ "type": "Feature", "properties": { "tilecode": "z5x23y29", "resolution": 5, "center_lat": -81.884749415478709, "center_lon": 84.375, "cell_width": 159918.04297982904, "cell_height": 176783.79025463015, "cell_area": 31159964055.347656, "cell_perimeter": 707714.51581813092 }, "geometry": { "type": "Polygon", "coordinates": [ [ [ 78.75, -82.676284978349031 ], [ 90.0, -82.676284978349031 ], [ 90.0, -81.093213852608386 ], [ 78.75, -81.093213852608386 ], [ 78.75, -82.676284978349031 ] ] ] } },
{ "type": "Feature", "properties": { "tilecode": "z5x23y30", "resolution": 5, "center_lat": -83.327772238605547, "center_lon": 84.375, "cell_width": 131584.18496449364, "cell_height": 145514.4883510592, "cell_area": 21109976338.21875, "cell_perimeter": 582531.20464644115 }, "geometry": { "type": "Polygon", "coordinates": [ [ [ 78.75, -83.979259498862049 ], [ 90.0, -83.979259498862049 ], [ 90.0, -82.676284978349031 ], [ 78.75, -82.676284978349031 ], [ 78.75, -83.979259498862049 ] ] ] } },
{ "type": "Feature", "properties": { "tilecode": "z5x23y31", "resolution": 5, "center_lat": -84.515194139334326, "center_lon": 84.375, "cell_width": 108223.62660486477, "cell_height": 119710.25468782624, "cell_area": 14286077469.145508, "cell_perimeter": 479228.32094501087 }, "geometry": { "type": "Polygon", "coordinates": [ [ [ 78.75, -85.051128779806604 ], [ 90.0, -85.051128779806604 ], [ 90.0, -83.979259498862049 ], [ 78.75, -83.979259498862049 ], [ 78.75, -85.051128779806604 ] ] ] } },
{ "type": "Feature", "properties": { "tilecode": "z5x24y0", "resolution": 5, "center_lat": 84.515194139334326, "center_lon": 95.625, "cell_width": 131584.18496449364, "cell_height": 119710.25468782624, "cell_area": 14286077469.145508, "cell_perimeter": 479228.32094501087 }, "geometry": { "type": "Polygon", "coordinates": [ [ [ 90.0, 83.979259498862049 ], [ 101.25, 83.979259498862049 ], [ 101.25, 85.051128779806604 ], [ 90.0, 85.051128779806604 ], [ 90.0, 83.979259498862049 ] ] ] } },
{ "type": "Feature", "properties": { "tilecode": "z5x24y1", "resolution": 5, "center_lat": 83.327772238605547, "center_lon": 95.625, "cell_width": 159918.04297982904, "cell_height": 145514.4883510592, "cell_area": 21109976338.21875, "cell_perimeter": 582531.20464644115 }, "geometry": { "type": "Polygon", "coordinates": [ [ [ 90.0, 82.676284978349031 ], [ 101.25, 82.676284978349031 ], [ 101.25, 83.979259498862049 ], [ 90.0, 83.979259498862049 ], [ 90.0, 82.676284978349031 ] ] ] } },
{ "type": "Feature", "properties": { "tilecode": "z5x24y2", "resolution": 5, "center_lat": 81.884749415478709, "center_lon": 95.625, "cell_width": 194228.89232904164, "cell_height": 176783.79025463015, "cell_area": 31159964055.347656, "cell_perimeter": 707714.51581813092 }, "geometry": { "type": "Polygon", "coordinates": [ [ [ 90.0, 81.093213852608386 ], [ 101.25, 81.093213852608386 ], [ 101.25, 82.676284978349031 ], [ 90.0, 82.676284978349031 ], [ 90.0, 81.093213852608386 ] ] ] } },
{ "type": "Feature", "properties": { "tilecode": "z5x24y3", "resolution": 5, "center_lat": 80.132274246713919, "center_lon": 95.625, "cell_width": 235679.10278705135, "cell_height": 214598.42880588266, "cell_area": 45921829864.564453, "cell_perimeter": 859104.85272785835 }, "geometry": { "type": "Polygon", "coordinates": [ [ [ 90.0, 79.171334640819452 ], [ 101.25, 79.171334640819452 ], [ 101.25, 81.093213852608386 ], [ 90.0, 81.093213852608386 ], [ 90.0, 79.171334640819452 ] ] ] } },
{ "type": "Feature", "properties": { "tilecode": "z5x24y4", "resolution": 5, "center_lat": 78.006075527625214, "center_lon": 95.625, "cell_width": 285578.90577750694, "cell_height": 260190.92729335208, "cell_area": 67519540387.077148, "cell_perimeter": 1041639.8631512625 }, "geometry": { "type": "Polygon", "coordinates": [ [ [ 90.0, 76.840816414430975 ], [ 101.25, 76.840816414430975 ], [ 101.25, 79.171334640819452 ], [ 90.0, 79.171334640819452 ], [ 90.0, 76.840816414430975 ] ] ] } },
{ "type": "Feature", "properties": { "tilecode": "z5x24y5", "resolution": 5, "center_lat": 75.430179862966611, "center_lon": 95.625, "cell_width": 345340.39321398037, "cell_height": 314917.17448925663, "cell_area": 98935667800.386719, "cell_perimeter": 1260753.6479700005 }, "geometry": { "type": "Polygon", "coordinates": [ [ [ 90.0, 74.019543311502261 ], [ 101.25, 74.019543311502261 ], [ 101.25, 76.840816414430975 ], [ 90.0, 76.840816414430975 ], [ 90.0, 74.019543311502261 ] ] ] } },
{ "type": "Feature", "properties": { "tilecode": "z5x24y6", "resolution": 5, "center_lat": 72.316078774760754, "center_lon": 95.625, "cell_width": 416367.74655973469, "cell_height": 380177.85463522567, "cell_area": 144244649467.35156, "cell_perimeter": 1522063.8490441665 }, "geometry": { "type": "Polygon", "coordinates": [ [ [ 90.0, 70.612614238019248 ], [ 101.25, 70.612614238019248 ], [ 101.25, 74.019543311502261 ], [ 90.0, 74.019543311502261 ], [ 90.0, 70.612614238019248 ] ] ] } },
{ "type": "Feature", "properties": { "tilecode": "z5x24y7", "resolution": 5, "center_lat": 68.562937340565554, "center_lon": 95.625, "cell_width": 499840.06041197834, "cell_height": 457254.11326378735, "cell_area": 208774564158.09766, "cell_perimeter": 1830716.0334992877 }, "geometry": { "type": "Polygon", "coordinates": [ [ [ 90.0, 66.513260443111861 ], [ 101.25, 66.513260443111861 ], [ 101.25, 70.612614238019248 ], [ 90.0, 70.612614238019248 ], [ 90.0, 66.513260443111861 ] ] ] } },
{ "type": "Feature", "properties": { "tilecode": "z5x24y8", "resolution": 5, "center_lat": 64.059828407249057, "center_lon": 95.625, "cell_width": 596328.26003255299, "cell_height": 547006.64910479658, "cell_area": 299004638547.62012, "cell_perimeter": 2190181.6186541244 }, "geometry": { "type": "Polygon", "coordinates": [ [ [ 90.0, 61.606396371386268 ], [ 101.25, 61.606396371386268 ], [ 101.25, 66.513260443111861 ], [ 90.0, 66.513260443111861 ], [ 90.0, 61.606396371386268 ] ] ] } },
{ "type": "Feature", "properties": { "tilecode": "z5x24y9", "resolution": 5, "center_lat": 58.691484695026986, "center_lon": 95.625, "cell_width": 705186.72066214541, "cell_height": 649380.10464495013, "cell_area": 421832873365.11719, "cell_perimeter": 2600275.1899845987 }, "geometry": { "type": "Polygon", "coordinates": [ [ [ 90.0, 55.776573018667698 ], [ 101.25, 55.776573018667698 ], [ 101.25, 61.606396371386268 ], [ 90.0, 61.606396371386268 ], [ 90.0, 55.776573018667698 ] ] ] } },
{ "type": "Feature", "properties": { "tilecode": "z5x24y10", "resolution": 5, "center_lat": 52.349536141212965, "center_lon": 95.625, "cell_width": 823705.47975019796, "cell_height": 762677.84409848822, "cell_area": 582657894317.77637, "cell_perimeter": 3054247.8886093199 }, "geometry": { "type": "Polygon", "coordinates": [ [ [ 90.0, 48.92249926375824 ], [ 101.25, 48.92249926375824 ], [ 101.25, 55.776573018667698 ], [ 90.0, 55.776573018667698 ], [ 90.0, 48.92249926375824 ] ] ] } },
{ "type": "Feature", "properties": { "tilecode": "z5x24y11", "resolution": 5, "center_lat": 44.95119866668918, "center_lon": 95.625, "cell_width": 946152.93326944625, "cell_height": 882667.95666176802, "cell_area": 781726960961.31055, "cell_perimeter": 3535194.3263431801 }, "geometry": { "type": "Polygon", "coordinates": [ [ [ 90.0, 40.979898069620127 ], [ 101.25, 40.979898069620127 ], [ 101.25, 48.92249926375824 ], [ 90.0, 48.92249926375824 ], [ 90.0, 40.979898069620127 ] ] ] } },
{ "type": "Feature", "properties": { "tilecode": "z5x24y12", "resolution": 5, "center_lat": 36.466030153822544, "center_lon": 95.625, "cell_width": 1063119.6372028978, "cell_height": 1001793.0197306408, "cell_area": 1008900467966.7783, "cell_perimeter": 4012858.6099336259 }, "geometry": { "type": "Polygon", "coordinates": [ [ [ 90.0, 31.952162238024968 ], [ 101.25, 31.952162238024968 ], [ 101.25, 40.979898069620127 ], [ 90.0, 40.979898069620127 ], [ 90.0, 31.952162238024968 ] ] ] } },
{ "type": "Feature", "properties": { "tilecode": "z5x24y13", "resolution": 5, "center_lat": 26.947603885731574, "center_lon": 95.625, "cell_width": 1161900.9357158756, "cell_height": 1109053.9614562085, "cell_area": 1238910794109.9292, "cell_perimeter": 4443128.4958311906 }, "geometry": { "type": "Polygon", "coordinates": [ [ [ 90.0, 21.943045533438177 ], [ 101.25, 21.943045533438177 ], [ 101.25, 31.952162238024968 ], [ 90.0, 31.952162238024968 ], [ 90.0, 21.943045533438177 ] ] ] } },
{ "type": "Feature", "properties": { "tilecode": "z5x24y14", "resolution": 5, "center_lat": 16.560723703574979, "center_lon": 95.625, "cell_width": 1228665.3006186907, "cell_height": 1191293.9078964787, "cell_area": 1431788580865.3503, "cell_perimeter": 4773154.0521275233 }, "geometry": { "type": "Polygon", "coordinates": [ [ [ 90.0, 11.178401873711781 ], [ 101.25, 11.178401873711781 ], [ 101.25, 21.943045533438177 ], [ 90.0, 21.943045533438177 ], [ 90.0, 11.178401873711781 ] ] ] } },
{ "type": "Feature", "properties": { "tilecode": "z5x24y15", "resolution": 5, "center_lat": 5.5892009368558906, "center_lon": 95.625, "cell_width": 1252344.2714243277, "cell_height": 1236200.0081271871, "cell_area": 1543215607369.6492, "cell_perimeter": 4953409.5882973932 }, "geometry": { "type": "Polygon", "coordinates": [ [ [ 90.0, 0.0 ], [ 101.25, 0.0 ], [ 101.25, 11.178401873711781 ], [ 90.0, 11.178401873711781 ], [ 90.0, 0.0 ] ] ] } },
{ "type": "Feature", "properties": { "tilecode": "z5x24y16", "resolution": 5, "center_lat": -5.5892009368558906, "center_lon": 95.625, "cell_width": 1228665.3006186907, "cell_height": 1236200.0081271871, "cell_area": 1543215607369.6492, "cell_perimeter": 4953409.5882973932 }, "geometry": { "type": "Polygon", "coordinates": [ [ [ 90.0, -11.178401873711781 ], [ 101.25, -11.178401873711781 ], [ 101.25, 0.0 ], [ 90.0, 0.0 ], [ 90.0, -11.178401873711781 ] ] ] } },
{ "type": "Feature", "properties": { "tilecode": "z5x24y17", "resolution": 5, "center_lat": -16.560723703574979, "center_lon": 95.625, "cell_width": 1161900.9357158756, "cell_height": 1191293.9078964787, "cell_area": 1431788580865.3503, "cell_perimeter": 4773154.0521275233 }, "geometry": { "type": "Polygon", "coordinates": [ [ [ 90.0, -21.943045533438177 ], [ 101.25, -21.943045533438177 ], [ 101.25, -11.178401873711781 ], [ 90.0, -11.178401873711781 ], [ 90.0, -21.943045533438177 ] ] ] } },
{ "type": "Feature", "properties": { "tilecode": "z5x24y18", "resolution": 5, "center_lat": -26.947603885731574, "center_lon": 95.625, "cell_width": 1063119.6372028978, "cell_height": 1109053.9614562085, "cell_area": 1238910794109.9292, "cell_perimeter": 4443128.4958311906 }, "geometry": { "type": "Polygon", "coordinates": [ [ [ 90.0, -31.952162238024968 ], [ 101.25, -31.952162238024968 ], [ 101.25, -21.943045533438177 ], [ 90.0, -21.943045533438177 ], [ 90.0, -31.952162238024968 ] ] ] } },
{ "type": "Feature", "properties": { "tilecode": "z5x24y19", "resolution": 5, "center_lat": -36.466030153822544, "center_lon": 95.625, "cell_width": 946152.93326944625, "cell_height": 1001793.0197306408, "cell_area": 1008900467966.7783, "cell_perimeter": 4012858.6099336259 }, "geometry": { "type": "Polygon", "coordinates": [ [ [ 90.0, -40.979898069620127 ], [ 101.25, -40.979898069620127 ], [ 101.25, -31.952162238024968 ], [ 90.0, -31.952162238024968 ], [ 90.0, -40.979898069620127 ] ] ] } },
{ "type": "Feature", "properties": { "tilecode": "z5x24y20", "resolution": 5, "center_lat": -44.95119866668918, "center_lon": 95.625, "cell_width": 823705.47975019796, "cell_height": 882667.95666176802, "cell_area": 781726960961.31055, "cell_perimeter": 3535194.3263431801 }, "geometry": { "type": "Polygon", "coordinates": [ [ [ 90.0, -48.92249926375824 ], [ 101.25, -48.92249926375824 ], [ 101.25, -40.979898069620127 ], [ 90.0, -40.979898069620127 ], [ 90.0, -48.92249926375824 ] ] ] } },
{ "type": "Feature", "properties": { "tilecode": "z5x24y21", "resolution": 5, "center_lat": -52.349536141212965, "center_lon": 95.625, "cell_width": 705186.72066214541, "cell_height": 762677.84409848822, "cell_area": 582657894317.77637, "cell_perimeter": 3054247.8886093199 }, "geometry": { "type": "Polygon", "coordinates": [ [ [ 90.0, -55.776573018667698 ], [ 101.25, -55.776573018667698 ], [ 101.25, -48.92249926375824 ], [ 90.0, -48.92249926375824 ], [ 90.0, -55.776573018667698 ] ] ] } },
{ "type": "Feature", "properties": { "tilecode": "z5x24y22", "resolution": 5, "center_lat": -58.691484695026986, "center_lon": 95.625, "cell_width": 596328.26003255299, "cell_height": 649380.10464495013, "cell_area": 421832873365.11719, "cell_perimeter": 2600275.1899845987 }, "geometry": { "type": "Polygon", "coordinates": [ [ [ 90.0, -61.606396371386268 ], [ 101.25, -61.606396371386268 ], [ 101.25, -55.776573018667698 ], [ 90.0, -55.776573018667698 ], [ 90.0, -61.606396371386268 ] ] ] } },
{ "type": "Feature", "properties": { "tilecode": "z5x24y23", "resolution": 5, "center_lat": -64.059828407249057, "center_lon": 95.625, "cell_width": 499840.06041197834, "cell_height": 547006.64910479658, "cell_area": 299004638547.62012, "cell_perimeter": 2190181.6186541244 }, "geometry": { "type": "Polygon", "coordinates": [ [ [ 90.0, -66.513260443111861 ], [ 101.25, -66.513260443111861 ], [ 101.25, -61.606396371386268 ], [ 90.0, -61.606396371386268 ], [ 90.0, -66.513260443111861 ] ] ] } },
{ "type": "Feature", "properties": { "tilecode": "z5x24y24", "resolution": 5, "center_lat": -68.562937340565554, "center_lon": 95.625, "cell_width": 416367.74655973469, "cell_height": 457254.11326378735, "cell_area": 208774564158.09766, "cell_perimeter": 1830716.0334992877 }, "geometry": { "type": "Polygon", "coordinates": [ [ [ 90.0, -70.612614238019248 ], [ 101.25, -70.612614238019248 ], [ 101.25, -66.513260443111861 ], [ 90.0, -66.513260443111861 ], [ 90.0, -70.612614238019248 ] ] ] } },
{ "type": "Feature", "properties": { "tilecode": "z5x24y25", "resolution": 5, "center_lat": -72.316078774760754, "center_lon": 95.625, "cell_width": 345340.39321398037, "cell_height": 380177.85463522567, "cell_area": 144244649467.35156, "cell_perimeter": 1522063.8490441665 }, "geometry": { "type": "Polygon", "coordinates": [ [ [ 90.0, -74.019543311502261 ], [ 101.25, -74.019543311502261 ], [ 101.25, -70.612614238019248 ], [ 90.0, -70.612614238019248 ], [ 90.0, -74.019543311502261 ] ] ] } },
{ "type": "Feature", "properties": { "tilecode": "z5x24y26", "resolution": 5, "center_lat": -75.430179862966611, "center_lon": 95.625, "cell_width": 285578.90577750694, "cell_height": 314917.17448925663, "cell_area": 98935667800.386719, "cell_perimeter": 1260753.6479700005 }, "geometry": { "type": "Polygon", "coordinates": [ [ [ 90.0, -76.840816414430975 ], [ 101.25, -76.840816414430975 ], [ 101.25, -74.019543311502261 ], [ 90.0, -74.019543311502261 ], [ 90.0, -76.840816414430975 ] ] ] } },
{ "type": "Feature", "properties": { "tilecode": "z5x24y27", "resolution": 5, "center_lat": -78.006075527625214, "center_lon": 95.625, "cell_width": 235679.10278705135, "cell_height": 260190.92729335208, "cell_area": 67519540387.077148, "cell_perimeter": 1041639.8631512625 }, "geometry": { "type": "Polygon", "coordinates": [ [ [ 90.0, -79.171334640819452 ], [ 101.25, -79.171334640819452 ], [ 101.25, -76.840816414430975 ], [ 90.0, -76.840816414430975 ], [ 90.0, -79.171334640819452 ] ] ] } },
{ "type": "Feature", "properties": { "tilecode": "z5x24y28", "resolution": 5, "center_lat": -80.132274246713919, "center_lon": 95.625, "cell_width": 194228.89232904164, "cell_height": 214598.42880588266, "cell_area": 45921829864.564453, "cell_perimeter": 859104.85272785835 }, "geometry": { "type": "Polygon", "coordinates": [ [ [ 90.0, -81.093213852608386 ], [ 101.25, -81.093213852608386 ], [ 101.25, -79.171334640819452 ], [ 90.0, -79.171334640819452 ], [ 90.0, -81.093213852608386 ] ] ] } },
{ "type": "Feature", "properties": { "tilecode": "z5x24y29", "resolution": 5, "center_lat": -81.884749415478709, "center_lon": 95.625, "cell_width": 159918.04297982904, "cell_height": 176783.79025463015, "cell_area": 31159964055.347656, "cell_perimeter": 707714.51581813092 }, "geometry": { "type": "Polygon", "coordinates": [ [ [ 90.0, -82.676284978349031 ], [ 101.25, -82.676284978349031 ], [ 101.25, -81.093213852608386 ], [ 90.0, -81.093213852608386 ], [ 90.0, -82.676284978349031 ] ] ] } },
{ "type": "Feature", "properties": { "tilecode": "z5x24y30", "resolution": 5, "center_lat": -83.327772238605547, "center_lon": 95.625, "cell_width": 131584.18496449364, "cell_height": 145514.4883510592, "cell_area": 21109976338.21875, "cell_perimeter": 582531.20464644115 }, "geometry": { "type": "Polygon", "coordinates": [ [ [ 90.0, -83.979259498862049 ], [ 101.25, -83.979259498862049 ], [ 101.25, -82.676284978349031 ], [ 90.0, -82.676284978349031 ], [ 90.0, -83.979259498862049 ] ] ] } },
{ "type": "Feature", "properties": { "tilecode": "z5x24y31", "resolution": 5, "center_lat": -84.515194139334326, "center_lon": 95.625, "cell_width": 108223.62660486477, "cell_height": 119710.25468782624, "cell_area": 14286077469.145508, "cell_perimeter": 479228.32094501087 }, "geometry": { "type": "Polygon", "coordinates": [ [ [ 90.0, -85.051128779806604 ], [ 101.25, -85.051128779806604 ], [ 101.25, -83.979259498862049 ], [ 90.0, -83.979259498862049 ], [ 90.0, -85.051128779806604 ] ] ] } },
{ "type": "Feature", "properties": { "tilecode": "z5x25y0", "resolution": 5, "center_lat": 84.515194139334326, "center_lon": 106.875, "cell_width": 131584.18496449364, "cell_height": 119710.25468782624, "cell_area": 14286077469.145508, "cell_perimeter": 479228.32094501087 }, "geometry": { "type": "Polygon", "coordinates": [ [ [ 101.25, 83.979259498862049 ], [ 112.5, 83.979259498862049 ], [ 112.5, 85.051128779806604 ], [ 101.25, 85.051128779806604 ], [ 101.25, 83.979259498862049 ] ] ] } },
{ "type": "Feature", "properties": { "tilecode": "z5x25y1", "resolution": 5, "center_lat": 83.327772238605547, "center_lon": 106.875, "cell_width": 159918.04297982904, "cell_height": 145514.4883510592, "cell_area": 21109976338.21875, "cell_perimeter": 582531.20464644115 }, "geometry": { "type": "Polygon", "coordinates": [ [ [ 101.25, 82.676284978349031 ], [ 112.5, 82.676284978349031 ], [ 112.5, 83.979259498862049 ], [ 101.25, 83.979259498862049 ], [ 101.25, 82.676284978349031 ] ] ] } },
{ "type": "Feature", "properties": { "tilecode": "z5x25y2", "resolution": 5, "center_lat": 81.884749415478709, "center_lon": 106.875, "cell_width": 194228.89232904164, "cell_height": 176783.79025463015, "cell_area": 31159964055.347656, "cell_perimeter": 707714.51581813092 }, "geometry": { "type": "Polygon", "coordinates": [ [ [ 101.25, 81.093213852608386 ], [ 112.5, 81.093213852608386 ], [ 112.5, 82.676284978349031 ], [ 101.25, 82.676284978349031 ], [ 101.25, 81.093213852608386 ] ] ] } },
{ "type": "Feature", "properties": { "tilecode": "z5x25y3", "resolution": 5, "center_lat": 80.132274246713919, "center_lon": 106.875, "cell_width": 235679.10278705135, "cell_height": 214598.42880588266, "cell_area": 45921829864.564453, "cell_perimeter": 859104.85272785835 }, "geometry": { "type": "Polygon", "coordinates": [ [ [ 101.25, 79.171334640819452 ], [ 112.5, 79.171334640819452 ], [ 112.5, 81.093213852608386 ], [ 101.25, 81.093213852608386 ], [ 101.25, 79.171334640819452 ] ] ] } },
{ "type": "Feature", "properties": { "tilecode": "z5x25y4", "resolution": 5, "center_lat": 78.006075527625214, "center_lon": 106.875, "cell_width": 285578.90577750694, "cell_height": 260190.92729335208, "cell_area": 67519540387.077148, "cell_perimeter": 1041639.8631512625 }, "geometry": { "type": "Polygon", "coordinates": [ [ [ 101.25, 76.840816414430975 ], [ 112.5, 76.840816414430975 ], [ 112.5, 79.171334640819452 ], [ 101.25, 79.171334640819452 ], [ 101.25, 76.840816414430975 ] ] ] } },
{ "type": "Feature", "properties": { "tilecode": "z5x25y5", "resolution": 5, "center_lat": 75.430179862966611, "center_lon": 106.875, "cell_width": 345340.39321398037, "cell_height": 314917.17448925663, "cell_area": 98935667800.386719, "cell_perimeter": 1260753.6479700005 }, "geometry": { "type": "Polygon", "coordinates": [ [ [ 101.25, 74.019543311502261 ], [ 112.5, 74.019543311502261 ], [ 112.5, 76.840816414430975 ], [ 101.25, 76.840816414430975 ], [ 101.25, 74.019543311502261 ] ] ] } },
{ "type": "Feature", "properties": { "tilecode": "z5x25y6", "resolution": 5, "center_lat": 72.316078774760754, "center_lon": 106.875, "cell_width": 416367.74655973469, "cell_height": 380177.85463522567, "cell_area": 144244649467.35156, "cell_perimeter": 1522063.8490441665 }, "geometry": { "type": "Polygon", "coordinates": [ [ [ 101.25, 70.612614238019248 ], [ 112.5, 70.612614238019248 ], [ 112.5, 74.019543311502261 ], [ 101.25, 74.019543311502261 ], [ 101.25, 70.612614238019248 ] ] ] } },
{ "type": "Feature", "properties": { "tilecode": "z5x25y7", "resolution": 5, "center_lat": 68.562937340565554, "center_lon": 106.875, "cell_width": 499840.06041197834, "cell_height": 457254.11326378735, "cell_area": 208774564158.09766, "cell_perimeter": 1830716.0334992877 }, "geometry": { "type": "Polygon", "coordinates": [ [ [ 101.25, 66.513260443111861 ], [ 112.5, 66.513260443111861 ], [ 112.5, 70.612614238019248 ], [ 101.25, 70.612614238019248 ], [ 101.25, 66.513260443111861 ] ] ] } },
{ "type": "Feature", "properties": { "tilecode": "z5x25y8", "resolution": 5, "center_lat": 64.059828407249057, "center_lon": 106.875, "cell_width": 596328.26003255299, "cell_height": 547006.64910479658, "cell_area": 299004638547.62012, "cell_perimeter": 2190181.6186541244 }, "geometry": { "type": "Polygon", "coordinates": [ [ [ 101.25, 61.606396371386268 ], [ 112.5, 61.606396371386268 ], [ 112.5, 66.513260443111861 ], [ 101.25, 66.513260443111861 ], [ 101.25, 61.606396371386268 ] ] ] } },
{ "type": "Feature", "properties": { "tilecode": "z5x25y9", "resolution": 5, "center_lat": 58.691484695026986, "center_lon": 106.875, "cell_width": 705186.72066214541, "cell_height": 649380.10464495013, "cell_area": 421832873365.11719, "cell_perimeter": 2600275.1899845987 }, "geometry": { "type": "Polygon", "coordinates": [ [ [ 101.25, 55.776573018667698 ], [ 112.5, 55.776573018667698 ], [ 112.5, 61.606396371386268 ], [ 101.25, 61.606396371386268 ], [ 101.25, 55.776573018667698 ] ] ] } },
{ "type": "Feature", "properties": { "tilecode": "z5x25y10", "resolution": 5, "center_lat": 52.349536141212965, "center_lon": 106.875, "cell_width": 823705.47975019796, "cell_height": 762677.84409848822, "cell_area": 582657894317.77637, "cell_perimeter": 3054247.8886093199 }, "geometry": { "type": "Polygon", "coordinates": [ [ [ 101.25, 48.92249926375824 ], [ 112.5, 48.92249926375824 ], [ 112.5, 55.776573018667698 ], [ 101.25, 55.776573018667698 ], [ 101.25, 48.92249926375824 ] ] ] } },
{ "type": "Feature", "properties": { "tilecode": "z5x25y11", "resolution": 5, "center_lat": 44.95119866668918, "center_lon": 106.875, "cell_width": 946152.93326944625, "cell_height": 882667.95666176802, "cell_area": 781726960961.31055, "cell_perimeter": 3535194.3263431801 }, "geometry": { "type": "Polygon", "coordinates": [ [ [ 101.25, 40.979898069620127 ], [ 112.5, 40.979898069620127 ], [ 112.5, 48.92249926375824 ], [ 101.25, 48.92249926375824 ], [ 101.25, 40.979898069620127 ] ] ] } },
{ "type": "Feature", "properties": { "tilecode": "z5x25y12", "resolution": 5, "center_lat": 36.466030153822544, "center_lon": 106.875, "cell_width": 1063119.6372028978, "cell_height": 1001793.0197306408, "cell_area": 1008900467966.7783, "cell_perimeter": 4012858.6099336259 }, "geometry": { "type": "Polygon", "coordinates": [ [ [ 101.25, 31.952162238024968 ], [ 112.5, 31.952162238024968 ], [ 112.5, 40.979898069620127 ], [ 101.25, 40.979898069620127 ], [ 101.25, 31.952162238024968 ] ] ] } },
{ "type": "Feature", "properties": { "tilecode": "z5x25y13", "resolution": 5, "center_lat": 26.947603885731574, "center_lon": 106.875, "cell_width": 1161900.9357158756, "cell_height": 1109053.9614562085, "cell_area": 1238910794109.9292, "cell_perimeter": 4443128.4958311906 }, "geometry": { "type": "Polygon", "coordinates": [ [ [ 101.25, 21.943045533438177 ], [ 112.5, 21.943045533438177 ], [ 112.5, 31.952162238024968 ], [ 101.25, 31.952162238024968 ], [ 101.25, 21.943045533438177 ] ] ] } },
{ "type": "Feature", "properties": { "tilecode": "z5x25y14", "resolution": 5, "center_lat": 16.560723703574979, "center_lon": 106.875, "cell_width": 1228665.3006186907, "cell_height": 1191293.9078964787, "cell_area": 1431788580865.3503, "cell_perimeter": 4773154.0521275233 }, "geometry": { "type": "Polygon", "coordinates": [ [ [ 101.25, 11.178401873711781 ], [ 112.5, 11.178401873711781 ], [ 112.5, 21.943045533438177 ], [ 101.25, 21.943045533438177 ], [ 101.25, 11.178401873711781 ] ] ] } },
{ "type": "Feature", "properties": { "tilecode": "z5x25y15", "resolution": 5, "center_lat": 5.5892009368558906, "center_lon": 106.875, "cell_width": 1252344.2714243277, "cell_height": 1236200.0081271871, "cell_area": 1543215607369.6492, "cell_perimeter": 4953409.5882973932 }, "geometry": { "type": "Polygon", "coordinates": [ [ [ 101.25, 0.0 ], [ 112.5, 0.0 ], [ 112.5, 11.178401873711781 ], [ 101.25, 11.178401873711781 ], [ 101.25, 0.0 ] ] ] } },
{ "type": "Feature", "properties": { "tilecode": "z5x25y16", "resolution": 5, "center_lat": -5.5892009368558906, "center_lon": 106.875, "cell_width": 1228665.3006186907, "cell_height": 1236200.0081271871, "cell_area": 1543215607369.6492, "cell_perimeter": 4953409.5882973932 }, "geometry": { "type": "Polygon", "coordinates": [ [ [ 101.25, -11.178401873711781 ], [ 112.5, -11.178401873711781 ], [ 112.5, 0.0 ], [ 101.25, 0.0 ], [ 101.25, -11.178401873711781 ] ] ] } },
{ "type": "Feature", "properties": { "tilecode": "z5x25y17", "resolution": 5, "center_lat": -16.560723703574979, "center_lon": 106.875, "cell_width": 1161900.9357158756, "cell_height": 1191293.9078964787, "cell_area": 1431788580865.3503, "cell_perimeter": 4773154.0521275233 }, "geometry": { "type": "Polygon", "coordinates": [ [ [ 101.25, -21.943045533438177 ], [ 112.5, -21.943045533438177 ], [ 112.5, -11.178401873711781 ], [ 101.25, -11.178401873711781 ], [ 101.25, -21.943045533438177 ] ] ] } },
{ "type": "Feature", "properties": { "tilecode": "z5x25y18", "resolution": 5, "center_lat": -26.947603885731574, "center_lon": 106.875, "cell_width": 1063119.6372028978, "cell_height": 1109053.9614562085, "cell_area": 1238910794109.9292, "cell_perimeter": 4443128.4958311906 }, "geometry": { "type": "Polygon", "coordinates": [ [ [ 101.25, -31.952162238024968 ], [ 112.5, -31.952162238024968 ], [ 112.5, -21.943045533438177 ], [ 101.25, -21.943045533438177 ], [ 101.25, -31.952162238024968 ] ] ] } },
{ "type": "Feature", "properties": { "tilecode": "z5x25y19", "resolution": 5, "center_lat": -36.466030153822544, "center_lon": 106.875, "cell_width": 946152.93326944625, "cell_height": 1001793.0197306408, "cell_area": 1008900467966.7783, "cell_perimeter": 4012858.6099336259 }, "geometry": { "type": "Polygon", "coordinates": [ [ [ 101.25, -40.979898069620127 ], [ 112.5, -40.979898069620127 ], [ 112.5, -31.952162238024968 ], [ 101.25, -31.952162238024968 ], [ 101.25, -40.979898069620127 ] ] ] } },
{ "type": "Feature", "properties": { "tilecode": "z5x25y20", "resolution": 5, "center_lat": -44.95119866668918, "center_lon": 106.875, "cell_width": 823705.47975019796, "cell_height": 882667.95666176802, "cell_area": 781726960961.31055, "cell_perimeter": 3535194.3263431801 }, "geometry": { "type": "Polygon", "coordinates": [ [ [ 101.25, -48.92249926375824 ], [ 112.5, -48.92249926375824 ], [ 112.5, -40.979898069620127 ], [ 101.25, -40.979898069620127 ], [ 101.25, -48.92249926375824 ] ] ] } },
{ "type": "Feature", "properties": { "tilecode": "z5x25y21", "resolution": 5, "center_lat": -52.349536141212965, "center_lon": 106.875, "cell_width": 705186.72066214541, "cell_height": 762677.84409848822, "cell_area": 582657894317.77637, "cell_perimeter": 3054247.8886093199 }, "geometry": { "type": "Polygon", "coordinates": [ [ [ 101.25, -55.776573018667698 ], [ 112.5, -55.776573018667698 ], [ 112.5, -48.92249926375824 ], [ 101.25, -48.92249926375824 ], [ 101.25, -55.776573018667698 ] ] ] } },
{ "type": "Feature", "properties": { "tilecode": "z5x25y22", "resolution": 5, "center_lat": -58.691484695026986, "center_lon": 106.875, "cell_width": 596328.26003255299, "cell_height": 649380.10464495013, "cell_area": 421832873365.11719, "cell_perimeter": 2600275.1899845987 }, "geometry": { "type": "Polygon", "coordinates": [ [ [ 101.25, -61.606396371386268 ], [ 112.5, -61.606396371386268 ], [ 112.5, -55.776573018667698 ], [ 101.25, -55.776573018667698 ], [ 101.25, -61.606396371386268 ] ] ] } },
{ "type": "Feature", "properties": { "tilecode": "z5x25y23", "resolution": 5, "center_lat": -64.059828407249057, "center_lon": 106.875, "cell_width": 499840.06041197834, "cell_height": 547006.64910479658, "cell_area": 299004638547.62012, "cell_perimeter": 2190181.6186541244 }, "geometry": { "type": "Polygon", "coordinates": [ [ [ 101.25, -66.513260443111861 ], [ 112.5, -66.513260443111861 ], [ 112.5, -61.606396371386268 ], [ 101.25, -61.606396371386268 ], [ 101.25, -66.513260443111861 ] ] ] } },
{ "type": "Feature", "properties": { "tilecode": "z5x25y24", "resolution": 5, "center_lat": -68.562937340565554, "center_lon": 106.875, "cell_width": 416367.74655973469, "cell_height": 457254.11326378735, "cell_area": 208774564158.09766, "cell_perimeter": 1830716.0334992877 }, "geometry": { "type": "Polygon", "coordinates": [ [ [ 101.25, -70.612614238019248 ], [ 112.5, -70.612614238019248 ], [ 112.5, -66.513260443111861 ], [ 101.25, -66.513260443111861 ], [ 101.25, -70.612614238019248 ] ] ] } },
{ "type": "Feature", "properties": { "tilecode": "z5x25y25", "resolution": 5, "center_lat": -72.316078774760754, "center_lon": 106.875, "cell_width": 345340.39321398037, "cell_height": 380177.85463522567, "cell_area": 144244649467.35156, "cell_perimeter": 1522063.8490441665 }, "geometry": { "type": "Polygon", "coordinates": [ [ [ 101.25, -74.019543311502261 ], [ 112.5, -74.019543311502261 ], [ 112.5, -70.612614238019248 ], [ 101.25, -70.612614238019248 ], [ 101.25, -74.019543311502261 ] ] ] } },
{ "type": "Feature", "properties": { "tilecode": "z5x25y26", "resolution": 5, "center_lat": -75.430179862966611, "center_lon": 106.875, "cell_width": 285578.90577750694, "cell_height": 314917.17448925663, "cell_area": 98935667800.386719, "cell_perimeter": 1260753.6479700005 }, "geometry": { "type": "Polygon", "coordinates": [ [ [ 101.25, -76.840816414430975 ], [ 112.5, -76.840816414430975 ], [ 112.5, -74.019543311502261 ], [ 101.25, -74.019543311502261 ], [ 101.25, -76.840816414430975 ] ] ] } },
{ "type": "Feature", "properties": { "tilecode": "z5x25y27", "resolution": 5, "center_lat": -78.006075527625214, "center_lon": 106.875, "cell_width": 235679.10278705135, "cell_height": 260190.92729335208, "cell_area": 67519540387.077148, "cell_perimeter": 1041639.8631512625 }, "geometry": { "type": "Polygon", "coordinates": [ [ [ 101.25, -79.171334640819452 ], [ 112.5, -79.171334640819452 ], [ 112.5, -76.840816414430975 ], [ 101.25, -76.840816414430975 ], [ 101.25, -79.171334640819452 ] ] ] } },
{ "type": "Feature", "properties": { "tilecode": "z5x25y28", "resolution": 5, "center_lat": -80.132274246713919, "center_lon": 106.875, "cell_width": 194228.89232904164, "cell_height": 214598.42880588266, "cell_area": 45921829864.564453, "cell_perimeter": 859104.85272785835 }, "geometry": { "type": "Polygon", "coordinates": [ [ [ 101.25, -81.093213852608386 ], [ 112.5, -81.093213852608386 ], [ 112.5, -79.171334640819452 ], [ 101.25, -79.171334640819452 ], [ 101.25, -81.093213852608386 ] ] ] } },
{ "type": "Feature", "properties": { "tilecode": "z5x25y29", "resolution": 5, "center_lat": -81.884749415478709, "center_lon": 106.875, "cell_width": 159918.04297982904, "cell_height": 176783.79025463015, "cell_area": 31159964055.347656, "cell_perimeter": 707714.51581813092 }, "geometry": { "type": "Polygon", "coordinates": [ [ [ 101.25, -82.676284978349031 ], [ 112.5, -82.676284978349031 ], [ 112.5, -81.093213852608386 ], [ 101.25, -81.093213852608386 ], [ 101.25, -82.676284978349031 ] ] ] } },
{ "type": "Feature", "properties": { "tilecode": "z5x25y30", "resolution": 5, "center_lat": -83.327772238605547, "center_lon": 106.875, "cell_width": 131584.18496449364, "cell_height": 145514.4883510592, "cell_area": 21109976338.21875, "cell_perimeter": 582531.20464644115 }, "geometry": { "type": "Polygon", "coordinates": [ [ [ 101.25, -83.979259498862049 ], [ 112.5, -83.979259498862049 ], [ 112.5, -82.676284978349031 ], [ 101.25, -82.676284978349031 ], [ 101.25, -83.979259498862049 ] ] ] } },
{ "type": "Feature", "properties": { "tilecode": "z5x25y31", "resolution": 5, "center_lat": -84.515194139334326, "center_lon": 106.875, "cell_width": 108223.62660486477, "cell_height": 119710.25468782624, "cell_area": 14286077469.145508, "cell_perimeter": 479228.32094501087 }, "geometry": { "type": "Polygon", "coordinates": [ [ [ 101.25, -85.051128779806604 ], [ 112.5, -85.051128779806604 ], [ 112.5, -83.979259498862049 ], [ 101.25, -83.979259498862049 ], [ 101.25, -85.051128779806604 ] ] ] } },
{ "type": "Feature", "properties": { "tilecode": "z5x26y0", "resolution": 5, "center_lat": 84.515194139334326, "center_lon": 118.125, "cell_width": 131584.18496449364, "cell_height": 119710.25468782624, "cell_area": 14286077469.145508, "cell_perimeter": 479228.32094501087 }, "geometry": { "type": "Polygon", "coordinates": [ [ [ 112.5, 83.979259498862049 ], [ 123.75, 83.979259498862049 ], [ 123.75, 85.051128779806604 ], [ 112.5, 85.051128779806604 ], [ 112.5, 83.979259498862049 ] ] ] } },
{ "type": "Feature", "properties": { "tilecode": "z5x26y1", "resolution": 5, "center_lat": 83.327772238605547, "center_lon": 118.125, "cell_width": 159918.04297982904, "cell_height": 145514.4883510592, "cell_area": 21109976338.21875, "cell_perimeter": 582531.20464644115 }, "geometry": { "type": "Polygon", "coordinates": [ [ [ 112.5, 82.676284978349031 ], [ 123.75, 82.676284978349031 ], [ 123.75, 83.979259498862049 ], [ 112.5, 83.979259498862049 ], [ 112.5, 82.676284978349031 ] ] ] } },
{ "type": "Feature", "properties": { "tilecode": "z5x26y2", "resolution": 5, "center_lat": 81.884749415478709, "center_lon": 118.125, "cell_width": 194228.89232904164, "cell_height": 176783.79025463015, "cell_area": 31159964055.347656, "cell_perimeter": 707714.51581813092 }, "geometry": { "type": "Polygon", "coordinates": [ [ [ 112.5, 81.093213852608386 ], [ 123.75, 81.093213852608386 ], [ 123.75, 82.676284978349031 ], [ 112.5, 82.676284978349031 ], [ 112.5, 81.093213852608386 ] ] ] } },
{ "type": "Feature", "properties": { "tilecode": "z5x26y3", "resolution": 5, "center_lat": 80.132274246713919, "center_lon": 118.125, "cell_width": 235679.10278705135, "cell_height": 214598.42880588266, "cell_area": 45921829864.564453, "cell_perimeter": 859104.85272785835 }, "geometry": { "type": "Polygon", "coordinates": [ [ [ 112.5, 79.171334640819452 ], [ 123.75, 79.171334640819452 ], [ 123.75, 81.093213852608386 ], [ 112.5, 81.093213852608386 ], [ 112.5, 79.171334640819452 ] ] ] } },
{ "type": "Feature", "properties": { "tilecode": "z5x26y4", "resolution": 5, "center_lat": 78.006075527625214, "center_lon": 118.125, "cell_width": 285578.90577750694, "cell_height": 260190.92729335208, "cell_area": 67519540387.077148, "cell_perimeter": 1041639.8631512625 }, "geometry": { "type": "Polygon", "coordinates": [ [ [ 112.5, 76.840816414430975 ], [ 123.75, 76.840816414430975 ], [ 123.75, 79.171334640819452 ], [ 112.5, 79.171334640819452 ], [ 112.5, 76.840816414430975 ] ] ] } },
{ "type": "Feature", "properties": { "tilecode": "z5x26y5", "resolution": 5, "center_lat": 75.430179862966611, "center_lon": 118.125, "cell_width": 345340.39321398037, "cell_height": 314917.17448925663, "cell_area": 98935667800.386719, "cell_perimeter": 1260753.6479700005 }, "geometry": { "type": "Polygon", "coordinates": [ [ [ 112.5, 74.019543311502261 ], [ 123.75, 74.019543311502261 ], [ 123.75, 76.840816414430975 ], [ 112.5, 76.840816414430975 ], [ 112.5, 74.019543311502261 ] ] ] } },
{ "type": "Feature", "properties": { "tilecode": "z5x26y6", "resolution": 5, "center_lat": 72.316078774760754, "center_lon": 118.125, "cell_width": 416367.74655973469, "cell_height": 380177.85463522567, "cell_area": 144244649467.35156, "cell_perimeter": 1522063.8490441665 }, "geometry": { "type": "Polygon", "coordinates": [ [ [ 112.5, 70.612614238019248 ], [ 123.75, 70.612614238019248 ], [ 123.75, 74.019543311502261 ], [ 112.5, 74.019543311502261 ], [ 112.5, 70.612614238019248 ] ] ] } },
{ "type": "Feature", "properties": { "tilecode": "z5x26y7", "resolution": 5, "center_lat": 68.562937340565554, "center_lon": 118.125, "cell_width": 499840.06041197834, "cell_height": 457254.11326378735, "cell_area": 208774564158.09766, "cell_perimeter": 1830716.0334992877 }, "geometry": { "type": "Polygon", "coordinates": [ [ [ 112.5, 66.513260443111861 ], [ 123.75, 66.513260443111861 ], [ 123.75, 70.612614238019248 ], [ 112.5, 70.612614238019248 ], [ 112.5, 66.513260443111861 ] ] ] } },
{ "type": "Feature", "properties": { "tilecode": "z5x26y8", "resolution": 5, "center_lat": 64.059828407249057, "center_lon": 118.125, "cell_width": 596328.26003255299, "cell_height": 547006.64910479658, "cell_area": 299004638547.62012, "cell_perimeter": 2190181.6186541244 }, "geometry": { "type": "Polygon", "coordinates": [ [ [ 112.5, 61.606396371386268 ], [ 123.75, 61.606396371386268 ], [ 123.75, 66.513260443111861 ], [ 112.5, 66.513260443111861 ], [ 112.5, 61.606396371386268 ] ] ] } },
{ "type": "Feature", "properties": { "tilecode": "z5x26y9", "resolution": 5, "center_lat": 58.691484695026986, "center_lon": 118.125, "cell_width": 705186.72066214541, "cell_height": 649380.10464495013, "cell_area": 421832873365.11719, "cell_perimeter": 2600275.1899845987 }, "geometry": { "type": "Polygon", "coordinates": [ [ [ 112.5, 55.776573018667698 ], [ 123.75, 55.776573018667698 ], [ 123.75, 61.606396371386268 ], [ 112.5, 61.606396371386268 ], [ 112.5, 55.776573018667698 ] ] ] } },
{ "type": "Feature", "properties": { "tilecode": "z5x26y10", "resolution": 5, "center_lat": 52.349536141212965, "center_lon": 118.125, "cell_width": 823705.47975019796, "cell_height": 762677.84409848822, "cell_area": 582657894317.77637, "cell_perimeter": 3054247.8886093199 }, "geometry": { "type": "Polygon", "coordinates": [ [ [ 112.5, 48.92249926375824 ], [ 123.75, 48.92249926375824 ], [ 123.75, 55.776573018667698 ], [ 112.5, 55.776573018667698 ], [ 112.5, 48.92249926375824 ] ] ] } },
{ "type": "Feature", "properties": { "tilecode": "z5x26y11", "resolution": 5, "center_lat": 44.95119866668918, "center_lon": 118.125, "cell_width": 946152.93326944625, "cell_height": 882667.95666176802, "cell_area": 781726960961.31055, "cell_perimeter": 3535194.3263431801 }, "geometry": { "type": "Polygon", "coordinates": [ [ [ 112.5, 40.979898069620127 ], [ 123.75, 40.979898069620127 ], [ 123.75, 48.92249926375824 ], [ 112.5, 48.92249926375824 ], [ 112.5, 40.979898069620127 ] ] ] } },
{ "type": "Feature", "properties": { "tilecode": "z5x26y12", "resolution": 5, "center_lat": 36.466030153822544, "center_lon": 118.125, "cell_width": 1063119.6372028978, "cell_height": 1001793.0197306408, "cell_area": 1008900467966.7783, "cell_perimeter": 4012858.6099336259 }, "geometry": { "type": "Polygon", "coordinates": [ [ [ 112.5, 31.952162238024968 ], [ 123.75, 31.952162238024968 ], [ 123.75, 40.979898069620127 ], [ 112.5, 40.979898069620127 ], [ 112.5, 31.952162238024968 ] ] ] } },
{ "type": "Feature", "properties": { "tilecode": "z5x26y13", "resolution": 5, "center_lat": 26.947603885731574, "center_lon": 118.125, "cell_width": 1161900.9357158756, "cell_height": 1109053.9614562085, "cell_area": 1238910794109.9292, "cell_perimeter": 4443128.4958311906 }, "geometry": { "type": "Polygon", "coordinates": [ [ [ 112.5, 21.943045533438177 ], [ 123.75, 21.943045533438177 ], [ 123.75, 31.952162238024968 ], [ 112.5, 31.952162238024968 ], [ 112.5, 21.943045533438177 ] ] ] } },
{ "type": "Feature", "properties": { "tilecode": "z5x26y14", "resolution": 5, "center_lat": 16.560723703574979, "center_lon": 118.125, "cell_width": 1228665.3006186907, "cell_height": 1191293.9078964787, "cell_area": 1431788580865.3503, "cell_perimeter": 4773154.0521275233 }, "geometry": { "type": "Polygon", "coordinates": [ [ [ 112.5, 11.178401873711781 ], [ 123.75, 11.178401873711781 ], [ 123.75, 21.943045533438177 ], [ 112.5, 21.943045533438177 ], [ 112.5, 11.178401873711781 ] ] ] } },
{ "type": "Feature", "properties": { "tilecode": "z5x26y15", "resolution": 5, "center_lat": 5.5892009368558906, "center_lon": 118.125, "cell_width": 1252344.2714243277, "cell_height": 1236200.0081271871, "cell_area": 1543215607369.6492, "cell_perimeter": 4953409.5882973932 }, "geometry": { "type": "Polygon", "coordinates": [ [ [ 112.5, 0.0 ], [ 123.75, 0.0 ], [ 123.75, 11.178401873711781 ], [ 112.5, 11.178401873711781 ], [ 112.5, 0.0 ] ] ] } },
{ "type": "Feature", "properties": { "tilecode": "z5x26y16", "resolution": 5, "center_lat": -5.5892009368558906, "center_lon": 118.125, "cell_width": 1228665.3006186907, "cell_height": 1236200.0081271871, "cell_area": 1543215607369.6492, "cell_perimeter": 4953409.5882973932 }, "geometry": { "type": "Polygon", "coordinates": [ [ [ 112.5, -11.178401873711781 ], [ 123.75, -11.178401873711781 ], [ 123.75, 0.0 ], [ 112.5, 0.0 ], [ 112.5, -11.178401873711781 ] ] ] } },
{ "type": "Feature", "properties": { "tilecode": "z5x26y17", "resolution": 5, "center_lat": -16.560723703574979, "center_lon": 118.125, "cell_width": 1161900.9357158756, "cell_height": 1191293.9078964787, "cell_area": 1431788580865.3503, "cell_perimeter": 4773154.0521275233 }, "geometry": { "type": "Polygon", "coordinates": [ [ [ 112.5, -21.943045533438177 ], [ 123.75, -21.943045533438177 ], [ 123.75, -11.178401873711781 ], [ 112.5, -11.178401873711781 ], [ 112.5, -21.943045533438177 ] ] ] } },
{ "type": "Feature", "properties": { "tilecode": "z5x26y18", "resolution": 5, "center_lat": -26.947603885731574, "center_lon": 118.125, "cell_width": 1063119.6372028978, "cell_height": 1109053.9614562085, "cell_area": 1238910794109.9292, "cell_perimeter": 4443128.4958311906 }, "geometry": { "type": "Polygon", "coordinates": [ [ [ 112.5, -31.952162238024968 ], [ 123.75, -31.952162238024968 ], [ 123.75, -21.943045533438177 ], [ 112.5, -21.943045533438177 ], [ 112.5, -31.952162238024968 ] ] ] } },
{ "type": "Feature", "properties": { "tilecode": "z5x26y19", "resolution": 5, "center_lat": -36.466030153822544, "center_lon": 118.125, "cell_width": 946152.93326944625, "cell_height": 1001793.0197306408, "cell_area": 1008900467966.7783, "cell_perimeter": 4012858.6099336259 }, "geometry": { "type": "Polygon", "coordinates": [ [ [ 112.5, -40.979898069620127 ], [ 123.75, -40.979898069620127 ], [ 123.75, -31.952162238024968 ], [ 112.5, -31.952162238024968 ], [ 112.5, -40.979898069620127 ] ] ] } },
{ "type": "Feature", "properties": { "tilecode": "z5x26y20", "resolution": 5, "center_lat": -44.95119866668918, "center_lon": 118.125, "cell_width": 823705.47975019796, "cell_height": 882667.95666176802, "cell_area": 781726960961.31055, "cell_perimeter": 3535194.3263431801 }, "geometry": { "type": "Polygon", "coordinates": [ [ [ 112.5, -48.92249926375824 ], [ 123.75, -48.92249926375824 ], [ 123.75, -40.979898069620127 ], [ 112.5, -40.979898069620127 ], [ 112.5, -48.92249926375824 ] ] ] } },
{ "type": "Feature", "properties": { "tilecode": "z5x26y21", "resolution": 5, "center_lat": -52.349536141212965, "center_lon": 118.125, "cell_width": 705186.72066214541, "cell_height": 762677.84409848822, "cell_area": 582657894317.77637, "cell_perimeter": 3054247.8886093199 }, "geometry": { "type": "Polygon", "coordinates": [ [ [ 112.5, -55.776573018667698 ], [ 123.75, -55.776573018667698 ], [ 123.75, -48.92249926375824 ], [ 112.5, -48.92249926375824 ], [ 112.5, -55.776573018667698 ] ] ] } },
{ "type": "Feature", "properties": { "tilecode": "z5x26y22", "resolution": 5, "center_lat": -58.691484695026986, "center_lon": 118.125, "cell_width": 596328.26003255299, "cell_height": 649380.10464495013, "cell_area": 421832873365.11719, "cell_perimeter": 2600275.1899845987 }, "geometry": { "type": "Polygon", "coordinates": [ [ [ 112.5, -61.606396371386268 ], [ 123.75, -61.606396371386268 ], [ 123.75, -55.776573018667698 ], [ 112.5, -55.776573018667698 ], [ 112.5, -61.606396371386268 ] ] ] } },
{ "type": "Feature", "properties": { "tilecode": "z5x26y23", "resolution": 5, "center_lat": -64.059828407249057, "center_lon": 118.125, "cell_width": 499840.06041197834, "cell_height": 547006.64910479658, "cell_area": 299004638547.62012, "cell_perimeter": 2190181.6186541244 }, "geometry": { "type": "Polygon", "coordinates": [ [ [ 112.5, -66.513260443111861 ], [ 123.75, -66.513260443111861 ], [ 123.75, -61.606396371386268 ], [ 112.5, -61.606396371386268 ], [ 112.5, -66.513260443111861 ] ] ] } },
{ "type": "Feature", "properties": { "tilecode": "z5x26y24", "resolution": 5, "center_lat": -68.562937340565554, "center_lon": 118.125, "cell_width": 416367.74655973469, "cell_height": 457254.11326378735, "cell_area": 208774564158.09766, "cell_perimeter": 1830716.0334992877 }, "geometry": { "type": "Polygon", "coordinates": [ [ [ 112.5, -70.612614238019248 ], [ 123.75, -70.612614238019248 ], [ 123.75, -66.513260443111861 ], [ 112.5, -66.513260443111861 ], [ 112.5, -70.612614238019248 ] ] ] } },
{ "type": "Feature", "properties": { "tilecode": "z5x26y25", "resolution": 5, "center_lat": -72.316078774760754, "center_lon": 118.125, "cell_width": 345340.39321398037, "cell_height": 380177.85463522567, "cell_area": 144244649467.35156, "cell_perimeter": 1522063.8490441665 }, "geometry": { "type": "Polygon", "coordinates": [ [ [ 112.5, -74.019543311502261 ], [ 123.75, -74.019543311502261 ], [ 123.75, -70.612614238019248 ], [ 112.5, -70.612614238019248 ], [ 112.5, -74.019543311502261 ] ] ] } },
{ "type": "Feature", "properties": { "tilecode": "z5x26y26", "resolution": 5, "center_lat": -75.430179862966611, "center_lon": 118.125, "cell_width": 285578.90577750694, "cell_height": 314917.17448925663, "cell_area": 98935667800.386719, "cell_perimeter": 1260753.6479700005 }, "geometry": { "type": "Polygon", "coordinates": [ [ [ 112.5, -76.840816414430975 ], [ 123.75, -76.840816414430975 ], [ 123.75, -74.019543311502261 ], [ 112.5, -74.019543311502261 ], [ 112.5, -76.840816414430975 ] ] ] } },
{ "type": "Feature", "properties": { "tilecode": "z5x26y27", "resolution": 5, "center_lat": -78.006075527625214, "center_lon": 118.125, "cell_width": 235679.10278705135, "cell_height": 260190.92729335208, "cell_area": 67519540387.077148, "cell_perimeter": 1041639.8631512625 }, "geometry": { "type": "Polygon", "coordinates": [ [ [ 112.5, -79.171334640819452 ], [ 123.75, -79.171334640819452 ], [ 123.75, -76.840816414430975 ], [ 112.5, -76.840816414430975 ], [ 112.5, -79.171334640819452 ] ] ] } },
{ "type": "Feature", "properties": { "tilecode": "z5x26y28", "resolution": 5, "center_lat": -80.132274246713919, "center_lon": 118.125, "cell_width": 194228.89232904164, "cell_height": 214598.42880588266, "cell_area": 45921829864.564453, "cell_perimeter": 859104.85272785835 }, "geometry": { "type": "Polygon", "coordinates": [ [ [ 112.5, -81.093213852608386 ], [ 123.75, -81.093213852608386 ], [ 123.75, -79.171334640819452 ], [ 112.5, -79.171334640819452 ], [ 112.5, -81.093213852608386 ] ] ] } },
{ "type": "Feature", "properties": { "tilecode": "z5x26y29", "resolution": 5, "center_lat": -81.884749415478709, "center_lon": 118.125, "cell_width": 159918.04297982904, "cell_height": 176783.79025463015, "cell_area": 31159964055.347656, "cell_perimeter": 707714.51581813092 }, "geometry": { "type": "Polygon", "coordinates": [ [ [ 112.5, -82.676284978349031 ], [ 123.75, -82.676284978349031 ], [ 123.75, -81.093213852608386 ], [ 112.5, -81.093213852608386 ], [ 112.5, -82.676284978349031 ] ] ] } },
{ "type": "Feature", "properties": { "tilecode": "z5x26y30", "resolution": 5, "center_lat": -83.327772238605547, "center_lon": 118.125, "cell_width": 131584.18496449364, "cell_height": 145514.4883510592, "cell_area": 21109976338.21875, "cell_perimeter": 582531.20464644115 }, "geometry": { "type": "Polygon", "coordinates": [ [ [ 112.5, -83.979259498862049 ], [ 123.75, -83.979259498862049 ], [ 123.75, -82.676284978349031 ], [ 112.5, -82.676284978349031 ], [ 112.5, -83.979259498862049 ] ] ] } },
{ "type": "Feature", "properties": { "tilecode": "z5x26y31", "resolution": 5, "center_lat": -84.515194139334326, "center_lon": 118.125, "cell_width": 108223.62660486477, "cell_height": 119710.25468782624, "cell_area": 14286077469.145508, "cell_perimeter": 479228.32094501087 }, "geometry": { "type": "Polygon", "coordinates": [ [ [ 112.5, -85.051128779806604 ], [ 123.75, -85.051128779806604 ], [ 123.75, -83.979259498862049 ], [ 112.5, -83.979259498862049 ], [ 112.5, -85.051128779806604 ] ] ] } },
{ "type": "Feature", "properties": { "tilecode": "z5x27y0", "resolution": 5, "center_lat": 84.515194139334326, "center_lon": 129.375, "cell_width": 131584.18496449364, "cell_height": 119710.25468782624, "cell_area": 14286077469.145508, "cell_perimeter": 479228.32094501087 }, "geometry": { "type": "Polygon", "coordinates": [ [ [ 123.75, 83.979259498862049 ], [ 135.0, 83.979259498862049 ], [ 135.0, 85.051128779806604 ], [ 123.75, 85.051128779806604 ], [ 123.75, 83.979259498862049 ] ] ] } },
{ "type": "Feature", "properties": { "tilecode": "z5x27y1", "resolution": 5, "center_lat": 83.327772238605547, "center_lon": 129.375, "cell_width": 159918.04297982904, "cell_height": 145514.4883510592, "cell_area": 21109976338.21875, "cell_perimeter": 582531.20464644115 }, "geometry": { "type": "Polygon", "coordinates": [ [ [ 123.75, 82.676284978349031 ], [ 135.0, 82.676284978349031 ], [ 135.0, 83.979259498862049 ], [ 123.75, 83.979259498862049 ], [ 123.75, 82.676284978349031 ] ] ] } },
{ "type": "Feature", "properties": { "tilecode": "z5x27y2", "resolution": 5, "center_lat": 81.884749415478709, "center_lon": 129.375, "cell_width": 194228.89232904164, "cell_height": 176783.79025463015, "cell_area": 31159964055.347656, "cell_perimeter": 707714.51581813092 }, "geometry": { "type": "Polygon", "coordinates": [ [ [ 123.75, 81.093213852608386 ], [ 135.0, 81.093213852608386 ], [ 135.0, 82.676284978349031 ], [ 123.75, 82.676284978349031 ], [ 123.75, 81.093213852608386 ] ] ] } },
{ "type": "Feature", "properties": { "tilecode": "z5x27y3", "resolution": 5, "center_lat": 80.132274246713919, "center_lon": 129.375, "cell_width": 235679.10278705135, "cell_height": 214598.42880588266, "cell_area": 45921829864.564453, "cell_perimeter": 859104.85272785835 }, "geometry": { "type": "Polygon", "coordinates": [ [ [ 123.75, 79.171334640819452 ], [ 135.0, 79.171334640819452 ], [ 135.0, 81.093213852608386 ], [ 123.75, 81.093213852608386 ], [ 123.75, 79.171334640819452 ] ] ] } },
{ "type": "Feature", "properties": { "tilecode": "z5x27y4", "resolution": 5, "center_lat": 78.006075527625214, "center_lon": 129.375, "cell_width": 285578.90577750694, "cell_height": 260190.92729335208, "cell_area": 67519540387.077148, "cell_perimeter": 1041639.8631512625 }, "geometry": { "type": "Polygon", "coordinates": [ [ [ 123.75, 76.840816414430975 ], [ 135.0, 76.840816414430975 ], [ 135.0, 79.171334640819452 ], [ 123.75, 79.171334640819452 ], [ 123.75, 76.840816414430975 ] ] ] } },
{ "type": "Feature", "properties": { "tilecode": "z5x27y5", "resolution": 5, "center_lat": 75.430179862966611, "center_lon": 129.375, "cell_width": 345340.39321398037, "cell_height": 314917.17448925663, "cell_area": 98935667800.386719, "cell_perimeter": 1260753.6479700005 }, "geometry": { "type": "Polygon", "coordinates": [ [ [ 123.75, 74.019543311502261 ], [ 135.0, 74.019543311502261 ], [ 135.0, 76.840816414430975 ], [ 123.75, 76.840816414430975 ], [ 123.75, 74.019543311502261 ] ] ] } },
{ "type": "Feature", "properties": { "tilecode": "z5x27y6", "resolution": 5, "center_lat": 72.316078774760754, "center_lon": 129.375, "cell_width": 416367.74655973469, "cell_height": 380177.85463522567, "cell_area": 144244649467.35156, "cell_perimeter": 1522063.8490441665 }, "geometry": { "type": "Polygon", "coordinates": [ [ [ 123.75, 70.612614238019248 ], [ 135.0, 70.612614238019248 ], [ 135.0, 74.019543311502261 ], [ 123.75, 74.019543311502261 ], [ 123.75, 70.612614238019248 ] ] ] } },
{ "type": "Feature", "properties": { "tilecode": "z5x27y7", "resolution": 5, "center_lat": 68.562937340565554, "center_lon": 129.375, "cell_width": 499840.06041197834, "cell_height": 457254.11326378735, "cell_area": 208774564158.09766, "cell_perimeter": 1830716.0334992877 }, "geometry": { "type": "Polygon", "coordinates": [ [ [ 123.75, 66.513260443111861 ], [ 135.0, 66.513260443111861 ], [ 135.0, 70.612614238019248 ], [ 123.75, 70.612614238019248 ], [ 123.75, 66.513260443111861 ] ] ] } },
{ "type": "Feature", "properties": { "tilecode": "z5x27y8", "resolution": 5, "center_lat": 64.059828407249057, "center_lon": 129.375, "cell_width": 596328.26003255299, "cell_height": 547006.64910479658, "cell_area": 299004638547.62012, "cell_perimeter": 2190181.6186541244 }, "geometry": { "type": "Polygon", "coordinates": [ [ [ 123.75, 61.606396371386268 ], [ 135.0, 61.606396371386268 ], [ 135.0, 66.513260443111861 ], [ 123.75, 66.513260443111861 ], [ 123.75, 61.606396371386268 ] ] ] } },
{ "type": "Feature", "properties": { "tilecode": "z5x27y9", "resolution": 5, "center_lat": 58.691484695026986, "center_lon": 129.375, "cell_width": 705186.72066214541, "cell_height": 649380.10464495013, "cell_area": 421832873365.11719, "cell_perimeter": 2600275.1899845987 }, "geometry": { "type": "Polygon", "coordinates": [ [ [ 123.75, 55.776573018667698 ], [ 135.0, 55.776573018667698 ], [ 135.0, 61.606396371386268 ], [ 123.75, 61.606396371386268 ], [ 123.75, 55.776573018667698 ] ] ] } },
{ "type": "Feature", "properties": { "tilecode": "z5x27y10", "resolution": 5, "center_lat": 52.349536141212965, "center_lon": 129.375, "cell_width": 823705.47975019796, "cell_height": 762677.84409848822, "cell_area": 582657894317.77637, "cell_perimeter": 3054247.8886093199 }, "geometry": { "type": "Polygon", "coordinates": [ [ [ 123.75, 48.92249926375824 ], [ 135.0, 48.92249926375824 ], [ 135.0, 55.776573018667698 ], [ 123.75, 55.776573018667698 ], [ 123.75, 48.92249926375824 ] ] ] } },
{ "type": "Feature", "properties": { "tilecode": "z5x27y11", "resolution": 5, "center_lat": 44.95119866668918, "center_lon": 129.375, "cell_width": 946152.93326944625, "cell_height": 882667.95666176802, "cell_area": 781726960961.31055, "cell_perimeter": 3535194.3263431801 }, "geometry": { "type": "Polygon", "coordinates": [ [ [ 123.75, 40.979898069620127 ], [ 135.0, 40.979898069620127 ], [ 135.0, 48.92249926375824 ], [ 123.75, 48.92249926375824 ], [ 123.75, 40.979898069620127 ] ] ] } },
{ "type": "Feature", "properties": { "tilecode": "z5x27y12", "resolution": 5, "center_lat": 36.466030153822544, "center_lon": 129.375, "cell_width": 1063119.6372028978, "cell_height": 1001793.0197306408, "cell_area": 1008900467966.7783, "cell_perimeter": 4012858.6099336259 }, "geometry": { "type": "Polygon", "coordinates": [ [ [ 123.75, 31.952162238024968 ], [ 135.0, 31.952162238024968 ], [ 135.0, 40.979898069620127 ], [ 123.75, 40.979898069620127 ], [ 123.75, 31.952162238024968 ] ] ] } },
{ "type": "Feature", "properties": { "tilecode": "z5x27y13", "resolution": 5, "center_lat": 26.947603885731574, "center_lon": 129.375, "cell_width": 1161900.9357158756, "cell_height": 1109053.9614562085, "cell_area": 1238910794109.9292, "cell_perimeter": 4443128.4958311906 }, "geometry": { "type": "Polygon", "coordinates": [ [ [ 123.75, 21.943045533438177 ], [ 135.0, 21.943045533438177 ], [ 135.0, 31.952162238024968 ], [ 123.75, 31.952162238024968 ], [ 123.75, 21.943045533438177 ] ] ] } },
{ "type": "Feature", "properties": { "tilecode": "z5x27y14", "resolution": 5, "center_lat": 16.560723703574979, "center_lon": 129.375, "cell_width": 1228665.3006186907, "cell_height": 1191293.9078964787, "cell_area": 1431788580865.3503, "cell_perimeter": 4773154.0521275233 }, "geometry": { "type": "Polygon", "coordinates": [ [ [ 123.75, 11.178401873711781 ], [ 135.0, 11.178401873711781 ], [ 135.0, 21.943045533438177 ], [ 123.75, 21.943045533438177 ], [ 123.75, 11.178401873711781 ] ] ] } },
{ "type": "Feature", "properties": { "tilecode": "z5x27y15", "resolution": 5, "center_lat": 5.5892009368558906, "center_lon": 129.375, "cell_width": 1252344.2714243277, "cell_height": 1236200.0081271871, "cell_area": 1543215607369.6492, "cell_perimeter": 4953409.5882973932 }, "geometry": { "type": "Polygon", "coordinates": [ [ [ 123.75, 0.0 ], [ 135.0, 0.0 ], [ 135.0, 11.178401873711781 ], [ 123.75, 11.178401873711781 ], [ 123.75, 0.0 ] ] ] } },
{ "type": "Feature", "properties": { "tilecode": "z5x27y16", "resolution": 5, "center_lat": -5.5892009368558906, "center_lon": 129.375, "cell_width": 1228665.3006186907, "cell_height": 1236200.0081271871, "cell_area": 1543215607369.6492, "cell_perimeter": 4953409.5882973932 }, "geometry": { "type": "Polygon", "coordinates": [ [ [ 123.75, -11.178401873711781 ], [ 135.0, -11.178401873711781 ], [ 135.0, 0.0 ], [ 123.75, 0.0 ], [ 123.75, -11.178401873711781 ] ] ] } },
{ "type": "Feature", "properties": { "tilecode": "z5x27y17", "resolution": 5, "center_lat": -16.560723703574979, "center_lon": 129.375, "cell_width": 1161900.9357158756, "cell_height": 1191293.9078964787, "cell_area": 1431788580865.3503, "cell_perimeter": 4773154.0521275233 }, "geometry": { "type": "Polygon", "coordinates": [ [ [ 123.75, -21.943045533438177 ], [ 135.0, -21.943045533438177 ], [ 135.0, -11.178401873711781 ], [ 123.75, -11.178401873711781 ], [ 123.75, -21.943045533438177 ] ] ] } },
{ "type": "Feature", "properties": { "tilecode": "z5x27y18", "resolution": 5, "center_lat": -26.947603885731574, "center_lon": 129.375, "cell_width": 1063119.6372028978, "cell_height": 1109053.9614562085, "cell_area": 1238910794109.9292, "cell_perimeter": 4443128.4958311906 }, "geometry": { "type": "Polygon", "coordinates": [ [ [ 123.75, -31.952162238024968 ], [ 135.0, -31.952162238024968 ], [ 135.0, -21.943045533438177 ], [ 123.75, -21.943045533438177 ], [ 123.75, -31.952162238024968 ] ] ] } },
{ "type": "Feature", "properties": { "tilecode": "z5x27y19", "resolution": 5, "center_lat": -36.466030153822544, "center_lon": 129.375, "cell_width": 946152.93326944625, "cell_height": 1001793.0197306408, "cell_area": 1008900467966.7783, "cell_perimeter": 4012858.6099336259 }, "geometry": { "type": "Polygon", "coordinates": [ [ [ 123.75, -40.979898069620127 ], [ 135.0, -40.979898069620127 ], [ 135.0, -31.952162238024968 ], [ 123.75, -31.952162238024968 ], [ 123.75, -40.979898069620127 ] ] ] } },
{ "type": "Feature", "properties": { "tilecode": "z5x27y20", "resolution": 5, "center_lat": -44.95119866668918, "center_lon": 129.375, "cell_width": 823705.47975019796, "cell_height": 882667.95666176802, "cell_area": 781726960961.31055, "cell_perimeter": 3535194.3263431801 }, "geometry": { "type": "Polygon", "coordinates": [ [ [ 123.75, -48.92249926375824 ], [ 135.0, -48.92249926375824 ], [ 135.0, -40.979898069620127 ], [ 123.75, -40.979898069620127 ], [ 123.75, -48.92249926375824 ] ] ] } },
{ "type": "Feature", "properties": { "tilecode": "z5x27y21", "resolution": 5, "center_lat": -52.349536141212965, "center_lon": 129.375, "cell_width": 705186.72066214541, "cell_height": 762677.84409848822, "cell_area": 582657894317.77637, "cell_perimeter": 3054247.8886093199 }, "geometry": { "type": "Polygon", "coordinates": [ [ [ 123.75, -55.776573018667698 ], [ 135.0, -55.776573018667698 ], [ 135.0, -48.92249926375824 ], [ 123.75, -48.92249926375824 ], [ 123.75, -55.776573018667698 ] ] ] } },
{ "type": "Feature", "properties": { "tilecode": "z5x27y22", "resolution": 5, "center_lat": -58.691484695026986, "center_lon": 129.375, "cell_width": 596328.26003255299, "cell_height": 649380.10464495013, "cell_area": 421832873365.11719, "cell_perimeter": 2600275.1899845987 }, "geometry": { "type": "Polygon", "coordinates": [ [ [ 123.75, -61.606396371386268 ], [ 135.0, -61.606396371386268 ], [ 135.0, -55.776573018667698 ], [ 123.75, -55.776573018667698 ], [ 123.75, -61.606396371386268 ] ] ] } },
{ "type": "Feature", "properties": { "tilecode": "z5x27y23", "resolution": 5, "center_lat": -64.059828407249057, "center_lon": 129.375, "cell_width": 499840.06041197834, "cell_height": 547006.64910479658, "cell_area": 299004638547.62012, "cell_perimeter": 2190181.6186541244 }, "geometry": { "type": "Polygon", "coordinates": [ [ [ 123.75, -66.513260443111861 ], [ 135.0, -66.513260443111861 ], [ 135.0, -61.606396371386268 ], [ 123.75, -61.606396371386268 ], [ 123.75, -66.513260443111861 ] ] ] } },
{ "type": "Feature", "properties": { "tilecode": "z5x27y24", "resolution": 5, "center_lat": -68.562937340565554, "center_lon": 129.375, "cell_width": 416367.74655973469, "cell_height": 457254.11326378735, "cell_area": 208774564158.09766, "cell_perimeter": 1830716.0334992877 }, "geometry": { "type": "Polygon", "coordinates": [ [ [ 123.75, -70.612614238019248 ], [ 135.0, -70.612614238019248 ], [ 135.0, -66.513260443111861 ], [ 123.75, -66.513260443111861 ], [ 123.75, -70.612614238019248 ] ] ] } },
{ "type": "Feature", "properties": { "tilecode": "z5x27y25", "resolution": 5, "center_lat": -72.316078774760754, "center_lon": 129.375, "cell_width": 345340.39321398037, "cell_height": 380177.85463522567, "cell_area": 144244649467.35156, "cell_perimeter": 1522063.8490441665 }, "geometry": { "type": "Polygon", "coordinates": [ [ [ 123.75, -74.019543311502261 ], [ 135.0, -74.019543311502261 ], [ 135.0, -70.612614238019248 ], [ 123.75, -70.612614238019248 ], [ 123.75, -74.019543311502261 ] ] ] } },
{ "type": "Feature", "properties": { "tilecode": "z5x27y26", "resolution": 5, "center_lat": -75.430179862966611, "center_lon": 129.375, "cell_width": 285578.90577750694, "cell_height": 314917.17448925663, "cell_area": 98935667800.386719, "cell_perimeter": 1260753.6479700005 }, "geometry": { "type": "Polygon", "coordinates": [ [ [ 123.75, -76.840816414430975 ], [ 135.0, -76.840816414430975 ], [ 135.0, -74.019543311502261 ], [ 123.75, -74.019543311502261 ], [ 123.75, -76.840816414430975 ] ] ] } },
{ "type": "Feature", "properties": { "tilecode": "z5x27y27", "resolution": 5, "center_lat": -78.006075527625214, "center_lon": 129.375, "cell_width": 235679.10278705135, "cell_height": 260190.92729335208, "cell_area": 67519540387.077148, "cell_perimeter": 1041639.8631512625 }, "geometry": { "type": "Polygon", "coordinates": [ [ [ 123.75, -79.171334640819452 ], [ 135.0, -79.171334640819452 ], [ 135.0, -76.840816414430975 ], [ 123.75, -76.840816414430975 ], [ 123.75, -79.171334640819452 ] ] ] } },
{ "type": "Feature", "properties": { "tilecode": "z5x27y28", "resolution": 5, "center_lat": -80.132274246713919, "center_lon": 129.375, "cell_width": 194228.89232904164, "cell_height": 214598.42880588266, "cell_area": 45921829864.564453, "cell_perimeter": 859104.85272785835 }, "geometry": { "type": "Polygon", "coordinates": [ [ [ 123.75, -81.093213852608386 ], [ 135.0, -81.093213852608386 ], [ 135.0, -79.171334640819452 ], [ 123.75, -79.171334640819452 ], [ 123.75, -81.093213852608386 ] ] ] } },
{ "type": "Feature", "properties": { "tilecode": "z5x27y29", "resolution": 5, "center_lat": -81.884749415478709, "center_lon": 129.375, "cell_width": 159918.04297982904, "cell_height": 176783.79025463015, "cell_area": 31159964055.347656, "cell_perimeter": 707714.51581813092 }, "geometry": { "type": "Polygon", "coordinates": [ [ [ 123.75, -82.676284978349031 ], [ 135.0, -82.676284978349031 ], [ 135.0, -81.093213852608386 ], [ 123.75, -81.093213852608386 ], [ 123.75, -82.676284978349031 ] ] ] } },
{ "type": "Feature", "properties": { "tilecode": "z5x27y30", "resolution": 5, "center_lat": -83.327772238605547, "center_lon": 129.375, "cell_width": 131584.18496449364, "cell_height": 145514.4883510592, "cell_area": 21109976338.21875, "cell_perimeter": 582531.20464644115 }, "geometry": { "type": "Polygon", "coordinates": [ [ [ 123.75, -83.979259498862049 ], [ 135.0, -83.979259498862049 ], [ 135.0, -82.676284978349031 ], [ 123.75, -82.676284978349031 ], [ 123.75, -83.979259498862049 ] ] ] } },
{ "type": "Feature", "properties": { "tilecode": "z5x27y31", "resolution": 5, "center_lat": -84.515194139334326, "center_lon": 129.375, "cell_width": 108223.62660486477, "cell_height": 119710.25468782624, "cell_area": 14286077469.145508, "cell_perimeter": 479228.32094501087 }, "geometry": { "type": "Polygon", "coordinates": [ [ [ 123.75, -85.051128779806604 ], [ 135.0, -85.051128779806604 ], [ 135.0, -83.979259498862049 ], [ 123.75, -83.979259498862049 ], [ 123.75, -85.051128779806604 ] ] ] } },
{ "type": "Feature", "properties": { "tilecode": "z5x28y0", "resolution": 5, "center_lat": 84.515194139334326, "center_lon": 140.625, "cell_width": 131584.18496449364, "cell_height": 119710.25468782624, "cell_area": 14286077469.145508, "cell_perimeter": 479228.32094501087 }, "geometry": { "type": "Polygon", "coordinates": [ [ [ 135.0, 83.979259498862049 ], [ 146.25, 83.979259498862049 ], [ 146.25, 85.051128779806604 ], [ 135.0, 85.051128779806604 ], [ 135.0, 83.979259498862049 ] ] ] } },
{ "type": "Feature", "properties": { "tilecode": "z5x28y1", "resolution": 5, "center_lat": 83.327772238605547, "center_lon": 140.625, "cell_width": 159918.04297982904, "cell_height": 145514.4883510592, "cell_area": 21109976338.21875, "cell_perimeter": 582531.20464644115 }, "geometry": { "type": "Polygon", "coordinates": [ [ [ 135.0, 82.676284978349031 ], [ 146.25, 82.676284978349031 ], [ 146.25, 83.979259498862049 ], [ 135.0, 83.979259498862049 ], [ 135.0, 82.676284978349031 ] ] ] } },
{ "type": "Feature", "properties": { "tilecode": "z5x28y2", "resolution": 5, "center_lat": 81.884749415478709, "center_lon": 140.625, "cell_width": 194228.89232904164, "cell_height": 176783.79025463015, "cell_area": 31159964055.347656, "cell_perimeter": 707714.51581813092 }, "geometry": { "type": "Polygon", "coordinates": [ [ [ 135.0, 81.093213852608386 ], [ 146.25, 81.093213852608386 ], [ 146.25, 82.676284978349031 ], [ 135.0, 82.676284978349031 ], [ 135.0, 81.093213852608386 ] ] ] } },
{ "type": "Feature", "properties": { "tilecode": "z5x28y3", "resolution": 5, "center_lat": 80.132274246713919, "center_lon": 140.625, "cell_width": 235679.10278705135, "cell_height": 214598.42880588266, "cell_area": 45921829864.564453, "cell_perimeter": 859104.85272785835 }, "geometry": { "type": "Polygon", "coordinates": [ [ [ 135.0, 79.171334640819452 ], [ 146.25, 79.171334640819452 ], [ 146.25, 81.093213852608386 ], [ 135.0, 81.093213852608386 ], [ 135.0, 79.171334640819452 ] ] ] } },
{ "type": "Feature", "properties": { "tilecode": "z5x28y4", "resolution": 5, "center_lat": 78.006075527625214, "center_lon": 140.625, "cell_width": 285578.90577750694, "cell_height": 260190.92729335208, "cell_area": 67519540387.077148, "cell_perimeter": 1041639.8631512625 }, "geometry": { "type": "Polygon", "coordinates": [ [ [ 135.0, 76.840816414430975 ], [ 146.25, 76.840816414430975 ], [ 146.25, 79.171334640819452 ], [ 135.0, 79.171334640819452 ], [ 135.0, 76.840816414430975 ] ] ] } },
{ "type": "Feature", "properties": { "tilecode": "z5x28y5", "resolution": 5, "center_lat": 75.430179862966611, "center_lon": 140.625, "cell_width": 345340.39321398037, "cell_height": 314917.17448925663, "cell_area": 98935667800.386719, "cell_perimeter": 1260753.6479700005 }, "geometry": { "type": "Polygon", "coordinates": [ [ [ 135.0, 74.019543311502261 ], [ 146.25, 74.019543311502261 ], [ 146.25, 76.840816414430975 ], [ 135.0, 76.840816414430975 ], [ 135.0, 74.019543311502261 ] ] ] } },
{ "type": "Feature", "properties": { "tilecode": "z5x28y6", "resolution": 5, "center_lat": 72.316078774760754, "center_lon": 140.625, "cell_width": 416367.74655973469, "cell_height": 380177.85463522567, "cell_area": 144244649467.35156, "cell_perimeter": 1522063.8490441665 }, "geometry": { "type": "Polygon", "coordinates": [ [ [ 135.0, 70.612614238019248 ], [ 146.25, 70.612614238019248 ], [ 146.25, 74.019543311502261 ], [ 135.0, 74.019543311502261 ], [ 135.0, 70.612614238019248 ] ] ] } },
{ "type": "Feature", "properties": { "tilecode": "z5x28y7", "resolution": 5, "center_lat": 68.562937340565554, "center_lon": 140.625, "cell_width": 499840.06041197834, "cell_height": 457254.11326378735, "cell_area": 208774564158.09766, "cell_perimeter": 1830716.0334992877 }, "geometry": { "type": "Polygon", "coordinates": [ [ [ 135.0, 66.513260443111861 ], [ 146.25, 66.513260443111861 ], [ 146.25, 70.612614238019248 ], [ 135.0, 70.612614238019248 ], [ 135.0, 66.513260443111861 ] ] ] } },
{ "type": "Feature", "properties": { "tilecode": "z5x28y8", "resolution": 5, "center_lat": 64.059828407249057, "center_lon": 140.625, "cell_width": 596328.26003255299, "cell_height": 547006.64910479658, "cell_area": 299004638547.62012, "cell_perimeter": 2190181.6186541244 }, "geometry": { "type": "Polygon", "coordinates": [ [ [ 135.0, 61.606396371386268 ], [ 146.25, 61.606396371386268 ], [ 146.25, 66.513260443111861 ], [ 135.0, 66.513260443111861 ], [ 135.0, 61.606396371386268 ] ] ] } },
{ "type": "Feature", "properties": { "tilecode": "z5x28y9", "resolution": 5, "center_lat": 58.691484695026986, "center_lon": 140.625, "cell_width": 705186.72066214541, "cell_height": 649380.10464495013, "cell_area": 421832873365.11719, "cell_perimeter": 2600275.1899845987 }, "geometry": { "type": "Polygon", "coordinates": [ [ [ 135.0, 55.776573018667698 ], [ 146.25, 55.776573018667698 ], [ 146.25, 61.606396371386268 ], [ 135.0, 61.606396371386268 ], [ 135.0, 55.776573018667698 ] ] ] } },
{ "type": "Feature", "properties": { "tilecode": "z5x28y10", "resolution": 5, "center_lat": 52.349536141212965, "center_lon": 140.625, "cell_width": 823705.47975019796, "cell_height": 762677.84409848822, "cell_area": 582657894317.77637, "cell_perimeter": 3054247.8886093199 }, "geometry": { "type": "Polygon", "coordinates": [ [ [ 135.0, 48.92249926375824 ], [ 146.25, 48.92249926375824 ], [ 146.25, 55.776573018667698 ], [ 135.0, 55.776573018667698 ], [ 135.0, 48.92249926375824 ] ] ] } },
{ "type": "Feature", "properties": { "tilecode": "z5x28y11", "resolution": 5, "center_lat": 44.95119866668918, "center_lon": 140.625, "cell_width": 946152.93326944625, "cell_height": 882667.95666176802, "cell_area": 781726960961.31055, "cell_perimeter": 3535194.3263431801 }, "geometry": { "type": "Polygon", "coordinates": [ [ [ 135.0, 40.979898069620127 ], [ 146.25, 40.979898069620127 ], [ 146.25, 48.92249926375824 ], [ 135.0, 48.92249926375824 ], [ 135.0, 40.979898069620127 ] ] ] } },
{ "type": "Feature", "properties": { "tilecode": "z5x28y12", "resolution": 5, "center_lat": 36.466030153822544, "center_lon": 140.625, "cell_width": 1063119.6372028978, "cell_height": 1001793.0197306408, "cell_area": 1008900467966.7783, "cell_perimeter": 4012858.6099336259 }, "geometry": { "type": "Polygon", "coordinates": [ [ [ 135.0, 31.952162238024968 ], [ 146.25, 31.952162238024968 ], [ 146.25, 40.979898069620127 ], [ 135.0, 40.979898069620127 ], [ 135.0, 31.952162238024968 ] ] ] } },
{ "type": "Feature", "properties": { "tilecode": "z5x28y13", "resolution": 5, "center_lat": 26.947603885731574, "center_lon": 140.625, "cell_width": 1161900.9357158756, "cell_height": 1109053.9614562085, "cell_area": 1238910794109.9292, "cell_perimeter": 4443128.4958311906 }, "geometry": { "type": "Polygon", "coordinates": [ [ [ 135.0, 21.943045533438177 ], [ 146.25, 21.943045533438177 ], [ 146.25, 31.952162238024968 ], [ 135.0, 31.952162238024968 ], [ 135.0, 21.943045533438177 ] ] ] } },
{ "type": "Feature", "properties": { "tilecode": "z5x28y14", "resolution": 5, "center_lat": 16.560723703574979, "center_lon": 140.625, "cell_width": 1228665.3006186907, "cell_height": 1191293.9078964787, "cell_area": 1431788580865.3503, "cell_perimeter": 4773154.0521275233 }, "geometry": { "type": "Polygon", "coordinates": [ [ [ 135.0, 11.178401873711781 ], [ 146.25, 11.178401873711781 ], [ 146.25, 21.943045533438177 ], [ 135.0, 21.943045533438177 ], [ 135.0, 11.178401873711781 ] ] ] } },
{ "type": "Feature", "properties": { "tilecode": "z5x28y15", "resolution": 5, "center_lat": 5.5892009368558906, "center_lon": 140.625, "cell_width": 1252344.2714243277, "cell_height": 1236200.0081271871, "cell_area": 1543215607369.6492, "cell_perimeter": 4953409.5882973932 }, "geometry": { "type": "Polygon", "coordinates": [ [ [ 135.0, 0.0 ], [ 146.25, 0.0 ], [ 146.25, 11.178401873711781 ], [ 135.0, 11.178401873711781 ], [ 135.0, 0.0 ] ] ] } },
{ "type": "Feature", "properties": { "tilecode": "z5x28y16", "resolution": 5, "center_lat": -5.5892009368558906, "center_lon": 140.625, "cell_width": 1228665.3006186907, "cell_height": 1236200.0081271871, "cell_area": 1543215607369.6492, "cell_perimeter": 4953409.5882973932 }, "geometry": { "type": "Polygon", "coordinates": [ [ [ 135.0, -11.178401873711781 ], [ 146.25, -11.178401873711781 ], [ 146.25, 0.0 ], [ 135.0, 0.0 ], [ 135.0, -11.178401873711781 ] ] ] } },
{ "type": "Feature", "properties": { "tilecode": "z5x28y17", "resolution": 5, "center_lat": -16.560723703574979, "center_lon": 140.625, "cell_width": 1161900.9357158756, "cell_height": 1191293.9078964787, "cell_area": 1431788580865.3503, "cell_perimeter": 4773154.0521275233 }, "geometry": { "type": "Polygon", "coordinates": [ [ [ 135.0, -21.943045533438177 ], [ 146.25, -21.943045533438177 ], [ 146.25, -11.178401873711781 ], [ 135.0, -11.178401873711781 ], [ 135.0, -21.943045533438177 ] ] ] } },
{ "type": "Feature", "properties": { "tilecode": "z5x28y18", "resolution": 5, "center_lat": -26.947603885731574, "center_lon": 140.625, "cell_width": 1063119.6372028978, "cell_height": 1109053.9614562085, "cell_area": 1238910794109.9292, "cell_perimeter": 4443128.4958311906 }, "geometry": { "type": "Polygon", "coordinates": [ [ [ 135.0, -31.952162238024968 ], [ 146.25, -31.952162238024968 ], [ 146.25, -21.943045533438177 ], [ 135.0, -21.943045533438177 ], [ 135.0, -31.952162238024968 ] ] ] } },
{ "type": "Feature", "properties": { "tilecode": "z5x28y19", "resolution": 5, "center_lat": -36.466030153822544, "center_lon": 140.625, "cell_width": 946152.93326944625, "cell_height": 1001793.0197306408, "cell_area": 1008900467966.7783, "cell_perimeter": 4012858.6099336259 }, "geometry": { "type": "Polygon", "coordinates": [ [ [ 135.0, -40.979898069620127 ], [ 146.25, -40.979898069620127 ], [ 146.25, -31.952162238024968 ], [ 135.0, -31.952162238024968 ], [ 135.0, -40.979898069620127 ] ] ] } },
{ "type": "Feature", "properties": { "tilecode": "z5x28y20", "resolution": 5, "center_lat": -44.95119866668918, "center_lon": 140.625, "cell_width": 823705.47975019796, "cell_height": 882667.95666176802, "cell_area": 781726960961.31055, "cell_perimeter": 3535194.3263431801 }, "geometry": { "type": "Polygon", "coordinates": [ [ [ 135.0, -48.92249926375824 ], [ 146.25, -48.92249926375824 ], [ 146.25, -40.979898069620127 ], [ 135.0, -40.979898069620127 ], [ 135.0, -48.92249926375824 ] ] ] } },
{ "type": "Feature", "properties": { "tilecode": "z5x28y21", "resolution": 5, "center_lat": -52.349536141212965, "center_lon": 140.625, "cell_width": 705186.72066214541, "cell_height": 762677.84409848822, "cell_area": 582657894317.77637, "cell_perimeter": 3054247.8886093199 }, "geometry": { "type": "Polygon", "coordinates": [ [ [ 135.0, -55.776573018667698 ], [ 146.25, -55.776573018667698 ], [ 146.25, -48.92249926375824 ], [ 135.0, -48.92249926375824 ], [ 135.0, -55.776573018667698 ] ] ] } },
{ "type": "Feature", "properties": { "tilecode": "z5x28y22", "resolution": 5, "center_lat": -58.691484695026986, "center_lon": 140.625, "cell_width": 596328.26003255299, "cell_height": 649380.10464495013, "cell_area": 421832873365.11719, "cell_perimeter": 2600275.1899845987 }, "geometry": { "type": "Polygon", "coordinates": [ [ [ 135.0, -61.606396371386268 ], [ 146.25, -61.606396371386268 ], [ 146.25, -55.776573018667698 ], [ 135.0, -55.776573018667698 ], [ 135.0, -61.606396371386268 ] ] ] } },
{ "type": "Feature", "properties": { "tilecode": "z5x28y23", "resolution": 5, "center_lat": -64.059828407249057, "center_lon": 140.625, "cell_width": 499840.06041197834, "cell_height": 547006.64910479658, "cell_area": 299004638547.62012, "cell_perimeter": 2190181.6186541244 }, "geometry": { "type": "Polygon", "coordinates": [ [ [ 135.0, -66.513260443111861 ], [ 146.25, -66.513260443111861 ], [ 146.25, -61.606396371386268 ], [ 135.0, -61.606396371386268 ], [ 135.0, -66.513260443111861 ] ] ] } },
{ "type": "Feature", "properties": { "tilecode": "z5x28y24", "resolution": 5, "center_lat": -68.562937340565554, "center_lon": 140.625, "cell_width": 416367.74655973469, "cell_height": 457254.11326378735, "cell_area": 208774564158.09766, "cell_perimeter": 1830716.0334992877 }, "geometry": { "type": "Polygon", "coordinates": [ [ [ 135.0, -70.612614238019248 ], [ 146.25, -70.612614238019248 ], [ 146.25, -66.513260443111861 ], [ 135.0, -66.513260443111861 ], [ 135.0, -70.612614238019248 ] ] ] } },
{ "type": "Feature", "properties": { "tilecode": "z5x28y25", "resolution": 5, "center_lat": -72.316078774760754, "center_lon": 140.625, "cell_width": 345340.39321398037, "cell_height": 380177.85463522567, "cell_area": 144244649467.35156, "cell_perimeter": 1522063.8490441665 }, "geometry": { "type": "Polygon", "coordinates": [ [ [ 135.0, -74.019543311502261 ], [ 146.25, -74.019543311502261 ], [ 146.25, -70.612614238019248 ], [ 135.0, -70.612614238019248 ], [ 135.0, -74.019543311502261 ] ] ] } },
{ "type": "Feature", "properties": { "tilecode": "z5x28y26", "resolution": 5, "center_lat": -75.430179862966611, "center_lon": 140.625, "cell_width": 285578.90577750694, "cell_height": 314917.17448925663, "cell_area": 98935667800.386719, "cell_perimeter": 1260753.6479700005 }, "geometry": { "type": "Polygon", "coordinates": [ [ [ 135.0, -76.840816414430975 ], [ 146.25, -76.840816414430975 ], [ 146.25, -74.019543311502261 ], [ 135.0, -74.019543311502261 ], [ 135.0, -76.840816414430975 ] ] ] } },
{ "type": "Feature", "properties": { "tilecode": "z5x28y27", "resolution": 5, "center_lat": -78.006075527625214, "center_lon": 140.625, "cell_width": 235679.10278705135, "cell_height": 260190.92729335208, "cell_area": 67519540387.077148, "cell_perimeter": 1041639.8631512625 }, "geometry": { "type": "Polygon", "coordinates": [ [ [ 135.0, -79.171334640819452 ], [ 146.25, -79.171334640819452 ], [ 146.25, -76.840816414430975 ], [ 135.0, -76.840816414430975 ], [ 135.0, -79.171334640819452 ] ] ] } },
{ "type": "Feature", "properties": { "tilecode": "z5x28y28", "resolution": 5, "center_lat": -80.132274246713919, "center_lon": 140.625, "cell_width": 194228.89232904164, "cell_height": 214598.42880588266, "cell_area": 45921829864.564453, "cell_perimeter": 859104.85272785835 }, "geometry": { "type": "Polygon", "coordinates": [ [ [ 135.0, -81.093213852608386 ], [ 146.25, -81.093213852608386 ], [ 146.25, -79.171334640819452 ], [ 135.0, -79.171334640819452 ], [ 135.0, -81.093213852608386 ] ] ] } },
{ "type": "Feature", "properties": { "tilecode": "z5x28y29", "resolution": 5, "center_lat": -81.884749415478709, "center_lon": 140.625, "cell_width": 159918.04297982904, "cell_height": 176783.79025463015, "cell_area": 31159964055.347656, "cell_perimeter": 707714.51581813092 }, "geometry": { "type": "Polygon", "coordinates": [ [ [ 135.0, -82.676284978349031 ], [ 146.25, -82.676284978349031 ], [ 146.25, -81.093213852608386 ], [ 135.0, -81.093213852608386 ], [ 135.0, -82.676284978349031 ] ] ] } },
{ "type": "Feature", "properties": { "tilecode": "z5x28y30", "resolution": 5, "center_lat": -83.327772238605547, "center_lon": 140.625, "cell_width": 131584.18496449364, "cell_height": 145514.4883510592, "cell_area": 21109976338.21875, "cell_perimeter": 582531.20464644115 }, "geometry": { "type": "Polygon", "coordinates": [ [ [ 135.0, -83.979259498862049 ], [ 146.25, -83.979259498862049 ], [ 146.25, -82.676284978349031 ], [ 135.0, -82.676284978349031 ], [ 135.0, -83.979259498862049 ] ] ] } },
{ "type": "Feature", "properties": { "tilecode": "z5x28y31", "resolution": 5, "center_lat": -84.515194139334326, "center_lon": 140.625, "cell_width": 108223.62660486477, "cell_height": 119710.25468782624, "cell_area": 14286077469.145508, "cell_perimeter": 479228.32094501087 }, "geometry": { "type": "Polygon", "coordinates": [ [ [ 135.0, -85.051128779806604 ], [ 146.25, -85.051128779806604 ], [ 146.25, -83.979259498862049 ], [ 135.0, -83.979259498862049 ], [ 135.0, -85.051128779806604 ] ] ] } },
{ "type": "Feature", "properties": { "tilecode": "z5x29y0", "resolution": 5, "center_lat": 84.515194139334326, "center_lon": 151.875, "cell_width": 131584.18496449364, "cell_height": 119710.25468782624, "cell_area": 14286077469.145508, "cell_perimeter": 479228.32094501087 }, "geometry": { "type": "Polygon", "coordinates": [ [ [ 146.25, 83.979259498862049 ], [ 157.5, 83.979259498862049 ], [ 157.5, 85.051128779806604 ], [ 146.25, 85.051128779806604 ], [ 146.25, 83.979259498862049 ] ] ] } },
{ "type": "Feature", "properties": { "tilecode": "z5x29y1", "resolution": 5, "center_lat": 83.327772238605547, "center_lon": 151.875, "cell_width": 159918.04297982904, "cell_height": 145514.4883510592, "cell_area": 21109976338.21875, "cell_perimeter": 582531.20464644115 }, "geometry": { "type": "Polygon", "coordinates": [ [ [ 146.25, 82.676284978349031 ], [ 157.5, 82.676284978349031 ], [ 157.5, 83.979259498862049 ], [ 146.25, 83.979259498862049 ], [ 146.25, 82.676284978349031 ] ] ] } },
{ "type": "Feature", "properties": { "tilecode": "z5x29y2", "resolution": 5, "center_lat": 81.884749415478709, "center_lon": 151.875, "cell_width": 194228.89232904164, "cell_height": 176783.79025463015, "cell_area": 31159964055.347656, "cell_perimeter": 707714.51581813092 }, "geometry": { "type": "Polygon", "coordinates": [ [ [ 146.25, 81.093213852608386 ], [ 157.5, 81.093213852608386 ], [ 157.5, 82.676284978349031 ], [ 146.25, 82.676284978349031 ], [ 146.25, 81.093213852608386 ] ] ] } },
{ "type": "Feature", "properties": { "tilecode": "z5x29y3", "resolution": 5, "center_lat": 80.132274246713919, "center_lon": 151.875, "cell_width": 235679.10278705135, "cell_height": 214598.42880588266, "cell_area": 45921829864.564453, "cell_perimeter": 859104.85272785835 }, "geometry": { "type": "Polygon", "coordinates": [ [ [ 146.25, 79.171334640819452 ], [ 157.5, 79.171334640819452 ], [ 157.5, 81.093213852608386 ], [ 146.25, 81.093213852608386 ], [ 146.25, 79.171334640819452 ] ] ] } },
{ "type": "Feature", "properties": { "tilecode": "z5x29y4", "resolution": 5, "center_lat": 78.006075527625214, "center_lon": 151.875, "cell_width": 285578.90577750694, "cell_height": 260190.92729335208, "cell_area": 67519540387.077148, "cell_perimeter": 1041639.8631512625 }, "geometry": { "type": "Polygon", "coordinates": [ [ [ 146.25, 76.840816414430975 ], [ 157.5, 76.840816414430975 ], [ 157.5, 79.171334640819452 ], [ 146.25, 79.171334640819452 ], [ 146.25, 76.840816414430975 ] ] ] } },
{ "type": "Feature", "properties": { "tilecode": "z5x29y5", "resolution": 5, "center_lat": 75.430179862966611, "center_lon": 151.875, "cell_width": 345340.39321398037, "cell_height": 314917.17448925663, "cell_area": 98935667800.386719, "cell_perimeter": 1260753.6479700005 }, "geometry": { "type": "Polygon", "coordinates": [ [ [ 146.25, 74.019543311502261 ], [ 157.5, 74.019543311502261 ], [ 157.5, 76.840816414430975 ], [ 146.25, 76.840816414430975 ], [ 146.25, 74.019543311502261 ] ] ] } },
{ "type": "Feature", "properties": { "tilecode": "z5x29y6", "resolution": 5, "center_lat": 72.316078774760754, "center_lon": 151.875, "cell_width": 416367.74655973469, "cell_height": 380177.85463522567, "cell_area": 144244649467.35156, "cell_perimeter": 1522063.8490441665 }, "geometry": { "type": "Polygon", "coordinates": [ [ [ 146.25, 70.612614238019248 ], [ 157.5, 70.612614238019248 ], [ 157.5, 74.019543311502261 ], [ 146.25, 74.019543311502261 ], [ 146.25, 70.612614238019248 ] ] ] } },
{ "type": "Feature", "properties": { "tilecode": "z5x29y7", "resolution": 5, "center_lat": 68.562937340565554, "center_lon": 151.875, "cell_width": 499840.06041197834, "cell_height": 457254.11326378735, "cell_area": 208774564158.09766, "cell_perimeter": 1830716.0334992877 }, "geometry": { "type": "Polygon", "coordinates": [ [ [ 146.25, 66.513260443111861 ], [ 157.5, 66.513260443111861 ], [ 157.5, 70.612614238019248 ], [ 146.25, 70.612614238019248 ], [ 146.25, 66.513260443111861 ] ] ] } },
{ "type": "Feature", "properties": { "tilecode": "z5x29y8", "resolution": 5, "center_lat": 64.059828407249057, "center_lon": 151.875, "cell_width": 596328.26003255299, "cell_height": 547006.64910479658, "cell_area": 299004638547.62012, "cell_perimeter": 2190181.6186541244 }, "geometry": { "type": "Polygon", "coordinates": [ [ [ 146.25, 61.606396371386268 ], [ 157.5, 61.606396371386268 ], [ 157.5, 66.513260443111861 ], [ 146.25, 66.513260443111861 ], [ 146.25, 61.606396371386268 ] ] ] } },
{ "type": "Feature", "properties": { "tilecode": "z5x29y9", "resolution": 5, "center_lat": 58.691484695026986, "center_lon": 151.875, "cell_width": 705186.72066214541, "cell_height": 649380.10464495013, "cell_area": 421832873365.11719, "cell_perimeter": 2600275.1899845987 }, "geometry": { "type": "Polygon", "coordinates": [ [ [ 146.25, 55.776573018667698 ], [ 157.5, 55.776573018667698 ], [ 157.5, 61.606396371386268 ], [ 146.25, 61.606396371386268 ], [ 146.25, 55.776573018667698 ] ] ] } },
{ "type": "Feature", "properties": { "tilecode": "z5x29y10", "resolution": 5, "center_lat": 52.349536141212965, "center_lon": 151.875, "cell_width": 823705.47975019796, "cell_height": 762677.84409848822, "cell_area": 582657894317.77637, "cell_perimeter": 3054247.8886093199 }, "geometry": { "type": "Polygon", "coordinates": [ [ [ 146.25, 48.92249926375824 ], [ 157.5, 48.92249926375824 ], [ 157.5, 55.776573018667698 ], [ 146.25, 55.776573018667698 ], [ 146.25, 48.92249926375824 ] ] ] } },
{ "type": "Feature", "properties": { "tilecode": "z5x29y11", "resolution": 5, "center_lat": 44.95119866668918, "center_lon": 151.875, "cell_width": 946152.93326944625, "cell_height": 882667.95666176802, "cell_area": 781726960961.31055, "cell_perimeter": 3535194.3263431801 }, "geometry": { "type": "Polygon", "coordinates": [ [ [ 146.25, 40.979898069620127 ], [ 157.5, 40.979898069620127 ], [ 157.5, 48.92249926375824 ], [ 146.25, 48.92249926375824 ], [ 146.25, 40.979898069620127 ] ] ] } },
{ "type": "Feature", "properties": { "tilecode": "z5x29y12", "resolution": 5, "center_lat": 36.466030153822544, "center_lon": 151.875, "cell_width": 1063119.6372028978, "cell_height": 1001793.0197306408, "cell_area": 1008900467966.7783, "cell_perimeter": 4012858.6099336259 }, "geometry": { "type": "Polygon", "coordinates": [ [ [ 146.25, 31.952162238024968 ], [ 157.5, 31.952162238024968 ], [ 157.5, 40.979898069620127 ], [ 146.25, 40.979898069620127 ], [ 146.25, 31.952162238024968 ] ] ] } },
{ "type": "Feature", "properties": { "tilecode": "z5x29y13", "resolution": 5, "center_lat": 26.947603885731574, "center_lon": 151.875, "cell_width": 1161900.9357158756, "cell_height": 1109053.9614562085, "cell_area": 1238910794109.9292, "cell_perimeter": 4443128.4958311906 }, "geometry": { "type": "Polygon", "coordinates": [ [ [ 146.25, 21.943045533438177 ], [ 157.5, 21.943045533438177 ], [ 157.5, 31.952162238024968 ], [ 146.25, 31.952162238024968 ], [ 146.25, 21.943045533438177 ] ] ] } },
{ "type": "Feature", "properties": { "tilecode": "z5x29y14", "resolution": 5, "center_lat": 16.560723703574979, "center_lon": 151.875, "cell_width": 1228665.3006186907, "cell_height": 1191293.9078964787, "cell_area": 1431788580865.3503, "cell_perimeter": 4773154.0521275233 }, "geometry": { "type": "Polygon", "coordinates": [ [ [ 146.25, 11.178401873711781 ], [ 157.5, 11.178401873711781 ], [ 157.5, 21.943045533438177 ], [ 146.25, 21.943045533438177 ], [ 146.25, 11.178401873711781 ] ] ] } },
{ "type": "Feature", "properties": { "tilecode": "z5x29y15", "resolution": 5, "center_lat": 5.5892009368558906, "center_lon": 151.875, "cell_width": 1252344.2714243277, "cell_height": 1236200.0081271871, "cell_area": 1543215607369.6492, "cell_perimeter": 4953409.5882973932 }, "geometry": { "type": "Polygon", "coordinates": [ [ [ 146.25, 0.0 ], [ 157.5, 0.0 ], [ 157.5, 11.178401873711781 ], [ 146.25, 11.178401873711781 ], [ 146.25, 0.0 ] ] ] } },
{ "type": "Feature", "properties": { "tilecode": "z5x29y16", "resolution": 5, "center_lat": -5.5892009368558906, "center_lon": 151.875, "cell_width": 1228665.3006186907, "cell_height": 1236200.0081271871, "cell_area": 1543215607369.6492, "cell_perimeter": 4953409.5882973932 }, "geometry": { "type": "Polygon", "coordinates": [ [ [ 146.25, -11.178401873711781 ], [ 157.5, -11.178401873711781 ], [ 157.5, 0.0 ], [ 146.25, 0.0 ], [ 146.25, -11.178401873711781 ] ] ] } },
{ "type": "Feature", "properties": { "tilecode": "z5x29y17", "resolution": 5, "center_lat": -16.560723703574979, "center_lon": 151.875, "cell_width": 1161900.9357158756, "cell_height": 1191293.9078964787, "cell_area": 1431788580865.3503, "cell_perimeter": 4773154.0521275233 }, "geometry": { "type": "Polygon", "coordinates": [ [ [ 146.25, -21.943045533438177 ], [ 157.5, -21.943045533438177 ], [ 157.5, -11.178401873711781 ], [ 146.25, -11.178401873711781 ], [ 146.25, -21.943045533438177 ] ] ] } },
{ "type": "Feature", "properties": { "tilecode": "z5x29y18", "resolution": 5, "center_lat": -26.947603885731574, "center_lon": 151.875, "cell_width": 1063119.6372028978, "cell_height": 1109053.9614562085, "cell_area": 1238910794109.9292, "cell_perimeter": 4443128.4958311906 }, "geometry": { "type": "Polygon", "coordinates": [ [ [ 146.25, -31.952162238024968 ], [ 157.5, -31.952162238024968 ], [ 157.5, -21.943045533438177 ], [ 146.25, -21.943045533438177 ], [ 146.25, -31.952162238024968 ] ] ] } },
{ "type": "Feature", "properties": { "tilecode": "z5x29y19", "resolution": 5, "center_lat": -36.466030153822544, "center_lon": 151.875, "cell_width": 946152.93326944625, "cell_height": 1001793.0197306408, "cell_area": 1008900467966.7783, "cell_perimeter": 4012858.6099336259 }, "geometry": { "type": "Polygon", "coordinates": [ [ [ 146.25, -40.979898069620127 ], [ 157.5, -40.979898069620127 ], [ 157.5, -31.952162238024968 ], [ 146.25, -31.952162238024968 ], [ 146.25, -40.979898069620127 ] ] ] } },
{ "type": "Feature", "properties": { "tilecode": "z5x29y20", "resolution": 5, "center_lat": -44.95119866668918, "center_lon": 151.875, "cell_width": 823705.47975019796, "cell_height": 882667.95666176802, "cell_area": 781726960961.31055, "cell_perimeter": 3535194.3263431801 }, "geometry": { "type": "Polygon", "coordinates": [ [ [ 146.25, -48.92249926375824 ], [ 157.5, -48.92249926375824 ], [ 157.5, -40.979898069620127 ], [ 146.25, -40.979898069620127 ], [ 146.25, -48.92249926375824 ] ] ] } },
{ "type": "Feature", "properties": { "tilecode": "z5x29y21", "resolution": 5, "center_lat": -52.349536141212965, "center_lon": 151.875, "cell_width": 705186.72066214541, "cell_height": 762677.84409848822, "cell_area": 582657894317.77637, "cell_perimeter": 3054247.8886093199 }, "geometry": { "type": "Polygon", "coordinates": [ [ [ 146.25, -55.776573018667698 ], [ 157.5, -55.776573018667698 ], [ 157.5, -48.92249926375824 ], [ 146.25, -48.92249926375824 ], [ 146.25, -55.776573018667698 ] ] ] } },
{ "type": "Feature", "properties": { "tilecode": "z5x29y22", "resolution": 5, "center_lat": -58.691484695026986, "center_lon": 151.875, "cell_width": 596328.26003255299, "cell_height": 649380.10464495013, "cell_area": 421832873365.11719, "cell_perimeter": 2600275.1899845987 }, "geometry": { "type": "Polygon", "coordinates": [ [ [ 146.25, -61.606396371386268 ], [ 157.5, -61.606396371386268 ], [ 157.5, -55.776573018667698 ], [ 146.25, -55.776573018667698 ], [ 146.25, -61.606396371386268 ] ] ] } },
{ "type": "Feature", "properties": { "tilecode": "z5x29y23", "resolution": 5, "center_lat": -64.059828407249057, "center_lon": 151.875, "cell_width": 499840.06041197834, "cell_height": 547006.64910479658, "cell_area": 299004638547.62012, "cell_perimeter": 2190181.6186541244 }, "geometry": { "type": "Polygon", "coordinates": [ [ [ 146.25, -66.513260443111861 ], [ 157.5, -66.513260443111861 ], [ 157.5, -61.606396371386268 ], [ 146.25, -61.606396371386268 ], [ 146.25, -66.513260443111861 ] ] ] } },
{ "type": "Feature", "properties": { "tilecode": "z5x29y24", "resolution": 5, "center_lat": -68.562937340565554, "center_lon": 151.875, "cell_width": 416367.74655973469, "cell_height": 457254.11326378735, "cell_area": 208774564158.09766, "cell_perimeter": 1830716.0334992877 }, "geometry": { "type": "Polygon", "coordinates": [ [ [ 146.25, -70.612614238019248 ], [ 157.5, -70.612614238019248 ], [ 157.5, -66.513260443111861 ], [ 146.25, -66.513260443111861 ], [ 146.25, -70.612614238019248 ] ] ] } },
{ "type": "Feature", "properties": { "tilecode": "z5x29y25", "resolution": 5, "center_lat": -72.316078774760754, "center_lon": 151.875, "cell_width": 345340.39321398037, "cell_height": 380177.85463522567, "cell_area": 144244649467.35156, "cell_perimeter": 1522063.8490441665 }, "geometry": { "type": "Polygon", "coordinates": [ [ [ 146.25, -74.019543311502261 ], [ 157.5, -74.019543311502261 ], [ 157.5, -70.612614238019248 ], [ 146.25, -70.612614238019248 ], [ 146.25, -74.019543311502261 ] ] ] } },
{ "type": "Feature", "properties": { "tilecode": "z5x29y26", "resolution": 5, "center_lat": -75.430179862966611, "center_lon": 151.875, "cell_width": 285578.90577750694, "cell_height": 314917.17448925663, "cell_area": 98935667800.386719, "cell_perimeter": 1260753.6479700005 }, "geometry": { "type": "Polygon", "coordinates": [ [ [ 146.25, -76.840816414430975 ], [ 157.5, -76.840816414430975 ], [ 157.5, -74.019543311502261 ], [ 146.25, -74.019543311502261 ], [ 146.25, -76.840816414430975 ] ] ] } },
{ "type": "Feature", "properties": { "tilecode": "z5x29y27", "resolution": 5, "center_lat": -78.006075527625214, "center_lon": 151.875, "cell_width": 235679.10278705135, "cell_height": 260190.92729335208, "cell_area": 67519540387.077148, "cell_perimeter": 1041639.8631512625 }, "geometry": { "type": "Polygon", "coordinates": [ [ [ 146.25, -79.171334640819452 ], [ 157.5, -79.171334640819452 ], [ 157.5, -76.840816414430975 ], [ 146.25, -76.840816414430975 ], [ 146.25, -79.171334640819452 ] ] ] } },
{ "type": "Feature", "properties": { "tilecode": "z5x29y28", "resolution": 5, "center_lat": -80.132274246713919, "center_lon": 151.875, "cell_width": 194228.89232904164, "cell_height": 214598.42880588266, "cell_area": 45921829864.564453, "cell_perimeter": 859104.85272785835 }, "geometry": { "type": "Polygon", "coordinates": [ [ [ 146.25, -81.093213852608386 ], [ 157.5, -81.093213852608386 ], [ 157.5, -79.171334640819452 ], [ 146.25, -79.171334640819452 ], [ 146.25, -81.093213852608386 ] ] ] } },
{ "type": "Feature", "properties": { "tilecode": "z5x29y29", "resolution": 5, "center_lat": -81.884749415478709, "center_lon": 151.875, "cell_width": 159918.04297982904, "cell_height": 176783.79025463015, "cell_area": 31159964055.347656, "cell_perimeter": 707714.51581813092 }, "geometry": { "type": "Polygon", "coordinates": [ [ [ 146.25, -82.676284978349031 ], [ 157.5, -82.676284978349031 ], [ 157.5, -81.093213852608386 ], [ 146.25, -81.093213852608386 ], [ 146.25, -82.676284978349031 ] ] ] } },
{ "type": "Feature", "properties": { "tilecode": "z5x29y30", "resolution": 5, "center_lat": -83.327772238605547, "center_lon": 151.875, "cell_width": 131584.18496449364, "cell_height": 145514.4883510592, "cell_area": 21109976338.21875, "cell_perimeter": 582531.20464644115 }, "geometry": { "type": "Polygon", "coordinates": [ [ [ 146.25, -83.979259498862049 ], [ 157.5, -83.979259498862049 ], [ 157.5, -82.676284978349031 ], [ 146.25, -82.676284978349031 ], [ 146.25, -83.979259498862049 ] ] ] } },
{ "type": "Feature", "properties": { "tilecode": "z5x29y31", "resolution": 5, "center_lat": -84.515194139334326, "center_lon": 151.875, "cell_width": 108223.62660486477, "cell_height": 119710.25468782624, "cell_area": 14286077469.145508, "cell_perimeter": 479228.32094501087 }, "geometry": { "type": "Polygon", "coordinates": [ [ [ 146.25, -85.051128779806604 ], [ 157.5, -85.051128779806604 ], [ 157.5, -83.979259498862049 ], [ 146.25, -83.979259498862049 ], [ 146.25, -85.051128779806604 ] ] ] } },
{ "type": "Feature", "properties": { "tilecode": "z5x30y0", "resolution": 5, "center_lat": 84.515194139334326, "center_lon": 163.125, "cell_width": 131584.18496449364, "cell_height": 119710.25468782624, "cell_area": 14286077469.145508, "cell_perimeter": 479228.32094501087 }, "geometry": { "type": "Polygon", "coordinates": [ [ [ 157.5, 83.979259498862049 ], [ 168.75, 83.979259498862049 ], [ 168.75, 85.051128779806604 ], [ 157.5, 85.051128779806604 ], [ 157.5, 83.979259498862049 ] ] ] } },
{ "type": "Feature", "properties": { "tilecode": "z5x30y1", "resolution": 5, "center_lat": 83.327772238605547, "center_lon": 163.125, "cell_width": 159918.04297982904, "cell_height": 145514.4883510592, "cell_area": 21109976338.21875, "cell_perimeter": 582531.20464644115 }, "geometry": { "type": "Polygon", "coordinates": [ [ [ 157.5, 82.676284978349031 ], [ 168.75, 82.676284978349031 ], [ 168.75, 83.979259498862049 ], [ 157.5, 83.979259498862049 ], [ 157.5, 82.676284978349031 ] ] ] } },
{ "type": "Feature", "properties": { "tilecode": "z5x30y2", "resolution": 5, "center_lat": 81.884749415478709, "center_lon": 163.125, "cell_width": 194228.89232904164, "cell_height": 176783.79025463015, "cell_area": 31159964055.347656, "cell_perimeter": 707714.51581813092 }, "geometry": { "type": "Polygon", "coordinates": [ [ [ 157.5, 81.093213852608386 ], [ 168.75, 81.093213852608386 ], [ 168.75, 82.676284978349031 ], [ 157.5, 82.676284978349031 ], [ 157.5, 81.093213852608386 ] ] ] } },
{ "type": "Feature", "properties": { "tilecode": "z5x30y3", "resolution": 5, "center_lat": 80.132274246713919, "center_lon": 163.125, "cell_width": 235679.10278705135, "cell_height": 214598.42880588266, "cell_area": 45921829864.564453, "cell_perimeter": 859104.85272785835 }, "geometry": { "type": "Polygon", "coordinates": [ [ [ 157.5, 79.171334640819452 ], [ 168.75, 79.171334640819452 ], [ 168.75, 81.093213852608386 ], [ 157.5, 81.093213852608386 ], [ 157.5, 79.171334640819452 ] ] ] } },
{ "type": "Feature", "properties": { "tilecode": "z5x30y4", "resolution": 5, "center_lat": 78.006075527625214, "center_lon": 163.125, "cell_width": 285578.90577750694, "cell_height": 260190.92729335208, "cell_area": 67519540387.077148, "cell_perimeter": 1041639.8631512625 }, "geometry": { "type": "Polygon", "coordinates": [ [ [ 157.5, 76.840816414430975 ], [ 168.75, 76.840816414430975 ], [ 168.75, 79.171334640819452 ], [ 157.5, 79.171334640819452 ], [ 157.5, 76.840816414430975 ] ] ] } },
{ "type": "Feature", "properties": { "tilecode": "z5x30y5", "resolution": 5, "center_lat": 75.430179862966611, "center_lon": 163.125, "cell_width": 345340.39321398037, "cell_height": 314917.17448925663, "cell_area": 98935667800.386719, "cell_perimeter": 1260753.6479700005 }, "geometry": { "type": "Polygon", "coordinates": [ [ [ 157.5, 74.019543311502261 ], [ 168.75, 74.019543311502261 ], [ 168.75, 76.840816414430975 ], [ 157.5, 76.840816414430975 ], [ 157.5, 74.019543311502261 ] ] ] } },
{ "type": "Feature", "properties": { "tilecode": "z5x30y6", "resolution": 5, "center_lat": 72.316078774760754, "center_lon": 163.125, "cell_width": 416367.74655973469, "cell_height": 380177.85463522567, "cell_area": 144244649467.35156, "cell_perimeter": 1522063.8490441665 }, "geometry": { "type": "Polygon", "coordinates": [ [ [ 157.5, 70.612614238019248 ], [ 168.75, 70.612614238019248 ], [ 168.75, 74.019543311502261 ], [ 157.5, 74.019543311502261 ], [ 157.5, 70.612614238019248 ] ] ] } },
{ "type": "Feature", "properties": { "tilecode": "z5x30y7", "resolution": 5, "center_lat": 68.562937340565554, "center_lon": 163.125, "cell_width": 499840.06041197834, "cell_height": 457254.11326378735, "cell_area": 208774564158.09766, "cell_perimeter": 1830716.0334992877 }, "geometry": { "type": "Polygon", "coordinates": [ [ [ 157.5, 66.513260443111861 ], [ 168.75, 66.513260443111861 ], [ 168.75, 70.612614238019248 ], [ 157.5, 70.612614238019248 ], [ 157.5, 66.513260443111861 ] ] ] } },
{ "type": "Feature", "properties": { "tilecode": "z5x30y8", "resolution": 5, "center_lat": 64.059828407249057, "center_lon": 163.125, "cell_width": 596328.26003255299, "cell_height": 547006.64910479658, "cell_area": 299004638547.62012, "cell_perimeter": 2190181.6186541244 }, "geometry": { "type": "Polygon", "coordinates": [ [ [ 157.5, 61.606396371386268 ], [ 168.75, 61.606396371386268 ], [ 168.75, 66.513260443111861 ], [ 157.5, 66.513260443111861 ], [ 157.5, 61.606396371386268 ] ] ] } },
{ "type": "Feature", "properties": { "tilecode": "z5x30y9", "resolution": 5, "center_lat": 58.691484695026986, "center_lon": 163.125, "cell_width": 705186.72066214541, "cell_height": 649380.10464495013, "cell_area": 421832873365.11719, "cell_perimeter": 2600275.1899845987 }, "geometry": { "type": "Polygon", "coordinates": [ [ [ 157.5, 55.776573018667698 ], [ 168.75, 55.776573018667698 ], [ 168.75, 61.606396371386268 ], [ 157.5, 61.606396371386268 ], [ 157.5, 55.776573018667698 ] ] ] } },
{ "type": "Feature", "properties": { "tilecode": "z5x30y10", "resolution": 5, "center_lat": 52.349536141212965, "center_lon": 163.125, "cell_width": 823705.47975019796, "cell_height": 762677.84409848822, "cell_area": 582657894317.77637, "cell_perimeter": 3054247.8886093199 }, "geometry": { "type": "Polygon", "coordinates": [ [ [ 157.5, 48.92249926375824 ], [ 168.75, 48.92249926375824 ], [ 168.75, 55.776573018667698 ], [ 157.5, 55.776573018667698 ], [ 157.5, 48.92249926375824 ] ] ] } },
{ "type": "Feature", "properties": { "tilecode": "z5x30y11", "resolution": 5, "center_lat": 44.95119866668918, "center_lon": 163.125, "cell_width": 946152.93326944625, "cell_height": 882667.95666176802, "cell_area": 781726960961.31055, "cell_perimeter": 3535194.3263431801 }, "geometry": { "type": "Polygon", "coordinates": [ [ [ 157.5, 40.979898069620127 ], [ 168.75, 40.979898069620127 ], [ 168.75, 48.92249926375824 ], [ 157.5, 48.92249926375824 ], [ 157.5, 40.979898069620127 ] ] ] } },
{ "type": "Feature", "properties": { "tilecode": "z5x30y12", "resolution": 5, "center_lat": 36.466030153822544, "center_lon": 163.125, "cell_width": 1063119.6372028978, "cell_height": 1001793.0197306408, "cell_area": 1008900467966.7783, "cell_perimeter": 4012858.6099336259 }, "geometry": { "type": "Polygon", "coordinates": [ [ [ 157.5, 31.952162238024968 ], [ 168.75, 31.952162238024968 ], [ 168.75, 40.979898069620127 ], [ 157.5, 40.979898069620127 ], [ 157.5, 31.952162238024968 ] ] ] } },
{ "type": "Feature", "properties": { "tilecode": "z5x30y13", "resolution": 5, "center_lat": 26.947603885731574, "center_lon": 163.125, "cell_width": 1161900.9357158756, "cell_height": 1109053.9614562085, "cell_area": 1238910794109.9292, "cell_perimeter": 4443128.4958311906 }, "geometry": { "type": "Polygon", "coordinates": [ [ [ 157.5, 21.943045533438177 ], [ 168.75, 21.943045533438177 ], [ 168.75, 31.952162238024968 ], [ 157.5, 31.952162238024968 ], [ 157.5, 21.943045533438177 ] ] ] } },
{ "type": "Feature", "properties": { "tilecode": "z5x30y14", "resolution": 5, "center_lat": 16.560723703574979, "center_lon": 163.125, "cell_width": 1228665.3006186907, "cell_height": 1191293.9078964787, "cell_area": 1431788580865.3503, "cell_perimeter": 4773154.0521275233 }, "geometry": { "type": "Polygon", "coordinates": [ [ [ 157.5, 11.178401873711781 ], [ 168.75, 11.178401873711781 ], [ 168.75, 21.943045533438177 ], [ 157.5, 21.943045533438177 ], [ 157.5, 11.178401873711781 ] ] ] } },
{ "type": "Feature", "properties": { "tilecode": "z5x30y15", "resolution": 5, "center_lat": 5.5892009368558906, "center_lon": 163.125, "cell_width": 1252344.2714243277, "cell_height": 1236200.0081271871, "cell_area": 1543215607369.6492, "cell_perimeter": 4953409.5882973932 }, "geometry": { "type": "Polygon", "coordinates": [ [ [ 157.5, 0.0 ], [ 168.75, 0.0 ], [ 168.75, 11.178401873711781 ], [ 157.5, 11.178401873711781 ], [ 157.5, 0.0 ] ] ] } },
{ "type": "Feature", "properties": { "tilecode": "z5x30y16", "resolution": 5, "center_lat": -5.5892009368558906, "center_lon": 163.125, "cell_width": 1228665.3006186907, "cell_height": 1236200.0081271871, "cell_area": 1543215607369.6492, "cell_perimeter": 4953409.5882973932 }, "geometry": { "type": "Polygon", "coordinates": [ [ [ 157.5, -11.178401873711781 ], [ 168.75, -11.178401873711781 ], [ 168.75, 0.0 ], [ 157.5, 0.0 ], [ 157.5, -11.178401873711781 ] ] ] } },
{ "type": "Feature", "properties": { "tilecode": "z5x30y17", "resolution": 5, "center_lat": -16.560723703574979, "center_lon": 163.125, "cell_width": 1161900.9357158756, "cell_height": 1191293.9078964787, "cell_area": 1431788580865.3503, "cell_perimeter": 4773154.0521275233 }, "geometry": { "type": "Polygon", "coordinates": [ [ [ 157.5, -21.943045533438177 ], [ 168.75, -21.943045533438177 ], [ 168.75, -11.178401873711781 ], [ 157.5, -11.178401873711781 ], [ 157.5, -21.943045533438177 ] ] ] } },
{ "type": "Feature", "properties": { "tilecode": "z5x30y18", "resolution": 5, "center_lat": -26.947603885731574, "center_lon": 163.125, "cell_width": 1063119.6372028978, "cell_height": 1109053.9614562085, "cell_area": 1238910794109.9292, "cell_perimeter": 4443128.4958311906 }, "geometry": { "type": "Polygon", "coordinates": [ [ [ 157.5, -31.952162238024968 ], [ 168.75, -31.952162238024968 ], [ 168.75, -21.943045533438177 ], [ 157.5, -21.943045533438177 ], [ 157.5, -31.952162238024968 ] ] ] } },
{ "type": "Feature", "properties": { "tilecode": "z5x30y19", "resolution": 5, "center_lat": -36.466030153822544, "center_lon": 163.125, "cell_width": 946152.93326944625, "cell_height": 1001793.0197306408, "cell_area": 1008900467966.7783, "cell_perimeter": 4012858.6099336259 }, "geometry": { "type": "Polygon", "coordinates": [ [ [ 157.5, -40.979898069620127 ], [ 168.75, -40.979898069620127 ], [ 168.75, -31.952162238024968 ], [ 157.5, -31.952162238024968 ], [ 157.5, -40.979898069620127 ] ] ] } },
{ "type": "Feature", "properties": { "tilecode": "z5x30y20", "resolution": 5, "center_lat": -44.95119866668918, "center_lon": 163.125, "cell_width": 823705.47975019796, "cell_height": 882667.95666176802, "cell_area": 781726960961.31055, "cell_perimeter": 3535194.3263431801 }, "geometry": { "type": "Polygon", "coordinates": [ [ [ 157.5, -48.92249926375824 ], [ 168.75, -48.92249926375824 ], [ 168.75, -40.979898069620127 ], [ 157.5, -40.979898069620127 ], [ 157.5, -48.92249926375824 ] ] ] } },
{ "type": "Feature", "properties": { "tilecode": "z5x30y21", "resolution": 5, "center_lat": -52.349536141212965, "center_lon": 163.125, "cell_width": 705186.72066214541, "cell_height": 762677.84409848822, "cell_area": 582657894317.77637, "cell_perimeter": 3054247.8886093199 }, "geometry": { "type": "Polygon", "coordinates": [ [ [ 157.5, -55.776573018667698 ], [ 168.75, -55.776573018667698 ], [ 168.75, -48.92249926375824 ], [ 157.5, -48.92249926375824 ], [ 157.5, -55.776573018667698 ] ] ] } },
{ "type": "Feature", "properties": { "tilecode": "z5x30y22", "resolution": 5, "center_lat": -58.691484695026986, "center_lon": 163.125, "cell_width": 596328.26003255299, "cell_height": 649380.10464495013, "cell_area": 421832873365.11719, "cell_perimeter": 2600275.1899845987 }, "geometry": { "type": "Polygon", "coordinates": [ [ [ 157.5, -61.606396371386268 ], [ 168.75, -61.606396371386268 ], [ 168.75, -55.776573018667698 ], [ 157.5, -55.776573018667698 ], [ 157.5, -61.606396371386268 ] ] ] } },
{ "type": "Feature", "properties": { "tilecode": "z5x30y23", "resolution": 5, "center_lat": -64.059828407249057, "center_lon": 163.125, "cell_width": 499840.06041197834, "cell_height": 547006.64910479658, "cell_area": 299004638547.62012, "cell_perimeter": 2190181.6186541244 }, "geometry": { "type": "Polygon", "coordinates": [ [ [ 157.5, -66.513260443111861 ], [ 168.75, -66.513260443111861 ], [ 168.75, -61.606396371386268 ], [ 157.5, -61.606396371386268 ], [ 157.5, -66.513260443111861 ] ] ] } },
{ "type": "Feature", "properties": { "tilecode": "z5x30y24", "resolution": 5, "center_lat": -68.562937340565554, "center_lon": 163.125, "cell_width": 416367.74655973469, "cell_height": 457254.11326378735, "cell_area": 208774564158.09766, "cell_perimeter": 1830716.0334992877 }, "geometry": { "type": "Polygon", "coordinates": [ [ [ 157.5, -70.612614238019248 ], [ 168.75, -70.612614238019248 ], [ 168.75, -66.513260443111861 ], [ 157.5, -66.513260443111861 ], [ 157.5, -70.612614238019248 ] ] ] } },
{ "type": "Feature", "properties": { "tilecode": "z5x30y25", "resolution": 5, "center_lat": -72.316078774760754, "center_lon": 163.125, "cell_width": 345340.39321398037, "cell_height": 380177.85463522567, "cell_area": 144244649467.35156, "cell_perimeter": 1522063.8490441665 }, "geometry": { "type": "Polygon", "coordinates": [ [ [ 157.5, -74.019543311502261 ], [ 168.75, -74.019543311502261 ], [ 168.75, -70.612614238019248 ], [ 157.5, -70.612614238019248 ], [ 157.5, -74.019543311502261 ] ] ] } },
{ "type": "Feature", "properties": { "tilecode": "z5x30y26", "resolution": 5, "center_lat": -75.430179862966611, "center_lon": 163.125, "cell_width": 285578.90577750694, "cell_height": 314917.17448925663, "cell_area": 98935667800.386719, "cell_perimeter": 1260753.6479700005 }, "geometry": { "type": "Polygon", "coordinates": [ [ [ 157.5, -76.840816414430975 ], [ 168.75, -76.840816414430975 ], [ 168.75, -74.019543311502261 ], [ 157.5, -74.019543311502261 ], [ 157.5, -76.840816414430975 ] ] ] } },
{ "type": "Feature", "properties": { "tilecode": "z5x30y27", "resolution": 5, "center_lat": -78.006075527625214, "center_lon": 163.125, "cell_width": 235679.10278705135, "cell_height": 260190.92729335208, "cell_area": 67519540387.077148, "cell_perimeter": 1041639.8631512625 }, "geometry": { "type": "Polygon", "coordinates": [ [ [ 157.5, -79.171334640819452 ], [ 168.75, -79.171334640819452 ], [ 168.75, -76.840816414430975 ], [ 157.5, -76.840816414430975 ], [ 157.5, -79.171334640819452 ] ] ] } },
{ "type": "Feature", "properties": { "tilecode": "z5x30y28", "resolution": 5, "center_lat": -80.132274246713919, "center_lon": 163.125, "cell_width": 194228.89232904164, "cell_height": 214598.42880588266, "cell_area": 45921829864.564453, "cell_perimeter": 859104.85272785835 }, "geometry": { "type": "Polygon", "coordinates": [ [ [ 157.5, -81.093213852608386 ], [ 168.75, -81.093213852608386 ], [ 168.75, -79.171334640819452 ], [ 157.5, -79.171334640819452 ], [ 157.5, -81.093213852608386 ] ] ] } },
{ "type": "Feature", "properties": { "tilecode": "z5x30y29", "resolution": 5, "center_lat": -81.884749415478709, "center_lon": 163.125, "cell_width": 159918.04297982904, "cell_height": 176783.79025463015, "cell_area": 31159964055.347656, "cell_perimeter": 707714.51581813092 }, "geometry": { "type": "Polygon", "coordinates": [ [ [ 157.5, -82.676284978349031 ], [ 168.75, -82.676284978349031 ], [ 168.75, -81.093213852608386 ], [ 157.5, -81.093213852608386 ], [ 157.5, -82.676284978349031 ] ] ] } },
{ "type": "Feature", "properties": { "tilecode": "z5x30y30", "resolution": 5, "center_lat": -83.327772238605547, "center_lon": 163.125, "cell_width": 131584.18496449364, "cell_height": 145514.4883510592, "cell_area": 21109976338.21875, "cell_perimeter": 582531.20464644115 }, "geometry": { "type": "Polygon", "coordinates": [ [ [ 157.5, -83.979259498862049 ], [ 168.75, -83.979259498862049 ], [ 168.75, -82.676284978349031 ], [ 157.5, -82.676284978349031 ], [ 157.5, -83.979259498862049 ] ] ] } },
{ "type": "Feature", "properties": { "tilecode": "z5x30y31", "resolution": 5, "center_lat": -84.515194139334326, "center_lon": 163.125, "cell_width": 108223.62660486477, "cell_height": 119710.25468782624, "cell_area": 14286077469.145508, "cell_perimeter": 479228.32094501087 }, "geometry": { "type": "Polygon", "coordinates": [ [ [ 157.5, -85.051128779806604 ], [ 168.75, -85.051128779806604 ], [ 168.75, -83.979259498862049 ], [ 157.5, -83.979259498862049 ], [ 157.5, -85.051128779806604 ] ] ] } },
{ "type": "Feature", "properties": { "tilecode": "z5x31y0", "resolution": 5, "center_lat": 84.515194139334326, "center_lon": 174.375, "cell_width": 131584.18496449364, "cell_height": 119710.25468782624, "cell_area": 14286077469.145508, "cell_perimeter": 479228.32094501087 }, "geometry": { "type": "Polygon", "coordinates": [ [ [ 168.75, 83.979259498862049 ], [ 180.0, 83.979259498862049 ], [ 180.0, 85.051128779806604 ], [ 168.75, 85.051128779806604 ], [ 168.75, 83.979259498862049 ] ] ] } },
{ "type": "Feature", "properties": { "tilecode": "z5x31y1", "resolution": 5, "center_lat": 83.327772238605547, "center_lon": 174.375, "cell_width": 159918.04297982904, "cell_height": 145514.4883510592, "cell_area": 21109976338.21875, "cell_perimeter": 582531.20464644115 }, "geometry": { "type": "Polygon", "coordinates": [ [ [ 168.75, 82.676284978349031 ], [ 180.0, 82.676284978349031 ], [ 180.0, 83.979259498862049 ], [ 168.75, 83.979259498862049 ], [ 168.75, 82.676284978349031 ] ] ] } },
{ "type": "Feature", "properties": { "tilecode": "z5x31y2", "resolution": 5, "center_lat": 81.884749415478709, "center_lon": 174.375, "cell_width": 194228.89232904164, "cell_height": 176783.79025463015, "cell_area": 31159964055.347656, "cell_perimeter": 707714.51581813092 }, "geometry": { "type": "Polygon", "coordinates": [ [ [ 168.75, 81.093213852608386 ], [ 180.0, 81.093213852608386 ], [ 180.0, 82.676284978349031 ], [ 168.75, 82.676284978349031 ], [ 168.75, 81.093213852608386 ] ] ] } },
{ "type": "Feature", "properties": { "tilecode": "z5x31y3", "resolution": 5, "center_lat": 80.132274246713919, "center_lon": 174.375, "cell_width": 235679.10278705135, "cell_height": 214598.42880588266, "cell_area": 45921829864.564453, "cell_perimeter": 859104.85272785835 }, "geometry": { "type": "Polygon", "coordinates": [ [ [ 168.75, 79.171334640819452 ], [ 180.0, 79.171334640819452 ], [ 180.0, 81.093213852608386 ], [ 168.75, 81.093213852608386 ], [ 168.75, 79.171334640819452 ] ] ] } },
{ "type": "Feature", "properties": { "tilecode": "z5x31y4", "resolution": 5, "center_lat": 78.006075527625214, "center_lon": 174.375, "cell_width": 285578.90577750694, "cell_height": 260190.92729335208, "cell_area": 67519540387.077148, "cell_perimeter": 1041639.8631512625 }, "geometry": { "type": "Polygon", "coordinates": [ [ [ 168.75, 76.840816414430975 ], [ 180.0, 76.840816414430975 ], [ 180.0, 79.171334640819452 ], [ 168.75, 79.171334640819452 ], [ 168.75, 76.840816414430975 ] ] ] } },
{ "type": "Feature", "properties": { "tilecode": "z5x31y5", "resolution": 5, "center_lat": 75.430179862966611, "center_lon": 174.375, "cell_width": 345340.39321398037, "cell_height": 314917.17448925663, "cell_area": 98935667800.386719, "cell_perimeter": 1260753.6479700005 }, "geometry": { "type": "Polygon", "coordinates": [ [ [ 168.75, 74.019543311502261 ], [ 180.0, 74.019543311502261 ], [ 180.0, 76.840816414430975 ], [ 168.75, 76.840816414430975 ], [ 168.75, 74.019543311502261 ] ] ] } },
{ "type": "Feature", "properties": { "tilecode": "z5x31y6", "resolution": 5, "center_lat": 72.316078774760754, "center_lon": 174.375, "cell_width": 416367.74655973469, "cell_height": 380177.85463522567, "cell_area": 144244649467.35156, "cell_perimeter": 1522063.8490441665 }, "geometry": { "type": "Polygon", "coordinates": [ [ [ 168.75, 70.612614238019248 ], [ 180.0, 70.612614238019248 ], [ 180.0, 74.019543311502261 ], [ 168.75, 74.019543311502261 ], [ 168.75, 70.612614238019248 ] ] ] } },
{ "type": "Feature", "properties": { "tilecode": "z5x31y7", "resolution": 5, "center_lat": 68.562937340565554, "center_lon": 174.375, "cell_width": 499840.06041197834, "cell_height": 457254.11326378735, "cell_area": 208774564158.09766, "cell_perimeter": 1830716.0334992877 }, "geometry": { "type": "Polygon", "coordinates": [ [ [ 168.75, 66.513260443111861 ], [ 180.0, 66.513260443111861 ], [ 180.0, 70.612614238019248 ], [ 168.75, 70.612614238019248 ], [ 168.75, 66.513260443111861 ] ] ] } },
{ "type": "Feature", "properties": { "tilecode": "z5x31y8", "resolution": 5, "center_lat": 64.059828407249057, "center_lon": 174.375, "cell_width": 596328.26003255299, "cell_height": 547006.64910479658, "cell_area": 299004638547.62012, "cell_perimeter": 2190181.6186541244 }, "geometry": { "type": "Polygon", "coordinates": [ [ [ 168.75, 61.606396371386268 ], [ 180.0, 61.606396371386268 ], [ 180.0, 66.513260443111861 ], [ 168.75, 66.513260443111861 ], [ 168.75, 61.606396371386268 ] ] ] } },
{ "type": "Feature", "properties": { "tilecode": "z5x31y9", "resolution": 5, "center_lat": 58.691484695026986, "center_lon": 174.375, "cell_width": 705186.72066214541, "cell_height": 649380.10464495013, "cell_area": 421832873365.11719, "cell_perimeter": 2600275.1899845987 }, "geometry": { "type": "Polygon", "coordinates": [ [ [ 168.75, 55.776573018667698 ], [ 180.0, 55.776573018667698 ], [ 180.0, 61.606396371386268 ], [ 168.75, 61.606396371386268 ], [ 168.75, 55.776573018667698 ] ] ] } },
{ "type": "Feature", "properties": { "tilecode": "z5x31y10", "resolution": 5, "center_lat": 52.349536141212965, "center_lon": 174.375, "cell_width": 823705.47975019796, "cell_height": 762677.84409848822, "cell_area": 582657894317.77637, "cell_perimeter": 3054247.8886093199 }, "geometry": { "type": "Polygon", "coordinates": [ [ [ 168.75, 48.92249926375824 ], [ 180.0, 48.92249926375824 ], [ 180.0, 55.776573018667698 ], [ 168.75, 55.776573018667698 ], [ 168.75, 48.92249926375824 ] ] ] } },
{ "type": "Feature", "properties": { "tilecode": "z5x31y11", "resolution": 5, "center_lat": 44.95119866668918, "center_lon": 174.375, "cell_width": 946152.93326944625, "cell_height": 882667.95666176802, "cell_area": 781726960961.31055, "cell_perimeter": 3535194.3263431801 }, "geometry": { "type": "Polygon", "coordinates": [ [ [ 168.75, 40.979898069620127 ], [ 180.0, 40.979898069620127 ], [ 180.0, 48.92249926375824 ], [ 168.75, 48.92249926375824 ], [ 168.75, 40.979898069620127 ] ] ] } },
{ "type": "Feature", "properties": { "tilecode": "z5x31y12", "resolution": 5, "center_lat": 36.466030153822544, "center_lon": 174.375, "cell_width": 1063119.6372028978, "cell_height": 1001793.0197306408, "cell_area": 1008900467966.7783, "cell_perimeter": 4012858.6099336259 }, "geometry": { "type": "Polygon", "coordinates": [ [ [ 168.75, 31.952162238024968 ], [ 180.0, 31.952162238024968 ], [ 180.0, 40.979898069620127 ], [ 168.75, 40.979898069620127 ], [ 168.75, 31.952162238024968 ] ] ] } },
{ "type": "Feature", "properties": { "tilecode": "z5x31y13", "resolution": 5, "center_lat": 26.947603885731574, "center_lon": 174.375, "cell_width": 1161900.9357158756, "cell_height": 1109053.9614562085, "cell_area": 1238910794109.9292, "cell_perimeter": 4443128.4958311906 }, "geometry": { "type": "Polygon", "coordinates": [ [ [ 168.75, 21.943045533438177 ], [ 180.0, 21.943045533438177 ], [ 180.0, 31.952162238024968 ], [ 168.75, 31.952162238024968 ], [ 168.75, 21.943045533438177 ] ] ] } },
{ "type": "Feature", "properties": { "tilecode": "z5x31y14", "resolution": 5, "center_lat": 16.560723703574979, "center_lon": 174.375, "cell_width": 1228665.3006186907, "cell_height": 1191293.9078964787, "cell_area": 1431788580865.3503, "cell_perimeter": 4773154.0521275233 }, "geometry": { "type": "Polygon", "coordinates": [ [ [ 168.75, 11.178401873711781 ], [ 180.0, 11.178401873711781 ], [ 180.0, 21.943045533438177 ], [ 168.75, 21.943045533438177 ], [ 168.75, 11.178401873711781 ] ] ] } },
{ "type": "Feature", "properties": { "tilecode": "z5x31y15", "resolution": 5, "center_lat": 5.5892009368558906, "center_lon": 174.375, "cell_width": 1252344.2714243277, "cell_height": 1236200.0081271871, "cell_area": 1543215607369.6492, "cell_perimeter": 4953409.5882973932 }, "geometry": { "type": "Polygon", "coordinates": [ [ [ 168.75, 0.0 ], [ 180.0, 0.0 ], [ 180.0, 11.178401873711781 ], [ 168.75, 11.178401873711781 ], [ 168.75, 0.0 ] ] ] } },
{ "type": "Feature", "properties": { "tilecode": "z5x31y16", "resolution": 5, "center_lat": -5.5892009368558906, "center_lon": 174.375, "cell_width": 1228665.3006186907, "cell_height": 1236200.0081271871, "cell_area": 1543215607369.6492, "cell_perimeter": 4953409.5882973932 }, "geometry": { "type": "Polygon", "coordinates": [ [ [ 168.75, -11.178401873711781 ], [ 180.0, -11.178401873711781 ], [ 180.0, 0.0 ], [ 168.75, 0.0 ], [ 168.75, -11.178401873711781 ] ] ] } },
{ "type": "Feature", "properties": { "tilecode": "z5x31y17", "resolution": 5, "center_lat": -16.560723703574979, "center_lon": 174.375, "cell_width": 1161900.9357158756, "cell_height": 1191293.9078964787, "cell_area": 1431788580865.3503, "cell_perimeter": 4773154.0521275233 }, "geometry": { "type": "Polygon", "coordinates": [ [ [ 168.75, -21.943045533438177 ], [ 180.0, -21.943045533438177 ], [ 180.0, -11.178401873711781 ], [ 168.75, -11.178401873711781 ], [ 168.75, -21.943045533438177 ] ] ] } },
{ "type": "Feature", "properties": { "tilecode": "z5x31y18", "resolution": 5, "center_lat": -26.947603885731574, "center_lon": 174.375, "cell_width": 1063119.6372028978, "cell_height": 1109053.9614562085, "cell_area": 1238910794109.9292, "cell_perimeter": 4443128.4958311906 }, "geometry": { "type": "Polygon", "coordinates": [ [ [ 168.75, -31.952162238024968 ], [ 180.0, -31.952162238024968 ], [ 180.0, -21.943045533438177 ], [ 168.75, -21.943045533438177 ], [ 168.75, -31.952162238024968 ] ] ] } },
{ "type": "Feature", "properties": { "tilecode": "z5x31y19", "resolution": 5, "center_lat": -36.466030153822544, "center_lon": 174.375, "cell_width": 946152.93326944625, "cell_height": 1001793.0197306408, "cell_area": 1008900467966.7783, "cell_perimeter": 4012858.6099336259 }, "geometry": { "type": "Polygon", "coordinates": [ [ [ 168.75, -40.979898069620127 ], [ 180.0, -40.979898069620127 ], [ 180.0, -31.952162238024968 ], [ 168.75, -31.952162238024968 ], [ 168.75, -40.979898069620127 ] ] ] } },
{ "type": "Feature", "properties": { "tilecode": "z5x31y20", "resolution": 5, "center_lat": -44.95119866668918, "center_lon": 174.375, "cell_width": 823705.47975019796, "cell_height": 882667.95666176802, "cell_area": 781726960961.31055, "cell_perimeter": 3535194.3263431801 }, "geometry": { "type": "Polygon", "coordinates": [ [ [ 168.75, -48.92249926375824 ], [ 180.0, -48.92249926375824 ], [ 180.0, -40.979898069620127 ], [ 168.75, -40.979898069620127 ], [ 168.75, -48.92249926375824 ] ] ] } },
{ "type": "Feature", "properties": { "tilecode": "z5x31y21", "resolution": 5, "center_lat": -52.349536141212965, "center_lon": 174.375, "cell_width": 705186.72066214541, "cell_height": 762677.84409848822, "cell_area": 582657894317.77637, "cell_perimeter": 3054247.8886093199 }, "geometry": { "type": "Polygon", "coordinates": [ [ [ 168.75, -55.776573018667698 ], [ 180.0, -55.776573018667698 ], [ 180.0, -48.92249926375824 ], [ 168.75, -48.92249926375824 ], [ 168.75, -55.776573018667698 ] ] ] } },
{ "type": "Feature", "properties": { "tilecode": "z5x31y22", "resolution": 5, "center_lat": -58.691484695026986, "center_lon": 174.375, "cell_width": 596328.26003255299, "cell_height": 649380.10464495013, "cell_area": 421832873365.11719, "cell_perimeter": 2600275.1899845987 }, "geometry": { "type": "Polygon", "coordinates": [ [ [ 168.75, -61.606396371386268 ], [ 180.0, -61.606396371386268 ], [ 180.0, -55.776573018667698 ], [ 168.75, -55.776573018667698 ], [ 168.75, -61.606396371386268 ] ] ] } },
{ "type": "Feature", "properties": { "tilecode": "z5x31y23", "resolution": 5, "center_lat": -64.059828407249057, "center_lon": 174.375, "cell_width": 499840.06041197834, "cell_height": 547006.64910479658, "cell_area": 299004638547.62012, "cell_perimeter": 2190181.6186541244 }, "geometry": { "type": "Polygon", "coordinates": [ [ [ 168.75, -66.513260443111861 ], [ 180.0, -66.513260443111861 ], [ 180.0, -61.606396371386268 ], [ 168.75, -61.606396371386268 ], [ 168.75, -66.513260443111861 ] ] ] } },
{ "type": "Feature", "properties": { "tilecode": "z5x31y24", "resolution": 5, "center_lat": -68.562937340565554, "center_lon": 174.375, "cell_width": 416367.74655973469, "cell_height": 457254.11326378735, "cell_area": 208774564158.09766, "cell_perimeter": 1830716.0334992877 }, "geometry": { "type": "Polygon", "coordinates": [ [ [ 168.75, -70.612614238019248 ], [ 180.0, -70.612614238019248 ], [ 180.0, -66.513260443111861 ], [ 168.75, -66.513260443111861 ], [ 168.75, -70.612614238019248 ] ] ] } },
{ "type": "Feature", "properties": { "tilecode": "z5x31y25", "resolution": 5, "center_lat": -72.316078774760754, "center_lon": 174.375, "cell_width": 345340.39321398037, "cell_height": 380177.85463522567, "cell_area": 144244649467.35156, "cell_perimeter": 1522063.8490441665 }, "geometry": { "type": "Polygon", "coordinates": [ [ [ 168.75, -74.019543311502261 ], [ 180.0, -74.019543311502261 ], [ 180.0, -70.612614238019248 ], [ 168.75, -70.612614238019248 ], [ 168.75, -74.019543311502261 ] ] ] } },
{ "type": "Feature", "properties": { "tilecode": "z5x31y26", "resolution": 5, "center_lat": -75.430179862966611, "center_lon": 174.375, "cell_width": 285578.90577750694, "cell_height": 314917.17448925663, "cell_area": 98935667800.386719, "cell_perimeter": 1260753.6479700005 }, "geometry": { "type": "Polygon", "coordinates": [ [ [ 168.75, -76.840816414430975 ], [ 180.0, -76.840816414430975 ], [ 180.0, -74.019543311502261 ], [ 168.75, -74.019543311502261 ], [ 168.75, -76.840816414430975 ] ] ] } },
{ "type": "Feature", "properties": { "tilecode": "z5x31y27", "resolution": 5, "center_lat": -78.006075527625214, "center_lon": 174.375, "cell_width": 235679.10278705135, "cell_height": 260190.92729335208, "cell_area": 67519540387.077148, "cell_perimeter": 1041639.8631512625 }, "geometry": { "type": "Polygon", "coordinates": [ [ [ 168.75, -79.171334640819452 ], [ 180.0, -79.171334640819452 ], [ 180.0, -76.840816414430975 ], [ 168.75, -76.840816414430975 ], [ 168.75, -79.171334640819452 ] ] ] } },
{ "type": "Feature", "properties": { "tilecode": "z5x31y28", "resolution": 5, "center_lat": -80.132274246713919, "center_lon": 174.375, "cell_width": 194228.89232904164, "cell_height": 214598.42880588266, "cell_area": 45921829864.564453, "cell_perimeter": 859104.85272785835 }, "geometry": { "type": "Polygon", "coordinates": [ [ [ 168.75, -81.093213852608386 ], [ 180.0, -81.093213852608386 ], [ 180.0, -79.171334640819452 ], [ 168.75, -79.171334640819452 ], [ 168.75, -81.093213852608386 ] ] ] } },
{ "type": "Feature", "properties": { "tilecode": "z5x31y29", "resolution": 5, "center_lat": -81.884749415478709, "center_lon": 174.375, "cell_width": 159918.04297982904, "cell_height": 176783.79025463015, "cell_area": 31159964055.347656, "cell_perimeter": 707714.51581813092 }, "geometry": { "type": "Polygon", "coordinates": [ [ [ 168.75, -82.676284978349031 ], [ 180.0, -82.676284978349031 ], [ 180.0, -81.093213852608386 ], [ 168.75, -81.093213852608386 ], [ 168.75, -82.676284978349031 ] ] ] } },
{ "type": "Feature", "properties": { "tilecode": "z5x31y30", "resolution": 5, "center_lat": -83.327772238605547, "center_lon": 174.375, "cell_width": 131584.18496449364, "cell_height": 145514.4883510592, "cell_area": 21109976338.21875, "cell_perimeter": 582531.20464644115 }, "geometry": { "type": "Polygon", "coordinates": [ [ [ 168.75, -83.979259498862049 ], [ 180.0, -83.979259498862049 ], [ 180.0, -82.676284978349031 ], [ 168.75, -82.676284978349031 ], [ 168.75, -83.979259498862049 ] ] ] } },
{ "type": "Feature", "properties": { "tilecode": "z5x31y31", "resolution": 5, "center_lat": -84.515194139334326, "center_lon": 174.375, "cell_width": 108223.62660486477, "cell_height": 119710.25468782624, "cell_area": 14286077469.145508, "cell_perimeter": 479228.32094501087 }, "geometry": { "type": "Polygon", "coordinates": [ [ [ 168.75, -85.051128779806604 ], [ 180.0, -85.051128779806604 ], [ 180.0, -83.979259498862049 ], [ 168.75, -83.979259498862049 ], [ 168.75, -85.051128779806604 ] ] ] } }
]
}
