{
"type": "FeatureCollection",
"name": "a5_16",
"crs": { "type": "name", "properties": { "name": "urn:ogc:def:crs:OGC:1.3:CRS84" } },
"features": [
{ "type": "Feature", "properties": { "a5": "7a94099c58000000", "resolution": 16, "center_lat": 10.779057444159259, "center_lon": 106.68149253316383, "avg_edge_len": 72.603092359523288, "cell_area": 7917.2594646587968, "cell_perimeter": 363.01546179761647, "code": "770", "name": "Quận 3", "name_en": "District 3", "level": "Quận", "prov_code": "79", "prov_name": "Thành phố Hồ Chí Minh", "region": "Đông Nam Bộ", "pop_2019": 190375.0, "pop_dens": 38852.0, "area": 4.92 }, "geometry": { "type": "Polygon", "coordinates": [ [ [ 106.681795659847694, 10.778857317606551 ], [ 106.682051672160924, 10.779484308167136 ], [ 106.681416579689426, 10.779511879732947 ], [ 106.680976505584795, 10.779001879352611 ], [ 106.68128008807571, 10.778432820720166 ], [ 106.681795659847694, 10.778857317606551 ] ] ] } },
{ "type": "Feature", "properties": { "a5": "7a940999d8000000", "resolution": 16, "center_lat": 10.77991117050156, "center_lon": 106.68261081295842, "avg_edge_len": 72.603055549367582, "cell_area": 7917.2614893987775, "cell_perimeter": 363.01527774683791, "code": "770", "name": "Quận 3", "name_en": "District 3", "level": "Quận", "prov_code": "79", "prov_name": "Thành phố Hồ Chí Minh", "region": "Đông Nam Bộ", "pop_2019": 190375.0, "pop_dens": 38852.0, "area": 4.92 }, "geometry": { "type": "Polygon", "coordinates": [ [ [ 106.682307684897978, 10.780111298544583 ], [ 106.682051672160924, 10.779484308167136 ], [ 106.68268676572734, 10.779456735657108 ], [ 106.683126842950628, 10.779966731608983 ], [ 106.682823259297265, 10.780535792019879 ], [ 106.682307684897978, 10.780111298544583 ] ] ] } },
{ "type": "Feature", "properties": { "a5": "7a940999f8000000", "resolution": 16, "center_lat": 10.778987648648467, "center_lon": 106.68222961850361, "avg_edge_len": 72.847587381378375, "cell_area": 7917.259598441422, "cell_perimeter": 364.23793690689189, "code": "770", "name": "Quận 3", "name_en": "District 3", "level": "Quận", "prov_code": "79", "prov_name": "Thành phố Hồ Chí Minh", "region": "Đông Nam Bộ", "pop_2019": 190375.0, "pop_dens": 38852.0, "area": 4.92 }, "geometry": { "type": "Polygon", "coordinates": [ [ [ 106.68209924251687, 10.778288259943757 ], [ 106.682539318329987, 10.778798257501602 ], [ 106.68268676572734, 10.779456735657108 ], [ 106.682051672160924, 10.779484308167136 ], [ 106.681795659847694, 10.778857317606551 ], [ 106.68209924251687, 10.778288259943757 ] ] ] } },
{ "type": "Feature", "properties": { "a5": "7a94099c68000000", "resolution": 16, "center_lat": 10.779701271498469, "center_lon": 106.6811068803836, "avg_edge_len": 72.847684354300014, "cell_area": 7917.2596089243889, "cell_perimeter": 364.23842177150004, "code": "770", "name": "Quận 3", "name_en": "District 3", "level": "Quận", "prov_code": "79", "prov_name": "Thành phố Hồ Chí Minh", "region": "Đông Nam Bộ", "pop_2019": 190375.0, "pop_dens": 38852.0, "area": 4.92 }, "geometry": { "type": "Polygon", "coordinates": [ [ [ 106.680976505584795, 10.779001879352611 ], [ 106.681416579689426, 10.779511879732947 ], [ 106.681564025908074, 10.780170361150857 ], [ 106.680928933857786, 10.780197933215227 ], [ 106.680672922949043, 10.779570939443239 ], [ 106.680976505584795, 10.779001879352611 ] ] ] } },
{ "type": "Feature", "properties": { "a5": "7a94099c78000000", "resolution": 16, "center_lat": 10.77998096899225, "center_lon": 106.68187372599839, "avg_edge_len": 72.847663171420791, "cell_area": 7917.2613311447203, "cell_perimeter": 364.23831585710394, "code": "770", "name": "Quận 3", "name_en": "District 3", "level": "Quận", "prov_code": "79", "prov_name": "Thành phố Hồ Chí Minh", "region": "Đông Nam Bộ", "pop_2019": 190375.0, "pop_dens": 38852.0, "area": 4.92 }, "geometry": { "type": "Polygon", "coordinates": [ [ [ 106.68200410142299, 10.780680359925396 ], [ 106.681564025908074, 10.780170361150844 ], [ 106.681416579689426, 10.779511879732947 ], [ 106.682051672160924, 10.779484308167124 ], [ 106.682307684897978, 10.780111298544583 ], [ 106.68200410142299, 10.780680359925396 ] ] ] } },
{ "type": "Feature", "properties": { "a5": "7a94099d08000000", "resolution": 16, "center_lat": 10.778232695088739, "center_lon": 106.68158321490051, "avg_edge_len": 72.603140482904266, "cell_area": 7917.2614736407995, "cell_perimeter": 363.01570241452134, "code": "770", "name": "Quận 3", "name_en": "District 3", "level": "Quận", "prov_code": "79", "prov_name": "Thành phố Hồ Chí Minh", "region": "Đông Nam Bộ", "pop_2019": 190375.0, "pop_dens": 38852.0, "area": 4.92 }, "geometry": { "type": "Polygon", "coordinates": [ [ [ 106.68128008807571, 10.778432820720166 ], [ 106.681024076929361, 10.777805829024752 ], [ 106.681659167637577, 10.777778261213543 ], [ 106.68209924251687, 10.778288259943757 ], [ 106.681795659847694, 10.778857317606551 ], [ 106.68128008807571, 10.778432820720166 ] ] ] } },
{ "type": "Feature", "properties": { "a5": "7a94099d28000000", "resolution": 16, "center_lat": 10.778302488091672, "center_lon": 106.6808461312315, "avg_edge_len": 72.847704225136027, "cell_area": 7917.2613516077399, "cell_perimeter": 364.23852112568011, "code": "770", "name": "Quận 3", "name_en": "District 3", "level": "Quận", "prov_code": "79", "prov_name": "Thành phố Hồ Chí Minh", "region": "Đông Nam Bộ", "pop_2019": 190375.0, "pop_dens": 38852.0, "area": 4.92 }, "geometry": { "type": "Polygon", "coordinates": [ [ [ 106.680976505584795, 10.779001879352611 ], [ 106.680536432413987, 10.778491877799958 ], [ 106.680388987315723, 10.777833395891715 ], [ 106.681024076929361, 10.777805829024752 ], [ 106.68128008807571, 10.778432820720166 ], [ 106.680976505584795, 10.779001879352611 ] ] ] } },
{ "type": "Feature", "properties": { "a5": "7a94099d38000000", "resolution": 16, "center_lat": 10.778946313765026, "center_lon": 106.68046047929711, "avg_edge_len": 72.603158572225297, "cell_area": 7917.2614939883351, "cell_perimeter": 363.0157928611265, "code": "770", "name": "Quận 3", "name_en": "District 3", "level": "Quận", "prov_code": "79", "prov_name": "Thành phố Hồ Chí Minh", "region": "Đông Nam Bộ", "pop_2019": 190375.0, "pop_dens": 38852.0, "area": 4.92 }, "geometry": { "type": "Polygon", "coordinates": [ [ [ 106.680157352963306, 10.779146440071818 ], [ 106.679901343221559, 10.778519445165291 ], [ 106.680536432413987, 10.778491877799958 ], [ 106.680976505584795, 10.779001879352611 ], [ 106.680672922949043, 10.779570939443239 ], [ 106.680157352963306, 10.779146440071818 ] ] ] } },
{ "type": "Feature", "properties": { "a5": "7a94099998000000", "resolution": 16, "center_lat": 10.780666119985709, "center_lon": 106.68325722000887, "avg_edge_len": 72.847546320032194, "cell_area": 7917.259614739567, "cell_perimeter": 364.23773160016094, "code": "770", "name": "Quận 3", "name_en": "District 3", "level": "Quận", "prov_code": "79", "prov_name": "Thành phố Hồ Chí Minh", "region": "Đông Nam Bộ", "pop_2019": 190375.0, "pop_dens": 38852.0, "area": 4.92 }, "geometry": { "type": "Polygon", "coordinates": [ [ [ 106.683126842950628, 10.779966731608983 ], [ 106.683566921107968, 10.780476726388462 ], [ 106.683714369626273, 10.781135204053376 ], [ 106.683079273201656, 10.78116278126258 ], [ 106.682823259297265, 10.780535792019879 ], [ 106.683126842950628, 10.779966731608983 ] ] ] } },
{ "type": "Feature", "properties": { "a5": "7a940999a8000000", "resolution": 16, "center_lat": 10.780022291935641, "center_lon": 106.68364287423447, "avg_edge_len": 72.602989353004361, "cell_area": 7917.259427703917, "cell_perimeter": 363.01494676502182, "code": "770", "name": "Quận 3", "name_en": "District 3", "level": "Quận", "prov_code": "79", "prov_name": "Thành phố Hồ Chí Minh", "region": "Đông Nam Bộ", "pop_2019": 190375.0, "pop_dens": 38852.0, "area": 4.92 }, "geometry": { "type": "Polygon", "coordinates": [ [ [ 106.683946002645143, 10.779822163647069 ], [ 106.684202017954021, 10.78044914967824 ], [ 106.683566921107968, 10.780476726388462 ], [ 106.683126842950628, 10.779966731608983 ], [ 106.683430426459154, 10.779397672656522 ], [ 106.683946002645143, 10.779822163647069 ] ] ] } },
{ "type": "Feature", "properties": { "a5": "7a940999c8000000", "resolution": 16, "center_lat": 10.780735920984386, "center_lon": 106.68252013137793, "avg_edge_len": 72.603007427269006, "cell_area": 7917.2594473659992, "cell_perimeter": 363.01503713634503, "code": "770", "name": "Quận 3", "name_en": "District 3", "level": "Quận", "prov_code": "79", "prov_name": "Thành phố Hồ Chí Minh", "region": "Đông Nam Bộ", "pop_2019": 190375.0, "pop_dens": 38852.0, "area": 4.92 }, "geometry": { "type": "Polygon", "coordinates": [ [ [ 106.682823259297265, 10.780535792019879 ], [ 106.683079273201656, 10.78116278126258 ], [ 106.682444177871957, 10.781190357527617 ], [ 106.68200410142299, 10.780680359925396 ], [ 106.682307684897978, 10.780111298544583 ], [ 106.682823259297265, 10.780535792019879 ] ] ] } },
{ "type": "Feature", "properties": { "a5": "7a940999e8000000", "resolution": 16, "center_lat": 10.779267344117208, "center_lon": 106.68299646633817, "avg_edge_len": 72.847566187417712, "cell_area": 7917.261360257864, "cell_perimeter": 364.23783093708857, "code": "770", "name": "Quận 3", "name_en": "District 3", "level": "Quận", "prov_code": "79", "prov_name": "Thành phố Hồ Chí Minh", "region": "Đông Nam Bộ", "pop_2019": 190375.0, "pop_dens": 38852.0, "area": 4.92 }, "geometry": { "type": "Polygon", "coordinates": [ [ [ 106.683126842950628, 10.779966731608983 ], [ 106.68268676572734, 10.779456735657108 ], [ 106.682539318329987, 10.778798257501602 ], [ 106.683174412317612, 10.778770685490366 ], [ 106.683430426459154, 10.779397672656522 ], [ 106.683126842950628, 10.779966731608983 ] ] ] } },
{ "type": "Feature", "properties": { "a5": "7a94099a08000000", "resolution": 16, "center_lat": 10.778343824017945, "center_lon": 106.68261527142464, "avg_edge_len": 72.603074292953877, "cell_area": 7917.2594708502293, "cell_perimeter": 363.01537146476937, "code": "770", "name": "Quận 3", "name_en": "District 3", "level": "Quận", "prov_code": "79", "prov_name": "Thành phố Hồ Chí Minh", "region": "Đông Nam Bộ", "pop_2019": 190375.0, "pop_dens": 38852.0, "area": 4.92 }, "geometry": { "type": "Polygon", "coordinates": [ [ [ 106.682918398599554, 10.778143698140891 ], [ 106.683174412317612, 10.778770685490366 ], [ 106.682539318329987, 10.778798257501602 ], [ 106.68209924251687, 10.778288259943757 ], [ 106.682402825040981, 10.777719203739094 ], [ 106.682918398599554, 10.778143698140891 ] ] ] } },
{ "type": "Feature", "properties": { "a5": "7a94099e08000000", "resolution": 16, "center_lat": 10.777588872123694, "center_lon": 106.68196886697538, "avg_edge_len": 72.847607261113524, "cell_area": 7917.2613091506064, "cell_perimeter": 364.23803630556762, "code": "770", "name": "Quận 3", "name_en": "District 3", "level": "Quận", "prov_code": "79", "prov_name": "Thành phố Hồ Chí Minh", "region": "Đông Nam Bộ", "pop_2019": 190375.0, "pop_dens": 38852.0, "area": 4.92 }, "geometry": { "type": "Polygon", "coordinates": [ [ [ 106.68209924251687, 10.778288259943757 ], [ 106.681659167637577, 10.777778261213543 ], [ 106.681511721360266, 10.777119782567212 ], [ 106.682146812489691, 10.777092215254564 ], [ 106.682402825040981, 10.777719203739094 ], [ 106.68209924251687, 10.778288259943757 ] ] ] } },
{ "type": "Feature", "properties": { "a5": "7a94099c48000000", "resolution": 16, "center_lat": 10.779771066671431, "center_lon": 106.68036979675631, "avg_edge_len": 72.603110449176626, "cell_area": 7917.2594586908817, "cell_perimeter": 363.01555224588316, "code": "770", "name": "Quận 3", "name_en": "District 3", "level": "Quận", "prov_code": "79", "prov_name": "Thành phố Hồ Chí Minh", "region": "Đông Nam Bộ", "pop_2019": 190375.0, "pop_dens": 38852.0, "area": 4.92 }, "geometry": { "type": "Polygon", "coordinates": [ [ [ 106.680672922949043, 10.779570939443252 ], [ 106.680928933857786, 10.78019793321524 ], [ 106.680293842902302, 10.780225504335149 ], [ 106.679853770505929, 10.779715501131957 ], [ 106.68015735296342, 10.77914644007183 ], [ 106.680672922949043, 10.779570939443252 ] ] ] } },
{ "type": "Feature", "properties": { "a5": "7a94099c98000000", "resolution": 16, "center_lat": 10.780694596238531, "center_lon": 106.68075098751225, "avg_edge_len": 72.847760169582202, "cell_area": 7917.261330164969, "cell_perimeter": 364.23880084791102, "code": "770", "name": "Quận 3", "name_en": "District 3", "level": "Quận", "prov_code": "79", "prov_name": "Thành phố Hồ Chí Minh", "region": "Đông Nam Bộ", "pop_2019": 190375.0, "pop_dens": 38852.0, "area": 4.92 }, "geometry": { "type": "Polygon", "coordinates": [ [ [ 106.680881361749243, 10.781393990613292 ], [ 106.680441287942585, 10.780883989015669 ], [ 106.680293842902302, 10.780225504335149 ], [ 106.680928933857786, 10.780197933215215 ], [ 106.681184945190353, 10.780824926804241 ], [ 106.680881361749243, 10.781393990613292 ] ] ] } },
{ "type": "Feature", "properties": { "a5": "7a94099cc8000000", "resolution": 16, "center_lat": 10.780624798085574, "center_lon": 106.68148807275963, "avg_edge_len": 72.603073644655041, "cell_area": 7917.2614890113473, "cell_perimeter": 363.01536822327517, "code": "770", "name": "Quận 3", "name_en": "District 3", "level": "Quận", "prov_code": "79", "prov_name": "Thành phố Hồ Chí Minh", "region": "Đông Nam Bộ", "pop_2019": 190375.0, "pop_dens": 38852.0, "area": 4.92 }, "geometry": { "type": "Polygon", "coordinates": [ [ [ 106.681184945190353, 10.780824926804241 ], [ 106.680928933857786, 10.780197933215215 ], [ 106.681564025908074, 10.780170361150844 ], [ 106.68200410142299, 10.780680359925396 ], [ 106.681700517803506, 10.781249422764709 ], [ 106.681184945190353, 10.780824926804241 ] ] ] } },
{ "type": "Feature", "properties": { "a5": "7a94099978000000", "resolution": 16, "center_lat": 10.781379751743803, "center_lon": 106.68213447729359, "avg_edge_len": 72.847643311911014, "cell_area": 7917.2595929764211, "cell_perimeter": 364.2382165595551, "code": "770", "name": "Quận 3", "name_en": "District 3", "level": "Quận", "prov_code": "79", "prov_name": "Thành phố Hồ Chí Minh", "region": "Đông Nam Bộ", "pop_2019": 190375.0, "pop_dens": 38852.0, "area": 4.92 }, "geometry": { "type": "Polygon", "coordinates": [ [ [ 106.68200410142299, 10.780680359925396 ], [ 106.682444177871957, 10.781190357527617 ], [ 106.682591625211785, 10.781848838455417 ], [ 106.681956530303523, 10.781876415219232 ], [ 106.681700517803506, 10.781249422764709 ], [ 106.68200410142299, 10.780680359925396 ] ] ] } },
{ "type": "Feature", "properties": { "a5": "7a94099e18000000", "resolution": 16, "center_lat": 10.777309171263939, "center_lon": 106.68120202280681, "avg_edge_len": 72.847628455277345, "cell_area": 7917.259613160044, "cell_perimeter": 364.23814227638672, "code": "770", "name": "Quận 3", "name_en": "District 3", "level": "Quận", "prov_code": "79", "prov_name": "Thành phố Hồ Chí Minh", "region": "Đông Nam Bộ", "pop_2019": 190375.0, "pop_dens": 38852.0, "area": 4.92 }, "geometry": { "type": "Polygon", "coordinates": [ [ [ 106.68107164789069, 10.776609782230992 ], [ 106.681511721360266, 10.777119782567212 ], [ 106.681659167637577, 10.777778261213543 ], [ 106.681024076929361, 10.777805829024752 ], [ 106.680768066206269, 10.777178837146135 ], [ 106.68107164789069, 10.776609782230992 ] ] ] } },
{ "type": "Feature", "properties": { "a5": "7a94099d18000000", "resolution": 16, "center_lat": 10.778022785206831, "center_lon": 106.68007928928253, "avg_edge_len": 72.847725412806241, "cell_area": 7917.2595520988107, "cell_perimeter": 364.23862706403122, "code": "770", "name": "Quận 3", "name_en": "District 3", "level": "Quận", "prov_code": "79", "prov_name": "Thành phố Hồ Chí Minh", "region": "Đông Nam Bộ", "pop_2019": 190375.0, "pop_dens": 38852.0, "area": 4.92 }, "geometry": { "type": "Polygon", "coordinates": [ [ [ 106.679948915554633, 10.777323392733246 ], [ 106.680388987315723, 10.777833395891715 ], [ 106.680536432413987, 10.778491877799958 ], [ 106.679901343221559, 10.778519445165291 ], [ 106.679645333903181, 10.777892450075663 ], [ 106.679948915554633, 10.777323392733246 ] ] ] } },
{ "type": "Feature", "properties": { "a5": "7a94099d88000000", "resolution": 16, "center_lat": 10.779016106429943, "center_lon": 106.67972339734048, "avg_edge_len": 72.847801206386777, "cell_area": 7917.2613167464733, "cell_perimeter": 364.23900603193385, "code": "770", "name": "Quận 3", "name_en": "District 3", "level": "Quận", "prov_code": "79", "prov_name": "Thành phố Hồ Chí Minh", "region": "Đông Nam Bộ", "pop_2019": 190375.0, "pop_dens": 38852.0, "area": 4.92 }, "geometry": { "type": "Polygon", "coordinates": [ [ [ 106.679853770505929, 10.779715501131957 ], [ 106.67941369904338, 10.779205496756468 ], [ 106.679266255123707, 10.778547011586113 ], [ 106.679901343221559, 10.778519445165291 ], [ 106.68015735296342, 10.77914644007183 ], [ 106.679853770505929, 10.779715501131957 ] ] ] } },
{ "type": "Feature", "properties": { "a5": "7a94099948000000", "resolution": 16, "center_lat": 10.781589639867384, "center_lon": 106.68363841682606, "avg_edge_len": 72.602970623403053, "cell_area": 7917.2614795714617, "cell_perimeter": 363.01485311701526, "code": "770", "name": "Quận 3", "name_en": "District 3", "level": "Quận", "prov_code": "79", "prov_name": "Thành phố Hồ Chí Minh", "region": "Đông Nam Bộ", "pop_2019": 190375.0, "pop_dens": 38852.0, "area": 4.92 }, "geometry": { "type": "Polygon", "coordinates": [ [ [ 106.683335287529985, 10.78178977032224 ], [ 106.683079273201656, 10.78116278126258 ], [ 106.683714369626273, 10.781135204053376 ], [ 106.684154449194352, 10.781645197226892 ], [ 106.683850864557485, 10.782214260386368 ], [ 106.683335287529985, 10.78178977032224 ] ] ] } },
{ "type": "Feature", "properties": { "a5": "7a94099968000000", "resolution": 16, "center_lat": 10.781659443846218, "center_lon": 106.68290132657476, "avg_edge_len": 72.847622133858138, "cell_area": 7917.261360231787, "cell_perimeter": 364.23811066929068, "code": "770", "name": "Quận 3", "name_en": "District 3", "level": "Quận", "prov_code": "79", "prov_name": "Thành phố Hồ Chí Minh", "region": "Đông Nam Bộ", "pop_2019": 190375.0, "pop_dens": 38852.0, "area": 4.92 }, "geometry": { "type": "Polygon", "coordinates": [ [ [ 106.683031703071492, 10.782358834451863 ], [ 106.682591625211785, 10.781848838455417 ], [ 106.682444177871957, 10.781190357527617 ], [ 106.683079273201656, 10.78116278126258 ], [ 106.683335287529985, 10.78178977032224 ], [ 106.683031703071492, 10.782358834451863 ] ] ] } },
{ "type": "Feature", "properties": { "a5": "7a94099988000000", "resolution": 16, "center_lat": 10.780945810063145, "center_lon": 106.68402407151, "avg_edge_len": 72.847525131391905, "cell_area": 7917.2613310366869, "cell_perimeter": 364.23762565695949, "code": "770", "name": "Quận 3", "name_en": "District 3", "level": "Quận", "prov_code": "79", "prov_name": "Thành phố Hồ Chí Minh", "region": "Đông Nam Bộ", "pop_2019": 190375.0, "pop_dens": 38852.0, "area": 4.92 }, "geometry": { "type": "Polygon", "coordinates": [ [ [ 106.684154449194352, 10.781645197226892 ], [ 106.683714369626273, 10.781135204053376 ], [ 106.683566921107968, 10.780476726388448 ], [ 106.684202017954021, 10.78044914967824 ], [ 106.684458033686724, 10.781076135526193 ], [ 106.684154449194352, 10.781645197226892 ] ] ] } },
{ "type": "Feature", "properties": { "a5": "7a940998d8000000", "resolution": 16, "center_lat": 10.779952490599978, "center_lon": 106.68437996457821, "avg_edge_len": 72.847449342805561, "cell_area": 7917.2595755383372, "cell_perimeter": 364.23724671402783, "code": "770", "name": "Quận 3", "name_en": "District 3", "level": "Quận", "prov_code": "79", "prov_name": "Thành phố Hồ Chí Minh", "region": "Đông Nam Bộ", "pop_2019": 190375.0, "pop_dens": 38852.0, "area": 4.92 }, "geometry": { "type": "Polygon", "coordinates": [ [ [ 106.68424958633193, 10.779253105664706 ], [ 106.684689666197983, 10.779763097621839 ], [ 106.684837115894993, 10.780421572024107 ], [ 106.684202017954021, 10.78044914967824 ], [ 106.683946002645143, 10.779822163647069 ], [ 106.68424958633193, 10.779253105664706 ] ] ] } },
{ "type": "Feature", "properties": { "a5": "7a940998f8000000", "resolution": 16, "center_lat": 10.780876005747475, "center_lon": 106.68476116347425, "avg_edge_len": 72.602952542869303, "cell_area": 7917.2614942714572, "cell_perimeter": 363.01476271434655, "code": "770", "name": "Quận 3", "name_en": "District 3", "level": "Quận", "prov_code": "79", "prov_name": "Thành phố Hồ Chí Minh", "region": "Đông Nam Bộ", "pop_2019": 190375.0, "pop_dens": 38852.0, "area": 4.92 }, "geometry": { "type": "Polygon", "coordinates": [ [ [ 106.684458033686724, 10.781076135526193 ], [ 106.684202017954021, 10.78044914967824 ], [ 106.684837115894993, 10.780421572024107 ], [ 106.685277197171672, 10.780931562375061 ], [ 106.684973612500812, 10.781500623105432 ], [ 106.684458033686724, 10.781076135526193 ] ] ] } },
{ "type": "Feature", "properties": { "a5": "7a940999b8000000", "resolution": 16, "center_lat": 10.779197545289351, "center_lon": 106.68373355501082, "avg_edge_len": 72.603037471658979, "cell_area": 7917.2614897787571, "cell_perimeter": 363.0151873582949, "code": "770", "name": "Quận 3", "name_en": "District 3", "level": "Quận", "prov_code": "79", "prov_name": "Thành phố Hồ Chí Minh", "region": "Đông Nam Bộ", "pop_2019": 190375.0, "pop_dens": 38852.0, "area": 4.92 }, "geometry": { "type": "Polygon", "coordinates": [ [ [ 106.683430426459154, 10.779397672656522 ], [ 106.683174412317612, 10.778770685490352 ], [ 106.683809507400042, 10.778743112535127 ], [ 106.68424958633193, 10.779253105664706 ], [ 106.683946002645143, 10.779822163647069 ], [ 106.683430426459154, 10.779397672656522 ] ] ] } },
{ "type": "Feature", "properties": { "a5": "7a94099a28000000", "resolution": 16, "center_lat": 10.77827402816982, "center_lon": 106.68335235847687, "avg_edge_len": 72.847490421662158, "cell_area": 7917.2595762982965, "cell_perimeter": 364.23745210831078, "code": "770", "name": "Quận 3", "name_en": "District 3", "level": "Quận", "prov_code": "79", "prov_name": "Thành phố Hồ Chí Minh", "region": "Đông Nam Bộ", "pop_2019": 190375.0, "pop_dens": 38852.0, "area": 4.92 }, "geometry": { "type": "Polygon", "coordinates": [ [ [ 106.683221981301813, 10.777574642906048 ], [ 106.683662058823643, 10.778084637641813 ], [ 106.683809507400042, 10.778743112535127 ], [ 106.683174412317612, 10.778770685490352 ], [ 106.682918398599554, 10.778143698140891 ], [ 106.683221981301813, 10.777574642906048 ] ] ] } },
{ "type": "Feature", "properties": { "a5": "7a94099bf8000000", "resolution": 16, "center_lat": 10.777519078783232, "center_lon": 106.68270595235671, "avg_edge_len": 72.603122415713898, "cell_area": 7917.2614834010601, "cell_perimeter": 363.01561207856946, "code": "770", "name": "Quận 3", "name_en": "District 3", "level": "Quận", "prov_code": "79", "prov_name": "Thành phố Hồ Chí Minh", "region": "Đông Nam Bộ", "pop_2019": 190375.0, "pop_dens": 38852.0, "area": 4.92 }, "geometry": { "type": "Polygon", "coordinates": [ [ [ 106.682402825040981, 10.777719203739094 ], [ 106.682146812489691, 10.777092215254564 ], [ 106.682781904713806, 10.777064646997887 ], [ 106.683221981301813, 10.77757464290606 ], [ 106.682918398599554, 10.778143698140903 ], [ 106.682402825040981, 10.777719203739094 ] ] ] } },
{ "type": "Feature", "properties": { "a5": "7a94099bd8000000", "resolution": 16, "center_lat": 10.776595559691435, "center_lon": 106.68232475818348, "avg_edge_len": 72.847531517588806, "cell_area": 7917.2595965489745, "cell_perimeter": 364.237657587944, "code": "770", "name": "Quận 3", "name_en": "District 3", "level": "Quận", "prov_code": "79", "prov_name": "Thành phố Hồ Chí Minh", "region": "Đông Nam Bộ", "pop_2019": 190375.0, "pop_dens": 38852.0, "area": 4.92 }, "geometry": { "type": "Polygon", "coordinates": [ [ [ 106.682194382078706, 10.775896174098879 ], [ 106.682634457257109, 10.776406171613269 ], [ 106.682781904713806, 10.777064646997887 ], [ 106.682146812489691, 10.777092215254564 ], [ 106.681890800361657, 10.776465226586643 ], [ 106.682194382078706, 10.775896174098879 ] ] ] } },
{ "type": "Feature", "properties": { "a5": "7a94099e28000000", "resolution": 16, "center_lat": 10.776665350052449, "center_lon": 106.68158767442263, "avg_edge_len": 72.603159242098883, "cell_area": 7917.2594638317823, "cell_perimeter": 363.01579621049439, "code": "770", "name": "Quận 3", "name_en": "District 3", "level": "Quận", "prov_code": "79", "prov_name": "Thành phố Hồ Chí Minh", "region": "Đông Nam Bộ", "pop_2019": 190375.0, "pop_dens": 38852.0, "area": 4.92 }, "geometry": { "type": "Polygon", "coordinates": [ [ [ 106.681890800361657, 10.776465226586643 ], [ 106.682146812489691, 10.777092215254564 ], [ 106.681511721360266, 10.777119782567212 ], [ 106.68107164789069, 10.776609782230992 ], [ 106.681375229429818, 10.776040728773676 ], [ 106.681890800361657, 10.776465226586643 ] ] ] } },
{ "type": "Feature", "properties": { "a5": "7a94099c88000000", "resolution": 16, "center_lat": 10.780414896719146, "center_lon": 106.67998414411709, "avg_edge_len": 72.847781344167984, "cell_area": 7917.2595831826329, "cell_perimeter": 364.23890672083991, "code": "770", "name": "Quận 3", "name_en": "District 3", "level": "Quận", "prov_code": "79", "prov_name": "Thành phố Hồ Chí Minh", "region": "Đông Nam Bộ", "pop_2019": 190375.0, "pop_dens": 38852.0, "area": 4.92 }, "geometry": { "type": "Polygon", "coordinates": [ [ [ 106.679853770505815, 10.779715501131944 ], [ 106.680293842902302, 10.780225504335149 ], [ 106.680441287942585, 10.780883989015669 ], [ 106.679806197408425, 10.780911560633946 ], [ 106.679550187903828, 10.780284563650275 ], [ 106.679853770505815, 10.779715501131944 ] ] ] } },
{ "type": "Feature", "properties": { "a5": "7a94099d48000000", "resolution": 16, "center_lat": 10.779659934811393, "center_lon": 106.67933774554689, "avg_edge_len": 72.603176683537214, "cell_area": 7917.2615095674992, "cell_perimeter": 363.01588341768604, "code": "770", "name": "Quận 3", "name_en": "District 3", "level": "Quận", "prov_code": "79", "prov_name": "Thành phố Hồ Chí Minh", "region": "Đông Nam Bộ", "pop_2019": 190375.0, "pop_dens": 38852.0, "area": 4.92 }, "geometry": { "type": "Polygon", "coordinates": [ [ [ 106.679034619704225, 10.779860061793412 ], [ 106.678778611366624, 10.779233063675443 ], [ 106.67941369904338, 10.779205496756468 ], [ 106.679853770505929, 10.779715501131957 ], [ 106.679550187903828, 10.780284563650275 ], [ 106.679034619704225, 10.779860061793412 ] ] ] } },
{ "type": "Feature", "properties": { "a5": "7a94099ca8000000", "resolution": 16, "center_lat": 10.781338428040669, "center_lon": 106.68036533441477, "avg_edge_len": 72.603091753991848, "cell_area": 7917.2615229934454, "cell_perimeter": 363.01545876995925, "code": "770", "name": "Quận 3", "name_en": "District 3", "level": "Quận", "prov_code": "79", "prov_name": "Thành phố Hồ Chí Minh", "region": "Đông Nam Bộ", "pop_2019": 190375.0, "pop_dens": 38852.0, "area": 4.92 }, "geometry": { "type": "Polygon", "coordinates": [ [ [ 106.680062207336846, 10.781538557434805 ], [ 106.679806197408425, 10.780911560633946 ], [ 106.680441287942585, 10.780883989015669 ], [ 106.680881361749243, 10.781393990613292 ], [ 106.680577778163865, 10.781963055880881 ], [ 106.680062207336846, 10.781538557434805 ] ] ] } },
{ "type": "Feature", "properties": { "a5": "7a94099cd8000000", "resolution": 16, "center_lat": 10.781449552404947, "center_lon": 106.68139739037538, "avg_edge_len": 72.603025525464815, "cell_area": 7917.259444065392, "cell_perimeter": 363.01512762732409, "code": "770", "name": "Quận 3", "name_en": "District 3", "level": "Quận", "prov_code": "79", "prov_name": "Thành phố Hồ Chí Minh", "region": "Đông Nam Bộ", "pop_2019": 190375.0, "pop_dens": 38852.0, "area": 4.92 }, "geometry": { "type": "Polygon", "coordinates": [ [ [ 106.681700517803506, 10.781249422764709 ], [ 106.681956530303523, 10.781876415219232 ], [ 106.68132143649018, 10.781903991038636 ], [ 106.680881361749243, 10.781393990613292 ], [ 106.681184945190353, 10.780824926804241 ], [ 106.681700517803506, 10.781249422764709 ] ] ] } },
{ "type": "Feature", "properties": { "a5": "7a94099ce8000000", "resolution": 16, "center_lat": 10.782093385873537, "center_lon": 106.68101173643262, "avg_edge_len": 72.847740320912308, "cell_area": 7917.2595887929201, "cell_perimeter": 364.23870160456153, "code": "770", "name": "Quận 3", "name_en": "District 3", "level": "Quận", "prov_code": "79", "prov_name": "Thành phố Hồ Chí Minh", "region": "Đông Nam Bộ", "pop_2019": 190375.0, "pop_dens": 38852.0, "area": 4.92 }, "geometry": { "type": "Polygon", "coordinates": [ [ [ 106.680881361749243, 10.781393990613292 ], [ 106.68132143649018, 10.781903991038636 ], [ 106.68146888265187, 10.782562475229525 ], [ 106.680833789260078, 10.782590051547501 ], [ 106.680577778163865, 10.781963055880881 ], [ 106.680881361749243, 10.781393990613292 ] ] ] } },
{ "type": "Feature", "properties": { "a5": "7a94099958000000", "resolution": 16, "center_lat": 10.782303276360075, "center_lon": 106.68251567203231, "avg_edge_len": 72.602988722538839, "cell_area": 7917.2614770904183, "cell_perimeter": 363.0149436126942, "code": "770", "name": "Quận 3", "name_en": "District 3", "level": "Quận", "prov_code": "79", "prov_name": "Thành phố Hồ Chí Minh", "region": "Đông Nam Bộ", "pop_2019": 190375.0, "pop_dens": 38852.0, "area": 4.92 }, "geometry": { "type": "Polygon", "coordinates": [ [ [ 106.682212543227706, 10.782503407490864 ], [ 106.681956530303523, 10.781876415219232 ], [ 106.682591625211785, 10.781848838455417 ], [ 106.683031703071492, 10.782358834451863 ], [ 106.682728118468958, 10.782927900040313 ], [ 106.682212543227706, 10.782503407490864 ] ] ] } },
{ "type": "Feature", "properties": { "a5": "7a94099cf8000000", "resolution": 16, "center_lat": 10.782373080001554, "center_lon": 106.68177858349405, "avg_edge_len": 72.847719152423608, "cell_area": 7917.2613453641534, "cell_perimeter": 364.23859576211805, "code": "770", "name": "Quận 3", "name_en": "District 3", "level": "Quận", "prov_code": "79", "prov_name": "Thành phố Hồ Chí Minh", "region": "Đông Nam Bộ", "pop_2019": 190375.0, "pop_dens": 38852.0, "area": 4.92 }, "geometry": { "type": "Polygon", "coordinates": [ [ [ 106.68190895880366, 10.783072474049321 ], [ 106.68146888265187, 10.782562475229525 ], [ 106.68132143649018, 10.781903991038636 ], [ 106.681956530303523, 10.781876415219232 ], [ 106.682212543227706, 10.782503407490864 ], [ 106.68190895880366, 10.783072474049321 ] ] ] } },
{ "type": "Feature", "properties": { "a5": "7a94099d98000000", "resolution": 16, "center_lat": 10.778736401519442, "center_lon": 106.6789565576109, "avg_edge_len": 72.847822386716558, "cell_area": 7917.2596380487084, "cell_perimeter": 364.23911193358276, "code": "770", "name": "Quận 3", "name_en": "District 3", "level": "Quận", "prov_code": "79", "prov_name": "Thành phố Hồ Chí Minh", "region": "Đông Nam Bộ", "pop_2019": 190375.0, "pop_dens": 38852.0, "area": 4.92 }, "geometry": { "type": "Polygon", "coordinates": [ [ [ 106.678826185070875, 10.778037005605023 ], [ 106.679266255123707, 10.778547011586113 ], [ 106.67941369904338, 10.779205496756468 ], [ 106.678778611366624, 10.779233063675443 ], [ 106.678522603452734, 10.778606065374563 ], [ 106.678826185070875, 10.778037005605023 ] ] ] } },
{ "type": "Feature", "properties": { "a5": "7a94099878000000", "resolution": 16, "center_lat": 10.782344585275931, "center_lon": 106.68428482732503, "avg_edge_len": 72.847505278755051, "cell_area": 7917.259608861059, "cell_perimeter": 364.23752639377528, "code": "770", "name": "Quận 3", "name_en": "District 3", "level": "Quận", "prov_code": "79", "prov_name": "Thành phố Hồ Chí Minh", "region": "Đông Nam Bộ", "pop_2019": 190375.0, "pop_dens": 38852.0, "area": 4.92 }, "geometry": { "type": "Polygon", "coordinates": [ [ [ 106.684154449194352, 10.781645197226892 ], [ 106.684594529696824, 10.782155189228023 ], [ 106.684741979336877, 10.782813666402593 ], [ 106.684106880053719, 10.782841248311353 ], [ 106.683850864557485, 10.782214260386368 ], [ 106.684154449194352, 10.781645197226892 ] ] ] } },
{ "type": "Feature", "properties": { "a5": "7a94099888000000", "resolution": 16, "center_lat": 10.781700753805762, "center_lon": 106.68467048285453, "avg_edge_len": 72.602904425461446, "cell_area": 7917.2594156563282, "cell_perimeter": 363.0145221273072, "code": "770", "name": "Quận 3", "name_en": "District 3", "level": "Quận", "prov_code": "79", "prov_name": "Thành phố Hồ Chí Minh", "region": "Đông Nam Bộ", "pop_2019": 190375.0, "pop_dens": 38852.0, "area": 4.92 }, "geometry": { "type": "Polygon", "coordinates": [ [ [ 106.684973612500812, 10.781500623105432 ], [ 106.68522962940142, 10.78212760781846 ], [ 106.684594529696824, 10.782155189228023 ], [ 106.684154449194352, 10.781645197226892 ], [ 106.684458033686724, 10.781076135526193 ], [ 106.684973612500812, 10.781500623105432 ] ] ] } },
{ "type": "Feature", "properties": { "a5": "7a94099918000000", "resolution": 16, "center_lat": 10.782414391762902, "center_lon": 106.68354773540267, "avg_edge_len": 72.602922508021408, "cell_area": 7917.259433709085, "cell_perimeter": 363.01461254010701, "code": "770", "name": "Quận 3", "name_en": "District 3", "level": "Quận", "prov_code": "79", "prov_name": "Thành phố Hồ Chí Minh", "region": "Đông Nam Bộ", "pop_2019": 190375.0, "pop_dens": 38852.0, "area": 4.92 }, "geometry": { "type": "Polygon", "coordinates": [ [ [ 106.683850864557485, 10.782214260386356 ], [ 106.684106880053719, 10.782841248311341 ], [ 106.683471781865705, 10.782868829275975 ], [ 106.683031703071492, 10.782358834451863 ], [ 106.683335287529985, 10.78178977032224 ], [ 106.683850864557485, 10.782214260386356 ] ] ] } },
{ "type": "Feature", "properties": { "a5": "7a94099928000000", "resolution": 16, "center_lat": 10.783058225943083, "center_lon": 106.68316208001492, "avg_edge_len": 72.847602289061811, "cell_area": 7917.2595617994666, "cell_perimeter": 364.23801144530904, "code": "770", "name": "Quận 3", "name_en": "District 3", "level": "Quận", "prov_code": "79", "prov_name": "Thành phố Hồ Chí Minh", "region": "Đông Nam Bộ", "pop_2019": 190375.0, "pop_dens": 38852.0, "area": 4.92 }, "geometry": { "type": "Polygon", "coordinates": [ [ [ 106.683031703071492, 10.782358834451863 ], [ 106.683471781865705, 10.782868829275975 ], [ 106.683619230327622, 10.783527309713911 ], [ 106.68298413256116, 10.783554891177538 ], [ 106.682728118468958, 10.782927900040313 ], [ 106.683031703071492, 10.782358834451863 ] ] ] } },
{ "type": "Feature", "properties": { "a5": "7a940998e8000000", "resolution": 16, "center_lat": 10.780232178653041, "center_lon": 106.68514681829943, "avg_edge_len": 72.847428145095591, "cell_area": 7917.2613509520888, "cell_perimeter": 364.23714072547796, "code": "770", "name": "Quận 3", "name_en": "District 3", "level": "Quận", "prov_code": "79", "prov_name": "Thành phố Hồ Chí Minh", "region": "Đông Nam Bộ", "pop_2019": 190375.0, "pop_dens": 38852.0, "area": 4.92 }, "geometry": { "type": "Polygon", "coordinates": [ [ [ 106.685277197171672, 10.780931562375061 ], [ 106.684837115894993, 10.780421572024107 ], [ 106.684689666197983, 10.779763097621839 ], [ 106.685324764560278, 10.77973552046689 ], [ 106.685580781697809, 10.780362503103417 ], [ 106.685277197171672, 10.780931562375061 ] ] ] } },
{ "type": "Feature", "properties": { "a5": "7a94099a38000000", "resolution": 16, "center_lat": 10.778553721614125, "center_lon": 106.68411920853133, "avg_edge_len": 72.847469220361148, "cell_area": 7917.2613503783941, "cell_perimeter": 364.23734610180571, "code": "770", "name": "Quận 3", "name_en": "District 3", "level": "Quận", "prov_code": "79", "prov_name": "Thành phố Hồ Chí Minh", "region": "Đông Nam Bộ", "pop_2019": 190375.0, "pop_dens": 38852.0, "area": 4.92 }, "geometry": { "type": "Polygon", "coordinates": [ [ [ 106.68424958633193, 10.779253105664706 ], [ 106.683809507400042, 10.778743112535127 ], [ 106.683662058823643, 10.778084637641813 ], [ 106.684297154327282, 10.778057065185568 ], [ 106.68455316987388, 10.778684049140741 ], [ 106.68424958633193, 10.779253105664706 ] ] ] } },
{ "type": "Feature", "properties": { "a5": "7a94099a88000000", "resolution": 16, "center_lat": 10.779308665259414, "center_lon": 106.68476561894472, "avg_edge_len": 72.602971294836408, "cell_area": 7917.2595049738884, "cell_perimeter": 363.01485647418201, "code": "770", "name": "Quận 3", "name_en": "District 3", "level": "Quận", "prov_code": "79", "prov_name": "Thành phố Hồ Chí Minh", "region": "Đông Nam Bộ", "pop_2019": 190375.0, "pop_dens": 38852.0, "area": 4.92 }, "geometry": { "type": "Polygon", "coordinates": [ [ [ 106.685068747846572, 10.779108537646968 ], [ 106.685324764560278, 10.77973552046689 ], [ 106.684689666197983, 10.779763097621839 ], [ 106.68424958633193, 10.779253105664706 ], [ 106.68455316987388, 10.778684049140741 ], [ 106.685068747846572, 10.779108537646968 ] ] ] } },
{ "type": "Feature", "properties": { "a5": "7a940998a8000000", "resolution": 16, "center_lat": 10.781630946982116, "center_lon": 106.68540757648998, "avg_edge_len": 72.847408281618257, "cell_area": 7917.2596155852079, "cell_perimeter": 364.23704140809127, "code": "770", "name": "Quận 3", "name_en": "District 3", "level": "Quận", "prov_code": "79", "prov_name": "Thành phố Hồ Chí Minh", "region": "Đông Nam Bộ", "pop_2019": 190375.0, "pop_dens": 38852.0, "area": 4.92 }, "geometry": { "type": "Polygon", "coordinates": [ [ [ 106.685277197171672, 10.780931562375061 ], [ 106.685717279382629, 10.781441551553579 ], [ 106.68586473020116, 10.782100025465011 ], [ 106.68522962940142, 10.78212760781846 ], [ 106.684973612500812, 10.781500623105432 ], [ 106.685277197171672, 10.780931562375061 ] ] ] } },
{ "type": "Feature", "properties": { "a5": "7a940998b8000000", "resolution": 16, "center_lat": 10.780987118222127, "center_lon": 106.68579323216093, "avg_edge_len": 72.602886360022026, "cell_area": 7917.2594415023923, "cell_perimeter": 363.01443180011012, "code": "770", "name": "Quận 3", "name_en": "District 3", "level": "Quận", "prov_code": "79", "prov_name": "Thành phố Hồ Chí Minh", "region": "Đông Nam Bộ", "pop_2019": 190375.0, "pop_dens": 38852.0, "area": 4.92 }, "geometry": { "type": "Polygon", "coordinates": [ [ [ 106.686096362298599, 10.780786988198173 ], [ 106.686352380603807, 10.781413969699546 ], [ 106.685717279382629, 10.781441551553579 ], [ 106.685277197171672, 10.780931562375061 ], [ 106.685580781697809, 10.780362503103417 ], [ 106.686096362298599, 10.780786988198173 ] ] ] } },
{ "type": "Feature", "properties": { "a5": "7a94099a18000000", "resolution": 16, "center_lat": 10.777630206248162, "center_lon": 106.6837380115383, "avg_edge_len": 72.603056238845951, "cell_area": 7917.2594422623515, "cell_perimeter": 363.01528119422977, "code": "770", "name": "Quận 3", "name_en": "District 3", "level": "Quận", "prov_code": "79", "prov_name": "Thành phố Hồ Chí Minh", "region": "Đông Nam Bộ", "pop_2019": 190375.0, "pop_dens": 38852.0, "area": 4.92 }, "geometry": { "type": "Polygon", "coordinates": [ [ [ 106.684041139204055, 10.777430081046939 ], [ 106.684297154327282, 10.778057065185568 ], [ 106.683662058823643, 10.778084637641813 ], [ 106.683221981301813, 10.777574642906048 ], [ 106.683525563858893, 10.777005589129297 ], [ 106.684041139204055, 10.777430081046939 ] ] ] } },
{ "type": "Feature", "properties": { "a5": "7a94099be8000000", "resolution": 16, "center_lat": 10.776875258526667, "center_lon": 106.68309160457186, "avg_edge_len": 72.847510314496134, "cell_area": 7917.2613278478384, "cell_perimeter": 364.23755157248064, "code": "770", "name": "Quận 3", "name_en": "District 3", "level": "Quận", "prov_code": "79", "prov_name": "Thành phố Hồ Chí Minh", "region": "Đông Nam Bộ", "pop_2019": 190375.0, "pop_dens": 38852.0, "area": 4.92 }, "geometry": { "type": "Polygon", "coordinates": [ [ [ 106.683221981301813, 10.77757464290606 ], [ 106.682781904713806, 10.777064646997887 ], [ 106.682634457257109, 10.776406171613269 ], [ 106.68326954990232, 10.77637860385536 ], [ 106.683525563858893, 10.777005589129297 ], [ 106.683221981301813, 10.77757464290606 ] ] ] } },
{ "type": "Feature", "properties": { "a5": "7a94099b78000000", "resolution": 16, "center_lat": 10.775951741188113, "center_lon": 106.68271040993919, "avg_edge_len": 72.60314119730964, "cell_area": 7917.2594425231218, "cell_perimeter": 363.0157059865482, "code": "770", "name": "Quận 3", "name_en": "District 3", "level": "Quận", "prov_code": "79", "prov_name": "Thành phố Hồ Chí Minh", "region": "Đông Nam Bộ", "pop_2019": 190375.0, "pop_dens": 38852.0, "area": 4.92 }, "geometry": { "type": "Polygon", "coordinates": [ [ [ 106.68301353636889, 10.775751618397866 ], [ 106.68326954990232, 10.77637860385536 ], [ 106.682634457257109, 10.776406171613269 ], [ 106.682194382078706, 10.775896174098879 ], [ 106.682497963650349, 10.775327123068893 ], [ 106.68301353636889, 10.775751618397866 ] ] ] } },
{ "type": "Feature", "properties": { "a5": "7a94099e98000000", "resolution": 16, "center_lat": 10.775196789390398, "center_lon": 106.68206400641854, "avg_edge_len": 72.847551422030932, "cell_area": 7917.2613594606519, "cell_perimeter": 364.23775711015463, "code": "770", "name": "Quận 3", "name_en": "District 3", "level": "Quận", "prov_code": "79", "prov_name": "Thành phố Hồ Chí Minh", "region": "Đông Nam Bộ", "pop_2019": 190375.0, "pop_dens": 38852.0, "area": 4.92 }, "geometry": { "type": "Polygon", "coordinates": [ [ [ 106.682194382078706, 10.775896174098879 ], [ 106.681754307833899, 10.775386175412097 ], [ 106.681606861496107, 10.774727699535926 ], [ 106.682241951283004, 10.774700136476005 ], [ 106.682497963650349, 10.775327123068893 ], [ 106.682194382078706, 10.775896174098879 ] ] ] } },
{ "type": "Feature", "properties": { "a5": "7a94099c18000000", "resolution": 16, "center_lat": 10.781408225855419, "center_lon": 106.67962825088009, "avg_edge_len": 72.84785718504267, "cell_area": 7917.2613516151905, "cell_perimeter": 364.23928592521338, "code": "770", "name": "Quận 3", "name_en": "District 3", "level": "Quận", "prov_code": "79", "prov_name": "Thành phố Hồ Chí Minh", "region": "Đông Nam Bộ", "pop_2019": 190375.0, "pop_dens": 38852.0, "area": 4.92 }, "geometry": { "type": "Polygon", "coordinates": [ [ [ 106.679758623929956, 10.78210762367198 ], [ 106.679318551831102, 10.781597619250888 ], [ 106.679171107968955, 10.780939131307569 ], [ 106.679806197408425, 10.780911560633946 ], [ 106.680062207336846, 10.781538557434805 ], [ 106.679758623929956, 10.78210762367198 ] ] ] } },
{ "type": "Feature", "properties": { "a5": "7a94099c38000000", "resolution": 16, "center_lat": 10.780484691553758, "center_lon": 106.67924706220224, "avg_edge_len": 72.603128563749536, "cell_area": 7917.2594270482659, "cell_perimeter": 363.01564281874766, "code": "770", "name": "Quận 3", "name_en": "District 3", "level": "Quận", "prov_code": "79", "prov_name": "Thành phố Hồ Chí Minh", "region": "Đông Nam Bộ", "pop_2019": 190375.0, "pop_dens": 38852.0, "area": 4.92 }, "geometry": { "type": "Polygon", "coordinates": [ [ [ 106.679550187903828, 10.780284563650275 ], [ 106.679806197408425, 10.780911560633946 ], [ 106.679171107968955, 10.780939131307569 ], [ 106.678731037280386, 10.780429125281074 ], [ 106.679034619704225, 10.779860061793412 ], [ 106.679550187903828, 10.780284563650275 ] ] ] } },
{ "type": "Feature", "properties": { "a5": "7a94099d68000000", "resolution": 16, "center_lat": 10.779729727137788, "center_lon": 106.67860066530251, "avg_edge_len": 72.847898203454491, "cell_area": 7917.2613722793758, "cell_perimeter": 364.23949101727243, "code": "770", "name": "Quận 3", "name_en": "District 3", "level": "Quận", "prov_code": "79", "prov_name": "Thành phố Hồ Chí Minh", "region": "Đông Nam Bộ", "pop_2019": 190375.0, "pop_dens": 38852.0, "area": 4.92 }, "geometry": { "type": "Polygon", "coordinates": [ [ [ 106.678731037280386, 10.780429125281074 ], [ 106.678290967525868, 10.779919118082386 ], [ 106.678143524784559, 10.779260629649675 ], [ 106.678778611366624, 10.779233063675443 ], [ 106.679034619704225, 10.779860061793412 ], [ 106.678731037280386, 10.780429125281074 ] ] ] } },
{ "type": "Feature", "properties": { "a5": "7a94099cb8000000", "resolution": 16, "center_lat": 10.782163186196698, "center_lon": 106.68027465122722, "avg_edge_len": 72.603043638028041, "cell_area": 7917.2594662383199, "cell_perimeter": 363.01521819014022, "code": "770", "name": "Quận 3", "name_en": "District 3", "level": "Quận", "prov_code": "79", "prov_name": "Thành phố Hồ Chí Minh", "region": "Đông Nam Bộ", "pop_2019": 190375.0, "pop_dens": 38852.0, "area": 4.92 }, "geometry": { "type": "Polygon", "coordinates": [ [ [ 106.680577778163865, 10.781963055880894 ], [ 106.680833789259964, 10.782590051547501 ], [ 106.680198696962975, 10.782617626920851 ], [ 106.679758623929956, 10.78210762367198 ], [ 106.680062207336846, 10.781538557434805 ], [ 106.680577778163865, 10.781963055880894 ] ] ] } },
{ "type": "Feature", "properties": { "a5": "7a940996c8000000", "resolution": 16, "center_lat": 10.783016915224879, "center_lon": 106.68139292909342, "avg_edge_len": 72.603006841971464, "cell_area": 7917.26150303334, "cell_perimeter": 363.01503420985733, "code": "770", "name": "Quận 3", "name_en": "District 3", "level": "Quận", "prov_code": "79", "prov_name": "Thành phố Hồ Chí Minh", "region": "Đông Nam Bộ", "pop_2019": 190375.0, "pop_dens": 38852.0, "area": 4.92 }, "geometry": { "type": "Polygon", "coordinates": [ [ [ 106.681089800780342, 10.783217047031396 ], [ 106.680833789260078, 10.782590051547501 ], [ 106.68146888265187, 10.782562475229525 ], [ 106.68190895880366, 10.783072474049321 ], [ 106.68160537423546, 10.783641542066604 ], [ 106.681089800780342, 10.783217047031396 ] ] ] } },
{ "type": "Feature", "properties": { "a5": "7a940996e8000000", "resolution": 16, "center_lat": 10.783086718528441, "center_lon": 106.68065584226811, "avg_edge_len": 72.847816187300097, "cell_area": 7917.2613365799189, "cell_perimeter": 364.2390809365005, "code": "770", "name": "Quận 3", "name_en": "District 3", "level": "Quận", "prov_code": "79", "prov_name": "Thành phố Hồ Chí Minh", "region": "Đông Nam Bộ", "pop_2019": 190375.0, "pop_dens": 38852.0, "area": 4.92 }, "geometry": { "type": "Polygon", "coordinates": [ [ [ 106.680786216390743, 10.783786116018533 ], [ 106.68034614194687, 10.783276114375033 ], [ 106.680198696962975, 10.782617626920851 ], [ 106.680833789260078, 10.782590051547501 ], [ 106.681089800780342, 10.783217047031396 ], [ 106.680786216390743, 10.783786116018533 ] ] ] } },
{ "type": "Feature", "properties": { "a5": "7a94099908000000", "resolution": 16, "center_lat": 10.783128032092895, "center_lon": 106.68242498980577, "avg_edge_len": 72.602940608477724, "cell_area": 7917.259472168982, "cell_perimeter": 363.01470304238865, "code": "770", "name": "Quận 3", "name_en": "District 3", "level": "Quận", "prov_code": "79", "prov_name": "Thành phố Hồ Chí Minh", "region": "Đông Nam Bộ", "pop_2019": 190375.0, "pop_dens": 38852.0, "area": 4.92 }, "geometry": { "type": "Polygon", "coordinates": [ [ [ 106.682728118468958, 10.782927900040313 ], [ 106.68298413256116, 10.783554891177523 ], [ 106.682349035889729, 10.783582471696805 ], [ 106.68190895880366, 10.783072474049321 ], [ 106.682212543227706, 10.782503407490864 ], [ 106.682728118468958, 10.782927900040313 ] ] ] } },
{ "type": "Feature", "properties": { "a5": "7a94099448000000", "resolution": 16, "center_lat": 10.783771868982901, "center_lon": 106.68203933455995, "avg_edge_len": 72.847699315609233, "cell_area": 7917.2596217095852, "cell_perimeter": 364.23849657804618, "code": "770", "name": "Quận 3", "name_en": "District 3", "level": "Quận", "prov_code": "79", "prov_name": "Thành phố Hồ Chí Minh", "region": "Đông Nam Bộ", "pop_2019": 190375.0, "pop_dens": 38852.0, "area": 4.92 }, "geometry": { "type": "Polygon", "coordinates": [ [ [ 106.68190895880366, 10.783072474049321 ], [ 106.682349035889729, 10.783582471696805 ], [ 106.682496483173736, 10.7842409553983 ], [ 106.68186138692397, 10.784268536416343 ], [ 106.68160537423546, 10.783641542066604 ], [ 106.68190895880366, 10.783072474049321 ] ] ] } },
{ "type": "Feature", "properties": { "a5": "7a94099ea8000000", "resolution": 16, "center_lat": 10.7749170851645, "center_lon": 106.6812971636957, "avg_edge_len": 72.847572630832445, "cell_area": 7917.2596200853586, "cell_perimeter": 364.23786315416226, "code": "770", "name": "Quận 3", "name_en": "District 3", "level": "Quận", "prov_code": "79", "prov_name": "Thành phố Hồ Chí Minh", "region": "Đông Nam Bộ", "pop_2019": 190375.0, "pop_dens": 38852.0, "area": 4.92 }, "geometry": { "type": "Polygon", "coordinates": [ [ [ 106.681166788660335, 10.774217699242929 ], [ 106.681606861496107, 10.774727699535926 ], [ 106.681754307833899, 10.775386175412097 ], [ 106.681119218467984, 10.775413738970602 ], [ 106.680863207928951, 10.774786748984051 ], [ 106.681166788660335, 10.774217699242929 ] ] ] } },
{ "type": "Feature", "properties": { "a5": "7a94099858000000", "resolution": 16, "center_lat": 10.783268103186403, "center_lon": 106.68466602650582, "avg_edge_len": 72.602885710445349, "cell_area": 7917.2614674642682, "cell_perimeter": 363.01442855222678, "code": "770", "name": "Quận 3", "name_en": "District 3", "level": "Quận", "prov_code": "79", "prov_name": "Thành phố Hồ Chí Minh", "region": "Đông Nam Bộ", "pop_2019": 190375.0, "pop_dens": 38852.0, "area": 4.92 }, "geometry": { "type": "Polygon", "coordinates": [ [ [ 106.684362895974232, 10.783468236053372 ], [ 106.684106880053719, 10.782841248311341 ], [ 106.684741979336877, 10.782813666402593 ], [ 106.68518206125043, 10.783323656797767 ], [ 106.684878475630626, 10.783892722706236 ], [ 106.684362895974232, 10.783468236053372 ] ] ] } },
{ "type": "Feature", "properties": { "a5": "7a94099868000000", "resolution": 16, "center_lat": 10.782624269961778, "center_lon": 106.68505168249339, "avg_edge_len": 72.847484091553525, "cell_area": 7917.2613119110465, "cell_perimeter": 364.23742045776766, "code": "770", "name": "Quận 3", "name_en": "District 3", "level": "Quận", "prov_code": "79", "prov_name": "Thành phố Hồ Chí Minh", "region": "Đông Nam Bộ", "pop_2019": 190375.0, "pop_dens": 38852.0, "area": 4.92 }, "geometry": { "type": "Polygon", "coordinates": [ [ [ 106.68518206125043, 10.783323656797767 ], [ 106.684741979336877, 10.782813666402593 ], [ 106.684594529696824, 10.782155189228009 ], [ 106.68522962940142, 10.78212760781846 ], [ 106.685485646726192, 10.782754592348367 ], [ 106.68518206125043, 10.783323656797767 ] ] ] } },
{ "type": "Feature", "properties": { "a5": "7a94099938000000", "resolution": 16, "center_lat": 10.783337912653849, "center_lon": 106.68392893296314, "avg_edge_len": 72.847581111918245, "cell_area": 7917.2613232284784, "cell_perimeter": 364.23790555959124, "code": "770", "name": "Quận 3", "name_en": "District 3", "level": "Quận", "prov_code": "79", "prov_name": "Thành phố Hồ Chí Minh", "region": "Đông Nam Bộ", "pop_2019": 190375.0, "pop_dens": 38852.0, "area": 4.92 }, "geometry": { "type": "Polygon", "coordinates": [ [ [ 106.68405931053303, 10.784037302932267 ], [ 106.683619230327622, 10.783527309713911 ], [ 106.683471781865705, 10.782868829275975 ], [ 106.684106880053719, 10.782841248311341 ], [ 106.684362895974232, 10.783468236053372 ], [ 106.68405931053303, 10.784037302932267 ] ] ] } },
{ "type": "Feature", "properties": { "a5": "7a94099838000000", "resolution": 16, "center_lat": 10.782554460157796, "center_lon": 106.68578877774938, "avg_edge_len": 72.602867624086898, "cell_area": 7917.261514917016, "cell_perimeter": 363.0143381204345, "code": "770", "name": "Quận 3", "name_en": "District 3", "level": "Quận", "prov_code": "79", "prov_name": "Thành phố Hồ Chí Minh", "region": "Đông Nam Bộ", "pop_2019": 190375.0, "pop_dens": 38852.0, "area": 4.92 }, "geometry": { "type": "Polygon", "coordinates": [ [ [ 106.685485646726192, 10.782754592348367 ], [ 106.68522962940142, 10.78212760781846 ], [ 106.68586473020116, 10.782100025465011 ], [ 106.686304813823313, 10.782610013037399 ], [ 106.686001228169062, 10.783179076516191 ], [ 106.685485646726192, 10.782754592348367 ] ] ] } },
{ "type": "Feature", "properties": { "a5": "7a94099458000000", "resolution": 16, "center_lat": 10.78405155771919, "center_lon": 106.68280618528824, "avg_edge_len": 72.847678150534904, "cell_area": 7917.2613333687186, "cell_perimeter": 364.23839075267455, "code": "770", "name": "Quận 3", "name_en": "District 3", "level": "Quận", "prov_code": "79", "prov_name": "Thành phố Hồ Chí Minh", "region": "Đông Nam Bộ", "pop_2019": 190375.0, "pop_dens": 38852.0, "area": 4.92 }, "geometry": { "type": "Polygon", "coordinates": [ [ [ 106.682936561671227, 10.784750951440245 ], [ 106.682496483173736, 10.7842409553983 ], [ 106.682349035889729, 10.783582471696805 ], [ 106.68298413256116, 10.783554891177523 ], [ 106.683240147077754, 10.784181882131945 ], [ 106.682936561671227, 10.784750951440245 ] ] ] } },
{ "type": "Feature", "properties": { "a5": "7a94099488000000", "resolution": 16, "center_lat": 10.783981748588781, "center_lon": 106.68354327711762, "avg_edge_len": 72.602903815970876, "cell_area": 7917.2615167498589, "cell_perimeter": 363.01451907985438, "code": "770", "name": "Quận 3", "name_en": "District 3", "level": "Quận", "prov_code": "79", "prov_name": "Thành phố Hồ Chí Minh", "region": "Đông Nam Bộ", "pop_2019": 190375.0, "pop_dens": 38852.0, "area": 4.92 }, "geometry": { "type": "Polygon", "coordinates": [ [ [ 106.683240147077754, 10.784181882131945 ], [ 106.68298413256116, 10.783554891177523 ], [ 106.683619230327622, 10.783527309713923 ], [ 106.68405931053303, 10.784037302932267 ], [ 106.683755724947787, 10.784606371270295 ], [ 106.683240147077754, 10.784181882131945 ] ] ] } },
{ "type": "Feature", "properties": { "a5": "7a940998c8000000", "resolution": 16, "center_lat": 10.780162374000968, "center_lon": 106.6858839119766, "avg_edge_len": 72.602934481079345, "cell_area": 7917.2614656239748, "cell_perimeter": 363.01467240539671, "code": "770", "name": "Quận 3", "name_en": "District 3", "level": "Quận", "prov_code": "79", "prov_name": "Thành phố Hồ Chí Minh", "region": "Đông Nam Bộ", "pop_2019": 190375.0, "pop_dens": 38852.0, "area": 4.92 }, "geometry": { "type": "Polygon", "coordinates": [ [ [ 106.685580781697809, 10.780362503103417 ], [ 106.685324764560278, 10.77973552046689 ], [ 106.685959864017718, 10.779707942368221 ], [ 106.68639994700311, 10.780217929897061 ], [ 106.686096362298599, 10.780786988198173 ], [ 106.685580781697809, 10.780362503103417 ] ] ] } },
{ "type": "Feature", "properties": { "a5": "7a94099a58000000", "resolution": 16, "center_lat": 10.779238863587292, "center_lon": 106.68550271100125, "avg_edge_len": 72.847352383654524, "cell_area": 7917.2596157230437, "cell_perimeter": 364.23676191827263, "code": "770", "name": "Quận 3", "name_en": "District 3", "level": "Quận", "prov_code": "79", "prov_name": "Thành phố Hồ Chí Minh", "region": "Đông Nam Bộ", "pop_2019": 190375.0, "pop_dens": 38852.0, "area": 4.92 }, "geometry": { "type": "Polygon", "coordinates": [ [ [ 106.685372331566668, 10.778539482093255 ], [ 106.685812413141548, 10.779049471228435 ], [ 106.685959864017718, 10.779707942368221 ], [ 106.685324764560278, 10.77973552046689 ], [ 106.685068747846572, 10.779108537646968 ], [ 106.685372331566668, 10.778539482093255 ] ] ] } },
{ "type": "Feature", "properties": { "a5": "7a94099a98000000", "resolution": 16, "center_lat": 10.778483922449574, "center_lon": 106.6848562989166, "avg_edge_len": 72.603019417352442, "cell_area": 7917.2614760249853, "cell_perimeter": 363.01509708676224, "code": "770", "name": "Quận 3", "name_en": "District 3", "level": "Quận", "prov_code": "79", "prov_name": "Thành phố Hồ Chí Minh", "region": "Đông Nam Bộ", "pop_2019": 190375.0, "pop_dens": 38852.0, "area": 4.92 }, "geometry": { "type": "Polygon", "coordinates": [ [ [ 106.68455316987388, 10.778684049140741 ], [ 106.684297154327282, 10.778057065185568 ], [ 106.68493225092584, 10.778029491785565 ], [ 106.685372331566668, 10.778539482093255 ], [ 106.685068747846572, 10.779108537646968 ], [ 106.68455316987388, 10.778684049140741 ] ] ] } },
{ "type": "Feature", "properties": { "a5": "7a94099ab8000000", "resolution": 16, "center_lat": 10.777560410063227, "center_lon": 106.68447510030296, "avg_edge_len": 72.847393481292315, "cell_area": 7917.2596084624529, "cell_perimeter": 364.23696740646159, "code": "770", "name": "Quận 3", "name_en": "District 3", "level": "Quận", "prov_code": "79", "prov_name": "Thành phố Hồ Chí Minh", "region": "Đông Nam Bộ", "pop_2019": 190375.0, "pop_dens": 38852.0, "area": 4.92 }, "geometry": { "type": "Polygon", "coordinates": [ [ [ 106.684344721939169, 10.776861028240173 ], [ 106.684784801170053, 10.777371020154227 ], [ 106.68493225092584, 10.77802949178559 ], [ 106.684297154327282, 10.778057065185568 ], [ 106.684041139204169, 10.777430081046951 ], [ 106.684344721939169, 10.776861028240173 ] ] ] } },
{ "type": "Feature", "properties": { "a5": "7a94099898000000", "resolution": 16, "center_lat": 10.781910629643642, "center_lon": 106.68617443387858, "avg_edge_len": 72.847387088558278, "cell_area": 7917.261329934001, "cell_perimeter": 364.23693544279138, "code": "770", "name": "Quận 3", "name_en": "District 3", "level": "Quận", "prov_code": "79", "prov_name": "Thành phố Hồ Chí Minh", "region": "Đông Nam Bộ", "pop_2019": 190375.0, "pop_dens": 38852.0, "area": 4.92 }, "geometry": { "type": "Polygon", "coordinates": [ [ [ 106.686304813823313, 10.782610013037399 ], [ 106.68586473020116, 10.782100025465011 ], [ 106.685717279382629, 10.781441551553579 ], [ 106.686352380603807, 10.781413969699546 ], [ 106.686608399333181, 10.782040951017649 ], [ 106.686304813823313, 10.782610013037399 ] ] ] } },
{ "type": "Feature", "properties": { "a5": "7a94098f48000000", "resolution": 16, "center_lat": 10.780917311062328, "center_lon": 106.68653032750946, "avg_edge_len": 72.84731130361584, "cell_area": 7917.2595987915993, "cell_perimeter": 364.23655651807923, "code": "770", "name": "Quận 3", "name_en": "District 3", "level": "Quận", "prov_code": "79", "prov_name": "Thành phố Hồ Chí Minh", "region": "Đông Nam Bộ", "pop_2019": 190375.0, "pop_dens": 38852.0, "area": 4.92 }, "geometry": { "type": "Polygon", "coordinates": [ [ [ 106.68639994700311, 10.780217929897036 ], [ 106.686840030922895, 10.780727916253351 ], [ 106.686987482920244, 10.781386386901843 ], [ 106.686352380603807, 10.781413969699546 ], [ 106.686096362298599, 10.780786988198173 ], [ 106.68639994700311, 10.780217929897036 ] ] ] } },
{ "type": "Feature", "properties": { "a5": "7a94098f68000000", "resolution": 16, "center_lat": 10.781840819503609, "center_lon": 106.68691153084785, "avg_edge_len": 72.602849557106993, "cell_area": 7917.2614870592952, "cell_perimeter": 363.01424778553496, "code": "770", "name": "Quận 3", "name_en": "District 3", "level": "Quận", "prov_code": "79", "prov_name": "Thành phố Hồ Chí Minh", "region": "Đông Nam Bộ", "pop_2019": 190375.0, "pop_dens": 38852.0, "area": 4.92 }, "geometry": { "type": "Polygon", "coordinates": [ [ [ 106.686608399333181, 10.782040951017649 ], [ 106.686352380603807, 10.781413969699546 ], [ 106.686987482920244, 10.781386386901843 ], [ 106.68742756825111, 10.781896371651838 ], [ 106.687123982562753, 10.782465432700814 ], [ 106.686608399333181, 10.782040951017649 ] ] ] } },
{ "type": "Feature", "properties": { "a5": "7a94099bc8000000", "resolution": 16, "center_lat": 10.776805464849168, "center_lon": 106.68382869166535, "avg_edge_len": 72.603104362890875, "cell_area": 7917.261488199234, "cell_perimeter": 363.01552181445436, "code": "770", "name": "Quận 3", "name_en": "District 3", "level": "Quận", "prov_code": "79", "prov_name": "Thành phố Hồ Chí Minh", "region": "Đông Nam Bộ", "pop_2019": 190375.0, "pop_dens": 38852.0, "area": 4.92 }, "geometry": { "type": "Polygon", "coordinates": [ [ [ 106.683525563858893, 10.777005589129297 ], [ 106.68326954990232, 10.77637860385536 ], [ 106.683904643642222, 10.776351035153652 ], [ 106.684344721939169, 10.776861028240186 ], [ 106.684041139204169, 10.777430081046951 ], [ 106.683525563858893, 10.777005589129297 ] ] ] } },
{ "type": "Feature", "properties": { "a5": "7a94099ba8000000", "resolution": 16, "center_lat": 10.775881950489916, "center_lon": 106.6834474954122, "avg_edge_len": 72.847434596246472, "cell_area": 7917.2595691569149, "cell_perimeter": 364.23717298123239, "code": "770", "name": "Quận 3", "name_en": "District 3", "level": "Quận", "prov_code": "79", "prov_name": "Thành phố Hồ Chí Minh", "region": "Đông Nam Bộ", "pop_2019": 190375.0, "pop_dens": 38852.0, "area": 4.92 }, "geometry": { "type": "Polygon", "coordinates": [ [ [ 106.683317118118453, 10.775182568337597 ], [ 106.683757195006024, 10.775692563030541 ], [ 106.683904643642222, 10.776351035153652 ], [ 106.68326954990232, 10.77637860385536 ], [ 106.68301353636889, 10.775751618397866 ], [ 106.683317118118453, 10.775182568337597 ] ] ] } },
{ "type": "Feature", "properties": { "a5": "7a94099b68000000", "resolution": 16, "center_lat": 10.775127001199511, "center_lon": 106.68280109022055, "avg_edge_len": 72.603189325036766, "cell_area": 7917.2614942640066, "cell_perimeter": 363.0159466251838, "code": "770", "name": "Quận 3", "name_en": "District 3", "level": "Quận", "prov_code": "79", "prov_name": "Thành phố Hồ Chí Minh", "region": "Đông Nam Bộ", "pop_2019": 190375.0, "pop_dens": 38852.0, "area": 4.92 }, "geometry": { "type": "Polygon", "coordinates": [ [ [ 106.682497963650349, 10.775327123068893 ], [ 106.682241951283004, 10.774700136476005 ], [ 106.682877042164591, 10.774672572472213 ], [ 106.683317118118453, 10.775182568337597 ], [ 106.68301353636889, 10.775751618397866 ], [ 106.682497963650349, 10.775327123068893 ] ] ] } },
{ "type": "Feature", "properties": { "a5": "7a94099b48000000", "resolution": 16, "center_lat": 10.774203484867162, "center_lon": 106.68241989632658, "avg_edge_len": 72.847475728552979, "cell_area": 7917.25961586833, "cell_perimeter": 364.2373786427649, "code": "770", "name": "Quận 3", "name_en": "District 3", "level": "Quận", "prov_code": "79", "prov_name": "Thành phố Hồ Chí Minh", "region": "Đông Nam Bộ", "pop_2019": 190375.0, "pop_dens": 38852.0, "area": 4.92 }, "geometry": { "type": "Polygon", "coordinates": [ [ [ 106.682289520101904, 10.773504102385255 ], [ 106.682729594646844, 10.774014099857057 ], [ 106.682877042164591, 10.774672572472213 ], [ 106.682241951283004, 10.774700136476005 ], [ 106.681985939338574, 10.774073149699465 ], [ 106.682289520101904, 10.773504102385255 ] ] ] } },
{ "type": "Feature", "properties": { "a5": "7a94099eb8000000", "resolution": 16, "center_lat": 10.774273270079, "center_lon": 106.68168281414505, "avg_edge_len": 72.603226164509692, "cell_area": 7917.2594527825713, "cell_perimeter": 363.01613082254846, "code": "770", "name": "Quận 3", "name_en": "District 3", "level": "Quận", "prov_code": "79", "prov_name": "Thành phố Hồ Chí Minh", "region": "Đông Nam Bộ", "pop_2019": 190375.0, "pop_dens": 38852.0, "area": 4.92 }, "geometry": { "type": "Polygon", "coordinates": [ [ [ 106.681985939338574, 10.774073149699465 ], [ 106.682241951283004, 10.774700136476005 ], [ 106.681606861496107, 10.774727699535926 ], [ 106.681166788660335, 10.774217699242929 ], [ 106.681470369245972, 10.773648650959256 ], [ 106.681985939338574, 10.774073149699465 ] ] ] } },
{ "type": "Feature", "properties": { "a5": "7a940996d8000000", "resolution": 16, "center_lat": 10.782807022374316, "center_lon": 106.67988899742632, "avg_edge_len": 72.847837347530984, "cell_area": 7917.2595980241895, "cell_perimeter": 364.2391867376549, "code": "770", "name": "Quận 3", "name_en": "District 3", "level": "Quận", "prov_code": "79", "prov_name": "Thành phố Hồ Chí Minh", "region": "Đông Nam Bộ", "pop_2019": 190375.0, "pop_dens": 38852.0, "area": 4.92 }, "geometry": { "type": "Polygon", "coordinates": [ [ [ 106.679758623929956, 10.78210762367198 ], [ 106.680198696962975, 10.782617626920851 ], [ 106.68034614194687, 10.783276114375033 ], [ 106.679711050071319, 10.783303690246724 ], [ 106.679455040378912, 10.782676691367737 ], [ 106.679758623929956, 10.78210762367198 ] ] ] } },
{ "type": "Feature", "properties": { "a5": "7a940997b8000000", "resolution": 16, "center_lat": 10.78205206036619, "center_lon": 106.67924259792423, "avg_edge_len": 72.603109891671892, "cell_area": 7917.2614439055324, "cell_perimeter": 363.01554945835943, "code": "770", "name": "Quận 3", "name_en": "District 3", "level": "Quận", "prov_code": "79", "prov_name": "Thành phố Hồ Chí Minh", "region": "Đông Nam Bộ", "pop_2019": 190375.0, "pop_dens": 38852.0, "area": 4.92 }, "geometry": { "type": "Polygon", "coordinates": [ [ [ 106.678939471337685, 10.78225219043561 ], [ 106.678683462812955, 10.781625190422627 ], [ 106.679318551831102, 10.781597619250888 ], [ 106.679758623929956, 10.78210762367198 ], [ 106.679455040378912, 10.782676691367737 ], [ 106.678939471337685, 10.78225219043561 ] ] ] } },
{ "type": "Feature", "properties": { "a5": "7a94099c28000000", "resolution": 16, "center_lat": 10.781128524309826, "center_lon": 106.67886140970435, "avg_edge_len": 72.847878353382072, "cell_area": 7917.2595875412226, "cell_perimeter": 364.23939176691039, "code": "770", "name": "Quận 3", "name_en": "District 3", "level": "Quận", "prov_code": "79", "prov_name": "Thành phố Hồ Chí Minh", "region": "Đông Nam Bộ", "pop_2019": 190375.0, "pop_dens": 38852.0, "area": 4.92 }, "geometry": { "type": "Polygon", "coordinates": [ [ [ 106.678731037280386, 10.780429125281074 ], [ 106.679171107968955, 10.780939131307569 ], [ 106.679318551831102, 10.781597619250888 ], [ 106.678683462812955, 10.781625190422627 ], [ 106.678427454712278, 10.780998190226992 ], [ 106.678731037280386, 10.780429125281074 ] ] ] } },
{ "type": "Feature", "properties": { "a5": "7a94099d58000000", "resolution": 16, "center_lat": 10.780373558227225, "center_lon": 106.67821501365, "avg_edge_len": 72.603194806992889, "cell_area": 7917.2614753618836, "cell_perimeter": 363.01597403496442, "code": "770", "name": "Quận 3", "name_en": "District 3", "level": "Quận", "prov_code": "79", "prov_name": "Thành phố Hồ Chí Minh", "region": "Đông Nam Bộ", "pop_2019": 190375.0, "pop_dens": 38852.0, "area": 4.92 }, "geometry": { "type": "Polygon", "coordinates": [ [ [ 106.677911888298468, 10.780573685884242 ], [ 106.677655881365013, 10.779946684554565 ], [ 106.678290967525868, 10.779919118082386 ], [ 106.678731037280386, 10.780429125281074 ], [ 106.678427454712278, 10.780998190226992 ], [ 106.677911888298468, 10.780573685884242 ] ] ] } },
{ "type": "Feature", "properties": { "a5": "7a94099d78000000", "resolution": 16, "center_lat": 10.779450020201031, "center_lon": 106.67783382779226, "avg_edge_len": 72.847919373056058, "cell_area": 7917.2596203424037, "cell_perimeter": 364.2395968652803, "code": "770", "name": "Quận 3", "name_en": "District 3", "level": "Quận", "prov_code": "79", "prov_name": "Thành phố Hồ Chí Minh", "region": "Đông Nam Bộ", "pop_2019": 190375.0, "pop_dens": 38852.0, "area": 4.92 }, "geometry": { "type": "Polygon", "coordinates": [ [ [ 106.677703456439872, 10.778750620845587 ], [ 106.678143524784559, 10.779260629649688 ], [ 106.678290967525868, 10.779919118082399 ], [ 106.677655881365013, 10.779946684554565 ], [ 106.677399874855155, 10.779319683042141 ], [ 106.677703456439872, 10.778750620845587 ] ] ] } },
{ "type": "Feature", "properties": { "a5": "7a940996b8000000", "resolution": 16, "center_lat": 10.783841674795033, "center_lon": 106.68130224606392, "avg_edge_len": 72.602958731700568, "cell_area": 7917.2594028711319, "cell_perimeter": 363.01479365850287, "code": "770", "name": "Quận 3", "name_en": "District 3", "level": "Quận", "prov_code": "79", "prov_name": "Thành phố Hồ Chí Minh", "region": "Đông Nam Bộ", "pop_2019": 190375.0, "pop_dens": 38852.0, "area": 4.92 }, "geometry": { "type": "Polygon", "coordinates": [ [ [ 106.68160537423546, 10.783641542066604 ], [ 106.68186138692397, 10.784268536416343 ], [ 106.681226291769121, 10.7842961164898 ], [ 106.680786216390743, 10.783786116018533 ], [ 106.681089800780342, 10.783217047031396 ], [ 106.68160537423546, 10.783641542066604 ] ] ] } },
{ "type": "Feature", "properties": { "a5": "7a940996a8000000", "resolution": 16, "center_lat": 10.784485514394717, "center_lon": 106.68091659096051, "avg_edge_len": 72.847796360796579, "cell_area": 7917.2596085816622, "cell_perimeter": 364.23898180398288, "code": "770", "name": "Quận 3", "name_en": "District 3", "level": "Quận", "prov_code": "79", "prov_name": "Thành phố Hồ Chí Minh", "region": "Đông Nam Bộ", "pop_2019": 190375.0, "pop_dens": 38852.0, "area": 4.92 }, "geometry": { "type": "Polygon", "coordinates": [ [ [ 106.680786216390743, 10.783786116018533 ], [ 106.681226291769121, 10.7842961164898 ], [ 106.681373737875674, 10.784954603455066 ], [ 106.68073864314249, 10.784982184027083 ], [ 106.680482631857444, 10.784355186464557 ], [ 106.680786216390743, 10.783786116018533 ] ] ] } },
{ "type": "Feature", "properties": { "a5": "7a940996f8000000", "resolution": 16, "center_lat": 10.783730556461061, "center_lon": 106.6802701880095, "avg_edge_len": 72.603024982017359, "cell_area": 7917.2614849954844, "cell_perimeter": 363.0151249100868, "code": "770", "name": "Quận 3", "name_en": "District 3", "level": "Quận", "prov_code": "79", "prov_name": "Thành phố Hồ Chí Minh", "region": "Đông Nam Bộ", "pop_2019": 190375.0, "pop_dens": 38852.0, "area": 4.92 }, "geometry": { "type": "Polygon", "coordinates": [ [ [ 106.679967060188119, 10.783930688943164 ], [ 106.679711050071319, 10.783303690246724 ], [ 106.68034614194687, 10.783276114375033 ], [ 106.680786216390743, 10.783786116018533 ], [ 106.680482631857444, 10.784355186464557 ], [ 106.679967060188119, 10.783930688943164 ] ] ] } },
{ "type": "Feature", "properties": { "a5": "7a94099468000000", "resolution": 16, "center_lat": 10.784695396364246, "center_lon": 106.68242052958506, "avg_edge_len": 72.602921941510331, "cell_area": 7917.261465407908, "cell_perimeter": 363.01460970755164, "code": "770", "name": "Quận 3", "name_en": "District 3", "level": "Quận", "prov_code": "79", "prov_name": "Thành phố Hồ Chí Minh", "region": "Đông Nam Bộ", "pop_2019": 190375.0, "pop_dens": 38852.0, "area": 4.92 }, "geometry": { "type": "Polygon", "coordinates": [ [ [ 106.682117400036987, 10.784895530583432 ], [ 106.68186138692397, 10.784268536416343 ], [ 106.682496483173736, 10.7842409553983 ], [ 106.682936561671227, 10.784750951440245 ], [ 106.682632976120999, 10.785320022207689 ], [ 106.682117400036987, 10.784895530583432 ] ] ] } },
{ "type": "Feature", "properties": { "a5": "7a94099698000000", "resolution": 16, "center_lat": 10.784765205157091, "center_lon": 106.68168343946903, "avg_edge_len": 72.847775204721657, "cell_area": 7917.2613373473287, "cell_perimeter": 364.23887602360827, "code": "770", "name": "Quận 3", "name_en": "District 3", "level": "Quận", "prov_code": "79", "prov_name": "Thành phố Hồ Chí Minh", "region": "Đông Nam Bộ", "pop_2019": 190375.0, "pop_dens": 38852.0, "area": 4.92 }, "geometry": { "type": "Polygon", "coordinates": [ [ [ 106.681813814665475, 10.785464602320983 ], [ 106.681373737875674, 10.784954603455054 ], [ 106.681226291769121, 10.7842961164898 ], [ 106.68186138692397, 10.784268536416331 ], [ 106.682117400036987, 10.784895530583432 ], [ 106.681813814665475, 10.785464602320983 ] ] ] } },
{ "type": "Feature", "properties": { "a5": "7a94099ef8000000", "resolution": 16, "center_lat": 10.774162127625923, "center_lon": 106.68065076446652, "avg_edge_len": 72.603292331622015, "cell_area": 7917.2614891454577, "cell_perimeter": 363.01646165811007, "code": "770", "name": "Quận 3", "name_en": "District 3", "level": "Quận", "prov_code": "79", "prov_name": "Thành phố Hồ Chí Minh", "region": "Đông Nam Bộ", "pop_2019": 190375.0, "pop_dens": 38852.0, "area": 4.92 }, "geometry": { "type": "Polygon", "coordinates": [ [ [ 106.680347639623164, 10.774362247759999 ], [ 106.680091630249876, 10.773735256638235 ], [ 106.680726716757817, 10.773707697777528 ], [ 106.681166788660335, 10.774217699242929 ], [ 106.680863207928951, 10.774786748984051 ], [ 106.680347639623164, 10.774362247759999 ] ] ] } },
{ "type": "Feature", "properties": { "a5": "7a94099ee8000000", "resolution": 16, "center_lat": 10.773518314205099, "center_lon": 106.68103641406907, "avg_edge_len": 72.847592547835319, "cell_area": 7917.2613180764019, "cell_perimeter": 364.23796273917662, "code": "770", "name": "Quận 3", "name_en": "District 3", "level": "Quận", "prov_code": "79", "prov_name": "Thành phố Hồ Chí Minh", "region": "Đông Nam Bộ", "pop_2019": 190375.0, "pop_dens": 38852.0, "area": 4.92 }, "geometry": { "type": "Polygon", "coordinates": [ [ [ 106.681166788660335, 10.774217699242929 ], [ 106.680726716757817, 10.773707697777528 ], [ 106.680579271538249, 10.773049221409574 ], [ 106.681214358467059, 10.773021663047261 ], [ 106.681470369245972, 10.773648650959256 ], [ 106.681166788660335, 10.774217699242929 ] ] ] } },
{ "type": "Feature", "properties": { "a5": "7a94099818000000", "resolution": 16, "center_lat": 10.784023044519374, "center_lon": 106.68531244045444, "avg_edge_len": 72.847464251724517, "cell_area": 7917.2595965526998, "cell_perimeter": 364.23732125862256, "code": "770", "name": "Quận 3", "name_en": "District 3", "level": "Quận", "prov_code": "79", "prov_name": "Thành phố Hồ Chí Minh", "region": "Đông Nam Bộ", "pop_2019": 190375.0, "pop_dens": 38852.0, "area": 4.92 }, "geometry": { "type": "Polygon", "coordinates": [ [ [ 106.68518206125043, 10.783323656797767 ], [ 106.685622144098716, 10.783833646020506 ], [ 106.685769594861426, 10.784492122705002 ], [ 106.685134492719612, 10.784519709313678 ], [ 106.684878475630626, 10.783892722706236 ], [ 106.68518206125043, 10.783323656797767 ] ] ] } },
{ "type": "Feature", "properties": { "a5": "7a94099828000000", "resolution": 16, "center_lat": 10.783379209628574, "center_lon": 106.68569809728729, "avg_edge_len": 72.602819510855312, "cell_area": 7917.2594524919987, "cell_perimeter": 363.01409755427653, "code": "770", "name": "Quận 3", "name_en": "District 3", "level": "Quận", "prov_code": "79", "prov_name": "Thành phố Hồ Chí Minh", "region": "Đông Nam Bộ", "pop_2019": 190375.0, "pop_dens": 38852.0, "area": 4.92 }, "geometry": { "type": "Polygon", "coordinates": [ [ [ 106.686001228169062, 10.783179076516191 ], [ 106.686257246662194, 10.783806059911257 ], [ 106.685622144098716, 10.783833646020506 ], [ 106.68518206125043, 10.783323656797767 ], [ 106.685485646726192, 10.782754592348367 ], [ 106.686001228169062, 10.783179076516191 ] ] ] } },
{ "type": "Feature", "properties": { "a5": "7a94099848000000", "resolution": 16, "center_lat": 10.784092856495109, "center_lon": 106.68457534524059, "avg_edge_len": 72.60283759669916, "cell_area": 7917.2594723254442, "cell_perimeter": 363.01418798349579, "code": "770", "name": "Quận 3", "name_en": "District 3", "level": "Quận", "prov_code": "79", "prov_name": "Thành phố Hồ Chí Minh", "region": "Đông Nam Bộ", "pop_2019": 190375.0, "pop_dens": 38852.0, "area": 4.92 }, "geometry": { "type": "Polygon", "coordinates": [ [ [ 106.684878475630626, 10.783892722706236 ], [ 106.685134492719612, 10.784519709313678 ], [ 106.684499391673057, 10.784547294978264 ], [ 106.68405931053303, 10.784037302932267 ], [ 106.684362895974232, 10.783468236053372 ], [ 106.684878475630626, 10.783892722706236 ] ] ] } },
{ "type": "Feature", "properties": { "a5": "7a94099438000000", "resolution": 16, "center_lat": 10.784736694096578, "center_lon": 106.68418968854999, "avg_edge_len": 72.847561283847412, "cell_area": 7917.2595815472305, "cell_perimeter": 364.23780641923707, "code": "770", "name": "Quận 3", "name_en": "District 3", "level": "Quận", "prov_code": "79", "prov_name": "Thành phố Hồ Chí Minh", "region": "Đông Nam Bộ", "pop_2019": 190375.0, "pop_dens": 38852.0, "area": 4.92 }, "geometry": { "type": "Polygon", "coordinates": [ [ [ 106.68405931053303, 10.784037302932267 ], [ 106.684499391673057, 10.784547294978264 ], [ 106.684646841257972, 10.785205774926595 ], [ 106.684011740633082, 10.785233361090379 ], [ 106.683755724947787, 10.784606371270295 ], [ 106.68405931053303, 10.784037302932267 ] ] ] } },
{ "type": "Feature", "properties": { "a5": "7a94098f78000000", "resolution": 16, "center_lat": 10.782665565136544, "center_lon": 106.68682085118935, "avg_edge_len": 72.602801435955783, "cell_area": 7917.2594282701612, "cell_perimeter": 363.0140071797789, "code": "770", "name": "Quận 3", "name_en": "District 3", "level": "Quận", "prov_code": "79", "prov_name": "Thành phố Hồ Chí Minh", "region": "Đông Nam Bộ", "pop_2019": 190375.0, "pop_dens": 38852.0, "area": 4.92 }, "geometry": { "type": "Polygon", "coordinates": [ [ [ 106.687123982562753, 10.782465432700826 ], [ 106.687380002460259, 10.783092412883823 ], [ 106.686744898380084, 10.783119999437284 ], [ 106.686304813823313, 10.782610013037399 ], [ 106.686608399333181, 10.782040951017649 ], [ 106.687123982562753, 10.782465432700826 ] ] ] } },
{ "type": "Feature", "properties": { "a5": "7a94098fd8000000", "resolution": 16, "center_lat": 10.78330939731647, "center_lon": 106.68643519421461, "avg_edge_len": 72.847367235736314, "cell_area": 7917.2596041858196, "cell_perimeter": 364.23683617868159, "code": "770", "name": "Quận 3", "name_en": "District 3", "level": "Quận", "prov_code": "79", "prov_name": "Thành phố Hồ Chí Minh", "region": "Đông Nam Bộ", "pop_2019": 190375.0, "pop_dens": 38852.0, "area": 4.92 }, "geometry": { "type": "Polygon", "coordinates": [ [ [ 106.686304813823199, 10.782610013037386 ], [ 106.686744898380084, 10.783119999437284 ], [ 106.686892350320818, 10.783778472858135 ], [ 106.686257246662194, 10.783806059911257 ], [ 106.686001228169062, 10.783179076516177 ], [ 106.686304813823199, 10.782610013037386 ] ] ] } },
{ "type": "Feature", "properties": { "a5": "7a94099498000000", "resolution": 16, "center_lat": 10.784806505735485, "center_lon": 106.68345259504957, "avg_edge_len": 72.602855706897529, "cell_area": 7917.2594653367996, "cell_perimeter": 363.01427853448763, "code": "770", "name": "Quận 3", "name_en": "District 3", "level": "Quận", "prov_code": "79", "prov_name": "Thành phố Hồ Chí Minh", "region": "Đông Nam Bộ", "pop_2019": 190375.0, "pop_dens": 38852.0, "area": 4.92 }, "geometry": { "type": "Polygon", "coordinates": [ [ [ 106.683755724947787, 10.784606371270295 ], [ 106.684011740633082, 10.785233361090379 ], [ 106.683376641103337, 10.785260946309879 ], [ 106.682936561671227, 10.784750951440245 ], [ 106.683240147077754, 10.784181882131945 ], [ 106.683755724947787, 10.784606371270295 ] ] ] } },
{ "type": "Feature", "properties": { "a5": "7a940994a8000000", "resolution": 16, "center_lat": 10.785450346047456, "center_lon": 106.68306693850154, "avg_edge_len": 72.847658328857776, "cell_area": 7917.2595958672464, "cell_perimeter": 364.23829164428889, "code": "770", "name": "Quận 3", "name_en": "District 3", "level": "Quận", "prov_code": "79", "prov_name": "Thành phố Hồ Chí Minh", "region": "Đông Nam Bộ", "pop_2019": 190375.0, "pop_dens": 38852.0, "area": 4.92 }, "geometry": { "type": "Polygon", "coordinates": [ [ [ 106.682936561671227, 10.784750951440245 ], [ 106.683376641103337, 10.785260946309879 ], [ 106.683524089510684, 10.785919429522238 ], [ 106.682888990402716, 10.785947015240705 ], [ 106.682632976120999, 10.785320022207689 ], [ 106.682936561671227, 10.784750951440245 ] ] ] } },
{ "type": "Feature", "properties": { "a5": "7a94098dc8000000", "resolution": 16, "center_lat": 10.780273485012691, "center_lon": 106.6869159833216, "avg_edge_len": 72.602868318619471, "cell_area": 7917.2594329342246, "cell_perimeter": 363.01434159309736, "code": "770", "name": "Quận 3", "name_en": "District 3", "level": "Quận", "prov_code": "79", "prov_name": "Thành phố Hồ Chí Minh", "region": "Đông Nam Bộ", "pop_2019": 190375.0, "pop_dens": 38852.0, "area": 4.92 }, "geometry": { "type": "Polygon", "coordinates": [ [ [ 106.687219113950619, 10.780073355665307 ], [ 106.687475133660769, 10.780700333955295 ], [ 106.686840030922895, 10.780727916253351 ], [ 106.68639994700311, 10.780217929897036 ], [ 106.686703531562898, 10.779648873054601 ], [ 106.687219113950619, 10.780073355665307 ] ] ] } },
{ "type": "Feature", "properties": { "a5": "7a94099a48000000", "resolution": 16, "center_lat": 10.779518549616531, "center_lon": 106.68626956694271, "avg_edge_len": 72.847331178110011, "cell_area": 7917.2613184414804, "cell_perimeter": 364.23665589055003, "code": "770", "name": "Quận 3", "name_en": "District 3", "level": "Quận", "prov_code": "79", "prov_name": "Thành phố Hồ Chí Minh", "region": "Đông Nam Bộ", "pop_2019": 190375.0, "pop_dens": 38852.0, "area": 4.92 }, "geometry": { "type": "Polygon", "coordinates": [ [ [ 106.68639994700311, 10.780217929897061 ], [ 106.685959864017718, 10.779707942368221 ], [ 106.685812413141548, 10.779049471228435 ], [ 106.686447513020198, 10.779021893629196 ], [ 106.686703531562898, 10.779648873054601 ], [ 106.68639994700311, 10.780217929897061 ] ] ] } },
{ "type": "Feature", "properties": { "a5": "7a94099a68000000", "resolution": 16, "center_lat": 10.7785950409564, "center_lon": 106.68588836550839, "avg_edge_len": 72.602953256011673, "cell_area": 7917.2594465389848, "cell_perimeter": 363.01476628005838, "code": "770", "name": "Quận 3", "name_en": "District 3", "level": "Quận", "prov_code": "79", "prov_name": "Thành phố Hồ Chí Minh", "region": "Đông Nam Bộ", "pop_2019": 190375.0, "pop_dens": 38852.0, "area": 4.92 }, "geometry": { "type": "Polygon", "coordinates": [ [ [ 106.686191494901323, 10.778394914020257 ], [ 106.686447513020198, 10.779021893629196 ], [ 106.685812413141548, 10.779049471228435 ], [ 106.685372331566668, 10.778539482093255 ], [ 106.685675915141701, 10.777970427997891 ], [ 106.686191494901323, 10.778394914020257 ] ] ] } },
{ "type": "Feature", "properties": { "a5": "7a94099aa8000000", "resolution": 16, "center_lat": 10.777840101483655, "center_lon": 106.6852419525775, "avg_edge_len": 72.847372272262248, "cell_area": 7917.2613286748528, "cell_perimeter": 364.23686136131124, "code": "770", "name": "Quận 3", "name_en": "District 3", "level": "Quận", "prov_code": "79", "prov_name": "Thành phố Hồ Chí Minh", "region": "Đông Nam Bộ", "pop_2019": 190375.0, "pop_dens": 38852.0, "area": 4.92 }, "geometry": { "type": "Polygon", "coordinates": [ [ [ 106.685372331566668, 10.778539482093255 ], [ 106.68493225092584, 10.778029491785565 ], [ 106.684784801170053, 10.777371020154227 ], [ 106.685419898189821, 10.777343447253461 ], [ 106.685675915141701, 10.777970427997891 ], [ 106.685372331566668, 10.778539482093255 ] ] ] } },
{ "type": "Feature", "properties": { "a5": "7a94099ac8000000", "resolution": 16, "center_lat": 10.776916590850574, "center_lon": 106.68486075350454, "avg_edge_len": 72.603038211210631, "cell_area": 7917.2594431042671, "cell_perimeter": 363.01519105605314, "code": "770", "name": "Quận 3", "name_en": "District 3", "level": "Quận", "prov_code": "79", "prov_name": "Thành phố Hồ Chí Minh", "region": "Đông Nam Bộ", "pop_2019": 190375.0, "pop_dens": 38852.0, "area": 4.92 }, "geometry": { "type": "Polygon", "coordinates": [ [ [ 106.685163881661197, 10.776716466325386 ], [ 106.685419898189821, 10.777343447253461 ], [ 106.684784801170053, 10.777371020154227 ], [ 106.684344721939169, 10.776861028240173 ], [ 106.684648304528992, 10.776291976891466 ], [ 106.685163881661197, 10.776716466325386 ] ] ] } },
{ "type": "Feature", "properties": { "a5": "7a94099bb8000000", "resolution": 16, "center_lat": 10.776161647301249, "center_lon": 106.6842143440204, "avg_edge_len": 72.847413383025355, "cell_area": 7917.2613363415003, "cell_perimeter": 364.23706691512677, "code": "770", "name": "Quận 3", "name_en": "District 3", "level": "Quận", "prov_code": "79", "prov_name": "Thành phố Hồ Chí Minh", "region": "Đông Nam Bộ", "pop_2019": 190375.0, "pop_dens": 38852.0, "area": 4.92 }, "geometry": { "type": "Polygon", "coordinates": [ [ [ 106.684344721939169, 10.776861028240173 ], [ 106.683904643642222, 10.776351035153652 ], [ 106.68375719500591, 10.775692563030516 ], [ 106.684392289166908, 10.77566499482783 ], [ 106.684648304528992, 10.776291976891466 ], [ 106.684344721939169, 10.776861028240173 ] ] ] } },
{ "type": "Feature", "properties": { "a5": "7a94098f58000000", "resolution": 16, "center_lat": 10.781196991700098, "center_lon": 106.68729718711852, "avg_edge_len": 72.84729010353314, "cell_area": 7917.2613298892975, "cell_perimeter": 364.23645051766573, "code": "770", "name": "Quận 3", "name_en": "District 3", "level": "Quận", "prov_code": "79", "prov_name": "Thành phố Hồ Chí Minh", "region": "Đông Nam Bộ", "pop_2019": 190375.0, "pop_dens": 38852.0, "area": 4.92 }, "geometry": { "type": "Polygon", "coordinates": [ [ [ 106.68742756825111, 10.781896371651838 ], [ 106.686987482920244, 10.781386386901843 ], [ 106.686840030922895, 10.780727916253351 ], [ 106.687475133660769, 10.780700333955295 ], [ 106.687731153794971, 10.781327312061844 ], [ 106.68742756825111, 10.781896371651838 ] ] ] } },
{ "type": "Feature", "properties": { "a5": "7a94098f98000000", "resolution": 16, "center_lat": 10.781951923019713, "center_lon": 106.68794360694656, "avg_edge_len": 72.60278339045766, "cell_area": 7917.2594295069575, "cell_perimeter": 363.0139169522883, "code": "770", "name": "Quận 3", "name_en": "District 3", "level": "Quận", "prov_code": "79", "prov_name": "Thành phố Hồ Chí Minh", "region": "Đông Nam Bộ", "pop_2019": 190375.0, "pop_dens": 38852.0, "area": 4.92 }, "geometry": { "type": "Polygon", "coordinates": [ [ [ 106.688246738811472, 10.781751791260824 ], [ 106.688502760113806, 10.782378768232 ], [ 106.687867654516594, 10.78240635522927 ], [ 106.68742756825111, 10.781896371651838 ], [ 106.687731153794971, 10.781327312061844 ], [ 106.688246738811472, 10.781751791260824 ] ] ] } },
{ "type": "Feature", "properties": { "a5": "7a94098fa8000000", "resolution": 16, "center_lat": 10.782595752488636, "center_lon": 106.68755794983015, "avg_edge_len": 72.847270239518068, "cell_area": 7917.2596441991627, "cell_perimeter": 364.23635119759035, "code": "770", "name": "Quận 3", "name_en": "District 3", "level": "Quận", "prov_code": "79", "prov_name": "Thành phố Hồ Chí Minh", "region": "Đông Nam Bộ", "pop_2019": 190375.0, "pop_dens": 38852.0, "area": 4.92 }, "geometry": { "type": "Polygon", "coordinates": [ [ [ 106.68742756825111, 10.781896371651838 ], [ 106.687867654516594, 10.78240635522927 ], [ 106.68801510763592, 10.783064825386703 ], [ 106.687380002460259, 10.783092412883796 ], [ 106.687123982562753, 10.782465432700814 ], [ 106.68742756825111, 10.781896371651838 ] ] ] } },
{ "type": "Feature", "properties": { "a5": "7a94099b58000000", "resolution": 16, "center_lat": 10.774483187069055, "center_lon": 106.68318674126914, "avg_edge_len": 72.847454510964212, "cell_area": 7917.2613385468721, "cell_perimeter": 364.23727255482106, "code": "770", "name": "Quận 3", "name_en": "District 3", "level": "Quận", "prov_code": "79", "prov_name": "Thành phố Hồ Chí Minh", "region": "Đông Nam Bộ", "pop_2019": 190375.0, "pop_dens": 38852.0, "area": 4.92 }, "geometry": { "type": "Polygon", "coordinates": [ [ [ 106.683317118118453, 10.775182568337597 ], [ 106.682877042164591, 10.774672572472213 ], [ 106.682729594646844, 10.774014099857057 ], [ 106.6833646859493, 10.773986536352067 ], [ 106.683620699722383, 10.774613519735084 ], [ 106.683317118118453, 10.775182568337597 ] ] ] } },
{ "type": "Feature", "properties": { "a5": "7a94099b98000000", "resolution": 16, "center_lat": 10.775238134694957, "center_lon": 106.68383314730757, "avg_edge_len": 72.60312317055832, "cell_area": 7917.2594629526138, "cell_perimeter": 363.0156158527916, "code": "770", "name": "Quận 3", "name_en": "District 3", "level": "Quận", "prov_code": "79", "prov_name": "Thành phố Hồ Chí Minh", "region": "Đông Nam Bộ", "pop_2019": 190375.0, "pop_dens": 38852.0, "area": 4.92 }, "geometry": { "type": "Polygon", "coordinates": [ [ [ 106.684136274227967, 10.775038012580472 ], [ 106.684392289166908, 10.77566499482783 ], [ 106.683757195006024, 10.775692563030541 ], [ 106.683317118118453, 10.775182568337597 ], [ 106.683620699722383, 10.774613519735084 ], [ 106.684136274227967, 10.775038012580472 ] ] ] } },
{ "type": "Feature", "properties": { "a5": "7a94099ec8000000", "resolution": 16, "center_lat": 10.773448531500373, "center_lon": 106.68177349457973, "avg_edge_len": 72.603274292989781, "cell_area": 7917.2614886462688, "cell_perimeter": 363.01637146494892, "code": "770", "name": "Quận 3", "name_en": "District 3", "level": "Quận", "prov_code": "79", "prov_name": "Thành phố Hồ Chí Minh", "region": "Đông Nam Bộ", "pop_2019": 190375.0, "pop_dens": 38852.0, "area": 4.92 }, "geometry": { "type": "Polygon", "coordinates": [ [ [ 106.681470369245972, 10.773648650959256 ], [ 106.681214358467059, 10.773021663047261 ], [ 106.681849446490332, 10.772994103741015 ], [ 106.682289520101904, 10.773504102385255 ], [ 106.681985939338574, 10.774073149699465 ], [ 106.681470369245972, 10.773648650959256 ] ] ] } },
{ "type": "Feature", "properties": { "a5": "7a9409a048000000", "resolution": 16, "center_lat": 10.772804720786853, "center_lon": 106.6821591443212, "avg_edge_len": 72.84749565445523, "cell_area": 7917.26130278036, "cell_perimeter": 364.23747827227618, "code": "770", "name": "Quận 3", "name_en": "District 3", "level": "Quận", "prov_code": "79", "prov_name": "Thành phố Hồ Chí Minh", "region": "Đông Nam Bộ", "pop_2019": 190375.0, "pop_dens": 38852.0, "area": 4.92 }, "geometry": { "type": "Polygon", "coordinates": [ [ [ 106.682289520101904, 10.773504102385255 ], [ 106.681849446490332, 10.772994103741015 ], [ 106.681702000090468, 10.772335630633592 ], [ 106.682337088534496, 10.772308071825943 ], [ 106.682593100719487, 10.772935056528482 ], [ 106.682289520101904, 10.773504102385255 ] ] ] } },
{ "type": "Feature", "properties": { "a5": "7a9409a2c8000000", "resolution": 16, "center_lat": 10.773559672489334, "center_lon": 106.68280554691509, "avg_edge_len": 72.603208145524349, "cell_area": 7917.2594465091825, "cell_perimeter": 363.01604072762171, "code": "770", "name": "Quận 3", "name_en": "District 3", "level": "Quận", "prov_code": "79", "prov_name": "Thành phố Hồ Chí Minh", "region": "Đông Nam Bộ", "pop_2019": 190375.0, "pop_dens": 38852.0, "area": 4.92 }, "geometry": { "type": "Polygon", "coordinates": [ [ [ 106.683108672599019, 10.773359552785271 ], [ 106.6833646859493, 10.773986536352067 ], [ 106.682729594646844, 10.774014099857057 ], [ 106.682289520101904, 10.773504102385255 ], [ 106.682593100719487, 10.772935056528482 ], [ 106.683108672599019, 10.773359552785271 ] ] ] } },
{ "type": "Feature", "properties": { "a5": "7a94099788000000", "resolution": 16, "center_lat": 10.783800359426253, "center_lon": 106.67953310289725, "avg_edge_len": 72.84791323838212, "cell_area": 7917.2613505162299, "cell_perimeter": 364.23956619191057, "code": "770", "name": "Quận 3", "name_en": "District 3", "level": "Quận", "prov_code": "79", "prov_name": "Thành phố Hồ Chí Minh", "region": "Đông Nam Bộ", "pop_2019": 190375.0, "pop_dens": 38852.0, "area": 4.92 }, "geometry": { "type": "Polygon", "coordinates": [ [ [ 106.679663475833422, 10.784499760358862 ], [ 106.679223403097012, 10.783989755891247 ], [ 106.679075959290572, 10.783331265173572 ], [ 106.679711050071319, 10.783303690246724 ], [ 106.679967060188119, 10.783930688943164 ], [ 106.679663475833422, 10.784499760358862 ] ] ] } },
{ "type": "Feature", "properties": { "a5": "7a940997a8000000", "resolution": 16, "center_lat": 10.782876822358929, "center_lon": 106.67915191393372, "avg_edge_len": 72.603061776428007, "cell_area": 7917.2594608962536, "cell_perimeter": 363.01530888214, "code": "770", "name": "Quận 3", "name_en": "District 3", "level": "Quận", "prov_code": "79", "prov_name": "Thành phố Hồ Chí Minh", "region": "Đông Nam Bộ", "pop_2019": 190375.0, "pop_dens": 38852.0, "area": 4.92 }, "geometry": { "type": "Polygon", "coordinates": [ [ [ 106.679455040378912, 10.782676691367737 ], [ 106.679711050071319, 10.783303690246724 ], [ 106.679075959290572, 10.783331265173572 ], [ 106.678635887965129, 10.782821259100777 ], [ 106.678939471337685, 10.78225219043561 ], [ 106.679455040378912, 10.782676691367737 ] ] ] } },
{ "type": "Feature", "properties": { "a5": "7a940997e8000000", "resolution": 16, "center_lat": 10.782121857842208, "center_lon": 106.67850551610213, "avg_edge_len": 72.847954218931619, "cell_area": 7917.2613273486495, "cell_perimeter": 364.23977109465812, "code": "770", "name": "Quận 3", "name_en": "District 3", "level": "Quận", "prov_code": "79", "prov_name": "Thành phố Hồ Chí Minh", "region": "Đông Nam Bộ", "pop_2019": 190375.0, "pop_dens": 38852.0, "area": 4.92 }, "geometry": { "type": "Polygon", "coordinates": [ [ [ 106.678635887965129, 10.782821259100777 ], [ 106.678195817573965, 10.782311251855823 ], [ 106.678048374889499, 10.781652760649481 ], [ 106.678683462812955, 10.781625190422627 ], [ 106.678939471337685, 10.78225219043561 ], [ 106.678635887965129, 10.782821259100777 ] ] ] } },
{ "type": "Feature", "properties": { "a5": "7a94099c08000000", "resolution": 16, "center_lat": 10.78119831880559, "center_lon": 106.67812432950196, "avg_edge_len": 72.603146691631494, "cell_area": 7917.2594474852085, "cell_perimeter": 363.01573345815746, "code": "770", "name": "Quận 3", "name_en": "District 3", "level": "Quận", "prov_code": "79", "prov_name": "Thành phố Hồ Chí Minh", "region": "Đông Nam Bộ", "pop_2019": 190375.0, "pop_dens": 38852.0, "area": 4.92 }, "geometry": { "type": "Polygon", "coordinates": [ [ [ 106.678427454712278, 10.780998190226992 ], [ 106.678683462812955, 10.781625190422627 ], [ 106.678048374889499, 10.781652760649481 ], [ 106.677608305908734, 10.781142751799338 ], [ 106.677911888298468, 10.780573685884242 ], [ 106.678427454712278, 10.780998190226992 ] ] ] } },
{ "type": "Feature", "properties": { "a5": "7a9409c7f8000000", "resolution": 16, "center_lat": 10.780443350214538, "center_lon": 106.67747793511793, "avg_edge_len": 72.847995217221865, "cell_area": 7917.2613299116492, "cell_perimeter": 364.23997608610932, "code": "770", "name": "Quận 3", "name_en": "District 3", "level": "Quận", "prov_code": "79", "prov_name": "Thành phố Hồ Chí Minh", "region": "Đông Nam Bộ", "pop_2019": 190375.0, "pop_dens": 38852.0, "area": 4.92 }, "geometry": { "type": "Polygon", "coordinates": [ [ [ 106.677608305908734, 10.781142751799338 ], [ 106.677168237861906, 10.780632741777028 ], [ 106.677020796298621, 10.779974250081784 ], [ 106.677655881365013, 10.779946684554565 ], [ 106.677911888298468, 10.780573685884242 ], [ 106.677608305908734, 10.781142751799338 ] ] ] } },
{ "type": "Feature", "properties": { "a5": "7a94099638000000", "resolution": 16, "center_lat": 10.785409046512104, "center_lon": 106.68129778390836, "avg_edge_len": 72.60294008903989, "cell_area": 7917.2614774182439, "cell_perimeter": 363.01470044519942, "code": "770", "name": "Quận 3", "name_en": "District 3", "level": "Quận", "prov_code": "79", "prov_name": "Thành phố Hồ Chí Minh", "region": "Đông Nam Bộ", "pop_2019": 190375.0, "pop_dens": 38852.0, "area": 4.92 }, "geometry": { "type": "Polygon", "coordinates": [ [ [ 106.680994654852157, 10.785609181407143 ], [ 106.68073864314249, 10.784982184027083 ], [ 106.681373737875674, 10.784954603455054 ], [ 106.681813814665475, 10.785464602320983 ], [ 106.681510229150263, 10.78603367551775 ], [ 106.680994654852157, 10.785609181407143 ] ] ] } },
{ "type": "Feature", "properties": { "a5": "7a94099668000000", "resolution": 16, "center_lat": 10.785478854966888, "center_lon": 106.6805606955057, "avg_edge_len": 72.847872273313925, "cell_area": 7917.2613555975258, "cell_perimeter": 364.2393613665696, "code": "770", "name": "Quận 3", "name_en": "District 3", "level": "Quận", "prov_code": "79", "prov_name": "Thành phố Hồ Chí Minh", "region": "Đông Nam Bộ", "pop_2019": 190375.0, "pop_dens": 38852.0, "area": 4.92 }, "geometry": { "type": "Polygon", "coordinates": [ [ [ 106.680691069515888, 10.786178255573839 ], [ 106.680250994433663, 10.785668253883557 ], [ 106.680103549504224, 10.785009763654303 ], [ 106.68073864314249, 10.784982184027083 ], [ 106.680994654852157, 10.785609181407143 ], [ 106.680691069515888, 10.786178255573839 ] ] ] } },
{ "type": "Feature", "properties": { "a5": "7a94099688000000", "resolution": 16, "center_lat": 10.784555319868645, "center_lon": 106.68017950417762, "avg_edge_len": 72.602976871690799, "cell_area": 7917.2594304308295, "cell_perimeter": 363.01488435845397, "code": "770", "name": "Quận 3", "name_en": "District 3", "level": "Quận", "prov_code": "79", "prov_name": "Thành phố Hồ Chí Minh", "region": "Đông Nam Bộ", "pop_2019": 190375.0, "pop_dens": 38852.0, "area": 4.92 }, "geometry": { "type": "Polygon", "coordinates": [ [ [ 106.680482631857444, 10.784355186464557 ], [ 106.68073864314249, 10.784982184027083 ], [ 106.680103549504224, 10.785009763654303 ], [ 106.679663475833422, 10.78449976035885 ], [ 106.679967060188119, 10.783930688943151 ], [ 106.680482631857444, 10.784355186464557 ] ] ] } },
{ "type": "Feature", "properties": { "a5": "7a94099478000000", "resolution": 16, "center_lat": 10.785520157348994, "center_lon": 106.68232984671465, "avg_edge_len": 72.602873832345495, "cell_area": 7917.2594464719296, "cell_perimeter": 363.01436916172747, "code": "770", "name": "Quận 3", "name_en": "District 3", "level": "Quận", "prov_code": "79", "prov_name": "Thành phố Hồ Chí Minh", "region": "Đông Nam Bộ", "pop_2019": 190375.0, "pop_dens": 38852.0, "area": 4.92 }, "geometry": { "type": "Polygon", "coordinates": [ [ [ 106.682632976120999, 10.785320022207689 ], [ 106.682888990402716, 10.785947015240705 ], [ 106.682253892389895, 10.785974600014651 ], [ 106.681813814665475, 10.785464602320983 ], [ 106.682117400036987, 10.784895530583432 ], [ 106.682632976120999, 10.785320022207689 ] ] ] } },
{ "type": "Feature", "properties": { "a5": "7a940994d8000000", "resolution": 16, "center_lat": 10.78616400037129, "center_lon": 106.68194419030938, "avg_edge_len": 72.847755394167535, "cell_area": 7917.2595978863537, "cell_perimeter": 364.23877697083765, "code": "770", "name": "Quận 3", "name_en": "District 3", "level": "Quận", "prov_code": "79", "prov_name": "Thành phố Hồ Chí Minh", "region": "Đông Nam Bộ", "pop_2019": 190375.0, "pop_dens": 38852.0, "area": 4.92 }, "geometry": { "type": "Polygon", "coordinates": [ [ [ 106.681813814665475, 10.785464602320983 ], [ 106.682253892389895, 10.785974600014651 ], [ 106.682401339619901, 10.786633086491262 ], [ 106.681766242028857, 10.786660671763968 ], [ 106.681510229150263, 10.78603367551775 ], [ 106.681813814665475, 10.785464602320983 ] ] ] } },
{ "type": "Feature", "properties": { "a5": "7a94099ed8000000", "resolution": 16, "center_lat": 10.773238604588817, "center_lon": 106.68026957501112, "avg_edge_len": 72.847613760015889, "cell_area": 7917.25958834216, "cell_perimeter": 364.23806880007942, "code": "770", "name": "Quận 3", "name_en": "District 3", "level": "Quận", "prov_code": "79", "prov_name": "Thành phố Hồ Chí Minh", "region": "Đông Nam Bộ", "pop_2019": 190375.0, "pop_dens": 38852.0, "area": 4.92 }, "geometry": { "type": "Polygon", "coordinates": [ [ [ 106.680139201044312, 10.772539218337949 ], [ 106.680579271538249, 10.773049221409574 ], [ 106.680726716757817, 10.773707697777528 ], [ 106.680091630249876, 10.773735256638235 ], [ 106.679835621299162, 10.773108265332906 ], [ 106.680139201044312, 10.772539218337949 ] ] ] } },
{ "type": "Feature", "properties": { "a5": "7a94099fa8000000", "resolution": 16, "center_lat": 10.77330838397704, "center_lon": 106.67953249783234, "avg_edge_len": 72.60332917817388, "cell_area": 7917.2594144269824, "cell_perimeter": 363.01664589086937, "code": "770", "name": "Quận 3", "name_en": "District 3", "level": "Quận", "prov_code": "79", "prov_name": "Thành phố Hồ Chí Minh", "region": "Đông Nam Bộ", "pop_2019": 190375.0, "pop_dens": 38852.0, "area": 4.92 }, "geometry": { "type": "Polygon", "coordinates": [ [ [ 106.679835621299162, 10.773108265332906 ], [ 106.680091630249876, 10.773735256638235 ], [ 106.679456544836285, 10.773762814554811 ], [ 106.679016476051288, 10.773252808661837 ], [ 106.679320055618746, 10.772683760697838 ], [ 106.679835621299162, 10.773108265332906 ] ] ] } },
{ "type": "Feature", "properties": { "a5": "7a9409a058000000", "resolution": 16, "center_lat": 10.772525013194617, "center_lon": 106.68139230304371, "avg_edge_len": 72.84751687648216, "cell_area": 7917.2595793269575, "cell_perimeter": 364.23758438241083, "code": "770", "name": "Quận 3", "name_en": "District 3", "level": "Quận", "prov_code": "79", "prov_name": "Thành phố Hồ Chí Minh", "region": "Đông Nam Bộ", "pop_2019": 190375.0, "pop_dens": 38852.0, "area": 4.92 }, "geometry": { "type": "Polygon", "coordinates": [ [ [ 106.681261927887249, 10.771825630382912 ], [ 106.681702000090468, 10.772335630633592 ], [ 106.681849446490332, 10.772994103741015 ], [ 106.681214358467059, 10.773021663047249 ], [ 106.680958348110607, 10.772394674951503 ], [ 106.681261927887249, 10.771825630382912 ] ] ] } },
{ "type": "Feature", "properties": { "a5": "7a9409a088000000", "resolution": 16, "center_lat": 10.772594792920625, "center_lon": 106.68065522415353, "avg_edge_len": 72.603311143869931, "cell_area": 7917.2594629153609, "cell_perimeter": 363.01655571934964, "code": "770", "name": "Quận 3", "name_en": "District 3", "level": "Quận", "prov_code": "79", "prov_name": "Thành phố Hồ Chí Minh", "region": "Đông Nam Bộ", "pop_2019": 190375.0, "pop_dens": 38852.0, "area": 4.92 }, "geometry": { "type": "Polygon", "coordinates": [ [ [ 106.680958348110607, 10.772394674951503 ], [ 106.681214358467059, 10.773021663047261 ], [ 106.680579271538249, 10.773049221409574 ], [ 106.680139201044312, 10.772539218337949 ], [ 106.680442780643375, 10.771970172800136 ], [ 106.680958348110607, 10.772394674951503 ] ] ] } },
{ "type": "Feature", "properties": { "a5": "7a94099408000000", "resolution": 16, "center_lat": 10.784946560458893, "center_lon": 106.68569364200017, "avg_edge_len": 72.602800811729722, "cell_area": 7917.261468604207, "cell_perimeter": 363.0140040586486, "code": "770", "name": "Quận 3", "name_en": "District 3", "level": "Quận", "prov_code": "79", "prov_name": "Thành phố Hồ Chí Minh", "region": "Đông Nam Bộ", "pop_2019": 190375.0, "pop_dens": 38852.0, "area": 4.92 }, "geometry": { "type": "Polygon", "coordinates": [ [ [ 106.685390510233219, 10.785146695738238 ], [ 106.685134492719612, 10.784519709313678 ], [ 106.685769594861426, 10.784492122705002 ], [ 106.686209679121475, 10.785002110321818 ], [ 106.68590609251919, 10.785571178979756 ], [ 106.685390510233219, 10.785146695738238 ] ] ] } },
{ "type": "Feature", "properties": { "a5": "7a94099428000000", "resolution": 16, "center_lat": 10.785016375415401, "center_lon": 106.68495654516585, "avg_edge_len": 72.847540109941647, "cell_area": 7917.2613734602928, "cell_perimeter": 364.23770054970822, "code": "770", "name": "Quận 3", "name_en": "District 3", "level": "Quận", "prov_code": "79", "prov_name": "Thành phố Hồ Chí Minh", "region": "Đông Nam Bộ", "pop_2019": 190375.0, "pop_dens": 38852.0, "area": 4.92 }, "geometry": { "type": "Polygon", "coordinates": [ [ [ 106.685086923809763, 10.785715765366858 ], [ 106.684646841257859, 10.785205774926583 ], [ 106.684499391673057, 10.784547294978264 ], [ 106.685134492719612, 10.784519709313678 ], [ 106.685390510233219, 10.785146695738238 ], [ 106.685086923809763, 10.785715765366858 ] ] ] } },
{ "type": "Feature", "properties": { "a5": "7a94099808000000", "resolution": 16, "center_lat": 10.784302723813317, "center_lon": 106.68607929929063, "avg_edge_len": 72.847443072313538, "cell_area": 7917.2613368518651, "cell_perimeter": 364.23721536156768, "code": "770", "name": "Quận 3", "name_en": "District 3", "level": "Quận", "prov_code": "79", "prov_name": "Thành phố Hồ Chí Minh", "region": "Đông Nam Bộ", "pop_2019": 190375.0, "pop_dens": 38852.0, "area": 4.92 }, "geometry": { "type": "Polygon", "coordinates": [ [ [ 106.686209679121475, 10.785002110321818 ], [ 106.685769594861426, 10.784492122705002 ], [ 106.685622144098716, 10.783833646020506 ], [ 106.686257246662194, 10.783806059911257 ], [ 106.686513265579833, 10.784433043123288 ], [ 106.686209679121475, 10.785002110321818 ] ] ] } },
{ "type": "Feature", "properties": { "a5": "7a94098ff8000000", "resolution": 16, "center_lat": 10.784232908520599, "center_lon": 106.68681639783857, "avg_edge_len": 72.602782714111399, "cell_area": 7917.2614977136254, "cell_perimeter": 363.01391357055701, "code": "770", "name": "Quận 3", "name_en": "District 3", "level": "Quận", "prov_code": "79", "prov_name": "Thành phố Hồ Chí Minh", "region": "Đông Nam Bộ", "pop_2019": 190375.0, "pop_dens": 38852.0, "area": 4.92 }, "geometry": { "type": "Polygon", "coordinates": [ [ [ 106.686513265579833, 10.784433043123276 ], [ 106.686257246662194, 10.783806059911257 ], [ 106.686892350320818, 10.783778472858135 ], [ 106.687332436289239, 10.784288457651924 ], [ 106.687028849652279, 10.784857523879591 ], [ 106.686513265579833, 10.784433043123276 ] ] ] } },
{ "type": "Feature", "properties": { "a5": "7a94099418000000", "resolution": 16, "center_lat": 10.785660214771941, "center_lon": 106.68457088801793, "avg_edge_len": 72.602818920009867, "cell_area": 7917.2614543884993, "cell_perimeter": 363.01409460004936, "code": "770", "name": "Quận 3", "name_en": "District 3", "level": "Quận", "prov_code": "79", "prov_name": "Thành phố Hồ Chí Minh", "region": "Đông Nam Bộ", "pop_2019": 190375.0, "pop_dens": 38852.0, "area": 4.92 }, "geometry": { "type": "Polygon", "coordinates": [ [ [ 106.684267756742884, 10.785860350727758 ], [ 106.684011740633082, 10.785233361090379 ], [ 106.684646841257859, 10.785205774926583 ], [ 106.685086923809763, 10.785715765366858 ], [ 106.684783337242607, 10.786284836454898 ], [ 106.684267756742884, 10.785860350727758 ] ] ] } },
{ "type": "Feature", "properties": { "a5": "7a940994b8000000", "resolution": 16, "center_lat": 10.785730029391708, "center_lon": 106.68383379289732, "avg_edge_len": 72.847637165080712, "cell_area": 7917.2613565884531, "cell_perimeter": 364.23818582540355, "code": "770", "name": "Quận 3", "name_en": "District 3", "level": "Quận", "prov_code": "79", "prov_name": "Thành phố Hồ Chí Minh", "region": "Đông Nam Bộ", "pop_2019": 190375.0, "pop_dens": 38852.0, "area": 4.92 }, "geometry": { "type": "Polygon", "coordinates": [ [ [ 106.683964170354557, 10.786429422786354 ], [ 106.683524089510684, 10.785919429522238 ], [ 106.683376641103337, 10.785260946309879 ], [ 106.684011740633082, 10.785233361090379 ], [ 106.684267756742884, 10.785860350727758 ], [ 106.683964170354557, 10.786429422786354 ] ] ] } },
{ "type": "Feature", "properties": { "a5": "7a94098fc8000000", "resolution": 16, "center_lat": 10.783519258957739, "center_lon": 106.68793915553277, "avg_edge_len": 72.602764646035752, "cell_area": 7917.2614844143391, "cell_perimeter": 363.01382323017873, "code": "770", "name": "Quận 3", "name_en": "District 3", "level": "Quận", "prov_code": "79", "prov_name": "Thành phố Hồ Chí Minh", "region": "Đông Nam Bộ", "pop_2019": 190375.0, "pop_dens": 38852.0, "area": 4.92 }, "geometry": { "type": "Polygon", "coordinates": [ [ [ 106.687636022782272, 10.783719392883592 ], [ 106.687380002460259, 10.783092412883796 ], [ 106.68801510763592, 10.78306482538669 ], [ 106.688455195313054, 10.783574807357834 ], [ 106.688151608641419, 10.784143871155125 ], [ 106.687636022782272, 10.783719392883592 ] ] ] } },
{ "type": "Feature", "properties": { "a5": "7a94098fe8000000", "resolution": 16, "center_lat": 10.783589074586189, "center_lon": 106.68720205527117, "avg_edge_len": 72.847346045808735, "cell_area": 7917.2613204196095, "cell_perimeter": 364.23673022904364, "code": "770", "name": "Quận 3", "name_en": "District 3", "level": "Quận", "prov_code": "79", "prov_name": "Thành phố Hồ Chí Minh", "region": "Đông Nam Bộ", "pop_2019": 190375.0, "pop_dens": 38852.0, "area": 4.92 }, "geometry": { "type": "Polygon", "coordinates": [ [ [ 106.687332436289239, 10.784288457651924 ], [ 106.686892350320818, 10.783778472858135 ], [ 106.686744898380084, 10.783119999437284 ], [ 106.687380002460259, 10.783092412883796 ], [ 106.687636022782272, 10.783719392883592 ], [ 106.687332436289239, 10.784288457651924 ] ] ] } },
{ "type": "Feature", "properties": { "a5": "7a940994c8000000", "resolution": 16, "center_lat": 10.786373871459048, "center_lon": 106.68344813589215, "avg_edge_len": 72.60283705133881, "cell_area": 7917.261460185051, "cell_perimeter": 363.01418525669408, "code": "770", "name": "Quận 3", "name_en": "District 3", "level": "Quận", "prov_code": "79", "prov_name": "Thành phố Hồ Chí Minh", "region": "Đông Nam Bộ", "pop_2019": 190375.0, "pop_dens": 38852.0, "area": 4.92 }, "geometry": { "type": "Polygon", "coordinates": [ [ [ 106.683145005109168, 10.786574008091172 ], [ 106.682888990402716, 10.785947015240705 ], [ 106.683524089510684, 10.785919429522238 ], [ 106.683964170354557, 10.786429422786354 ], [ 106.683660583822757, 10.786998496304408 ], [ 106.683145005109168, 10.786574008091172 ] ] ] } },
{ "type": "Feature", "properties": { "a5": "7a940994e8000000", "resolution": 16, "center_lat": 10.786443685741617, "center_lon": 106.68271104248521, "avg_edge_len": 72.847734236848552, "cell_area": 7917.2613445855677, "cell_perimeter": 364.23867118424278, "code": "770", "name": "Quận 3", "name_en": "District 3", "level": "Quận", "prov_code": "79", "prov_name": "Thành phố Hồ Chí Minh", "region": "Đông Nam Bộ", "pop_2019": 190375.0, "pop_dens": 38852.0, "area": 4.92 }, "geometry": { "type": "Polygon", "coordinates": [ [ [ 106.682841418756198, 10.7871430825796 ], [ 106.682401339619901, 10.786633086491262 ], [ 106.682253892389895, 10.785974600014651 ], [ 106.682888990402716, 10.785947015240705 ], [ 106.683145005109168, 10.786574008091172 ], [ 106.682841418756198, 10.7871430825796 ] ] ] } },
{ "type": "Feature", "properties": { "a5": "7a94098db8000000", "resolution": 16, "center_lat": 10.779448744628613, "center_lon": 106.68700666233282, "avg_edge_len": 72.602916439373416, "cell_area": 7917.2615023255348, "cell_perimeter": 363.01458219686708, "code": "770", "name": "Quận 3", "name_en": "District 3", "level": "Quận", "prov_code": "79", "prov_name": "Thành phố Hồ Chí Minh", "region": "Đông Nam Bộ", "pop_2019": 190375.0, "pop_dens": 38852.0, "area": 4.92 }, "geometry": { "type": "Polygon", "coordinates": [ [ [ 106.686703531562898, 10.779648873054601 ], [ 106.686447513020198, 10.779021893629196 ], [ 106.687082613993994, 10.778994315086479 ], [ 106.687522698688554, 10.779504299793535 ], [ 106.687219113950619, 10.780073355665307 ], [ 106.686703531562898, 10.779648873054601 ] ] ] } },
{ "type": "Feature", "properties": { "a5": "7a94098de8000000", "resolution": 16, "center_lat": 10.780203677517235, "center_lon": 106.68765308038327, "avg_edge_len": 72.847214340407021, "cell_area": 7917.2595762722194, "cell_perimeter": 364.23607170203508, "code": "770", "name": "Quận 3", "name_en": "District 3", "level": "Quận", "prov_code": "79", "prov_name": "Thành phố Hồ Chí Minh", "region": "Đông Nam Bộ", "pop_2019": 190375.0, "pop_dens": 38852.0, "area": 4.92 }, "geometry": { "type": "Polygon", "coordinates": [ [ [ 106.687522698688554, 10.779504299793535 ], [ 106.687962784317506, 10.780014283328027 ], [ 106.688110237493788, 10.78067275071381 ], [ 106.687475133660769, 10.780700333955307 ], [ 106.687219113950619, 10.780073355665307 ], [ 106.687522698688554, 10.779504299793535 ] ] ] } },
{ "type": "Feature", "properties": { "a5": "7a94098f88000000", "resolution": 16, "center_lat": 10.781127181224566, "center_lon": 106.68803428580108, "avg_edge_len": 72.602831507776756, "cell_area": 7917.2614747211337, "cell_perimeter": 363.01415753888375, "code": "770", "name": "Quận 3", "name_en": "District 3", "level": "Quận", "prov_code": "79", "prov_name": "Thành phố Hồ Chí Minh", "region": "Đông Nam Bộ", "pop_2019": 190375.0, "pop_dens": 38852.0, "area": 4.92 }, "geometry": { "type": "Polygon", "coordinates": [ [ [ 106.687731153794971, 10.781327312061844 ], [ 106.687475133660769, 10.780700333955295 ], [ 106.688110237493788, 10.780672750713798 ], [ 106.688550324533708, 10.781182732641756 ], [ 106.688246738811472, 10.781751791260824 ], [ 106.687731153794971, 10.781327312061844 ] ] ] } },
{ "type": "Feature", "properties": { "a5": "7a94098d98000000", "resolution": 16, "center_lat": 10.778525238948301, "center_lon": 106.68662545927768, "avg_edge_len": 72.847255439614472, "cell_area": 7917.2595758065581, "cell_perimeter": 364.23627719807234, "code": "770", "name": "Quận 3", "name_en": "District 3", "level": "Quận", "prov_code": "79", "prov_name": "Thành phố Hồ Chí Minh", "region": "Đông Nam Bộ", "pop_2019": 190375.0, "pop_dens": 38852.0, "area": 4.92 }, "geometry": { "type": "Polygon", "coordinates": [ [ [ 106.686495078654389, 10.777825860895311 ], [ 106.686935161938436, 10.778335847208922 ], [ 106.687082613993994, 10.778994315086479 ], [ 106.686447513020198, 10.779021893629196 ], [ 106.686191494901323, 10.778394914020257 ], [ 106.686495078654389, 10.777825860895311 ] ] ] } },
{ "type": "Feature", "properties": { "a5": "7a94099a78000000", "resolution": 16, "center_lat": 10.777770301982944, "center_lon": 106.68597904467535, "avg_edge_len": 72.603001377730521, "cell_area": 7917.2614657953382, "cell_perimeter": 363.01500688865258, "code": "770", "name": "Quận 3", "name_en": "District 3", "level": "Quận", "prov_code": "79", "prov_name": "Thành phố Hồ Chí Minh", "region": "Đông Nam Bộ", "pop_2019": 190375.0, "pop_dens": 38852.0, "area": 4.92 }, "geometry": { "type": "Polygon", "coordinates": [ [ [ 106.685675915141701, 10.777970427997891 ], [ 106.685419898189821, 10.777343447253461 ], [ 106.686054996304392, 10.777315873409142 ], [ 106.686495078654389, 10.777825860895298 ], [ 106.686191494901323, 10.778394914020257 ], [ 106.685675915141701, 10.777970427997891 ] ] ] } },
{ "type": "Feature", "properties": { "a5": "7a94099ae8000000", "resolution": 16, "center_lat": 10.776846794329325, "center_lon": 106.6855978439816, "avg_edge_len": 72.847296554833065, "cell_area": 7917.2595880031586, "cell_perimeter": 364.23648277416532, "code": "770", "name": "Quận 3", "name_en": "District 3", "level": "Quận", "prov_code": "79", "prov_name": "Thành phố Hồ Chí Minh", "region": "Đông Nam Bộ", "pop_2019": 190375.0, "pop_dens": 38852.0, "area": 4.92 }, "geometry": { "type": "Polygon", "coordinates": [ [ [ 106.685467464428939, 10.776147415946829 ], [ 106.685907545368991, 10.776657405039575 ], [ 106.686054996304392, 10.777315873409142 ], [ 106.685419898189821, 10.777343447253461 ], [ 106.685163881661197, 10.776716466325386 ], [ 106.685467464428939, 10.776147415946829 ] ] ] } },
{ "type": "Feature", "properties": { "a5": "7a94099b18000000", "resolution": 16, "center_lat": 10.776091853287259, "center_lon": 106.68495143282625, "avg_edge_len": 72.603086334846836, "cell_area": 7917.2615125849843, "cell_perimeter": 363.01543167423421, "code": "770", "name": "Quận 3", "name_en": "District 3", "level": "Quận", "prov_code": "79", "prov_name": "Thành phố Hồ Chí Minh", "region": "Đông Nam Bộ", "pop_2019": 190375.0, "pop_dens": 38852.0, "area": 4.92 }, "geometry": { "type": "Polygon", "coordinates": [ [ [ 106.684648304528992, 10.776291976891466 ], [ 106.684392289166908, 10.77566499482783 ], [ 106.68502738442271, 10.77563742568155 ], [ 106.685467464428939, 10.776147415946829 ], [ 106.685163881661197, 10.776716466325386 ], [ 106.684648304528992, 10.776291976891466 ] ] ] } },
{ "type": "Feature", "properties": { "a5": "7a94099b38000000", "resolution": 16, "center_lat": 10.77516834366017, "center_lon": 106.68457023449264, "avg_edge_len": 72.847337689733067, "cell_area": 7917.2596011832356, "cell_perimeter": 364.23668844866535, "code": "770", "name": "Quận 3", "name_en": "District 3", "level": "Quận", "prov_code": "79", "prov_name": "Thành phố Hồ Chí Minh", "region": "Đông Nam Bộ", "pop_2019": 190375.0, "pop_dens": 38852.0, "area": 4.92 }, "geometry": { "type": "Polygon", "coordinates": [ [ [ 106.68443985600959, 10.774468964947841 ], [ 106.684879934606442, 10.774978956819705 ], [ 106.68502738442271, 10.77563742568155 ], [ 106.684392289166908, 10.77566499482783 ], [ 106.684136274227967, 10.775038012580472 ], [ 106.68443985600959, 10.774468964947841 ] ] ] } },
{ "type": "Feature", "properties": { "a5": "7a94098f18000000", "resolution": 16, "center_lat": 10.782805611771025, "center_lon": 106.68906191508255, "avg_edge_len": 72.602746588798411, "cell_area": 7917.2614666074514, "cell_perimeter": 363.01373294399207, "code": "770", "name": "Quận 3", "name_en": "District 3", "level": "Quận", "prov_code": "79", "prov_name": "Thành phố Hồ Chí Minh", "region": "Đông Nam Bộ", "pop_2019": 190375.0, "pop_dens": 38852.0, "area": 4.92 }, "geometry": { "type": "Polygon", "coordinates": [ [ [ 106.688758781840306, 10.783005745019839 ], [ 106.688502760113806, 10.782378768232 ], [ 106.689137866806277, 10.782351180291368 ], [ 106.689577956192352, 10.782861159440211 ], [ 106.689274369486384, 10.783430220807022 ], [ 106.688758781840306, 10.783005745019839 ] ] ] } },
{ "type": "Feature", "properties": { "a5": "7a94098f38000000", "resolution": 16, "center_lat": 10.781882110036459, "center_lon": 106.68868070730076, "avg_edge_len": 72.847173256857715, "cell_area": 7917.2596191205084, "cell_perimeter": 364.23586628428859, "code": "770", "name": "Quận 3", "name_en": "District 3", "level": "Quận", "prov_code": "79", "prov_name": "Thành phố Hồ Chí Minh", "region": "Đông Nam Bộ", "pop_2019": 190375.0, "pop_dens": 38852.0, "area": 4.92 }, "geometry": { "type": "Polygon", "coordinates": [ [ [ 106.688550324533708, 10.781182732641756 ], [ 106.688990412508133, 10.781692713397126 ], [ 106.689137866806277, 10.782351180291368 ], [ 106.688502760113806, 10.782378768232 ], [ 106.688246738811472, 10.781751791260824 ], [ 106.688550324533708, 10.781182732641756 ] ] ] } },
{ "type": "Feature", "properties": { "a5": "7a94098fb8000000", "resolution": 16, "center_lat": 10.782875427734618, "center_lon": 106.68832481310731, "avg_edge_len": 72.847249041684947, "cell_area": 7917.2613218426704, "cell_perimeter": 364.23624520842475, "code": "770", "name": "Quận 3", "name_en": "District 3", "level": "Quận", "prov_code": "79", "prov_name": "Thành phố Hồ Chí Minh", "region": "Đông Nam Bộ", "pop_2019": 190375.0, "pop_dens": 38852.0, "area": 4.92 }, "geometry": { "type": "Polygon", "coordinates": [ [ [ 106.688455195313054, 10.783574807357834 ], [ 106.68801510763592, 10.78306482538669 ], [ 106.687867654516594, 10.782406355229257 ], [ 106.688502760113806, 10.782378768232013 ], [ 106.688758781840306, 10.783005745019839 ], [ 106.688455195313054, 10.783574807357834 ] ] ] } },
{ "type": "Feature", "properties": { "a5": "7a94099b88000000", "resolution": 16, "center_lat": 10.774413398541354, "center_lon": 106.68392382678309, "avg_edge_len": 72.603171299005709, "cell_area": 7917.2615135908127, "cell_perimeter": 363.01585649502852, "code": "770", "name": "Quận 3", "name_en": "District 3", "level": "Quận", "prov_code": "79", "prov_name": "Thành phố Hồ Chí Minh", "region": "Đông Nam Bộ", "pop_2019": 190375.0, "pop_dens": 38852.0, "area": 4.92 }, "geometry": { "type": "Polygon", "coordinates": [ [ [ 106.683620699722383, 10.774613519735084 ], [ 106.6833646859493, 10.773986536352067 ], [ 106.683999778346333, 10.773958971903449 ], [ 106.68443985600959, 10.774468964947841 ], [ 106.684136274227967, 10.775038012580472 ], [ 106.683620699722383, 10.774613519735084 ] ] ] } },
{ "type": "Feature", "properties": { "a5": "7a9409a2e8000000", "resolution": 16, "center_lat": 10.773489886940508, "center_lon": 106.68354263080835, "avg_edge_len": 72.847378838950064, "cell_area": 7917.2595952600241, "cell_perimeter": 364.23689419475033, "code": "770", "name": "Quận 3", "name_en": "District 3", "level": "Quận", "prov_code": "79", "prov_name": "Thành phố Hồ Chí Minh", "region": "Đông Nam Bộ", "pop_2019": 190375.0, "pop_dens": 38852.0, "area": 4.92 }, "geometry": { "type": "Polygon", "coordinates": [ [ [ 106.683412253394067, 10.772790507898115 ], [ 106.683852329648516, 10.773300502549116 ], [ 106.683999778346333, 10.773958971903461 ], [ 106.6833646859493, 10.77398653635208 ], [ 106.683108672599019, 10.773359552785271 ], [ 106.683412253394067, 10.772790507898115 ] ] ] } },
{ "type": "Feature", "properties": { "a5": "7a9409a068000000", "resolution": 16, "center_lat": 10.771881204233427, "center_lon": 106.68177795232472, "avg_edge_len": 72.60329313042682, "cell_area": 7917.2594949454069, "cell_perimeter": 363.01646565213412, "code": "770", "name": "Quận 3", "name_en": "District 3", "level": "Quận", "prov_code": "79", "prov_name": "Thành phố Hồ Chí Minh", "region": "Đông Nam Bộ", "pop_2019": 190375.0, "pop_dens": 38852.0, "area": 4.92 }, "geometry": { "type": "Polygon", "coordinates": [ [ [ 106.682081076771965, 10.771681086939513 ], [ 106.682337088534496, 10.772308071825943 ], [ 106.681702000090468, 10.772335630633592 ], [ 106.681261927887249, 10.771825630382912 ], [ 106.681565507517689, 10.771256587271406 ], [ 106.682081076771965, 10.771681086939513 ] ] ] } },
{ "type": "Feature", "properties": { "a5": "7a9409a298000000", "resolution": 16, "center_lat": 10.771811424170119, "center_lon": 106.6825150329263, "avg_edge_len": 72.84742000735389, "cell_area": 7917.2595816031098, "cell_perimeter": 364.23710003676945, "code": "770", "name": "Quận 3", "name_en": "District 3", "level": "Quận", "prov_code": "79", "prov_name": "Thành phố Hồ Chí Minh", "region": "Đông Nam Bộ", "pop_2019": 190375.0, "pop_dens": 38852.0, "area": 4.92 }, "geometry": { "type": "Polygon", "coordinates": [ [ [ 106.68238465657987, 10.771112044797391 ], [ 106.682824730492712, 10.771622042227534 ], [ 106.682972178072987, 10.772280512074639 ], [ 106.682337088534496, 10.772308071825943 ], [ 106.682081076771965, 10.771681086939513 ], [ 106.68238465657987, 10.771112044797391 ] ] ] } },
{ "type": "Feature", "properties": { "a5": "7a9409a2b8000000", "resolution": 16, "center_lat": 10.772734937744964, "center_lon": 106.68289622654345, "avg_edge_len": 72.603256274371645, "cell_area": 7917.2614899203181, "cell_perimeter": 363.01628137185821, "code": "770", "name": "Quận 3", "name_en": "District 3", "level": "Quận", "prov_code": "79", "prov_name": "Thành phố Hồ Chí Minh", "region": "Đông Nam Bộ", "pop_2019": 190375.0, "pop_dens": 38852.0, "area": 4.92 }, "geometry": { "type": "Polygon", "coordinates": [ [ [ 106.682593100719487, 10.772935056528482 ], [ 106.682337088534496, 10.772308071825943 ], [ 106.682972178072987, 10.772280512074612 ], [ 106.683412253394067, 10.772790507898115 ], [ 106.683108672599019, 10.773359552785271 ], [ 106.682593100719487, 10.772935056528482 ] ] ] } },
{ "type": "Feature", "properties": { "a5": "7a94099678000000", "resolution": 16, "center_lat": 10.785199162177863, "center_lon": 106.67979384921679, "avg_edge_len": 72.847893426918489, "cell_area": 7917.2596266753972, "cell_perimeter": 364.23946713459242, "code": "770", "name": "Quận 3", "name_en": "District 3", "level": "Quận", "prov_code": "79", "prov_name": "Thành phố Hồ Chí Minh", "region": "Đông Nam Bộ", "pop_2019": 190375.0, "pop_dens": 38852.0, "area": 4.92 }, "geometry": { "type": "Polygon", "coordinates": [ [ [ 106.679663475833422, 10.784499760358862 ], [ 106.680103549504224, 10.785009763654303 ], [ 106.680250994433663, 10.785668253883557 ], [ 106.679615901216948, 10.785695834009109 ], [ 106.679359891335025, 10.78506883323351 ], [ 106.679663475833422, 10.784499760358862 ] ] ] } },
{ "type": "Feature", "properties": { "a5": "7a94099748000000", "resolution": 16, "center_lat": 10.784444200067995, "center_lon": 106.67914744878107, "avg_edge_len": 72.603043142818564, "cell_area": 7917.261467076838, "cell_perimeter": 363.01521571409285, "code": "770", "name": "Quận 3", "name_en": "District 3", "level": "Quận", "prov_code": "79", "prov_name": "Thành phố Hồ Chí Minh", "region": "Đông Nam Bộ", "pop_2019": 190375.0, "pop_dens": 38852.0, "area": 4.92 }, "geometry": { "type": "Polygon", "coordinates": [ [ [ 106.678844321451379, 10.784644333225469 ], [ 106.678588312737816, 10.784017331316207 ], [ 106.679223403097012, 10.783989755891247 ], [ 106.679663475833422, 10.784499760358862 ], [ 106.679359891335025, 10.78506883323351 ], [ 106.678844321451379, 10.784644333225469 ] ] ] } },
{ "type": "Feature", "properties": { "a5": "7a94099798000000", "resolution": 16, "center_lat": 10.783520661245387, "center_lon": 106.6787662602749, "avg_edge_len": 72.847934389437157, "cell_area": 7917.2595635168254, "cell_perimeter": 364.2396719471858, "code": "770", "name": "Quận 3", "name_en": "District 3", "level": "Quận", "prov_code": "79", "prov_name": "Thành phố Hồ Chí Minh", "region": "Đông Nam Bộ", "pop_2019": 190375.0, "pop_dens": 38852.0, "area": 4.92 }, "geometry": { "type": "Polygon", "coordinates": [ [ [ 106.678635887965129, 10.782821259100777 ], [ 106.679075959290572, 10.783331265173572 ], [ 106.679223403097012, 10.783989755891247 ], [ 106.678588312737816, 10.784017331316207 ], [ 106.678332304448759, 10.783390329224563 ], [ 106.678635887965129, 10.782821259100777 ] ] ] } },
{ "type": "Feature", "properties": { "a5": "7a940997d8000000", "resolution": 16, "center_lat": 10.782765695061437, "center_lon": 106.67811986328823, "avg_edge_len": 72.603128041142739, "cell_area": 7917.2615229934454, "cell_perimeter": 363.01564020571368, "code": "770", "name": "Quận 3", "name_en": "District 3", "level": "Quận", "prov_code": "79", "prov_name": "Thành phố Hồ Chí Minh", "region": "Đông Nam Bộ", "pop_2019": 190375.0, "pop_dens": 38852.0, "area": 4.92 }, "geometry": { "type": "Polygon", "coordinates": [ [ [ 106.677816737193211, 10.782965825805965 ], [ 106.677560730071946, 10.782338822580575 ], [ 106.678195817573965, 10.782311251855823 ], [ 106.678635887965129, 10.782821259100777 ], [ 106.678332304448759, 10.783390329224563 ], [ 106.677816737193211, 10.782965825805965 ] ] ] } },
{ "type": "Feature", "properties": { "a5": "7a940997f8000000", "resolution": 16, "center_lat": 10.781842154269834, "center_lon": 106.67773867714571, "avg_edge_len": 72.847975375801354, "cell_area": 7917.2595911845565, "cell_perimeter": 364.23987687900677, "code": "770", "name": "Quận 3", "name_en": "District 3", "level": "Quận", "prov_code": "79", "prov_name": "Thành phố Hồ Chí Minh", "region": "Đông Nam Bộ", "pop_2019": 190375.0, "pop_dens": 38852.0, "area": 4.92 }, "geometry": { "type": "Polygon", "coordinates": [ [ [ 106.677608305908734, 10.781142751799338 ], [ 106.678048374889499, 10.781652760649481 ], [ 106.678195817573965, 10.782311251855823 ], [ 106.677560730071946, 10.782338822580575 ], [ 106.677304723374732, 10.781711819172727 ], [ 106.677608305908734, 10.781142751799338 ] ] ] } },
{ "type": "Feature", "properties": { "a5": "7a9409cc08000000", "resolution": 16, "center_lat": 10.781087184011785, "center_lon": 106.6770922836069, "avg_edge_len": 72.603212954414943, "cell_area": 7917.2615284845233, "cell_perimeter": 363.01606477207474, "code": "770", "name": "Quận 3", "name_en": "District 3", "level": "Quận", "prov_code": "79", "prov_name": "Thành phố Hồ Chí Minh", "region": "Đông Nam Bộ", "pop_2019": 190375.0, "pop_dens": 38852.0, "area": 4.92 }, "geometry": { "type": "Polygon", "coordinates": [ [ [ 106.676789158746715, 10.781287312343643 ], [ 106.676533153216837, 10.780660307801964 ], [ 106.677168237861906, 10.780632741777028 ], [ 106.677608305908734, 10.781142751799338 ], [ 106.677304723374732, 10.781711819172727 ], [ 106.676789158746715, 10.781287312343643 ] ] ] } },
{ "type": "Feature", "properties": { "a5": "7a9409c7e8000000", "resolution": 16, "center_lat": 10.780163641250942, "center_lon": 106.67671109982682, "avg_edge_len": 72.848016379552945, "cell_area": 7917.2595944479108, "cell_perimeter": 364.2400818977647, "code": "770", "name": "Quận 3", "name_en": "District 3", "level": "Quận", "prov_code": "79", "prov_name": "Thành phố Hồ Chí Minh", "region": "Đông Nam Bộ", "pop_2019": 190375.0, "pop_dens": 38852.0, "area": 4.92 }, "geometry": { "type": "Polygon", "coordinates": [ [ [ 106.676580729661737, 10.779464238454278 ], [ 106.677020796298621, 10.779974250081784 ], [ 106.677168237861906, 10.780632741777028 ], [ 106.676533153216837, 10.780660307801964 ], [ 106.676277148110671, 10.780033303077705 ], [ 106.676580729661737, 10.779464238454278 ] ] ] } },
{ "type": "Feature", "properties": { "a5": "7a94099628000000", "resolution": 16, "center_lat": 10.786233811334991, "center_lon": 106.68120710023592, "avg_edge_len": 72.602891979607577, "cell_area": 7917.2594709396362, "cell_perimeter": 363.0144598980379, "code": "770", "name": "Quận 3", "name_en": "District 3", "level": "Quận", "prov_code": "79", "prov_name": "Thành phố Hồ Chí Minh", "region": "Đông Nam Bộ", "pop_2019": 190375.0, "pop_dens": 38852.0, "area": 4.92 }, "geometry": { "type": "Polygon", "coordinates": [ [ [ 106.681510229150263, 10.78603367551775 ], [ 106.681766242028857, 10.786660671763968 ], [ 106.681131145532845, 10.786688256091908 ], [ 106.680691069515888, 10.786178255573839 ], [ 106.680994654852157, 10.78560918140713 ], [ 106.681510229150263, 10.78603367551775 ] ] ] } },
{ "type": "Feature", "properties": { "a5": "7a94099618000000", "resolution": 16, "center_lat": 10.786877657067468, "center_lon": 106.6808214439738, "avg_edge_len": 72.847852470741188, "cell_area": 7917.259588830173, "cell_perimeter": 364.23926235370595, "code": "770", "name": "Quận 3", "name_en": "District 3", "level": "Quận", "prov_code": "79", "prov_name": "Thành phố Hồ Chí Minh", "region": "Đông Nam Bộ", "pop_2019": 190375.0, "pop_dens": 38852.0, "area": 4.92 }, "geometry": { "type": "Polygon", "coordinates": [ [ [ 106.680691069515888, 10.786178255573839 ], [ 106.681131145532845, 10.786688256091908 ], [ 106.681278591585965, 10.787346745833002 ], [ 106.680643495511845, 10.787374330659487 ], [ 106.68038748403626, 10.786747331199789 ], [ 106.680691069515888, 10.786178255573839 ] ] ] } },
{ "type": "Feature", "properties": { "a5": "7a94099658000000", "resolution": 16, "center_lat": 10.786122699031703, "center_lon": 106.68017504008792, "avg_edge_len": 72.602958256336436, "cell_area": 7917.2615007013083, "cell_perimeter": 363.01479128168216, "code": "770", "name": "Quận 3", "name_en": "District 3", "level": "Quận", "prov_code": "79", "prov_name": "Thành phố Hồ Chí Minh", "region": "Đông Nam Bộ", "pop_2019": 190375.0, "pop_dens": 38852.0, "area": 4.92 }, "geometry": { "type": "Polygon", "coordinates": [ [ [ 106.679871911523605, 10.786322834602396 ], [ 106.679615901216948, 10.785695834009109 ], [ 106.680250994433663, 10.785668253883557 ], [ 106.680691069515888, 10.786178255573839 ], [ 106.68038748403626, 10.786747331199789 ], [ 106.679871911523605, 10.786322834602396 ] ] ] } },
{ "type": "Feature", "properties": { "a5": "7a940994f8000000", "resolution": 16, "center_lat": 10.787087530519576, "center_lon": 106.6823253856231, "avg_edge_len": 72.602855203987318, "cell_area": 7917.261486299336, "cell_perimeter": 363.01427601993657, "code": "770", "name": "Quận 3", "name_en": "District 3", "level": "Quận", "prov_code": "79", "prov_name": "Thành phố Hồ Chí Minh", "region": "Đông Nam Bộ", "pop_2019": 190375.0, "pop_dens": 38852.0, "area": 4.92 }, "geometry": { "type": "Polygon", "coordinates": [ [ [ 106.682022255332186, 10.787287667827812 ], [ 106.681766242028857, 10.786660671763968 ], [ 106.682401339619901, 10.786633086491262 ], [ 106.682841418756198, 10.7871430825796 ], [ 106.682537832259982, 10.787712158527549 ], [ 106.682022255332186, 10.787287667827812 ] ] ] } },
{ "type": "Feature", "properties": { "a5": "7a94099608000000", "resolution": 16, "center_lat": 10.787157344464399, "center_lon": 106.68158829392983, "avg_edge_len": 72.847831327644869, "cell_area": 7917.261346757412, "cell_perimeter": 364.23915663822436, "code": "770", "name": "Quận 3", "name_en": "District 3", "level": "Quận", "prov_code": "79", "prov_name": "Thành phố Hồ Chí Minh", "region": "Đông Nam Bộ", "pop_2019": 190375.0, "pop_dens": 38852.0, "area": 4.92 }, "geometry": { "type": "Polygon", "coordinates": [ [ [ 106.681718669015027, 10.787856744745957 ], [ 106.681278591585965, 10.787346745833002 ], [ 106.681131145532845, 10.786688256091908 ], [ 106.681766242028857, 10.786660671763968 ], [ 106.682022255332186, 10.787287667827812 ], [ 106.681718669015027, 10.787856744745957 ] ] ] } },
{ "type": "Feature", "properties": { "a5": "7a94099fe8000000", "resolution": 16, "center_lat": 10.772553419855257, "center_lon": 106.67888610371749, "avg_edge_len": 72.847730584866042, "cell_area": 7917.2613187357783, "cell_perimeter": 364.23865292433021, "code": "770", "name": "Quận 3", "name_en": "District 3", "level": "Quận", "prov_code": "79", "prov_name": "Thành phố Hồ Chí Minh", "region": "Đông Nam Bộ", "pop_2019": 190375.0, "pop_dens": 38852.0, "area": 4.92 }, "geometry": { "type": "Polygon", "coordinates": [ [ [ 106.679016476051288, 10.773252808661837 ], [ 106.678576408199433, 10.772742801596552 ], [ 106.678428965277135, 10.77208432147631 ], [ 106.679064047833208, 10.772056768257215 ], [ 106.679320055618746, 10.772683760697838 ], [ 106.679016476051288, 10.773252808661837 ] ] ] } },
{ "type": "Feature", "properties": { "a5": "7a94099fb8000000", "resolution": 16, "center_lat": 10.772483642974262, "center_lon": 106.67962317922574, "avg_edge_len": 72.603377307285939, "cell_area": 7917.2614735886455, "cell_perimeter": 363.01688653642969, "code": "770", "name": "Quận 3", "name_en": "District 3", "level": "Quận", "prov_code": "79", "prov_name": "Thành phố Hồ Chí Minh", "region": "Đông Nam Bộ", "pop_2019": 190375.0, "pop_dens": 38852.0, "area": 4.92 }, "geometry": { "type": "Polygon", "coordinates": [ [ [ 106.679320055618746, 10.772683760697838 ], [ 106.679064047833208, 10.772056768257215 ], [ 106.679699131483403, 10.772029214093951 ], [ 106.680139201044312, 10.772539218337949 ], [ 106.679835621299162, 10.773108265332906 ], [ 106.679320055618746, 10.772683760697838 ] ] ] } },
{ "type": "Feature", "properties": { "a5": "7a9409a038000000", "resolution": 16, "center_lat": 10.771839832970491, "center_lon": 106.68000882752101, "avg_edge_len": 72.847633692755807, "cell_area": 7917.2613627910614, "cell_perimeter": 364.23816846377906, "code": "770", "name": "Quận 3", "name_en": "District 3", "level": "Quận", "prov_code": "79", "prov_name": "Thành phố Hồ Chí Minh", "region": "Đông Nam Bộ", "pop_2019": 190375.0, "pop_dens": 38852.0, "area": 4.92 }, "geometry": { "type": "Polygon", "coordinates": [ [ [ 106.680139201044312, 10.772539218337949 ], [ 106.679699131483403, 10.772029214093951 ], [ 106.679551687380922, 10.771370737233964 ], [ 106.680186771451872, 10.771343183568868 ], [ 106.680442780643375, 10.771970172800149 ], [ 106.680139201044312, 10.772539218337949 ] ] ] } },
{ "type": "Feature", "properties": { "a5": "7a9409a098000000", "resolution": 16, "center_lat": 10.771770055751476, "center_lon": 106.68074590474048, "avg_edge_len": 72.603359275502427, "cell_area": 7917.2614956274629, "cell_perimeter": 363.01679637751215, "code": "770", "name": "Quận 3", "name_en": "District 3", "level": "Quận", "prov_code": "79", "prov_name": "Thành phố Hồ Chí Minh", "region": "Đông Nam Bộ", "pop_2019": 190375.0, "pop_dens": 38852.0, "area": 4.92 }, "geometry": { "type": "Polygon", "coordinates": [ [ [ 106.680442780643375, 10.771970172800149 ], [ 106.680186771451872, 10.771343183568868 ], [ 106.680821856617058, 10.771315628959798 ], [ 106.681261927887249, 10.771825630382912 ], [ 106.680958348110607, 10.772394674951503 ], [ 106.680442780643375, 10.771970172800149 ] ] ] } },
{ "type": "Feature", "properties": { "a5": "7a9409a0a8000000", "resolution": 16, "center_lat": 10.771126248454351, "center_lon": 106.68113155317415, "avg_edge_len": 72.847536817310015, "cell_area": 7917.2613568156958, "cell_perimeter": 364.23768408655008, "code": "770", "name": "Quận 3", "name_en": "District 3", "level": "Quận", "prov_code": "79", "prov_name": "Thành phố Hồ Chí Minh", "region": "Đông Nam Bộ", "pop_2019": 190375.0, "pop_dens": 38852.0, "area": 4.92 }, "geometry": { "type": "Polygon", "coordinates": [ [ [ 106.681261927887249, 10.771825630382912 ], [ 106.680821856617058, 10.771315628959798 ], [ 106.680674411334167, 10.770657155359872 ], [ 106.681309496920107, 10.770629601249198 ], [ 106.681565507517689, 10.771256587271418 ], [ 106.681261927887249, 10.771825630382912 ] ] ] } },
{ "type": "Feature", "properties": { "a5": "7a940987f8000000", "resolution": 16, "center_lat": 10.785701497716239, "center_lon": 106.68634005939963, "avg_edge_len": 72.847423240705012, "cell_area": 7917.2596245147288, "cell_perimeter": 364.23711620352509, "code": "770", "name": "Quận 3", "name_en": "District 3", "level": "Quận", "prov_code": "79", "prov_name": "Thành phố Hồ Chí Minh", "region": "Đông Nam Bộ", "pop_2019": 190375.0, "pop_dens": 38852.0, "area": 4.92 }, "geometry": { "type": "Polygon", "coordinates": [ [ [ 106.686209679121475, 10.785002110321818 ], [ 106.686649764316371, 10.785512096766206 ], [ 106.686797216202422, 10.786170572960826 ], [ 106.686162111201838, 10.786198164269797 ], [ 106.68590609251919, 10.785571178979756 ], [ 106.686209679121475, 10.785002110321818 ] ] ] } },
{ "type": "Feature", "properties": { "a5": "7a94098808000000", "resolution": 16, "center_lat": 10.7850576594043, "center_lon": 106.6867257175351, "avg_edge_len": 72.602734603326795, "cell_area": 7917.2594202160835, "cell_perimeter": 363.01367301663396, "code": "770", "name": "Quận 3", "name_en": "District 3", "level": "Quận", "prov_code": "79", "prov_name": "Thành phố Hồ Chí Minh", "region": "Đông Nam Bộ", "pop_2019": 190375.0, "pop_dens": 38852.0, "area": 4.92 }, "geometry": { "type": "Polygon", "coordinates": [ [ [ 106.687028849652279, 10.784857523879591 ], [ 106.687284869738733, 10.785484505956878 ], [ 106.686649764316371, 10.785512096766219 ], [ 106.686209679121475, 10.785002110321818 ], [ 106.686513265579833, 10.784433043123276 ], [ 106.687028849652279, 10.784857523879591 ] ] ] } },
{ "type": "Feature", "properties": { "a5": "7a94099158000000", "resolution": 16, "center_lat": 10.785771315181229, "center_lon": 106.685602960894, "avg_edge_len": 72.602752699512465, "cell_area": 7917.2594592124224, "cell_perimeter": 363.01376349756231, "code": "770", "name": "Quận 3", "name_en": "District 3", "level": "Quận", "prov_code": "79", "prov_name": "Thành phố Hồ Chí Minh", "region": "Đông Nam Bộ", "pop_2019": 190375.0, "pop_dens": 38852.0, "area": 4.92 }, "geometry": { "type": "Polygon", "coordinates": [ [ [ 106.68590609251919, 10.785571178979756 ], [ 106.686162111201838, 10.786198164269797 ], [ 106.685527007296514, 10.786225754634742 ], [ 106.685086923809763, 10.785715765366858 ], [ 106.685390510233219, 10.785146695738238 ], [ 106.68590609251919, 10.785571178979756 ] ] ] } },
{ "type": "Feature", "properties": { "a5": "7a94099168000000", "resolution": 16, "center_lat": 10.786415156204512, "center_lon": 106.68521730290124, "avg_edge_len": 72.847520290761622, "cell_area": 7917.2595836296678, "cell_perimeter": 364.23760145380811, "code": "770", "name": "Quận 3", "name_en": "District 3", "level": "Quận", "prov_code": "79", "prov_name": "Thành phố Hồ Chí Minh", "region": "Đông Nam Bộ", "pop_2019": 190375.0, "pop_dens": 38852.0, "area": 4.92 }, "geometry": { "type": "Polygon", "coordinates": [ [ [ 106.685086923809763, 10.785715765366858 ], [ 106.685527007296514, 10.786225754634742 ], [ 106.68567445800511, 10.786884234093691 ], [ 106.685039354521678, 10.786911824958013 ], [ 106.684783337242607, 10.786284836454898 ], [ 106.685086923809763, 10.785715765366858 ] ] ] } },
{ "type": "Feature", "properties": { "a5": "7a94098828000000", "resolution": 16, "center_lat": 10.784987841603353, "center_lon": 106.68746281775451, "avg_edge_len": 72.847326208265059, "cell_area": 7917.2595896422863, "cell_perimeter": 364.23663104132527, "code": "770", "name": "Quận 3", "name_en": "District 3", "level": "Quận", "prov_code": "79", "prov_name": "Thành phố Hồ Chí Minh", "region": "Đông Nam Bộ", "pop_2019": 190375.0, "pop_dens": 38852.0, "area": 4.92 }, "geometry": { "type": "Polygon", "coordinates": [ [ [ 106.687332436289239, 10.784288457651924 ], [ 106.687772523192507, 10.784798441273212 ], [ 106.68791997625658, 10.78545691420373 ], [ 106.687284869738733, 10.785484505956878 ], [ 106.687028849652279, 10.784857523879591 ], [ 106.687332436289239, 10.784288457651924 ] ] ] } },
{ "type": "Feature", "properties": { "a5": "7a94098838000000", "resolution": 16, "center_lat": 10.7843440060029, "center_lon": 106.68784847603237, "avg_edge_len": 72.602716531036748, "cell_area": 7917.2594849914312, "cell_perimeter": 363.01358265518377, "code": "770", "name": "Quận 3", "name_en": "District 3", "level": "Quận", "prov_code": "79", "prov_name": "Thành phố Hồ Chí Minh", "region": "Đông Nam Bộ", "pop_2019": 190375.0, "pop_dens": 38852.0, "area": 4.92 }, "geometry": { "type": "Polygon", "coordinates": [ [ [ 106.688151608641419, 10.784143871155125 ], [ 106.688407630132133, 10.784770850019898 ], [ 106.687772523192507, 10.784798441273212 ], [ 106.687332436289239, 10.784288457651924 ], [ 106.687636022782272, 10.783719392883592 ], [ 106.688151608641419, 10.784143871155125 ] ] ] } },
{ "type": "Feature", "properties": { "a5": "7a94099148000000", "resolution": 16, "center_lat": 10.786484973332959, "center_lon": 106.68448020610943, "avg_edge_len": 72.602770815041637, "cell_area": 7917.2594357058406, "cell_perimeter": 363.0138540752082, "code": "770", "name": "Quận 3", "name_en": "District 3", "level": "Quận", "prov_code": "79", "prov_name": "Thành phố Hồ Chí Minh", "region": "Đông Nam Bộ", "pop_2019": 190375.0, "pop_dens": 38852.0, "area": 4.92 }, "geometry": { "type": "Polygon", "coordinates": [ [ [ 106.684783337242607, 10.786284836454898 ], [ 106.685039354521678, 10.786911824958013 ], [ 106.684404252133504, 10.786939414878116 ], [ 106.683964170354557, 10.786429422786354 ], [ 106.684267756742884, 10.785860350727758 ], [ 106.684783337242607, 10.786284836454898 ] ] ] } },
{ "type": "Feature", "properties": { "a5": "7a94099188000000", "resolution": 16, "center_lat": 10.787128817067424, "center_lon": 106.68409454825967, "avg_edge_len": 72.847617356423399, "cell_area": 7917.2596112936735, "cell_perimeter": 364.23808678211702, "code": "770", "name": "Quận 3", "name_en": "District 3", "level": "Quận", "prov_code": "79", "prov_name": "Thành phố Hồ Chí Minh", "region": "Đông Nam Bộ", "pop_2019": 190375.0, "pop_dens": 38852.0, "area": 4.92 }, "geometry": { "type": "Polygon", "coordinates": [ [ [ 106.683964170354557, 10.786429422786354 ], [ 106.684404252133504, 10.786939414878116 ], [ 106.684551701664759, 10.787597897601572 ], [ 106.683916599698478, 10.78762548802086 ], [ 106.683660583822757, 10.786998496304408 ], [ 106.683964170354557, 10.786429422786354 ] ] ] } },
{ "type": "Feature", "properties": { "a5": "7a94098848000000", "resolution": 16, "center_lat": 10.783630354977683, "center_lon": 106.68897123638567, "avg_edge_len": 72.602698473502457, "cell_area": 7917.2594781965017, "cell_perimeter": 363.0134923675123, "code": "770", "name": "Quận 3", "name_en": "District 3", "level": "Quận", "prov_code": "79", "prov_name": "Thành phố Hồ Chí Minh", "region": "Đông Nam Bộ", "pop_2019": 190375.0, "pop_dens": 38852.0, "area": 4.92 }, "geometry": { "type": "Polygon", "coordinates": [ [ [ 106.689274369486384, 10.783430220807022 ], [ 106.689530392381698, 10.784057196459573 ], [ 106.688895283924921, 10.784084788156401 ], [ 106.688455195313054, 10.783574807357834 ], [ 106.688758781840306, 10.783005745019839 ], [ 106.689274369486384, 10.783430220807022 ] ] ] } },
{ "type": "Feature", "properties": { "a5": "7a94098888000000", "resolution": 16, "center_lat": 10.784274187866441, "center_lon": 106.68858557796564, "avg_edge_len": 72.847229194465626, "cell_area": 7917.2595807164907, "cell_perimeter": 364.23614597232813, "code": "770", "name": "Quận 3", "name_en": "District 3", "level": "Quận", "prov_code": "79", "prov_name": "Thành phố Hồ Chí Minh", "region": "Đông Nam Bộ", "pop_2019": 190375.0, "pop_dens": 38852.0, "area": 4.92 }, "geometry": { "type": "Polygon", "coordinates": [ [ [ 106.688455195313054, 10.783574807357834 ], [ 106.688895283924921, 10.784084788156401 ], [ 106.689042738167245, 10.784743257823019 ], [ 106.688407630132133, 10.784770850019898 ], [ 106.688151608641419, 10.784143871155125 ], [ 106.688455195313054, 10.783574807357834 ] ] ] } },
{ "type": "Feature", "properties": { "a5": "7a94099138000000", "resolution": 16, "center_lat": 10.787198633858834, "center_lon": 106.6833574531817, "avg_edge_len": 72.602788944691127, "cell_area": 7917.2594416588545, "cell_perimeter": 363.01394472345561, "code": "770", "name": "Quận 3", "name_en": "District 3", "level": "Quận", "prov_code": "79", "prov_name": "Thành phố Hồ Chí Minh", "region": "Đông Nam Bộ", "pop_2019": 190375.0, "pop_dens": 38852.0, "area": 4.92 }, "geometry": { "type": "Polygon", "coordinates": [ [ [ 106.683660583822757, 10.786998496304408 ], [ 106.683916599698478, 10.78762548802086 ], [ 106.683281498827569, 10.787653077495648 ], [ 106.682841418756198, 10.7871430825796 ], [ 106.683145005109168, 10.786574008091172 ], [ 106.683660583822757, 10.786998496304408 ] ] ] } },
{ "type": "Feature", "properties": { "a5": "7a94099128000000", "resolution": 16, "center_lat": 10.787842480304311, "center_lon": 106.68297179547531, "avg_edge_len": 72.847714441572293, "cell_area": 7917.2595995590091, "cell_perimeter": 364.23857220786147, "code": "770", "name": "Quận 3", "name_en": "District 3", "level": "Quận", "prov_code": "79", "prov_name": "Thành phố Hồ Chí Minh", "region": "Đông Nam Bộ", "pop_2019": 190375.0, "pop_dens": 38852.0, "area": 4.92 }, "geometry": { "type": "Polygon", "coordinates": [ [ [ 106.682841418756198, 10.7871430825796 ], [ 106.683281498827569, 10.787653077495648 ], [ 106.683428947181937, 10.788311563483862 ], [ 106.682793846732807, 10.788339153457619 ], [ 106.682537832259982, 10.787712158527549 ], [ 106.682841418756198, 10.7871430825796 ] ] ] } },
{ "type": "Feature", "properties": { "a5": "7a94098da8000000", "resolution": 16, "center_lat": 10.778804922954309, "center_lon": 106.68739231743955, "avg_edge_len": 72.847234228246975, "cell_area": 7917.2613747790456, "cell_perimeter": 364.23617114123488, "code": "770", "name": "Quận 3", "name_en": "District 3", "level": "Quận", "prov_code": "79", "prov_name": "Thành phố Hồ Chí Minh", "region": "Đông Nam Bộ", "pop_2019": 190375.0, "pop_dens": 38852.0, "area": 4.92 }, "geometry": { "type": "Polygon", "coordinates": [ [ [ 106.687522698688554, 10.779504299793535 ], [ 106.687082613993994, 10.778994315086479 ], [ 106.686935161938436, 10.778335847208922 ], [ 106.687570263333555, 10.778308269165853 ], [ 106.687826283281538, 10.778935245380387 ], [ 106.687522698688554, 10.779504299793535 ] ] ] } },
{ "type": "Feature", "properties": { "a5": "7a94098df8000000", "resolution": 16, "center_lat": 10.779559854178117, "center_lon": 106.68803873633622, "avg_edge_len": 72.60285029221896, "cell_area": 7917.2594356834888, "cell_perimeter": 363.01425146109477, "code": "770", "name": "Quận 3", "name_en": "District 3", "level": "Quận", "prov_code": "79", "prov_name": "Thành phố Hồ Chí Minh", "region": "Đông Nam Bộ", "pop_2019": 190375.0, "pop_dens": 38852.0, "area": 4.92 }, "geometry": { "type": "Polygon", "coordinates": [ [ [ 106.688341867456415, 10.779359725507504 ], [ 106.688597888571849, 10.779986700586369 ], [ 106.687962784317506, 10.780014283328027 ], [ 106.687522698688554, 10.779504299793535 ], [ 106.687826283281538, 10.778935245380387 ], [ 106.688341867456415, 10.779359725507504 ] ] ] } },
{ "type": "Feature", "properties": { "a5": "7a94098dd8000000", "resolution": 16, "center_lat": 10.780483356131869, "center_lon": 106.68841994221283, "avg_edge_len": 72.847193128819256, "cell_area": 7917.2613235078752, "cell_perimeter": 364.23596564409627, "code": "770", "name": "Quận 3", "name_en": "District 3", "level": "Quận", "prov_code": "79", "prov_name": "Thành phố Hồ Chí Minh", "region": "Đông Nam Bộ", "pop_2019": 190375.0, "pop_dens": 38852.0, "area": 4.92 }, "geometry": { "type": "Polygon", "coordinates": [ [ [ 106.688550324533708, 10.781182732641756 ], [ 106.688110237493788, 10.780672750713798 ], [ 106.687962784317506, 10.780014283328027 ], [ 106.688597888571849, 10.779986700586369 ], [ 106.68885391011122, 10.780613675481645 ], [ 106.688550324533708, 10.781182732641756 ] ] ] } },
{ "type": "Feature", "properties": { "a5": "7a94098eb8000000", "resolution": 16, "center_lat": 10.781238283278737, "center_lon": 106.68906636455851, "avg_edge_len": 72.602765360738459, "cell_area": 7917.2594223916531, "cell_perimeter": 363.01382680369227, "code": "770", "name": "Quận 3", "name_en": "District 3", "level": "Quận", "prov_code": "79", "prov_name": "Thành phố Hồ Chí Minh", "region": "Đông Nam Bộ", "pop_2019": 190375.0, "pop_dens": 38852.0, "area": 4.92 }, "geometry": { "type": "Polygon", "coordinates": [ [ [ 106.689369496914878, 10.781038152196871 ], [ 106.689625519622268, 10.781665125956534 ], [ 106.688990412508133, 10.781692713397126 ], [ 106.688550324533708, 10.781182732641756 ], [ 106.68885391011122, 10.780613675481645 ], [ 106.689369496914878, 10.781038152196871 ] ] ] } },
{ "type": "Feature", "properties": { "a5": "7a94098d38000000", "resolution": 16, "center_lat": 10.777881419027279, "center_lon": 106.68701111392517, "avg_edge_len": 72.602935241577285, "cell_area": 7917.2594107314944, "cell_perimeter": 363.0146762078864, "code": "770", "name": "Quận 3", "name_en": "District 3", "level": "Quận", "prov_code": "79", "prov_name": "Thành phố Hồ Chí Minh", "region": "Đông Nam Bộ", "pop_2019": 190375.0, "pop_dens": 38852.0, "area": 4.92 }, "geometry": { "type": "Polygon", "coordinates": [ [ [ 106.687314243809055, 10.777681292767591 ], [ 106.687570263333555, 10.778308269165853 ], [ 106.686935161938436, 10.778335847208934 ], [ 106.686495078654389, 10.777825860895298 ], [ 106.686798662262277, 10.777256809228689 ], [ 106.687314243809055, 10.777681292767591 ] ] ] } },
{ "type": "Feature", "properties": { "a5": "7a94099ad8000000", "resolution": 16, "center_lat": 10.777126483726502, "center_lon": 106.68636469847635, "avg_edge_len": 72.847275337262687, "cell_area": 7917.2613355778158, "cell_perimeter": 364.23637668631346, "code": "770", "name": "Quận 3", "name_en": "District 3", "level": "Quận", "prov_code": "79", "prov_name": "Thành phố Hồ Chí Minh", "region": "Đông Nam Bộ", "pop_2019": 190375.0, "pop_dens": 38852.0, "area": 4.92 }, "geometry": { "type": "Polygon", "coordinates": [ [ [ 106.686495078654389, 10.777825860895298 ], [ 106.686054996304392, 10.777315873409142 ], [ 106.685907545368991, 10.776657405039563 ], [ 106.686542643904772, 10.776629831694686 ], [ 106.686798662262277, 10.777256809228689 ], [ 106.686495078654389, 10.777825860895298 ] ] ] } },
{ "type": "Feature", "properties": { "a5": "7a94099af8000000", "resolution": 16, "center_lat": 10.776202977825875, "center_lon": 106.68598349732308, "avg_edge_len": 72.603020196601591, "cell_area": 7917.2594505548477, "cell_perimeter": 363.01510098300798, "code": "770", "name": "Quận 3", "name_en": "District 3", "level": "Quận", "prov_code": "79", "prov_name": "Thành phố Hồ Chí Minh", "region": "Đông Nam Bộ", "pop_2019": 190375.0, "pop_dens": 38852.0, "area": 4.92 }, "geometry": { "type": "Polygon", "coordinates": [ [ [ 106.686286625970524, 10.776002853976898 ], [ 106.686542643904772, 10.776629831694686 ], [ 106.685907545368991, 10.776657405039575 ], [ 106.685467464428939, 10.776147415946829 ], [ 106.685771047051048, 10.77557836702627 ], [ 106.686286625970524, 10.776002853976898 ] ] ] } },
{ "type": "Feature", "properties": { "a5": "7a94099b28000000", "resolution": 16, "center_lat": 10.77544803844815, "center_lon": 106.68533708532094, "avg_edge_len": 72.847316466877402, "cell_area": 7917.2613229379058, "cell_perimeter": 364.23658233438698, "code": "770", "name": "Quận 3", "name_en": "District 3", "level": "Quận", "prov_code": "79", "prov_name": "Thành phố Hồ Chí Minh", "region": "Đông Nam Bộ", "pop_2019": 190375.0, "pop_dens": 38852.0, "area": 4.92 }, "geometry": { "type": "Polygon", "coordinates": [ [ [ 106.685467464428939, 10.776147415946829 ], [ 106.68502738442271, 10.77563742568155 ], [ 106.684879934606442, 10.774978956819705 ], [ 106.685515030283227, 10.774951388172653 ], [ 106.685771047051048, 10.77557836702627 ], [ 106.685467464428939, 10.776147415946829 ] ] ] } },
{ "type": "Feature", "properties": { "a5": "7a9409a2d8000000", "resolution": 16, "center_lat": 10.773769587119048, "center_lon": 106.68430947797077, "avg_edge_len": 72.84735761229129, "cell_area": 7917.2613199390471, "cell_perimeter": 364.23678806145642, "code": "770", "name": "Quận 3", "name_en": "District 3", "level": "Quận", "prov_code": "79", "prov_name": "Thành phố Hồ Chí Minh", "region": "Đông Nam Bộ", "pop_2019": 190375.0, "pop_dens": 38852.0, "area": 4.92 }, "geometry": { "type": "Polygon", "coordinates": [ [ [ 106.68443985600959, 10.774468964947841 ], [ 106.683999778346333, 10.773958971903449 ], [ 106.683852329648516, 10.773300502549116 ], [ 106.684487422466418, 10.773272938599504 ], [ 106.684743437645466, 10.773899918772905 ], [ 106.68443985600959, 10.774468964947841 ] ] ] } },
{ "type": "Feature", "properties": { "a5": "7a9409a3b8000000", "resolution": 16, "center_lat": 10.774524530573721, "center_lon": 106.68495588652733, "avg_edge_len": 72.603105165797317, "cell_area": 7917.2594437673688, "cell_perimeter": 363.0155258289866, "code": "770", "name": "Quận 3", "name_en": "District 3", "level": "Quận", "prov_code": "79", "prov_name": "Thành phố Hồ Chí Minh", "region": "Đông Nam Bộ", "pop_2019": 190375.0, "pop_dens": 38852.0, "area": 4.92 }, "geometry": { "type": "Polygon", "coordinates": [ [ [ 106.685259013938207, 10.774324409135152 ], [ 106.685515030283227, 10.774951388172653 ], [ 106.684879934606442, 10.774978956819705 ], [ 106.68443985600959, 10.774468964947841 ], [ 106.684743437645466, 10.773899918772905 ], [ 106.685259013938207, 10.774324409135152 ] ] ] } },
{ "type": "Feature", "properties": { "a5": "7a94098858000000", "resolution": 16, "center_lat": 10.782916706329306, "center_lon": 106.69009399859453, "avg_edge_len": 72.602680438770349, "cell_area": 7917.2594131156802, "cell_perimeter": 363.01340219385173, "code": "770", "name": "Quận 3", "name_en": "District 3", "level": "Quận", "prov_code": "79", "prov_name": "Thành phố Hồ Chí Minh", "region": "Đông Nam Bộ", "pop_2019": 190375.0, "pop_dens": 38852.0, "area": 4.92 }, "geometry": { "type": "Polygon", "coordinates": [ [ [ 106.690397132186945, 10.78271657283595 ], [ 106.690653156487087, 10.783343545276571 ], [ 106.69001804651316, 10.783371137416475 ], [ 106.689577956192352, 10.782861159440211 ], [ 106.68988154275371, 10.782292099532672 ], [ 106.690397132186945, 10.78271657283595 ] ] ] } },
{ "type": "Feature", "properties": { "a5": "7a94098868000000", "resolution": 16, "center_lat": 10.783560536506199, "center_lon": 106.68970834003265, "avg_edge_len": 72.847132195318494, "cell_area": 7917.2595966681838, "cell_perimeter": 364.23566097659244, "code": "770", "name": "Quận 3", "name_en": "District 3", "level": "Quận", "prov_code": "79", "prov_name": "Thành phố Hồ Chí Minh", "region": "Đông Nam Bộ", "pop_2019": 190375.0, "pop_dens": 38852.0, "area": 4.92 }, "geometry": { "type": "Polygon", "coordinates": [ [ [ 106.689577956192352, 10.782861159440211 ], [ 106.69001804651316, 10.783371137416475 ], [ 106.690165501933961, 10.784029603819398 ], [ 106.689530392381698, 10.784057196459573 ], [ 106.689274369486384, 10.783430220807022 ], [ 106.689577956192352, 10.782861159440211 ] ] ] } },
{ "type": "Feature", "properties": { "a5": "7a94098f28000000", "resolution": 16, "center_lat": 10.782161783259349, "center_lon": 106.68944757279864, "avg_edge_len": 72.847152053095783, "cell_area": 7917.2613558210433, "cell_perimeter": 364.23576026547892, "code": "770", "name": "Quận 3", "name_en": "District 3", "level": "Quận", "prov_code": "79", "prov_name": "Thành phố Hồ Chí Minh", "region": "Đông Nam Bộ", "pop_2019": 190375.0, "pop_dens": 38852.0, "area": 4.92 }, "geometry": { "type": "Polygon", "coordinates": [ [ [ 106.689577956192352, 10.782861159440211 ], [ 106.689137866806277, 10.782351180291368 ], [ 106.688990412508133, 10.781692713397126 ], [ 106.689625519622268, 10.781665125956534 ], [ 106.68988154275371, 10.782292099532686 ], [ 106.689577956192352, 10.782861159440211 ] ] ] } },
{ "type": "Feature", "properties": { "a5": "7a9409a2a8000000", "resolution": 16, "center_lat": 10.772091129738943, "center_lon": 106.68328187642352, "avg_edge_len": 72.847398775939695, "cell_area": 7917.2613444030285, "cell_perimeter": 364.2369938796985, "code": "770", "name": "Quận 3", "name_en": "District 3", "level": "Quận", "prov_code": "79", "prov_name": "Thành phố Hồ Chí Minh", "region": "Đông Nam Bộ", "pop_2019": 190375.0, "pop_dens": 38852.0, "area": 4.92 }, "geometry": { "type": "Polygon", "coordinates": [ [ [ 106.683412253394067, 10.772790507898115 ], [ 106.682972178072987, 10.772280512074612 ], [ 106.682824730492712, 10.771622042227534 ], [ 106.683459820451958, 10.771594482975008 ], [ 106.683715834043142, 10.772221464468348 ], [ 106.683412253394067, 10.772790507898115 ] ] ] } },
{ "type": "Feature", "properties": { "a5": "7a9409a2f8000000", "resolution": 16, "center_lat": 10.772846077270566, "center_lon": 106.6839282815357, "avg_edge_len": 72.603190145211641, "cell_area": 7917.2594323009253, "cell_perimeter": 363.01595072605824, "code": "770", "name": "Quận 3", "name_en": "District 3", "level": "Quận", "prov_code": "79", "prov_name": "Thành phố Hồ Chí Minh", "region": "Đông Nam Bộ", "pop_2019": 190375.0, "pop_dens": 38852.0, "area": 4.92 }, "geometry": { "type": "Polygon", "coordinates": [ [ [ 106.684231407709831, 10.772645958242148 ], [ 106.684487422466418, 10.773272938599517 ], [ 106.683852329648516, 10.773300502549116 ], [ 106.683412253394067, 10.772790507898115 ], [ 106.683715834043142, 10.772221464468348 ], [ 106.684231407709831, 10.772645958242148 ] ] ] } },
{ "type": "Feature", "properties": { "a5": "7a9409a078000000", "resolution": 16, "center_lat": 10.77105647089785, "center_lon": 106.68186863210487, "avg_edge_len": 72.603341260132908, "cell_area": 7917.261513017118, "cell_perimeter": 363.01670630066457, "code": "770", "name": "Quận 3", "name_en": "District 3", "level": "Quận", "prov_code": "79", "prov_name": "Thành phố Hồ Chí Minh", "region": "Đông Nam Bộ", "pop_2019": 190375.0, "pop_dens": 38852.0, "area": 4.92 }, "geometry": { "type": "Polygon", "coordinates": [ [ [ 106.681565507517689, 10.771256587271418 ], [ 106.681309496920107, 10.770629601249198 ], [ 106.681944583600284, 10.770602046194787 ], [ 106.68238465657987, 10.771112044797391 ], [ 106.682081076771965, 10.771681086939513 ], [ 106.681565507517689, 10.771256587271418 ] ] ] } },
{ "type": "Feature", "properties": { "a5": "7a9409a0d8000000", "resolution": 16, "center_lat": 10.770412666307548, "center_lon": 106.68225428067673, "avg_edge_len": 72.847439957681217, "cell_area": 7917.2613446600735, "cell_perimeter": 364.23719978840609, "code": "770", "name": "Quận 3", "name_en": "District 3", "level": "Quận", "prov_code": "79", "prov_name": "Thành phố Hồ Chí Minh", "region": "Đông Nam Bộ", "pop_2019": 190375.0, "pop_dens": 38852.0, "area": 4.92 }, "geometry": { "type": "Polygon", "coordinates": [ [ [ 106.68238465657987, 10.771112044797391 ], [ 106.681944583600284, 10.770602046194787 ], [ 106.681797137136527, 10.769943575854715 ], [ 106.682432224237346, 10.769916021298894 ], [ 106.682688236241574, 10.77054300411233 ], [ 106.68238465657987, 10.771112044797391 ] ] ] } },
{ "type": "Feature", "properties": { "a5": "7a9409a238000000", "resolution": 16, "center_lat": 10.77116761791614, "center_lon": 106.68290068234568, "avg_edge_len": 72.60327513798579, "cell_area": 7917.2594616636634, "cell_perimeter": 363.01637568992896, "code": "770", "name": "Quận 3", "name_en": "District 3", "level": "Quận", "prov_code": "79", "prov_name": "Thành phố Hồ Chí Minh", "region": "Đông Nam Bộ", "pop_2019": 190375.0, "pop_dens": 38852.0, "area": 4.92 }, "geometry": { "type": "Polygon", "coordinates": [ [ [ 106.683203807283007, 10.77096750129761 ], [ 106.683459820451958, 10.771594482975008 ], [ 106.682824730492712, 10.771622042227534 ], [ 106.68238465657987, 10.771112044797391 ], [ 106.682688236241574, 10.77054300411233 ], [ 106.683203807283007, 10.77096750129761 ] ] ] } },
{ "type": "Feature", "properties": { "a5": "7a94099718000000", "resolution": 16, "center_lat": 10.785268967313074, "center_lon": 106.67905676414706, "avg_edge_len": 72.602995029224388, "cell_area": 7917.2594068199396, "cell_perimeter": 363.01497514612197, "code": "770", "name": "Quận 3", "name_en": "District 3", "level": "Quận", "prov_code": "79", "prov_name": "Thành phố Hồ Chí Minh", "region": "Đông Nam Bộ", "pop_2019": 190375.0, "pop_dens": 38852.0, "area": 4.92 }, "geometry": { "type": "Polygon", "coordinates": [ [ [ 106.679359891335025, 10.78506883323351 ], [ 106.679615901216948, 10.785695834009109 ], [ 106.678980809095265, 10.785723413189611 ], [ 106.678540737131812, 10.785213407069625 ], [ 106.678844321451379, 10.784644333225469 ], [ 106.679359891335025, 10.78506883323351 ] ] ] } },
{ "type": "Feature", "properties": { "a5": "7a94099738000000", "resolution": 16, "center_lat": 10.786192507147913, "center_lon": 106.67943795339855, "avg_edge_len": 72.84796936033446, "cell_area": 7917.2613200694323, "cell_perimeter": 364.23984680167229, "code": "770", "name": "Quận 3", "name_en": "District 3", "level": "Quận", "prov_code": "79", "prov_name": "Thành phố Hồ Chí Minh", "region": "Đông Nam Bộ", "pop_2019": 190375.0, "pop_dens": 38852.0, "area": 4.92 }, "geometry": { "type": "Polygon", "coordinates": [ [ [ 106.67956832622292, 10.786891911198122 ], [ 106.679128252847818, 10.786381906683056 ], [ 106.678980809095265, 10.785723413189611 ], [ 106.679615901216948, 10.785695834009109 ], [ 106.679871911523605, 10.786322834602396 ], [ 106.67956832622292, 10.786891911198122 ] ] ] } },
{ "type": "Feature", "properties": { "a5": "7a94099768000000", "resolution": 16, "center_lat": 10.784514002694287, "center_lon": 106.67841036538182, "avg_edge_len": 72.848010305739308, "cell_area": 7917.2613498233259, "cell_perimeter": 364.24005152869654, "code": "770", "name": "Quận 3", "name_en": "District 3", "level": "Quận", "prov_code": "79", "prov_name": "Thành phố Hồ Chí Minh", "region": "Đông Nam Bộ", "pop_2019": 190375.0, "pop_dens": 38852.0, "area": 4.92 }, "geometry": { "type": "Polygon", "coordinates": [ [ [ 106.678540737131812, 10.785213407069625 ], [ 106.678100666102637, 10.78470339977749 ], [ 106.677953223473423, 10.784044905796106 ], [ 106.678588312737816, 10.784017331316207 ], [ 106.678844321451379, 10.784644333225469 ], [ 106.678540737131812, 10.785213407069625 ] ] ] } },
{ "type": "Feature", "properties": { "a5": "7a940997c8000000", "resolution": 16, "center_lat": 10.783590460890958, "center_lon": 106.67802917849519, "avg_edge_len": 72.603079929054289, "cell_area": 7917.2594481408596, "cell_perimeter": 363.01539964527143, "code": "770", "name": "Quận 3", "name_en": "District 3", "level": "Quận", "prov_code": "79", "prov_name": "Thành phố Hồ Chí Minh", "region": "Đông Nam Bộ", "pop_2019": 190375.0, "pop_dens": 38852.0, "area": 4.92 }, "geometry": { "type": "Polygon", "coordinates": [ [ [ 106.678332304448759, 10.783390329224563 ], [ 106.678588312737816, 10.784017331316207 ], [ 106.677953223473423, 10.784044905796106 ], [ 106.67751315385533, 10.783534896899006 ], [ 106.677816737193211, 10.782965825805965 ], [ 106.678332304448759, 10.783390329224563 ] ] ] } },
{ "type": "Feature", "properties": { "a5": "7a9409cd58000000", "resolution": 16, "center_lat": 10.781911948426247, "center_lon": 106.67700159865582, "avg_edge_len": 72.603164841009203, "cell_area": 7917.2594678923488, "cell_perimeter": 363.01582420504599, "code": "770", "name": "Quận 3", "name_en": "District 3", "level": "Quận", "prov_code": "79", "prov_name": "Thành phố Hồ Chí Minh", "region": "Đông Nam Bộ", "pop_2019": 190375.0, "pop_dens": 38852.0, "area": 4.92 }, "geometry": { "type": "Polygon", "coordinates": [ [ [ 106.677304723374732, 10.781711819172713 ], [ 106.677560730071946, 10.782338822580575 ], [ 106.67692564366439, 10.782366392360213 ], [ 106.676485576391087, 10.781856380686017 ], [ 106.676789158746715, 10.781287312343643 ], [ 106.677304723374732, 10.781711819172713 ] ] ] } },
{ "type": "Feature", "properties": { "a5": "7a9409cd78000000", "resolution": 16, "center_lat": 10.78283549219821, "center_lon": 106.67738278317881, "avg_edge_len": 72.848051271672517, "cell_area": 7917.2613288462162, "cell_perimeter": 364.24025635836256, "code": "770", "name": "Quận 3", "name_en": "District 3", "level": "Quận", "prov_code": "79", "prov_name": "Thành phố Hồ Chí Minh", "region": "Đông Nam Bộ", "pop_2019": 190375.0, "pop_dens": 38852.0, "area": 4.92 }, "geometry": { "type": "Polygon", "coordinates": [ [ [ 106.67751315385533, 10.783534896899006 ], [ 106.677073085171514, 10.783024886829796 ], [ 106.67692564366439, 10.782366392360213 ], [ 106.677560730071946, 10.782338822580575 ], [ 106.677816737193211, 10.782965825805965 ], [ 106.67751315385533, 10.783534896899006 ] ] ] } },
{ "type": "Feature", "properties": { "a5": "7a9409c7b8000000", "resolution": 16, "center_lat": 10.78023342991863, "center_lon": 106.67597402462654, "avg_edge_len": 72.60324976000615, "cell_area": 7917.2594399228692, "cell_perimeter": 363.01624880003078, "code": "770", "name": "Quận 3", "name_en": "District 3", "level": "Quận", "prov_code": "79", "prov_name": "Thành phố Hồ Chí Minh", "region": "Đông Nam Bộ", "pop_2019": 190375.0, "pop_dens": 38852.0, "area": 4.92 }, "geometry": { "type": "Polygon", "coordinates": [ [ [ 106.676277148110671, 10.780033303077705 ], [ 106.676533153216837, 10.780660307801964 ], [ 106.675898069666232, 10.780687872881737 ], [ 106.675458004736811, 10.780177858430402 ], [ 106.675761586109388, 10.779608792838243 ], [ 106.676277148110671, 10.780033303077705 ] ] ] } },
{ "type": "Feature", "properties": { "a5": "7a9409cc28000000", "resolution": 16, "center_lat": 10.78115697565956, "center_lon": 106.67635520678721, "avg_edge_len": 72.848092248464638, "cell_area": 7917.2613445334136, "cell_perimeter": 364.24046124232319, "code": "770", "name": "Quận 3", "name_en": "District 3", "level": "Quận", "prov_code": "79", "prov_name": "Thành phố Hồ Chí Minh", "region": "Đông Nam Bộ", "pop_2019": 190375.0, "pop_dens": 38852.0, "area": 4.92 }, "geometry": { "type": "Polygon", "coordinates": [ [ [ 106.676485576391087, 10.78185638068603 ], [ 106.676045510051722, 10.781346367839715 ], [ 106.675898069666232, 10.780687872881737 ], [ 106.676533153216837, 10.780660307801964 ], [ 106.676789158746715, 10.781287312343643 ], [ 106.676485576391087, 10.78185638068603 ] ] ] } },
{ "type": "Feature", "properties": { "a5": "7a94099508000000", "resolution": 16, "center_lat": 10.78780119195282, "center_lon": 106.6812026372112, "avg_edge_len": 72.60287337640284, "cell_area": 7917.2614963427186, "cell_perimeter": 363.0143668820142, "code": "770", "name": "Quận 3", "name_en": "District 3", "level": "Quận", "prov_code": "79", "prov_name": "Thành phố Hồ Chí Minh", "region": "Đông Nam Bộ", "pop_2019": 190375.0, "pop_dens": 38852.0, "area": 4.92 }, "geometry": { "type": "Polygon", "coordinates": [ [ [ 106.680899507412505, 10.788001329936986 ], [ 106.680643495511845, 10.787374330659487 ], [ 106.681278591585965, 10.787346745833002 ], [ 106.681718669015027, 10.787856744745957 ], [ 106.681415082554622, 10.78842582312366 ], [ 106.680899507412505, 10.788001329936986 ] ] ] } },
{ "type": "Feature", "properties": { "a5": "7a94099528000000", "resolution": 16, "center_lat": 10.787871005559417, "center_lon": 106.68046554723158, "avg_edge_len": 72.847928432846118, "cell_area": 7917.2613428011537, "cell_perimeter": 364.23964216423059, "code": "770", "name": "Quận 3", "name_en": "District 3", "level": "Quận", "prov_code": "79", "prov_name": "Thành phố Hồ Chí Minh", "region": "Đông Nam Bộ", "pop_2019": 190375.0, "pop_dens": 38852.0, "area": 4.92 }, "geometry": { "type": "Polygon", "coordinates": [ [ [ 106.680595921131157, 10.788570409284718 ], [ 106.680155845409217, 10.788060407546764 ], [ 106.680008400532756, 10.787401914541002 ], [ 106.680643495511845, 10.787374330659487 ], [ 106.680899507412505, 10.788001329936986 ], [ 106.680595921131157, 10.788570409284718 ] ] ] } },
{ "type": "Feature", "properties": { "a5": "7a94099648000000", "resolution": 16, "center_lat": 10.786947467692764, "center_lon": 106.6800843556139, "avg_edge_len": 72.602910146177152, "cell_area": 7917.2594608142972, "cell_perimeter": 363.01455073088579, "code": "770", "name": "Quận 3", "name_en": "District 3", "level": "Quận", "prov_code": "79", "prov_name": "Thành phố Hồ Chí Minh", "region": "Đông Nam Bộ", "pop_2019": 190375.0, "pop_dens": 38852.0, "area": 4.92 }, "geometry": { "type": "Polygon", "coordinates": [ [ [ 106.68038748403626, 10.786747331199789 ], [ 106.680643495511845, 10.787374330659487 ], [ 106.680008400532756, 10.787401914541002 ], [ 106.67956832622292, 10.78689191119811 ], [ 106.679871911523605, 10.786322834602384 ], [ 106.68038748403626, 10.786747331199789 ] ] ] } },
{ "type": "Feature", "properties": { "a5": "7a94099108000000", "resolution": 16, "center_lat": 10.787912296758201, "center_lon": 106.68223470211119, "avg_edge_len": 72.602807097671857, "cell_area": 7917.2594516947865, "cell_perimeter": 363.0140354883593, "code": "770", "name": "Quận 3", "name_en": "District 3", "level": "Quận", "prov_code": "79", "prov_name": "Thành phố Hồ Chí Minh", "region": "Đông Nam Bộ", "pop_2019": 190375.0, "pop_dens": 38852.0, "area": 4.92 }, "geometry": { "type": "Polygon", "coordinates": [ [ [ 106.682537832259982, 10.787712158527549 ], [ 106.682793846732807, 10.788339153457619 ], [ 106.682158747378935, 10.788366742486673 ], [ 106.681718669015027, 10.787856744745957 ], [ 106.682022255332186, 10.787287667827812 ], [ 106.682537832259982, 10.787712158527549 ] ] ] } },
{ "type": "Feature", "properties": { "a5": "7a94099208000000", "resolution": 16, "center_lat": 10.788556145914489, "center_lon": 106.68184904454837, "avg_edge_len": 72.847811536891555, "cell_area": 7917.2595569118857, "cell_perimeter": 364.2390576844578, "code": "770", "name": "Quận 3", "name_en": "District 3", "level": "Quận", "prov_code": "79", "prov_name": "Thành phố Hồ Chí Minh", "region": "Đông Nam Bộ", "pop_2019": 190375.0, "pop_dens": 38852.0, "area": 4.92 }, "geometry": { "type": "Polygon", "coordinates": [ [ [ 106.681718669015027, 10.787856744745957 ], [ 106.682158747378935, 10.788366742486673 ], [ 106.682306194556645, 10.789025231739824 ], [ 106.681671095624779, 10.789052821267626 ], [ 106.681415082554622, 10.78842582312366 ], [ 106.681718669015027, 10.787856744745957 ] ] ] } },
{ "type": "Feature", "properties": { "a5": "7a94099ff8000000", "resolution": 16, "center_lat": 10.772273702824279, "center_lon": 106.67811927054309, "avg_edge_len": 72.847751788815387, "cell_area": 7917.2596181407571, "cell_perimeter": 364.23875894407695, "code": "770", "name": "Quận 3", "name_en": "District 3", "level": "Quận", "prov_code": "79", "prov_name": "Thành phố Hồ Chí Minh", "region": "Đông Nam Bộ", "pop_2019": 190375.0, "pop_dens": 38852.0, "area": 4.92 }, "geometry": { "type": "Polygon", "coordinates": [ [ [ 106.677988898833291, 10.771574312804956 ], [ 106.678428965277135, 10.77208432147631 ], [ 106.678576408199433, 10.772742801596552 ], [ 106.677941326064229, 10.772770355313583 ], [ 106.677685320106661, 10.772143359479855 ], [ 106.677988898833291, 10.771574312804956 ] ] ] } },
{ "type": "Feature", "properties": { "a5": "7a9409a008000000", "resolution": 16, "center_lat": 10.771629891866635, "center_lon": 106.67850491823933, "avg_edge_len": 72.603414166162764, "cell_area": 7917.2594424933195, "cell_perimeter": 363.01707083081385, "code": "770", "name": "Quận 3", "name_en": "District 3", "level": "Quận", "prov_code": "79", "prov_name": "Thành phố Hồ Chí Minh", "region": "Đông Nam Bộ", "pop_2019": 190375.0, "pop_dens": 38852.0, "area": 4.92 }, "geometry": { "type": "Polygon", "coordinates": [ [ [ 106.678808040469903, 10.771429775632942 ], [ 106.679064047833208, 10.772056768257215 ], [ 106.678428965277135, 10.77208432147631 ], [ 106.677988898833291, 10.771574312804956 ], [ 106.678292477414061, 10.771005267586936 ], [ 106.678808040469903, 10.771429775632942 ] ] ] } },
{ "type": "Feature", "properties": { "a5": "7a9409a028000000", "resolution": 16, "center_lat": 10.771560117964162, "center_lon": 106.67924199212733, "avg_edge_len": 72.847654907434062, "cell_area": 7917.2596211880445, "cell_perimeter": 364.2382745371703, "code": "770", "name": "Quận 3", "name_en": "District 3", "level": "Quận", "prov_code": "79", "prov_name": "Thành phố Hồ Chí Minh", "region": "Đông Nam Bộ", "pop_2019": 190375.0, "pop_dens": 38852.0, "area": 4.92 }, "geometry": { "type": "Polygon", "coordinates": [ [ [ 106.679111619228024, 10.770860731383696 ], [ 106.679551687380922, 10.771370737233964 ], [ 106.679699131483403, 10.772029214093951 ], [ 106.679064047833208, 10.772056768257215 ], [ 106.678808040469903, 10.771429775632942 ], [ 106.679111619228024, 10.770860731383696 ] ] ] } },
{ "type": "Feature", "properties": { "a5": "7a9409a018000000", "resolution": 16, "center_lat": 10.770916309712716, "center_lon": 106.67962763996202, "avg_edge_len": 72.603396135919212, "cell_area": 7917.2594207376242, "cell_perimeter": 363.01698067959603, "code": "770", "name": "Quận 3", "name_en": "District 3", "level": "Quận", "prov_code": "79", "prov_name": "Thành phố Hồ Chí Minh", "region": "Đông Nam Bộ", "pop_2019": 190375.0, "pop_dens": 38852.0, "area": 4.92 }, "geometry": { "type": "Polygon", "coordinates": [ [ [ 106.679930762682602, 10.77071619415376 ], [ 106.680186771451872, 10.771343183568868 ], [ 106.679551687380922, 10.771370737233964 ], [ 106.679111619228024, 10.770860731383696 ], [ 106.679415197839944, 10.770291688591319 ], [ 106.679930762682602, 10.77071619415376 ] ] ] } },
{ "type": "Feature", "properties": { "a5": "7a9409a0b8000000", "resolution": 16, "center_lat": 10.770846535472105, "center_lon": 106.68036471556108, "avg_edge_len": 72.847558041234322, "cell_area": 7917.2596308067441, "cell_perimeter": 364.23779020617161, "code": "770", "name": "Quận 3", "name_en": "District 3", "level": "Quận", "prov_code": "79", "prov_name": "Thành phố Hồ Chí Minh", "region": "Đông Nam Bộ", "pop_2019": 190375.0, "pop_dens": 38852.0, "area": 4.92 }, "geometry": { "type": "Polygon", "coordinates": [ [ [ 106.680234341471873, 10.770147152330297 ], [ 106.680674411334167, 10.770657155359872 ], [ 106.680821856617058, 10.771315628959798 ], [ 106.680186771451872, 10.771343183568868 ], [ 106.679930762682602, 10.77071619415376 ], [ 106.680234341471873, 10.770147152330297 ] ] ] } },
{ "type": "Feature", "properties": { "a5": "7a9409a0c8000000", "resolution": 16, "center_lat": 10.770202729927012, "center_lon": 106.68075036353397, "avg_edge_len": 72.603378130735805, "cell_area": 7917.2594351097941, "cell_perimeter": 363.01689065367901, "code": "770", "name": "Quận 3", "name_en": "District 3", "level": "Quận", "prov_code": "79", "prov_name": "Thành phố Hồ Chí Minh", "region": "Đông Nam Bộ", "pop_2019": 190375.0, "pop_dens": 38852.0, "area": 4.92 }, "geometry": { "type": "Polygon", "coordinates": [ [ [ 106.681053486744531, 10.770002615042985 ], [ 106.681309496920107, 10.770629601249198 ], [ 106.680674411334167, 10.770657155359872 ], [ 106.680234341471873, 10.770147152330297 ], [ 106.68053792011483, 10.769578111963654 ], [ 106.681053486744531, 10.770002615042985 ] ] ] } },
{ "type": "Feature", "properties": { "a5": "7a9409a0e8000000", "resolution": 16, "center_lat": 10.770132955348798, "center_lon": 106.68148744084411, "avg_edge_len": 72.847461189933895, "cell_area": 7917.2596243731678, "cell_perimeter": 364.23730594966946, "code": "770", "name": "Quận 3", "name_en": "District 3", "level": "Quận", "prov_code": "79", "prov_name": "Thành phố Hồ Chí Minh", "region": "Đông Nam Bộ", "pop_2019": 190375.0, "pop_dens": 38852.0, "area": 4.92 }, "geometry": { "type": "Polygon", "coordinates": [ [ [ 106.681357065564725, 10.769433575645449 ], [ 106.681797137136527, 10.769943575854715 ], [ 106.681944583600284, 10.770602046194787 ], [ 106.681309496920107, 10.770629601249198 ], [ 106.681053486744531, 10.770002615042985 ], [ 106.681357065564725, 10.769433575645449 ] ] ] } },
{ "type": "Feature", "properties": { "a5": "7a940987d8000000", "resolution": 16, "center_lat": 10.786625011685073, "center_lon": 106.6867212633115, "avg_edge_len": 72.602715919315301, "cell_area": 7917.2615088149905, "cell_perimeter": 363.01357959657651, "code": "770", "name": "Quận 3", "name_en": "District 3", "level": "Quận", "prov_code": "79", "prov_name": "Thành phố Hồ Chí Minh", "region": "Đông Nam Bộ", "pop_2019": 190375.0, "pop_dens": 38852.0, "area": 4.92 }, "geometry": { "type": "Polygon", "coordinates": [ [ [ 106.686418130309335, 10.786825149377069 ], [ 106.686162111201838, 10.786198164269797 ], [ 106.686797216202422, 10.786170572960826 ], [ 106.687237302809649, 10.786680557799325 ], [ 106.68693371522545, 10.787249629207158 ], [ 106.686418130309335, 10.786825149377069 ] ] ] } },
{ "type": "Feature", "properties": { "a5": "7a940987e8000000", "resolution": 16, "center_lat": 10.785981171618046, "center_lon": 106.68710692190417, "avg_edge_len": 72.84740206322671, "cell_area": 7917.2613107711077, "cell_perimeter": 364.23701031613354, "code": "770", "name": "Quận 3", "name_en": "District 3", "level": "Quận", "prov_code": "79", "prov_name": "Thành phố Hồ Chí Minh", "region": "Đông Nam Bộ", "pop_2019": 190375.0, "pop_dens": 38852.0, "area": 4.92 }, "geometry": { "type": "Polygon", "coordinates": [ [ [ 106.687237302809649, 10.786680557799325 ], [ 106.686797216202422, 10.786170572960826 ], [ 106.686649764316371, 10.785512096766219 ], [ 106.687284869738733, 10.785484505956878 ], [ 106.687540890250034, 10.786111487851194 ], [ 106.687237302809649, 10.786680557799325 ] ] ] } },
{ "type": "Feature", "properties": { "a5": "7a94099178000000", "resolution": 16, "center_lat": 10.786694832131088, "center_lon": 106.6859841631854, "avg_edge_len": 72.847499123799793, "cell_area": 7917.261330164969, "cell_perimeter": 364.23749561899893, "code": "770", "name": "Quận 3", "name_en": "District 3", "level": "Quận", "prov_code": "79", "prov_name": "Thành phố Hồ Chí Minh", "region": "Đông Nam Bộ", "pop_2019": 190375.0, "pop_dens": 38852.0, "area": 4.92 }, "geometry": { "type": "Polygon", "coordinates": [ [ [ 106.686114542904193, 10.787394221755866 ], [ 106.68567445800511, 10.786884234093691 ], [ 106.685527007296514, 10.786225754634742 ], [ 106.686162111201838, 10.786198164269797 ], [ 106.686418130309335, 10.786825149377069 ], [ 106.686114542904193, 10.787394221755866 ] ] ] } },
{ "type": "Feature", "properties": { "a5": "7a940987b8000000", "resolution": 16, "center_lat": 10.785911350836136, "center_lon": 106.68784402374428, "avg_edge_len": 72.602697821765943, "cell_area": 7917.2614929750562, "cell_perimeter": 363.01348910882973, "code": "770", "name": "Quận 3", "name_en": "District 3", "level": "Quận", "prov_code": "79", "prov_name": "Thành phố Hồ Chí Minh", "region": "Đông Nam Bộ", "pop_2019": 190375.0, "pop_dens": 38852.0, "area": 4.92 }, "geometry": { "type": "Polygon", "coordinates": [ [ [ 106.687540890250034, 10.786111487851194 ], [ 106.687284869738733, 10.785484505956878 ], [ 106.68791997625658, 10.78545691420373 ], [ 106.688360064572066, 10.785966896218913 ], [ 106.688056476952738, 10.786535965195929 ], [ 106.687540890250034, 10.786111487851194 ] ] ] } },
{ "type": "Feature", "properties": { "a5": "7a94099198000000", "resolution": 16, "center_lat": 10.787408495019402, "center_lon": 106.68486140632359, "avg_edge_len": 72.847596199307901, "cell_area": 7917.2613561525941, "cell_perimeter": 364.23798099653953, "code": "770", "name": "Quận 3", "name_en": "District 3", "level": "Quận", "prov_code": "79", "prov_name": "Thành phố Hồ Chí Minh", "region": "Đông Nam Bộ", "pop_2019": 190375.0, "pop_dens": 38852.0, "area": 4.92 }, "geometry": { "type": "Polygon", "coordinates": [ [ [ 106.684991784856038, 10.78810788808785 ], [ 106.684551701664759, 10.787597897601572 ], [ 106.684404252133504, 10.786939414878116 ], [ 106.685039354521678, 10.786911824958013 ], [ 106.68529537222571, 10.787538813278521 ], [ 106.684991784856038, 10.78810788808785 ] ] ] } },
{ "type": "Feature", "properties": { "a5": "7a940991c8000000", "resolution": 16, "center_lat": 10.787338674909764, "center_lon": 106.68559850473567, "avg_edge_len": 72.602734036243447, "cell_area": 7917.2615145668387, "cell_perimeter": 363.01367018121721, "code": "770", "name": "Quận 3", "name_en": "District 3", "level": "Quận", "prov_code": "79", "prov_name": "Thành phố Hồ Chí Minh", "region": "Đông Nam Bộ", "pop_2019": 190375.0, "pop_dens": 38852.0, "area": 4.92 }, "geometry": { "type": "Polygon", "coordinates": [ [ [ 106.68529537222571, 10.787538813278521 ], [ 106.685039354521678, 10.786911824958013 ], [ 106.68567445800511, 10.786884234093691 ], [ 106.686114542904193, 10.787394221755866 ], [ 106.685810955355578, 10.787963295594398 ], [ 106.68529537222571, 10.787538813278521 ] ] ] } },
{ "type": "Feature", "properties": { "a5": "7a94098818000000", "resolution": 16, "center_lat": 10.785267513480891, "center_lon": 106.68822968247972, "avg_edge_len": 72.847305025563742, "cell_area": 7917.2613592371345, "cell_perimeter": 364.23652512781871, "code": "770", "name": "Quận 3", "name_en": "District 3", "level": "Quận", "prov_code": "79", "prov_name": "Thành phố Hồ Chí Minh", "region": "Đông Nam Bộ", "pop_2019": 190375.0, "pop_dens": 38852.0, "area": 4.92 }, "geometry": { "type": "Polygon", "coordinates": [ [ [ 106.688360064572066, 10.785966896218913 ], [ 106.68791997625658, 10.78545691420373 ], [ 106.687772523192507, 10.784798441273212 ], [ 106.688407630132133, 10.784770850019898 ], [ 106.68866365204758, 10.78539782870156 ], [ 106.688360064572066, 10.785966896218913 ] ] ] } },
{ "type": "Feature", "properties": { "a5": "7a940988a8000000", "resolution": 16, "center_lat": 10.785197692363612, "center_lon": 106.68896678603373, "avg_edge_len": 72.602679740842362, "cell_area": 7917.2614781856537, "cell_perimeter": 363.0133987042118, "code": "770", "name": "Quận 3", "name_en": "District 3", "level": "Quận", "prov_code": "79", "prov_name": "Thành phố Hồ Chí Minh", "region": "Đông Nam Bộ", "pop_2019": 190375.0, "pop_dens": 38852.0, "area": 4.92 }, "geometry": { "type": "Polygon", "coordinates": [ [ [ 106.68866365204758, 10.785397828701573 ], [ 106.688407630132133, 10.784770850019898 ], [ 106.689042738167132, 10.784743257823019 ], [ 106.689482828191217, 10.785253237015294 ], [ 106.689179240536873, 10.785822303561362 ], [ 106.68866365204758, 10.785397828701573 ] ] ] } },
{ "type": "Feature", "properties": { "a5": "7a94099118000000", "resolution": 16, "center_lat": 10.788122160282279, "center_lon": 106.68373865131906, "avg_edge_len": 72.847693286715483, "cell_area": 7917.2613415420055, "cell_perimeter": 364.2384664335774, "code": "770", "name": "Quận 3", "name_en": "District 3", "level": "Quận", "prov_code": "79", "prov_name": "Thành phố Hồ Chí Minh", "region": "Đông Nam Bộ", "pop_2019": 190375.0, "pop_dens": 38852.0, "area": 4.92 }, "geometry": { "type": "Polygon", "coordinates": [ [ [ 106.68386902866564, 10.788821556794606 ], [ 106.683428947181937, 10.788311563483862 ], [ 106.683281498827569, 10.787653077495648 ], [ 106.683916599698478, 10.78762548802086 ], [ 106.684172615999387, 10.788252479554858 ], [ 106.68386902866564, 10.788821556794606 ] ] ] } },
{ "type": "Feature", "properties": { "a5": "7a940991a8000000", "resolution": 16, "center_lat": 10.788052340509527, "center_lon": 106.68447574801712, "avg_edge_len": 72.602752175550037, "cell_area": 7917.2614794448018, "cell_perimeter": 363.0137608777502, "code": "770", "name": "Quận 3", "name_en": "District 3", "level": "Quận", "prov_code": "79", "prov_name": "Thành phố Hồ Chí Minh", "region": "Đông Nam Bộ", "pop_2019": 190375.0, "pop_dens": 38852.0, "area": 4.92 }, "geometry": { "type": "Polygon", "coordinates": [ [ [ 106.684172615999387, 10.788252479554858 ], [ 106.683916599698478, 10.78762548802086 ], [ 106.684551701664759, 10.787597897601572 ], [ 106.684991784856038, 10.78810788808785 ], [ 106.684688197343235, 10.788676964356979 ], [ 106.684172615999387, 10.788252479554858 ] ] ] } },
{ "type": "Feature", "properties": { "a5": "7a94098898000000", "resolution": 16, "center_lat": 10.784553857720345, "center_lon": 106.68935244491156, "avg_edge_len": 72.847208000118059, "cell_area": 7917.2613417617977, "cell_perimeter": 364.23604000059032, "code": "770", "name": "Quận 3", "name_en": "District 3", "level": "Quận", "prov_code": "79", "prov_name": "Thành phố Hồ Chí Minh", "region": "Đông Nam Bộ", "pop_2019": 190375.0, "pop_dens": 38852.0, "area": 4.92 }, "geometry": { "type": "Polygon", "coordinates": [ [ [ 106.689482828191217, 10.785253237015294 ], [ 106.689042738167132, 10.784743257823019 ], [ 106.688895283924921, 10.784084788156401 ], [ 106.689530392381698, 10.784057196459573 ], [ 106.689786415701519, 10.784684171928848 ], [ 106.689482828191217, 10.785253237015294 ] ] ] } },
{ "type": "Feature", "properties": { "a5": "7a940988c8000000", "resolution": 16, "center_lat": 10.784484036268196, "center_lon": 106.69008955017961, "avg_edge_len": 72.602661680285863, "cell_area": 7917.261479370296, "cell_perimeter": 363.0133084014293, "code": "770", "name": "Quận 3", "name_en": "District 3", "level": "Quận", "prov_code": "79", "prov_name": "Thành phố Hồ Chí Minh", "region": "Đông Nam Bộ", "pop_2019": 190375.0, "pop_dens": 38852.0, "area": 4.92 }, "geometry": { "type": "Polygon", "coordinates": [ [ [ 106.689786415701519, 10.784684171928861 ], [ 106.689530392381698, 10.784057196459573 ], [ 106.690165501933961, 10.784029603819398 ], [ 106.69060559366676, 10.784539580189156 ], [ 106.690302005977856, 10.785108644304151 ], [ 106.689786415701519, 10.784684171928861 ] ] ] } },
{ "type": "Feature", "properties": { "a5": "7a94099218000000", "resolution": 16, "center_lat": 10.788835827919037, "center_lon": 106.68261589817216, "avg_edge_len": 72.847790398233798, "cell_area": 7917.2613105177879, "cell_perimeter": 364.23895199116896, "code": "770", "name": "Quận 3", "name_en": "District 3", "level": "Quận", "prov_code": "79", "prov_name": "Thành phố Hồ Chí Minh", "region": "Đông Nam Bộ", "pop_2019": 190375.0, "pop_dens": 38852.0, "area": 4.92 }, "geometry": { "type": "Polygon", "coordinates": [ [ [ 106.682746274333226, 10.78953522787546 ], [ 106.682306194556645, 10.789025231739824 ], [ 106.682158747378935, 10.788366742486673 ], [ 106.682793846732807, 10.788339153457619 ], [ 106.68304986163082, 10.788966148205413 ], [ 106.682746274333226, 10.78953522787546 ] ] ] } },
{ "type": "Feature", "properties": { "a5": "7a94099248000000", "resolution": 16, "center_lat": 10.788766008483694, "center_lon": 106.68335299315622, "avg_edge_len": 72.602770333000464, "cell_area": 7917.2615084573627, "cell_perimeter": 363.01385166500233, "code": "770", "name": "Quận 3", "name_en": "District 3", "level": "Quận", "prov_code": "79", "prov_name": "Thành phố Hồ Chí Minh", "region": "Đông Nam Bộ", "pop_2019": 190375.0, "pop_dens": 38852.0, "area": 4.92 }, "geometry": { "type": "Polygon", "coordinates": [ [ [ 106.68304986163082, 10.788966148205413 ], [ 106.682793846732807, 10.788339153457619 ], [ 106.683428947181937, 10.788311563483862 ], [ 106.68386902866564, 10.788821556794606 ], [ 106.683565441188875, 10.789390635494188 ], [ 106.68304986163082, 10.788966148205413 ] ] ] } },
{ "type": "Feature", "properties": { "a5": "7a94098d68000000", "resolution": 16, "center_lat": 10.777811616683662, "center_lon": 106.68774820940718, "avg_edge_len": 72.847158511426855, "cell_area": 7917.2595832683146, "cell_perimeter": 364.23579255713429, "code": "770", "name": "Quận 3", "name_en": "District 3", "level": "Quận", "prov_code": "79", "prov_name": "Thành phố Hồ Chí Minh", "region": "Đông Nam Bộ", "pop_2019": 190375.0, "pop_dens": 38852.0, "area": 4.92 }, "geometry": { "type": "Polygon", "coordinates": [ [ [ 106.687617827594977, 10.77711224207154 ], [ 106.68805791258842, 10.77762222556399 ], [ 106.688205365823592, 10.778280690179509 ], [ 106.687570263333555, 10.778308269165853 ], [ 106.687314243809055, 10.777681292767591 ], [ 106.687617827594977, 10.77711224207154 ] ] ] } },
{ "type": "Feature", "properties": { "a5": "7a94098d88000000", "resolution": 16, "center_lat": 10.778735117631081, "center_lon": 106.68812941454263, "avg_edge_len": 72.602898413481881, "cell_area": 7917.2614716216922, "cell_perimeter": 363.01449206740938, "code": "770", "name": "Quận 3", "name_en": "District 3", "level": "Quận", "prov_code": "79", "prov_name": "Thành phố Hồ Chí Minh", "region": "Đông Nam Bộ", "pop_2019": 190375.0, "pop_dens": 38852.0, "area": 4.92 }, "geometry": { "type": "Polygon", "coordinates": [ [ [ 106.687826283281538, 10.778935245380387 ], [ 106.687570263333555, 10.778308269165853 ], [ 106.688205365823592, 10.778280690179509 ], [ 106.688645452227547, 10.778790672065185 ], [ 106.688341867456415, 10.779359725507504 ], [ 106.687826283281538, 10.778935245380387 ] ] ] } },
{ "type": "Feature", "properties": { "a5": "7a94098e88000000", "resolution": 16, "center_lat": 10.779490046347526, "center_lon": 106.68877583511096, "avg_edge_len": 72.847117395414969, "cell_area": 7917.2596185840666, "cell_perimeter": 364.23558697707483, "code": "770", "name": "Quận 3", "name_en": "District 3", "level": "Quận", "prov_code": "79", "prov_name": "Thành phố Hồ Chí Minh", "region": "Đông Nam Bộ", "pop_2019": 190375.0, "pop_dens": 38852.0, "area": 4.92 }, "geometry": { "type": "Polygon", "coordinates": [ [ [ 106.688645452227547, 10.778790672065185 ], [ 106.689085539565781, 10.779300652778263 ], [ 106.689232993921564, 10.779959116901514 ], [ 106.688597888571849, 10.779986700586369 ], [ 106.688341867456415, 10.779359725507492 ], [ 106.688645452227547, 10.778790672065185 ] ] ] } },
{ "type": "Feature", "properties": { "a5": "7a94098ea8000000", "resolution": 16, "center_lat": 10.780413545321299, "center_lon": 106.68915704260866, "avg_edge_len": 72.60281347838955, "cell_area": 7917.2614718824625, "cell_perimeter": 363.01406739194778, "code": "770", "name": "Quận 3", "name_en": "District 3", "level": "Quận", "prov_code": "79", "prov_name": "Thành phố Hồ Chí Minh", "region": "Đông Nam Bộ", "pop_2019": 190375.0, "pop_dens": 38852.0, "area": 4.92 }, "geometry": { "type": "Polygon", "coordinates": [ [ [ 106.68885391011122, 10.780613675481632 ], [ 106.688597888571849, 10.779986700586369 ], [ 106.689232993921564, 10.779959116901514 ], [ 106.689673082670652, 10.780469096007854 ], [ 106.689369496914878, 10.781038152196885 ], [ 106.68885391011122, 10.780613675481632 ] ] ] } },
{ "type": "Feature", "properties": { "a5": "7a94098ee8000000", "resolution": 16, "center_lat": 10.78116846996069, "center_lon": 106.68980346662616, "avg_edge_len": 72.847076295590199, "cell_area": 7917.259604588151, "cell_perimeter": 364.23538147795097, "code": "770", "name": "Quận 3", "name_en": "District 3", "level": "Quận", "prov_code": "79", "prov_name": "Thành phố Hồ Chí Minh", "region": "Đông Nam Bộ", "pop_2019": 190375.0, "pop_dens": 38852.0, "area": 4.92 }, "geometry": { "type": "Polygon", "coordinates": [ [ [ 106.689673082670652, 10.780469096007854 ], [ 106.690113172354359, 10.780979073941557 ], [ 106.690260627831776, 10.781637537572786 ], [ 106.689625519622268, 10.781665125956534 ], [ 106.689369496914878, 10.781038152196885 ], [ 106.689673082670652, 10.780469096007854 ] ] ] } },
{ "type": "Feature", "properties": { "a5": "7a94098f08000000", "resolution": 16, "center_lat": 10.782091966961055, "center_lon": 106.69018467648749, "avg_edge_len": 72.602728551786598, "cell_area": 7917.2615157291293, "cell_perimeter": 363.01364275893297, "code": "770", "name": "Quận 3", "name_en": "District 3", "level": "Quận", "prov_code": "79", "prov_name": "Thành phố Hồ Chí Minh", "region": "Đông Nam Bộ", "pop_2019": 190375.0, "pop_dens": 38852.0, "area": 4.92 }, "geometry": { "type": "Polygon", "coordinates": [ [ [ 106.68988154275371, 10.782292099532672 ], [ 106.689625519622268, 10.781665125956534 ], [ 106.690260627831776, 10.781637537572786 ], [ 106.690700718926792, 10.782147513899785 ], [ 106.690397132186945, 10.78271657283595 ], [ 106.68988154275371, 10.782292099532672 ] ] ] } },
{ "type": "Feature", "properties": { "a5": "7a94098d28000000", "resolution": 16, "center_lat": 10.777056683890111, "center_lon": 106.68710179228687, "avg_edge_len": 72.602983363169272, "cell_area": 7917.2614714354277, "cell_perimeter": 363.01491681584633, "code": "770", "name": "Quận 3", "name_en": "District 3", "level": "Quận", "prov_code": "79", "prov_name": "Thành phố Hồ Chí Minh", "region": "Đông Nam Bộ", "pop_2019": 190375.0, "pop_dens": 38852.0, "area": 4.92 }, "geometry": { "type": "Polygon", "coordinates": [ [ [ 106.686798662262277, 10.777256809228676 ], [ 106.686542643904772, 10.776629831694686 ], [ 106.687177743535472, 10.776602257406486 ], [ 106.687617827594977, 10.77711224207154 ], [ 106.687314243809055, 10.777681292767591 ], [ 106.686798662262277, 10.777256809228676 ] ] ] } },
{ "type": "Feature", "properties": { "a5": "7a94098d08000000", "resolution": 16, "center_lat": 10.776133180968822, "center_lon": 106.68672058951253, "avg_edge_len": 72.847199646520451, "cell_area": 7917.2596180960536, "cell_perimeter": 364.23599823260224, "code": "770", "name": "Quận 3", "name_en": "District 3", "level": "Quận", "prov_code": "79", "prov_name": "Thành phố Hồ Chí Minh", "region": "Đông Nam Bộ", "pop_2019": 190375.0, "pop_dens": 38852.0, "area": 4.92 }, "geometry": { "type": "Polygon", "coordinates": [ [ [ 106.686590208770554, 10.775433806026641 ], [ 106.687030291420115, 10.775943792298479 ], [ 106.687177743535472, 10.776602257406486 ], [ 106.686542643904772, 10.776629831694686 ], [ 106.686286625970524, 10.776002853976886 ], [ 106.686590208770554, 10.775433806026641 ] ] ] } },
{ "type": "Feature", "properties": { "a5": "7a94099b08000000", "resolution": 16, "center_lat": 10.775378244098182, "center_lon": 106.68607417583904, "avg_edge_len": 72.603068323357732, "cell_area": 7917.2614942863584, "cell_perimeter": 363.01534161678865, "code": "770", "name": "Quận 3", "name_en": "District 3", "level": "Quận", "prov_code": "79", "prov_name": "Thành phố Hồ Chí Minh", "region": "Đông Nam Bộ", "pop_2019": 190375.0, "pop_dens": 38852.0, "area": 4.92 }, "geometry": { "type": "Polygon", "coordinates": [ [ [ 106.685771047051048, 10.77557836702627 ], [ 106.685515030283227, 10.774951388172653 ], [ 106.686150127054816, 10.77492381858225 ], [ 106.686590208770554, 10.775433806026641 ], [ 106.686286625970524, 10.776002853976898 ], [ 106.685771047051048, 10.77557836702627 ] ] ] } },
{ "type": "Feature", "properties": { "a5": "7a9409a3e8000000", "resolution": 16, "center_lat": 10.774454739202787, "center_lon": 106.68569297542449, "avg_edge_len": 72.84724080090696, "cell_area": 7917.2596253044903, "cell_perimeter": 364.23620400453478, "code": "770", "name": "Quận 3", "name_en": "District 3", "level": "Quận", "prov_code": "79", "prov_name": "Thành phố Hồ Chí Minh", "region": "Đông Nam Bộ", "pop_2019": 190375.0, "pop_dens": 38852.0, "area": 4.92 }, "geometry": { "type": "Polygon", "coordinates": [ [ [ 106.68556259575189, 10.773755363930277 ], [ 106.686002676058251, 10.774265352981482 ], [ 106.686150127054816, 10.77492381858225 ], [ 106.685515030283227, 10.774951388172653 ], [ 106.685259013938207, 10.774324409135152 ], [ 106.68556259575189, 10.773755363930277 ] ] ] } },
{ "type": "Feature", "properties": { "a5": "7a9409a388000000", "resolution": 16, "center_lat": 10.772776291385268, "center_lon": 106.68466536714067, "avg_edge_len": 72.847281970139491, "cell_area": 7917.2595907412469, "cell_perimeter": 364.23640985069744, "code": "770", "name": "Quận 3", "name_en": "District 3", "level": "Quận", "prov_code": "79", "prov_name": "Thành phố Hồ Chí Minh", "region": "Đông Nam Bộ", "pop_2019": 190375.0, "pop_dens": 38852.0, "area": 4.92 }, "geometry": { "type": "Polygon", "coordinates": [ [ [ 106.684534988536484, 10.772076915782176 ], [ 106.684975066500556, 10.772586907612757 ], [ 106.68512251637901, 10.773245373706505 ], [ 106.684487422466418, 10.773272938599504 ], [ 106.684231407709831, 10.772645958242135 ], [ 106.684534988536484, 10.772076915782176 ] ] ] } },
{ "type": "Feature", "properties": { "a5": "7a9409a3a8000000", "resolution": 16, "center_lat": 10.773699798255016, "center_lon": 106.68504656519664, "avg_edge_len": 72.603153294223702, "cell_area": 7917.261489905417, "cell_perimeter": 363.01576647111852, "code": "770", "name": "Quận 3", "name_en": "District 3", "level": "Quận", "prov_code": "79", "prov_name": "Thành phố Hồ Chí Minh", "region": "Đông Nam Bộ", "pop_2019": 190375.0, "pop_dens": 38852.0, "area": 4.92 }, "geometry": { "type": "Polygon", "coordinates": [ [ [ 106.684743437645466, 10.773899918772905 ], [ 106.684487422466418, 10.773272938599504 ], [ 106.68512251637901, 10.773245373706505 ], [ 106.68556259575189, 10.773755363930277 ], [ 106.685259013938207, 10.774324409135152 ], [ 106.684743437645466, 10.773899918772905 ] ] ] } },
{ "type": "Feature", "properties": { "a5": "7a94098878000000", "resolution": 16, "center_lat": 10.783840204337066, "center_lon": 106.69047520919952, "avg_edge_len": 72.847110990348085, "cell_area": 7917.2613534480333, "cell_perimeter": 364.23555495174043, "code": "770", "name": "Quận 3", "name_en": "District 3", "level": "Quận", "prov_code": "79", "prov_name": "Thành phố Hồ Chí Minh", "region": "Đông Nam Bộ", "pop_2019": 190375.0, "pop_dens": 38852.0, "area": 4.92 }, "geometry": { "type": "Polygon", "coordinates": [ [ [ 106.69060559366676, 10.784539580189156 ], [ 106.690165501933961, 10.784029603819398 ], [ 106.69001804651316, 10.783371137416475 ], [ 106.690653156487087, 10.783343545276571 ], [ 106.690909181211623, 10.783970517533751 ], [ 106.69060559366676, 10.784539580189156 ] ] ] } },
{ "type": "Feature", "properties": { "a5": "7a94098ad8000000", "resolution": 16, "center_lat": 10.783770382550582, "center_lon": 106.69121231618151, "avg_edge_len": 72.602643639178453, "cell_area": 7917.2615191340446, "cell_perimeter": 363.01321819589225, "code": "770", "name": "Quận 3", "name_en": "District 3", "level": "Quận", "prov_code": "79", "prov_name": "Thành phố Hồ Chí Minh", "region": "Đông Nam Bộ", "pop_2019": 190375.0, "pop_dens": 38852.0, "area": 4.92 }, "geometry": { "type": "Polygon", "coordinates": [ [ [ 106.690909181211623, 10.783970517533751 ], [ 106.690653156487087, 10.783343545276571 ], [ 106.691288267556502, 10.78331595219356 ], [ 106.691728360998468, 10.783825925741183 ], [ 106.691424773275003, 10.784394987424987 ], [ 106.690909181211623, 10.783970517533751 ] ] ] } },
{ "type": "Feature", "properties": { "a5": "7a94098af8000000", "resolution": 16, "center_lat": 10.782846887523345, "center_lon": 106.69083110395525, "avg_edge_len": 72.847035210788363, "cell_area": 7917.2595748081803, "cell_perimeter": 364.23517605394181, "code": "770", "name": "Quận 3", "name_en": "District 3", "level": "Quận", "prov_code": "79", "prov_name": "Thành phố Hồ Chí Minh", "region": "Đông Nam Bộ", "pop_2019": 190375.0, "pop_dens": 38852.0, "area": 4.92 }, "geometry": { "type": "Polygon", "coordinates": [ [ [ 106.690700718926792, 10.782147513899785 ], [ 106.691140810956881, 10.782657489054106 ], [ 106.691288267556502, 10.78331595219356 ], [ 106.690653156487087, 10.783343545276571 ], [ 106.690397132186945, 10.78271657283595 ], [ 106.690700718926792, 10.782147513899785 ] ] ] } },
{ "type": "Feature", "properties": { "a5": "7a9409a268000000", "resolution": 16, "center_lat": 10.771097837516059, "center_lon": 106.68363776465867, "avg_edge_len": 72.847323156406759, "cell_area": 7917.2596001289785, "cell_perimeter": 364.23661578203382, "code": "770", "name": "Quận 3", "name_en": "District 3", "level": "Quận", "prov_code": "79", "prov_name": "Thành phố Hồ Chí Minh", "region": "Đông Nam Bộ", "pop_2019": 190375.0, "pop_dens": 38852.0, "area": 4.92 }, "geometry": { "type": "Polygon", "coordinates": [ [ [ 106.683507387122063, 10.770398461582079 ], [ 106.683947462744527, 10.770908456192066 ], [ 106.684094911505781, 10.771566922779032 ], [ 106.683459820451958, 10.771594482975008 ], [ 106.683203807283007, 10.77096750129761 ], [ 106.683507387122063, 10.770398461582079 ] ] ] } },
{ "type": "Feature", "properties": { "a5": "7a9409a288000000", "resolution": 16, "center_lat": 10.772021346360388, "center_lon": 106.68401896035735, "avg_edge_len": 72.603238274991085, "cell_area": 7917.2614640891552, "cell_perimeter": 363.01619137495544, "code": "770", "name": "Quận 3", "name_en": "District 3", "level": "Quận", "prov_code": "79", "prov_name": "Thành phố Hồ Chí Minh", "region": "Đông Nam Bộ", "pop_2019": 190375.0, "pop_dens": 38852.0, "area": 4.92 }, "geometry": { "type": "Polygon", "coordinates": [ [ [ 106.683715834043142, 10.772221464468348 ], [ 106.683459820451958, 10.771594482975008 ], [ 106.684094911505781, 10.771566922779032 ], [ 106.684534988536484, 10.772076915782176 ], [ 106.684231407709831, 10.772645958242148 ], [ 106.683715834043142, 10.772221464468348 ] ] ] } },
{ "type": "Feature", "properties": { "a5": "7a9409a0f8000000", "resolution": 16, "center_lat": 10.769489152510227, "center_lon": 106.68187308895484, "avg_edge_len": 72.603360137555654, "cell_area": 7917.259406350553, "cell_perimeter": 363.01680068777824, "code": "770", "name": "Quận 3", "name_en": "District 3", "level": "Quận", "prov_code": "79", "prov_name": "Thành phố Hồ Chí Minh", "region": "Đông Nam Bộ", "pop_2019": 190375.0, "pop_dens": 38852.0, "area": 4.92 }, "geometry": { "type": "Polygon", "coordinates": [ [ [ 106.682176212655236, 10.769289038301299 ], [ 106.682432224237346, 10.769916021298894 ], [ 106.681797137136527, 10.769943575854715 ], [ 106.681357065564725, 10.769433575645449 ], [ 106.681660644238377, 10.768864537704642 ], [ 106.682176212655236, 10.769289038301299 ] ] ] } },
{ "type": "Feature", "properties": { "a5": "7a9409a208000000", "resolution": 16, "center_lat": 10.769419377594899, "center_lon": 106.68261016797607, "avg_edge_len": 72.847364359391165, "cell_area": 7917.2595984004438, "cell_perimeter": 364.23682179695584, "code": "770", "name": "Quận 3", "name_en": "District 3", "level": "Quận", "prov_code": "79", "prov_name": "Thành phố Hồ Chí Minh", "region": "Đông Nam Bộ", "pop_2019": 190375.0, "pop_dens": 38852.0, "area": 4.92 }, "geometry": { "type": "Polygon", "coordinates": [ [ [ 106.682479791506125, 10.768720001329779 ], [ 106.682919864787777, 10.769229998719142 ], [ 106.683067312432627, 10.769888465799593 ], [ 106.682432224237346, 10.769916021298894 ], [ 106.682176212655236, 10.769289038301299 ], [ 106.682479791506125, 10.768720001329779 ] ] ] } },
{ "type": "Feature", "properties": { "a5": "7a9409a228000000", "resolution": 16, "center_lat": 10.770342888414046, "center_lon": 106.6829913613187, "avg_edge_len": 72.603323271306095, "cell_area": 7917.2614804208279, "cell_perimeter": 363.01661635653045, "code": "770", "name": "Quận 3", "name_en": "District 3", "level": "Quận", "prov_code": "79", "prov_name": "Thành phố Hồ Chí Minh", "region": "Đông Nam Bộ", "pop_2019": 190375.0, "pop_dens": 38852.0, "area": 4.92 }, "geometry": { "type": "Polygon", "coordinates": [ [ [ 106.682688236241574, 10.77054300411233 ], [ 106.682432224237346, 10.769916021298894 ], [ 106.683067312432627, 10.769888465799593 ], [ 106.683507387122063, 10.770398461582092 ], [ 106.683203807283007, 10.77096750129761 ], [ 106.682688236241574, 10.77054300411233 ] ] ] } },
{ "type": "Feature", "properties": { "a5": "7a94099728000000", "resolution": 16, "center_lat": 10.785912812331608, "center_lon": 106.67867110932917, "avg_edge_len": 72.847990501799046, "cell_area": 7917.2596397772431, "cell_perimeter": 364.2399525089952, "code": "770", "name": "Quận 3", "name_en": "District 3", "level": "Quận", "prov_code": "79", "prov_name": "Thành phố Hồ Chí Minh", "region": "Đông Nam Bộ", "pop_2019": 190375.0, "pop_dens": 38852.0, "area": 4.92 }, "geometry": { "type": "Polygon", "coordinates": [ [ [ 106.678540737131812, 10.785213407069625 ], [ 106.678980809095265, 10.785723413189611 ], [ 106.679128252847818, 10.786381906683056 ], [ 106.678493161147799, 10.786409486361697 ], [ 106.678237152668657, 10.785782482372756 ], [ 106.678540737131812, 10.785213407069625 ] ] ] } },
{ "type": "Feature", "properties": { "a5": "7a94099758000000", "resolution": 16, "center_lat": 10.785157846044982, "center_lon": 106.67802471140834, "avg_edge_len": 72.60306132165735, "cell_area": 7917.2614607587457, "cell_perimeter": 363.01530660828672, "code": "770", "name": "Quận 3", "name_en": "District 3", "level": "Quận", "prov_code": "79", "prov_name": "Thành phố Hồ Chí Minh", "region": "Đông Nam Bộ", "pop_2019": 190375.0, "pop_dens": 38852.0, "area": 4.92 }, "geometry": { "type": "Polygon", "coordinates": [ [ [ 106.677721584570463, 10.785357979877659 ], [ 106.677465577259795, 10.784730974755297 ], [ 106.678100666102637, 10.78470339977749 ], [ 106.678540737131812, 10.785213407069625 ], [ 106.678237152668657, 10.785782482372756 ], [ 106.677721584570463, 10.785357979877659 ] ] ] } },
{ "type": "Feature", "properties": { "a5": "7a94099518000000", "resolution": 16, "center_lat": 10.787591316135249, "center_lon": 106.67969869949519, "avg_edge_len": 72.847949567507868, "cell_area": 7917.2595775425434, "cell_perimeter": 364.23974783753937, "code": "770", "name": "Quận 3", "name_en": "District 3", "level": "Quận", "prov_code": "79", "prov_name": "Thành phố Hồ Chí Minh", "region": "Đông Nam Bộ", "pop_2019": 190375.0, "pop_dens": 38852.0, "area": 4.92 }, "geometry": { "type": "Polygon", "coordinates": [ [ [ 106.67956832622292, 10.78689191119811 ], [ 106.680008400532756, 10.787401914541002 ], [ 106.680155845409217, 10.788060407546764 ], [ 106.679520750852021, 10.788087991926595 ], [ 106.67926474077899, 10.787460989253125 ], [ 106.67956832622292, 10.78689191119811 ] ] ] } },
{ "type": "Feature", "properties": { "a5": "7a940995b8000000", "resolution": 16, "center_lat": 10.786836353922347, "center_lon": 106.67905229812405, "avg_edge_len": 72.602976440082557, "cell_area": 7917.2614780440927, "cell_perimeter": 363.01488220041279, "code": "770", "name": "Quận 3", "name_en": "District 3", "level": "Quận", "prov_code": "79", "prov_name": "Thành phố Hồ Chí Minh", "region": "Đông Nam Bộ", "pop_2019": 190375.0, "pop_dens": 38852.0, "area": 4.92 }, "geometry": { "type": "Polygon", "coordinates": [ [ [ 106.678749170051788, 10.787036490168502 ], [ 106.678493161147799, 10.786409486361697 ], [ 106.679128252847818, 10.786381906683056 ], [ 106.67956832622292, 10.786891911198122 ], [ 106.67926474077899, 10.787460989253125 ], [ 106.678749170051788, 10.787036490168502 ] ] ] } },
{ "type": "Feature", "properties": { "a5": "7a94099778000000", "resolution": 16, "center_lat": 10.784234302486084, "center_lon": 106.67764352497878, "avg_edge_len": 72.848031449030628, "cell_area": 7917.259590473026, "cell_perimeter": 364.24015724515317, "code": "770", "name": "Quận 3", "name_en": "District 3", "level": "Quận", "prov_code": "79", "prov_name": "Thành phố Hồ Chí Minh", "region": "Đông Nam Bộ", "pop_2019": 190375.0, "pop_dens": 38852.0, "area": 4.92 }, "geometry": { "type": "Polygon", "coordinates": [ [ [ 106.67751315385533, 10.783534896899006 ], [ 106.677953223473423, 10.784044905796106 ], [ 106.678100666102637, 10.78470339977749 ], [ 106.677465577259795, 10.784730974755297 ], [ 106.677209570373748, 10.784103969450715 ], [ 106.67751315385533, 10.783534896899006 ] ] ] } },
{ "type": "Feature", "properties": { "a5": "7a9409cdc8000000", "resolution": 16, "center_lat": 10.783479332125768, "center_lon": 106.67699713050706, "avg_edge_len": 72.603146216097741, "cell_area": 7917.2615120485425, "cell_perimeter": 363.01573108048871, "code": "770", "name": "Quận 3", "name_en": "District 3", "level": "Quận", "prov_code": "79", "prov_name": "Thành phố Hồ Chí Minh", "region": "Đông Nam Bộ", "pop_2019": 190375.0, "pop_dens": 38852.0, "area": 4.92 }, "geometry": { "type": "Polygon", "coordinates": [ [ [ 106.676694004903538, 10.783679463545202 ], [ 106.676437999185509, 10.783052457107139 ], [ 106.677073085171514, 10.783024886829809 ], [ 106.67751315385533, 10.783534896899006 ], [ 106.677209570373748, 10.784103969450715 ], [ 106.676694004903538, 10.783679463545202 ] ] ] } },
{ "type": "Feature", "properties": { "a5": "7a9409cc38000000", "resolution": 16, "center_lat": 10.781800812164402, "center_lon": 106.67596955541779, "avg_edge_len": 72.603231120086576, "cell_area": 7917.261494204402, "cell_perimeter": 363.01615560043291, "code": "770", "name": "Quận 3", "name_en": "District 3", "level": "Quận", "prov_code": "79", "prov_name": "Thành phố Hồ Chí Minh", "region": "Đông Nam Bộ", "pop_2019": 190375.0, "pop_dens": 38852.0, "area": 4.92 }, "geometry": { "type": "Polygon", "coordinates": [ [ [ 106.675666431048967, 10.782000941170923 ], [ 106.67541042692244, 10.781373933416964 ], [ 106.676045510051722, 10.781346367839715 ], [ 106.676485576391087, 10.78185638068603 ], [ 106.676181993891532, 10.782425450486732 ], [ 106.675666431048967, 10.782000941170923 ] ] ] } },
{ "type": "Feature", "properties": { "a5": "7a9409cd68000000", "resolution": 16, "center_lat": 10.782555786598483, "center_lon": 106.67661594644149, "avg_edge_len": 72.848072417849224, "cell_area": 7917.2595903128386, "cell_perimeter": 364.2403620892461, "code": "770", "name": "Quận 3", "name_en": "District 3", "level": "Quận", "prov_code": "79", "prov_name": "Thành phố Hồ Chí Minh", "region": "Đông Nam Bộ", "pop_2019": 190375.0, "pop_dens": 38852.0, "area": 4.92 }, "geometry": { "type": "Polygon", "coordinates": [ [ [ 106.676485576391087, 10.781856380686017 ], [ 106.67692564366439, 10.782366392360213 ], [ 106.677073085171514, 10.783024886829796 ], [ 106.676437999185509, 10.783052457107127 ], [ 106.676181993891532, 10.782425450486732 ], [ 106.676485576391087, 10.781856380686017 ] ] ] } },
{ "type": "Feature", "properties": { "a5": "7a9409cc18000000", "resolution": 16, "center_lat": 10.780877264668497, "center_lon": 106.67558837371496, "avg_edge_len": 72.84811340239645, "cell_area": 7917.25960155949, "cell_perimeter": 364.24056701198225, "code": "770", "name": "Quận 3", "name_en": "District 3", "level": "Quận", "prov_code": "79", "prov_name": "Thành phố Hồ Chí Minh", "region": "Đông Nam Bộ", "pop_2019": 190375.0, "pop_dens": 38852.0, "area": 4.92 }, "geometry": { "type": "Polygon", "coordinates": [ [ [ 106.675458004736811, 10.780177858430402 ], [ 106.675898069666232, 10.780687872881737 ], [ 106.676045510051722, 10.781346367839715 ], [ 106.67541042692244, 10.781373933416964 ], [ 106.675154423219738, 10.780746925480614 ], [ 106.675458004736811, 10.780177858430402 ] ] ] } },
{ "type": "Feature", "properties": { "a5": "7a940990f8000000", "resolution": 16, "center_lat": 10.788625962030336, "center_lon": 106.68111195289809, "avg_edge_len": 72.602825270631598, "cell_area": 7917.2594467177987, "cell_perimeter": 363.01412635315796, "code": "770", "name": "Quận 3", "name_en": "District 3", "level": "Quận", "prov_code": "79", "prov_name": "Thành phố Hồ Chí Minh", "region": "Đông Nam Bộ", "pop_2019": 190375.0, "pop_dens": 38852.0, "area": 4.92 }, "geometry": { "type": "Polygon", "coordinates": [ [ [ 106.681415082554622, 10.78842582312366 ], [ 106.681671095624779, 10.789052821267626 ], [ 106.681035997788058, 10.789080409850509 ], [ 106.680595921131157, 10.788570409284718 ], [ 106.680899507412505, 10.788001329936986 ], [ 106.681415082554622, 10.78842582312366 ] ] ] } },
{ "type": "Feature", "properties": { "a5": "7a940990e8000000", "resolution": 16, "center_lat": 10.789269813897288, "center_lon": 106.68072629547918, "avg_edge_len": 72.847908653921792, "cell_area": 7917.2595996633172, "cell_perimeter": 364.23954326960899, "code": "770", "name": "Quận 3", "name_en": "District 3", "level": "Quận", "prov_code": "79", "prov_name": "Thành phố Hồ Chí Minh", "region": "Đông Nam Bộ", "pop_2019": 190375.0, "pop_dens": 38852.0, "area": 4.92 }, "geometry": { "type": "Polygon", "coordinates": [ [ [ 106.680595921131157, 10.788570409284718 ], [ 106.681035997788058, 10.789080409850509 ], [ 106.68118344378945, 10.789738902368811 ], [ 106.680548346374735, 10.789766491450214 ], [ 106.680292334706905, 10.78913949009206 ], [ 106.680595921131157, 10.788570409284718 ] ] ] } },
{ "type": "Feature", "properties": { "a5": "7a94099538000000", "resolution": 16, "center_lat": 10.788514855758113, "center_lon": 106.68007989065657, "avg_edge_len": 72.602891565303281, "cell_area": 7917.2614927217364, "cell_perimeter": 363.01445782651638, "code": "770", "name": "Quận 3", "name_en": "District 3", "level": "Quận", "prov_code": "79", "prov_name": "Thành phố Hồ Chí Minh", "region": "Đông Nam Bộ", "pop_2019": 190375.0, "pop_dens": 38852.0, "area": 4.92 }, "geometry": { "type": "Polygon", "coordinates": [ [ [ 106.679776761350126, 10.788714994418017 ], [ 106.679520750852021, 10.788087991926595 ], [ 106.680155845409217, 10.788060407546764 ], [ 106.680595921131157, 10.788570409284718 ], [ 106.680292334706905, 10.78913949009206 ], [ 106.679776761350126, 10.788714994418017 ] ] ] } },
{ "type": "Feature", "properties": { "a5": "7a940990d8000000", "resolution": 16, "center_lat": 10.789549497928993, "center_lon": 106.6814931468832, "avg_edge_len": 72.84788752105122, "cell_area": 7917.2613364607096, "cell_perimeter": 364.23943760525611, "code": "770", "name": "Quận 3", "name_en": "District 3", "level": "Quận", "prov_code": "79", "prov_name": "Thành phố Hồ Chí Minh", "region": "Đông Nam Bộ", "pop_2019": 190375.0, "pop_dens": 38852.0, "area": 4.92 }, "geometry": { "type": "Polygon", "coordinates": [ [ [ 106.68162352185891, 10.790248901329699 ], [ 106.68118344378945, 10.789738902368811 ], [ 106.681035997788058, 10.789080409850509 ], [ 106.681671095624779, 10.789052821267626 ], [ 106.681927109120238, 10.78967981922948 ], [ 106.68162352185891, 10.790248901329699 ] ] ] } },
{ "type": "Feature", "properties": { "a5": "7a94099228000000", "resolution": 16, "center_lat": 10.789479678831578, "center_lon": 106.68223024015322, "avg_edge_len": 72.602788510287908, "cell_area": 7917.2615509778261, "cell_perimeter": 363.01394255143953, "code": "770", "name": "Quận 3", "name_en": "District 3", "level": "Quận", "prov_code": "79", "prov_name": "Thành phố Hồ Chí Minh", "region": "Đông Nam Bộ", "pop_2019": 190375.0, "pop_dens": 38852.0, "area": 4.92 }, "geometry": { "type": "Polygon", "coordinates": [ [ [ 106.681927109120238, 10.78967981922948 ], [ 106.681671095624779, 10.789052821267626 ], [ 106.682306194556645, 10.789025231739824 ], [ 106.682746274333226, 10.78953522787546 ], [ 106.682442686892614, 10.790104309005354 ], [ 106.681927109120238, 10.78967981922948 ] ] ] } },
{ "type": "Feature", "properties": { "a5": "7a9409d008000000", "resolution": 16, "center_lat": 10.771518732962059, "center_lon": 106.67747288071774, "avg_edge_len": 72.603480342247877, "cell_area": 7917.2614663541317, "cell_perimeter": 363.01740171123936, "code": "770", "name": "Quận 3", "name_en": "District 3", "level": "Quận", "prov_code": "79", "prov_name": "Thành phố Hồ Chí Minh", "region": "Đông Nam Bộ", "pop_2019": 190375.0, "pop_dens": 38852.0, "area": 4.92 }, "geometry": { "type": "Polygon", "coordinates": [ [ [ 106.677169758837294, 10.771718848949886 ], [ 106.676913754044335, 10.771091851981044 ], [ 106.677548833322362, 10.771064302961319 ], [ 106.677988898833291, 10.771574312804956 ], [ 106.677685320106661, 10.772143359479855 ], [ 106.677169758837294, 10.771718848949886 ] ] ] } },
{ "type": "Feature", "properties": { "a5": "7a9409e008000000", "resolution": 16, "center_lat": 10.770874923669014, "center_lon": 106.6778585275669, "avg_edge_len": 72.847771725429354, "cell_area": 7917.2613610476255, "cell_perimeter": 364.23885862714678, "code": "770", "name": "Quận 3", "name_en": "District 3", "level": "Quận", "prov_code": "79", "prov_name": "Thành phố Hồ Chí Minh", "region": "Đông Nam Bộ", "pop_2019": 190375.0, "pop_dens": 38852.0, "area": 4.92 }, "geometry": { "type": "Polygon", "coordinates": [ [ [ 106.677988898833291, 10.771574312804956 ], [ 106.677548833322362, 10.771064302961319 ], [ 106.677401391516696, 10.770405822349277 ], [ 106.67803647121525, 10.770378273827296 ], [ 106.678292477414061, 10.771005267586936 ], [ 106.677988898833291, 10.771574312804956 ] ] ] } },
{ "type": "Feature", "properties": { "a5": "7a9409bff8000000", "resolution": 16, "center_lat": 10.770805152273578, "center_lon": 106.67859559978446, "avg_edge_len": 72.603462296133713, "cell_area": 7917.2614741176367, "cell_perimeter": 363.01731148066858, "code": "770", "name": "Quận 3", "name_en": "District 3", "level": "Quận", "prov_code": "79", "prov_name": "Thành phố Hồ Chí Minh", "region": "Đông Nam Bộ", "pop_2019": 190375.0, "pop_dens": 38852.0, "area": 4.92 }, "geometry": { "type": "Polygon", "coordinates": [ [ [ 106.678292477414061, 10.771005267586936 ], [ 106.67803647121525, 10.770378273827296 ], [ 106.678671552007927, 10.770350724361096 ], [ 106.679111619228024, 10.770860731383696 ], [ 106.678808040469903, 10.771429775632942 ], [ 106.678292477414061, 10.771005267586936 ] ] ] } },
{ "type": "Feature", "properties": { "a5": "7a9409bfe8000000", "resolution": 16, "center_lat": 10.770161345686338, "center_lon": 106.67898124677184, "avg_edge_len": 72.847674853194093, "cell_area": 7917.2613684460521, "cell_perimeter": 364.23837426597044, "code": "770", "name": "Quận 3", "name_en": "District 3", "level": "Quận", "prov_code": "79", "prov_name": "Thành phố Hồ Chí Minh", "region": "Đông Nam Bộ", "pop_2019": 190375.0, "pop_dens": 38852.0, "area": 4.92 }, "geometry": { "type": "Polygon", "coordinates": [ [ [ 106.679111619228024, 10.770860731383696 ], [ 106.678671552007927, 10.770350724361096 ], [ 106.678524109021851, 10.769692247008843 ], [ 106.679159190235168, 10.769664698040577 ], [ 106.679415197839944, 10.770291688591319 ], [ 106.679111619228024, 10.770860731383696 ] ] ] } },
{ "type": "Feature", "properties": { "a5": "7a9409bfc8000000", "resolution": 16, "center_lat": 10.770091573952595, "center_lon": 106.67971832070033, "avg_edge_len": 72.603444266892993, "cell_area": 7917.2614682689309, "cell_perimeter": 363.01722133446498, "code": "770", "name": "Quận 3", "name_en": "District 3", "level": "Quận", "prov_code": "79", "prov_name": "Thành phố Hồ Chí Minh", "region": "Đông Nam Bộ", "pop_2019": 190375.0, "pop_dens": 38852.0, "area": 4.92 }, "geometry": { "type": "Polygon", "coordinates": [ [ [ 106.679415197839944, 10.770291688591319 ], [ 106.679159190235168, 10.769664698040577 ], [ 106.679794272542495, 10.769637148128339 ], [ 106.680234341471873, 10.770147152330297 ], [ 106.679930762682602, 10.77071619415376 ], [ 106.679415197839944, 10.770291688591319 ] ] ] } },
{ "type": "Feature", "properties": { "a5": "7a9409bfb8000000", "resolution": 16, "center_lat": 10.769447770071315, "center_lon": 106.68010396782562, "avg_edge_len": 72.847577998540515, "cell_area": 7917.2613199204206, "cell_perimeter": 364.23788999270261, "code": "770", "name": "Quận 3", "name_en": "District 3", "level": "Quận", "prov_code": "79", "prov_name": "Thành phố Hồ Chí Minh", "region": "Đông Nam Bộ", "pop_2019": 190375.0, "pop_dens": 38852.0, "area": 4.92 }, "geometry": { "type": "Polygon", "coordinates": [ [ [ 106.680234341471873, 10.770147152330297 ], [ 106.679794272542495, 10.769637148128339 ], [ 106.679646828375553, 10.768978674035655 ], [ 106.680281911103634, 10.768951124621569 ], [ 106.68053792011483, 10.769578111963654 ], [ 106.680234341471873, 10.770147152330297 ] ] ] } },
{ "type": "Feature", "properties": { "a5": "7a9409bf18000000", "resolution": 16, "center_lat": 10.769377997999763, "center_lon": 106.68084104346505, "avg_edge_len": 72.603426261582982, "cell_area": 7917.2615217790008, "cell_perimeter": 363.01713130791489, "code": "770", "name": "Quận 3", "name_en": "District 3", "level": "Quận", "prov_code": "79", "prov_name": "Thành phố Hồ Chí Minh", "region": "Đông Nam Bộ", "pop_2019": 190375.0, "pop_dens": 38852.0, "area": 4.92 }, "geometry": { "type": "Polygon", "coordinates": [ [ [ 106.68053792011483, 10.769578111963654 ], [ 106.680281911103634, 10.768951124621569 ], [ 106.680916994925724, 10.768923574263724 ], [ 106.681357065564725, 10.769433575645449 ], [ 106.681053486744531, 10.770002615042985 ], [ 106.68053792011483, 10.769578111963654 ] ] ] } },
{ "type": "Feature", "properties": { "a5": "7a9409bf28000000", "resolution": 16, "center_lat": 10.768734196824651, "center_lon": 106.68122669072801, "avg_edge_len": 72.84748115839794, "cell_area": 7917.2613197304308, "cell_perimeter": 364.23740579198972, "code": "770", "name": "Quận 3", "name_en": "District 3", "level": "Quận", "prov_code": "79", "prov_name": "Thành phố Hồ Chí Minh", "region": "Đông Nam Bộ", "pop_2019": 190375.0, "pop_dens": 38852.0, "area": 4.92 }, "geometry": { "type": "Polygon", "coordinates": [ [ [ 106.681357065564725, 10.769433575645449 ], [ 106.680916994925724, 10.768923574263724 ], [ 106.68076954957769, 10.768265103430423 ], [ 106.681404633820421, 10.76823755357095 ], [ 106.681660644238377, 10.768864537704642 ], [ 106.681357065564725, 10.769433575645449 ] ] ] } },
{ "type": "Feature", "properties": { "a5": "7a94098798000000", "resolution": 16, "center_lat": 10.787379944866846, "center_lon": 106.68736768416288, "avg_edge_len": 72.847382251625334, "cell_area": 7917.2596307694912, "cell_perimeter": 364.23691125812667, "code": "770", "name": "Quận 3", "name_en": "District 3", "level": "Quận", "prov_code": "79", "prov_name": "Thành phố Hồ Chí Minh", "region": "Đông Nam Bộ", "pop_2019": 190375.0, "pop_dens": 38852.0, "area": 4.92 }, "geometry": { "type": "Polygon", "coordinates": [ [ [ 106.687237302809649, 10.786680557799325 ], [ 106.687677390351951, 10.787190541465359 ], [ 106.687824843362364, 10.787849017170361 ], [ 106.68718973550267, 10.787876613179984 ], [ 106.68693371522545, 10.787249629207158 ], [ 106.687237302809649, 10.786680557799325 ] ] ] } },
{ "type": "Feature", "properties": { "a5": "7a940987a8000000", "resolution": 16, "center_lat": 10.786736103133226, "center_lon": 106.68775334360039, "avg_edge_len": 72.602649710357667, "cell_area": 7917.259415268898, "cell_perimeter": 363.01324855178837, "code": "770", "name": "Quận 3", "name_en": "District 3", "level": "Quận", "prov_code": "79", "prov_name": "Thành phố Hồ Chí Minh", "region": "Đông Nam Bộ", "pop_2019": 190375.0, "pop_dens": 38852.0, "area": 4.92 }, "geometry": { "type": "Polygon", "coordinates": [ [ [ 106.688056476952738, 10.786535965195929 ], [ 106.688312498633536, 10.78716294595556 ], [ 106.687677390351951, 10.787190541465359 ], [ 106.687237302809649, 10.786680557799325 ], [ 106.687540890250034, 10.786111487851194 ], [ 106.688056476952738, 10.786535965195929 ] ] ] } },
{ "type": "Feature", "properties": { "a5": "7a940987c8000000", "resolution": 16, "center_lat": 10.787449767821503, "center_lon": 106.68663058236534, "avg_edge_len": 72.602667811309459, "cell_area": 7917.2594272121787, "cell_perimeter": 363.0133390565473, "code": "770", "name": "Quận 3", "name_en": "District 3", "level": "Quận", "prov_code": "79", "prov_name": "Thành phố Hồ Chí Minh", "region": "Đông Nam Bộ", "pop_2019": 190375.0, "pop_dens": 38852.0, "area": 4.92 }, "geometry": { "type": "Polygon", "coordinates": [ [ [ 106.68693371522545, 10.787249629207158 ], [ 106.68718973550267, 10.787876613179984 ], [ 106.686554628738463, 10.787904208245633 ], [ 106.686114542904193, 10.787394221755866 ], [ 106.686418130309335, 10.786825149377069 ], [ 106.68693371522545, 10.787249629207158 ] ] ] } },
{ "type": "Feature", "properties": { "a5": "7a94098778000000", "resolution": 16, "center_lat": 10.788093612267149, "center_lon": 106.68624492307104, "avg_edge_len": 72.847479320427169, "cell_area": 7917.2596155963838, "cell_perimeter": 364.23739660213585, "code": "770", "name": "Quận 3", "name_en": "District 3", "level": "Quận", "prov_code": "79", "prov_name": "Thành phố Hồ Chí Minh", "region": "Đông Nam Bộ", "pop_2019": 190375.0, "pop_dens": 38852.0, "area": 4.92 }, "geometry": { "type": "Polygon", "coordinates": [ [ [ 106.686114542904193, 10.787394221755866 ], [ 106.686554628738463, 10.787904208245646 ], [ 106.686702080571649, 10.788562687215446 ], [ 106.686066974229334, 10.788590282780714 ], [ 106.685810955355578, 10.787963295594398 ], [ 106.686114542904193, 10.787394221755866 ] ] ] } },
{ "type": "Feature", "properties": { "a5": "7a940986d8000000", "resolution": 16, "center_lat": 10.786666279842914, "center_lon": 106.68849044711206, "avg_edge_len": 72.84728519864025, "cell_area": 7917.2596100233495, "cell_perimeter": 364.23642599320124, "code": "770", "name": "Quận 3", "name_en": "District 3", "level": "Quận", "prov_code": "79", "prov_name": "Thành phố Hồ Chí Minh", "region": "Đông Nam Bộ", "pop_2019": 190375.0, "pop_dens": 38852.0, "area": 4.92 }, "geometry": { "type": "Polygon", "coordinates": [ [ [ 106.688360064572066, 10.785966896218913 ], [ 106.688800153822626, 10.786476877061579 ], [ 106.688947608010722, 10.787135349501998 ], [ 106.688312498633536, 10.78716294595556 ], [ 106.688056476952738, 10.786535965195929 ], [ 106.688360064572066, 10.785966896218913 ] ] ] } },
{ "type": "Feature", "properties": { "a5": "7a940988b8000000", "resolution": 16, "center_lat": 10.786022440821451, "center_lon": 106.68887610669249, "avg_edge_len": 72.602631629066977, "cell_area": 7917.2594880238175, "cell_perimeter": 363.0131581453349, "code": "770", "name": "Quận 3", "name_en": "District 3", "level": "Quận", "prov_code": "79", "prov_name": "Thành phố Hồ Chí Minh", "region": "Đông Nam Bộ", "pop_2019": 190375.0, "pop_dens": 38852.0, "area": 4.92 }, "geometry": { "type": "Polygon", "coordinates": [ [ [ 106.689179240536873, 10.785822303561362 ], [ 106.689435263621704, 10.786449281108085 ], [ 106.68880015382274, 10.786476877061592 ], [ 106.688360064572066, 10.785966896218913 ], [ 106.68866365204758, 10.78539782870156 ], [ 106.689179240536873, 10.785822303561362 ] ] ] } },
{ "type": "Feature", "properties": { "a5": "7a940991d8000000", "resolution": 16, "center_lat": 10.788163434885583, "center_lon": 106.68550782298766, "avg_edge_len": 72.602685931287311, "cell_area": 7917.2594103813171, "cell_perimeter": 363.01342965643659, "code": "770", "name": "Quận 3", "name_en": "District 3", "level": "Quận", "prov_code": "79", "prov_name": "Thành phố Hồ Chí Minh", "region": "Đông Nam Bộ", "pop_2019": 190375.0, "pop_dens": 38852.0, "area": 4.92 }, "geometry": { "type": "Polygon", "coordinates": [ [ [ 106.685810955355578, 10.787963295594398 ], [ 106.686066974229334, 10.788590282780714 ], [ 106.685431868982619, 10.788617877401764 ], [ 106.684991784856038, 10.78810788808785 ], [ 106.68529537222571, 10.787538813278521 ], [ 106.685810955355578, 10.787963295594398 ] ] ] } },
{ "type": "Feature", "properties": { "a5": "7a940991e8000000", "resolution": 16, "center_lat": 10.788807282043074, "center_lon": 106.68512216383694, "avg_edge_len": 72.847576405364208, "cell_area": 7917.2595925740898, "cell_perimeter": 364.23788202682107, "code": "770", "name": "Quận 3", "name_en": "District 3", "level": "Quận", "prov_code": "79", "prov_name": "Thành phố Hồ Chí Minh", "region": "Đông Nam Bộ", "pop_2019": 190375.0, "pop_dens": 38852.0, "area": 4.92 }, "geometry": { "type": "Polygon", "coordinates": [ [ [ 106.684991784856038, 10.78810788808785 ], [ 106.685431868982619, 10.788617877401764 ], [ 106.685579319638805, 10.789276359636576 ], [ 106.684944214813981, 10.789303954757038 ], [ 106.684688197343235, 10.788676964356979 ], [ 106.684991784856038, 10.78810788808785 ] ] ] } },
{ "type": "Feature", "properties": { "a5": "7a940988d8000000", "resolution": 16, "center_lat": 10.785308780886831, "center_lon": 106.68999887164136, "avg_edge_len": 72.602613568460427, "cell_area": 7917.2594531551003, "cell_perimeter": 363.01306784230212, "code": "770", "name": "Quận 3", "name_en": "District 3", "level": "Quận", "prov_code": "79", "prov_name": "Thành phố Hồ Chí Minh", "region": "Đông Nam Bộ", "pop_2019": 190375.0, "pop_dens": 38852.0, "area": 4.92 }, "geometry": { "type": "Polygon", "coordinates": [ [ [ 106.690302005977856, 10.785108644304151 ], [ 106.690558030466832, 10.785735618638235 ], [ 106.689922919150376, 10.785763215034999 ], [ 106.689482828191217, 10.785253237015294 ], [ 106.689786415701519, 10.784684171928848 ], [ 106.690302005977856, 10.785108644304151 ] ] ] } },
{ "type": "Feature", "properties": { "a5": "7a940988e8000000", "resolution": 16, "center_lat": 10.785952617195951, "center_lon": 106.6896132119183, "avg_edge_len": 72.847188165706896, "cell_area": 7917.2595793381333, "cell_perimeter": 364.23594082853447, "code": "770", "name": "Quận 3", "name_en": "District 3", "level": "Quận", "prov_code": "79", "prov_name": "Thành phố Hồ Chí Minh", "region": "Đông Nam Bộ", "pop_2019": 190375.0, "pop_dens": 38852.0, "area": 4.92 }, "geometry": { "type": "Polygon", "coordinates": [ [ [ 106.689482828191217, 10.785253237015294 ], [ 106.689922919150376, 10.785763215034999 ], [ 106.690070374516381, 10.786421684211039 ], [ 106.689435263621704, 10.786449281108073 ], [ 106.689179240536873, 10.785822303561362 ], [ 106.689482828191217, 10.785253237015294 ] ] ] } },
{ "type": "Feature", "properties": { "a5": "7a940991b8000000", "resolution": 16, "center_lat": 10.788877104324825, "center_lon": 106.68438506546768, "avg_edge_len": 72.602704070184885, "cell_area": 7917.2594553157687, "cell_perimeter": 363.01352035092441, "code": "770", "name": "Quận 3", "name_en": "District 3", "level": "Quận", "prov_code": "79", "prov_name": "Thành phố Hồ Chí Minh", "region": "Đông Nam Bộ", "pop_2019": 190375.0, "pop_dens": 38852.0, "area": 4.92 }, "geometry": { "type": "Polygon", "coordinates": [ [ [ 106.684688197343235, 10.788676964356979 ], [ 106.684944214813981, 10.789303954757038 ], [ 106.684309111084644, 10.789331548933042 ], [ 106.68386902866564, 10.788821556794606 ], [ 106.684172615999387, 10.788252479554858 ], [ 106.684688197343235, 10.788676964356979 ] ] ] } },
{ "type": "Feature", "properties": { "a5": "7a94099338000000", "resolution": 16, "center_lat": 10.789520954193978, "center_lon": 106.68399940646079, "avg_edge_len": 72.847673504282696, "cell_area": 7917.2595908753574, "cell_perimeter": 364.23836752141347, "code": "770", "name": "Quận 3", "name_en": "District 3", "level": "Quận", "prov_code": "79", "prov_name": "Thành phố Hồ Chí Minh", "region": "Đông Nam Bộ", "pop_2019": 190375.0, "pop_dens": 38852.0, "area": 4.92 }, "geometry": { "type": "Polygon", "coordinates": [ [ [ 106.68386902866564, 10.788821556794606 ], [ 106.684309111084644, 10.789331548933042 ], [ 106.684456560564172, 10.789990034433082 ], [ 106.68382145725684, 10.790017629108281 ], [ 106.683565441188875, 10.789390635494188 ], [ 106.68386902866564, 10.788821556794606 ] ] ] } },
{ "type": "Feature", "properties": { "a5": "7a94098a78000000", "resolution": 16, "center_lat": 10.785238956926706, "center_lon": 106.6907359785813, "avg_edge_len": 72.847091145661437, "cell_area": 7917.2596247121692, "cell_perimeter": 364.23545572830722, "code": "770", "name": "Quận 3", "name_en": "District 3", "level": "Quận", "prov_code": "79", "prov_name": "Thành phố Hồ Chí Minh", "region": "Đông Nam Bộ", "pop_2019": 190375.0, "pop_dens": 38852.0, "area": 4.92 }, "geometry": { "type": "Polygon", "coordinates": [ [ [ 106.69060559366676, 10.784539580189156 ], [ 106.691045686334746, 10.785049555386298 ], [ 106.691193142879001, 10.785708021298172 ], [ 106.690558030466832, 10.785735618638247 ], [ 106.690302005977856, 10.785108644304151 ], [ 106.69060559366676, 10.784539580189156 ] ] ] } },
{ "type": "Feature", "properties": { "a5": "7a94098ac8000000", "resolution": 16, "center_lat": 10.784595123330099, "center_lon": 106.69112163844667, "avg_edge_len": 72.602595527479551, "cell_area": 7917.2594025209546, "cell_perimeter": 363.01297763739774, "code": "770", "name": "Quận 3", "name_en": "District 3", "level": "Quận", "prov_code": "79", "prov_name": "Thành phố Hồ Chí Minh", "region": "Đông Nam Bộ", "pop_2019": 190375.0, "pop_dens": 38852.0, "area": 4.92 }, "geometry": { "type": "Polygon", "coordinates": [ [ [ 106.691424773275003, 10.784394987424987 ], [ 106.691680799168694, 10.785021958546722 ], [ 106.691045686334746, 10.785049555386298 ], [ 106.69060559366676, 10.784539580189156 ], [ 106.690909181211623, 10.783970517533751 ], [ 106.691424773275003, 10.784394987424987 ] ] ] } },
{ "type": "Feature", "properties": { "a5": "7a94099258000000", "resolution": 16, "center_lat": 10.789590776138523, "center_lon": 106.68326230980577, "avg_edge_len": 72.602722228073048, "cell_area": 7917.2594334408641, "cell_perimeter": 363.01361114036524, "code": "770", "name": "Quận 3", "name_en": "District 3", "level": "Quận", "prov_code": "79", "prov_name": "Thành phố Hồ Chí Minh", "region": "Đông Nam Bộ", "pop_2019": 190375.0, "pop_dens": 38852.0, "area": 4.92 }, "geometry": { "type": "Polygon", "coordinates": [ [ [ 106.683565441188875, 10.789390635494188 ], [ 106.68382145725684, 10.790017629108281 ], [ 106.683186355044882, 10.790045222838803 ], [ 106.682746274333226, 10.78953522787546 ], [ 106.68304986163082, 10.7889661482054 ], [ 106.683565441188875, 10.789390635494188 ] ] ] } },
{ "type": "Feature", "properties": { "a5": "7a94099268000000", "resolution": 16, "center_lat": 10.790234628719178, "center_lon": 106.68287665094289, "avg_edge_len": 72.847770623076713, "cell_area": 7917.2596051692963, "cell_perimeter": 364.23885311538356, "code": "770", "name": "Quận 3", "name_en": "District 3", "level": "Quận", "prov_code": "79", "prov_name": "Thành phố Hồ Chí Minh", "region": "Đông Nam Bộ", "pop_2019": 190375.0, "pop_dens": 38852.0, "area": 4.92 }, "geometry": { "type": "Polygon", "coordinates": [ [ [ 106.682746274333226, 10.78953522787546 ], [ 106.683186355044882, 10.790045222838803 ], [ 106.683333803348091, 10.790703711604271 ], [ 106.682698701558138, 10.790731305833761 ], [ 106.682442686892614, 10.790104309005354 ], [ 106.682746274333226, 10.78953522787546 ] ] ] } },
{ "type": "Feature", "properties": { "a5": "7a94098d18000000", "resolution": 16, "center_lat": 10.776412868343328, "center_lon": 106.68748744622768, "avg_edge_len": 72.847178420056665, "cell_area": 7917.2613486722112, "cell_perimeter": 364.23589210028331, "code": "770", "name": "Quận 3", "name_en": "District 3", "level": "Quận", "prov_code": "79", "prov_name": "Thành phố Hồ Chí Minh", "region": "Đông Nam Bộ", "pop_2019": 190375.0, "pop_dens": 38852.0, "area": 4.92 }, "geometry": { "type": "Polygon", "coordinates": [ [ [ 106.687617827594977, 10.77711224207154 ], [ 106.687177743535472, 10.776602257406486 ], [ 106.687030291420115, 10.775943792298479 ], [ 106.68766539147191, 10.775916218509934 ], [ 106.687921411235379, 10.776543192833779 ], [ 106.687617827594977, 10.77711224207154 ] ] ] } },
{ "type": "Feature", "properties": { "a5": "7a94098d58000000", "resolution": 16, "center_lat": 10.77716779947268, "center_lon": 106.68813386419473, "avg_edge_len": 72.602917239216097, "cell_area": 7917.2594401836395, "cell_perimeter": 363.01458619608047, "code": "770", "name": "Quận 3", "name_en": "District 3", "level": "Quận", "prov_code": "79", "prov_name": "Thành phố Hồ Chí Minh", "region": "Đông Nam Bộ", "pop_2019": 190375.0, "pop_dens": 38852.0, "area": 4.92 }, "geometry": { "type": "Polygon", "coordinates": [ [ [ 106.688436994569543, 10.776967673889661 ], [ 106.68869301549978, 10.777594647077523 ], [ 106.68805791258842, 10.77762222556399 ], [ 106.687617827594977, 10.77711224207154 ], [ 106.687921411235379, 10.776543192833779 ], [ 106.688436994569543, 10.776967673889661 ] ] ] } },
{ "type": "Feature", "properties": { "a5": "7a94098d78000000", "resolution": 16, "center_lat": 10.778091298667084, "center_lon": 106.68851506978962, "avg_edge_len": 72.847137290283655, "cell_area": 7917.2613178379834, "cell_perimeter": 364.2356864514183, "code": "770", "name": "Quận 3", "name_en": "District 3", "level": "Quận", "prov_code": "79", "prov_name": "Thành phố Hồ Chí Minh", "region": "Đông Nam Bộ", "pop_2019": 190375.0, "pop_dens": 38852.0, "area": 4.92 }, "geometry": { "type": "Polygon", "coordinates": [ [ [ 106.688645452227547, 10.778790672065185 ], [ 106.688205365823592, 10.778280690179509 ], [ 106.68805791258842, 10.77762222556399 ], [ 106.68869301549978, 10.777594647077523 ], [ 106.688949036853501, 10.778221620081482 ], [ 106.688645452227547, 10.778790672065185 ] ] ] } },
{ "type": "Feature", "properties": { "a5": "7a94098e48000000", "resolution": 16, "center_lat": 10.778846225719111, "center_lon": 106.68916149120444, "avg_edge_len": 72.602832289044926, "cell_area": 7917.259488478303, "cell_perimeter": 363.01416144522466, "code": "770", "name": "Quận 3", "name_en": "District 3", "level": "Quận", "prov_code": "79", "prov_name": "Thành phố Hồ Chí Minh", "region": "Đông Nam Bộ", "pop_2019": 190375.0, "pop_dens": 38852.0, "area": 4.92 }, "geometry": { "type": "Polygon", "coordinates": [ [ [ 106.689464622815763, 10.778646097725414 ], [ 106.68972064533682, 10.779273069593488 ], [ 106.689085539565781, 10.779300652778263 ], [ 106.688645452227547, 10.778790672065185 ], [ 106.688949036853501, 10.778221620081482 ], [ 106.689464622815763, 10.778646097725414 ] ] ] } },
{ "type": "Feature", "properties": { "a5": "7a94098e98000000", "resolution": 16, "center_lat": 10.779769722939569, "center_lon": 106.68954269916124, "avg_edge_len": 72.84709617447497, "cell_area": 7917.2613271512091, "cell_perimeter": 364.23548087237486, "code": "770", "name": "Quận 3", "name_en": "District 3", "level": "Quận", "prov_code": "79", "prov_name": "Thành phố Hồ Chí Minh", "region": "Đông Nam Bộ", "pop_2019": 190375.0, "pop_dens": 38852.0, "area": 4.92 }, "geometry": { "type": "Polygon", "coordinates": [ [ [ 106.689673082670652, 10.780469096007854 ], [ 106.689232993921564, 10.779959116901514 ], [ 106.689085539565781, 10.779300652778263 ], [ 106.68972064533682, 10.779273069593476 ], [ 106.689976668281588, 10.779900041277758 ], [ 106.689673082670652, 10.780469096007854 ] ] ] } },
{ "type": "Feature", "properties": { "a5": "7a94098ed8000000", "resolution": 16, "center_lat": 10.780524645914314, "center_lon": 106.69018912402488, "avg_edge_len": 72.602747351809271, "cell_area": 7917.2594412043691, "cell_perimeter": 363.01373675904637, "code": "770", "name": "Quận 3", "name_en": "District 3", "level": "Quận", "prov_code": "79", "prov_name": "Thành phố Hồ Chí Minh", "region": "Đông Nam Bộ", "pop_2019": 190375.0, "pop_dens": 38852.0, "area": 4.92 }, "geometry": { "type": "Polygon", "coordinates": [ [ [ 106.690492256872631, 10.780324515509664 ], [ 106.690748280985417, 10.780951486058081 ], [ 106.690113172354359, 10.780979073941557 ], [ 106.689673082670652, 10.780469096007854 ], [ 106.689976668281588, 10.779900041277758 ], [ 106.690492256872631, 10.780324515509664 ] ] ] } },
{ "type": "Feature", "properties": { "a5": "7a94098ef8000000", "resolution": 16, "center_lat": 10.781448141161036, "center_lon": 106.69057033434497, "avg_edge_len": 72.847055080076402, "cell_area": 7917.2613346874714, "cell_perimeter": 364.23527540038202, "code": "770", "name": "Quận 3", "name_en": "District 3", "level": "Quận", "prov_code": "79", "prov_name": "Thành phố Hồ Chí Minh", "region": "Đông Nam Bộ", "pop_2019": 190375.0, "pop_dens": 38852.0, "area": 4.92 }, "geometry": { "type": "Polygon", "coordinates": [ [ [ 106.690700718926792, 10.782147513899785 ], [ 106.690260627831776, 10.781637537572786 ], [ 106.690113172354359, 10.780979073941557 ], [ 106.690748280985417, 10.780951486058081 ], [ 106.691004305522142, 10.781578456422832 ], [ 106.690700718926792, 10.782147513899785 ] ] ] } },
{ "type": "Feature", "properties": { "a5": "7a94098b08000000", "resolution": 16, "center_lat": 10.782203060058484, "center_lon": 106.69121676265866, "avg_edge_len": 72.60266242334599, "cell_area": 7917.259440921247, "cell_perimeter": 363.01331211672994, "code": "770", "name": "Quận 3", "name_en": "District 3", "level": "Quận", "prov_code": "79", "prov_name": "Thành phố Hồ Chí Minh", "region": "Đông Nam Bộ", "pop_2019": 190375.0, "pop_dens": 38852.0, "area": 4.92 }, "geometry": { "type": "Polygon", "coordinates": [ [ [ 106.691519896742648, 10.782002927242601 ], [ 106.69177592244796, 10.782629896471583 ], [ 106.691140810956881, 10.782657489054106 ], [ 106.690700718926792, 10.782147513899785 ], [ 106.691004305522142, 10.781578456422832 ], [ 106.691519896742648, 10.782002927242601 ] ] ] } },
{ "type": "Feature", "properties": { "a5": "7a9409a3f8000000", "resolution": 16, "center_lat": 10.774734431968039, "center_lon": 106.68645982847302, "avg_edge_len": 72.847219568910916, "cell_area": 7917.2613289318979, "cell_perimeter": 364.23609784455459, "code": "770", "name": "Quận 3", "name_en": "District 3", "level": "Quận", "prov_code": "79", "prov_name": "Thành phố Hồ Chí Minh", "region": "Đông Nam Bộ", "pop_2019": 190375.0, "pop_dens": 38852.0, "area": 4.92 }, "geometry": { "type": "Polygon", "coordinates": [ [ [ 106.686590208770554, 10.775433806026641 ], [ 106.686150127054816, 10.77492381858225 ], [ 106.686002676058251, 10.774265352981482 ], [ 106.686637773250823, 10.774237783890509 ], [ 106.686893791424836, 10.774864759534383 ], [ 106.686590208770554, 10.775433806026641 ] ] ] } },
{ "type": "Feature", "properties": { "a5": "7a9409a808000000", "resolution": 16, "center_lat": 10.775489367174721, "center_lon": 106.68710624299355, "avg_edge_len": 72.603002202147366, "cell_area": 7917.2594164013863, "cell_perimeter": 363.01501101073683, "code": "770", "name": "Quận 3", "name_en": "District 3", "level": "Quận", "prov_code": "79", "prov_name": "Thành phố Hồ Chí Minh", "region": "Đông Nam Bộ", "pop_2019": 190375.0, "pop_dens": 38852.0, "area": 4.92 }, "geometry": { "type": "Polygon", "coordinates": [ [ [ 106.687409372131697, 10.77528924400213 ], [ 106.68766539147191, 10.775916218509934 ], [ 106.687030291420115, 10.775943792298479 ], [ 106.686590208770554, 10.775433806026641 ], [ 106.686893791424836, 10.774864759534371 ], [ 106.687409372131697, 10.77528924400213 ] ] ] } },
{ "type": "Feature", "properties": { "a5": "7a9409a398000000", "resolution": 16, "center_lat": 10.773055989541025, "center_lon": 106.68543221652321, "avg_edge_len": 72.84726073472892, "cell_area": 7917.2613266147673, "cell_perimeter": 364.23630367364461, "code": "770", "name": "Quận 3", "name_en": "District 3", "level": "Quận", "prov_code": "79", "prov_name": "Thành phố Hồ Chí Minh", "region": "Đông Nam Bộ", "pop_2019": 190375.0, "pop_dens": 38852.0, "area": 4.92 }, "geometry": { "type": "Polygon", "coordinates": [ [ [ 106.68556259575189, 10.773755363930277 ], [ 106.68512251637901, 10.773245373706505 ], [ 106.684975066500556, 10.772586907612757 ], [ 106.685610160834017, 10.772559343218981 ], [ 106.685866177419484, 10.773186320183056 ], [ 106.68556259575189, 10.773755363930277 ] ] ] } },
{ "type": "Feature", "properties": { "a5": "7a9409a3d8000000", "resolution": 16, "center_lat": 10.773810928825052, "center_lon": 106.68607862759829, "avg_edge_len": 72.60308717695618, "cell_area": 7917.2594338580966, "cell_perimeter": 363.01543588478091, "code": "770", "name": "Quận 3", "name_en": "District 3", "level": "Quận", "prov_code": "79", "prov_name": "Thành phố Hồ Chí Minh", "region": "Đông Nam Bộ", "pop_2019": 190375.0, "pop_dens": 38852.0, "area": 4.92 }, "geometry": { "type": "Polygon", "coordinates": [ [ [ 106.68638175549961, 10.773610808062587 ], [ 106.686637773250823, 10.774237783890509 ], [ 106.686002676058251, 10.774265352981482 ], [ 106.68556259575189, 10.773755363930277 ], [ 106.685866177419484, 10.773186320183056 ], [ 106.68638175549961, 10.773610808062587 ] ] ] } },
{ "type": "Feature", "properties": { "a5": "7a9409a278000000", "resolution": 16, "center_lat": 10.771377541061989, "center_lon": 106.68440461037579, "avg_edge_len": 72.84730191666381, "cell_area": 7917.2613446749747, "cell_perimeter": 364.23650958331905, "code": "770", "name": "Quận 3", "name_en": "District 3", "level": "Quận", "prov_code": "79", "prov_name": "Thành phố Hồ Chí Minh", "region": "Đông Nam Bộ", "pop_2019": 190375.0, "pop_dens": 38852.0, "area": 4.92 }, "geometry": { "type": "Polygon", "coordinates": [ [ [ 106.684534988536484, 10.772076915782176 ], [ 106.684094911505781, 10.771566922779032 ], [ 106.683947462744527, 10.770908456192066 ], [ 106.684582554219105, 10.770880896495099 ], [ 106.684838569216822, 10.77150787477953 ], [ 106.684534988536484, 10.772076915782176 ] ] ] } },
{ "type": "Feature", "properties": { "a5": "7a9409a348000000", "resolution": 16, "center_lat": 10.772132484423359, "center_lon": 106.68505101800663, "avg_edge_len": 72.603172164771479, "cell_area": 7917.2594361901283, "cell_perimeter": 363.01586082385739, "code": "770", "name": "Quận 3", "name_en": "District 3", "level": "Quận", "prov_code": "79", "prov_name": "Thành phố Hồ Chí Minh", "region": "Đông Nam Bộ", "pop_2019": 190375.0, "pop_dens": 38852.0, "area": 4.92 }, "geometry": { "type": "Polygon", "coordinates": [ [ [ 106.68535414467101, 10.771932366070786 ], [ 106.685610160834017, 10.772559343218981 ], [ 106.684975066500556, 10.772586907612757 ], [ 106.684534988536484, 10.772076915782176 ], [ 106.684838569216822, 10.77150787477953 ], [ 106.68535414467101, 10.771932366070786 ] ] ] } },
{ "type": "Feature", "properties": { "a5": "7a94098a98000000", "resolution": 16, "center_lat": 10.784525299035794, "center_lon": 106.69185874710072, "avg_edge_len": 72.846994145738307, "cell_area": 7917.259575098753, "cell_perimeter": 364.23497072869151, "code": "770", "name": "Quận 3", "name_en": "District 3", "level": "Quận", "prov_code": "79", "prov_name": "Thành phố Hồ Chí Minh", "region": "Đông Nam Bộ", "pop_2019": 190375.0, "pop_dens": 38852.0, "area": 4.92 }, "geometry": { "type": "Polygon", "coordinates": [ [ [ 106.691728360998468, 10.783825925741183 ], [ 106.692168455375509, 10.78433589811614 ], [ 106.692315913098355, 10.784994360764054 ], [ 106.691680799168694, 10.785021958546722 ], [ 106.691424773275003, 10.784394987424987 ], [ 106.691728360998468, 10.783825925741183 ] ] ] } },
{ "type": "Feature", "properties": { "a5": "7a94098aa8000000", "resolution": 16, "center_lat": 10.783881468151892, "center_lon": 106.69224440710816, "avg_edge_len": 72.602577505983689, "cell_area": 7917.2594837248325, "cell_perimeter": 363.01288752991843, "code": "770", "name": "Quận 3", "name_en": "District 3", "level": "Quận", "prov_code": "79", "prov_name": "Thành phố Hồ Chí Minh", "region": "Đông Nam Bộ", "pop_2019": 190375.0, "pop_dens": 38852.0, "area": 4.92 }, "geometry": { "type": "Polygon", "coordinates": [ [ [ 106.692547542428315, 10.783681332924523 ], [ 106.692803569726948, 10.784308300834203 ], [ 106.692168455375509, 10.78433589811614 ], [ 106.691728360998468, 10.783825925741183 ], [ 106.692031948577551, 10.783256865516947 ], [ 106.692547542428315, 10.783681332924523 ] ] ] } },
{ "type": "Feature", "properties": { "a5": "7a94098ae8000000", "resolution": 16, "center_lat": 10.783126553331767, "center_lon": 106.69159797534321, "avg_edge_len": 72.847013998971775, "cell_area": 7917.2613476961851, "cell_perimeter": 364.23506999485886, "code": "770", "name": "Quận 3", "name_en": "District 3", "level": "Quận", "prov_code": "79", "prov_name": "Thành phố Hồ Chí Minh", "region": "Đông Nam Bộ", "pop_2019": 190375.0, "pop_dens": 38852.0, "area": 4.92 }, "geometry": { "type": "Polygon", "coordinates": [ [ [ 106.691728360998468, 10.783825925741183 ], [ 106.691288267556502, 10.78331595219356 ], [ 106.691140810956881, 10.782657489054106 ], [ 106.69177592244796, 10.782629896471583 ], [ 106.692031948577551, 10.783256865516947 ], [ 106.691728360998468, 10.783825925741183 ] ] ] } },
{ "type": "Feature", "properties": { "a5": "7a9409a218000000", "resolution": 16, "center_lat": 10.769699086530744, "center_lon": 106.68337701002841, "avg_edge_len": 72.847343116515603, "cell_area": 7917.2613079510629, "cell_perimeter": 364.23671558257803, "code": "770", "name": "Quận 3", "name_en": "District 3", "level": "Quận", "prov_code": "79", "prov_name": "Thành phố Hồ Chí Minh", "region": "Đông Nam Bộ", "pop_2019": 190375.0, "pop_dens": 38852.0, "area": 4.92 }, "geometry": { "type": "Polygon", "coordinates": [ [ [ 106.683507387122063, 10.770398461582092 ], [ 106.683067312432627, 10.769888465799593 ], [ 106.682919864787777, 10.769229998719142 ], [ 106.683554953403586, 10.76920244371866 ], [ 106.683810966814576, 10.769829423323594 ], [ 106.683507387122063, 10.770398461582092 ] ] ] } },
{ "type": "Feature", "properties": { "a5": "7a9409a258000000", "resolution": 16, "center_lat": 10.770454033969436, "center_lon": 106.68402341421616, "avg_edge_len": 72.603257162417819, "cell_area": 7917.2594595998526, "cell_perimeter": 363.01628581208911, "code": "770", "name": "Quận 3", "name_en": "District 3", "level": "Quận", "prov_code": "79", "prov_name": "Thành phố Hồ Chí Minh", "region": "Đông Nam Bộ", "pop_2019": 190375.0, "pop_dens": 38852.0, "area": 4.92 }, "geometry": { "type": "Polygon", "coordinates": [ [ [ 106.684326539643507, 10.770253918026457 ], [ 106.684582554219105, 10.770880896495099 ], [ 106.683947462744527, 10.770908456192066 ], [ 106.683507387122063, 10.770398461582079 ], [ 106.683810966814576, 10.769829423323594 ], [ 106.684326539643507, 10.770253918026457 ] ] ] } },
{ "type": "Feature", "properties": { "a5": "7a9409bf08000000", "resolution": 16, "center_lat": 10.768664424415764, "center_lon": 106.68196376807833, "avg_edge_len": 72.603408273816854, "cell_area": 7917.261516302824, "cell_perimeter": 363.01704136908427, "code": "770", "name": "Quận 3", "name_en": "District 3", "level": "Quận", "prov_code": "79", "prov_name": "Thành phố Hồ Chí Minh", "region": "Đông Nam Bộ", "pop_2019": 190375.0, "pop_dens": 38852.0, "area": 4.92 }, "geometry": { "type": "Polygon", "coordinates": [ [ [ 106.681660644238377, 10.768864537704642 ], [ 106.681404633820421, 10.76823755357095 ], [ 106.682039719157274, 10.768210002767933 ], [ 106.682479791506125, 10.768720001329779 ], [ 106.682176212655236, 10.769289038301299 ], [ 106.681660644238377, 10.768864537704642 ] ] ] } },
{ "type": "Feature", "properties": { "a5": "7a9409a108000000", "resolution": 16, "center_lat": 10.768775577463028, "center_lon": 106.68299581622443, "avg_edge_len": 72.603342168976923, "cell_area": 7917.2594366744161, "cell_perimeter": 363.01671084488464, "code": "770", "name": "Quận 3", "name_en": "District 3", "level": "Quận", "prov_code": "79", "prov_name": "Thành phố Hồ Chí Minh", "region": "Đông Nam Bộ", "pop_2019": 190375.0, "pop_dens": 38852.0, "area": 4.92 }, "geometry": { "type": "Polygon", "coordinates": [ [ [ 106.683298940414602, 10.768575463929393 ], [ 106.683554953403586, 10.76920244371866 ], [ 106.682919864787777, 10.769229998719142 ], [ 106.682479791506125, 10.768720001329779 ], [ 106.682783370210245, 10.768150965815005 ], [ 106.683298940414602, 10.768575463929393 ] ] ] } },
{ "type": "Feature", "properties": { "a5": "7a9409bef8000000", "resolution": 16, "center_lat": 10.768020625946992, "center_lon": 106.68234941547865, "avg_edge_len": 72.847384331672387, "cell_area": 7917.2613142393529, "cell_perimeter": 364.23692165836195, "code": "770", "name": "Quận 3", "name_en": "District 3", "level": "Quận", "prov_code": "79", "prov_name": "Thành phố Hồ Chí Minh", "region": "Đông Nam Bộ", "pop_2019": 190375.0, "pop_dens": 38852.0, "area": 4.92 }, "geometry": { "type": "Polygon", "coordinates": [ [ [ 106.682479791506125, 10.768720001329779 ], [ 106.682039719157274, 10.768210002767933 ], [ 106.68189227262792, 10.767551535193775 ], [ 106.682527358385187, 10.767523984889358 ], [ 106.682783370210245, 10.768150965815005 ], [ 106.682479791506125, 10.768720001329779 ] ] ] } },
{ "type": "Feature", "properties": { "a5": "7a940995e8000000", "resolution": 16, "center_lat": 10.78690616169947, "center_lon": 106.67831521314805, "avg_edge_len": 72.848066464089442, "cell_area": 7917.2613488957286, "cell_perimeter": 364.24033232044724, "code": "770", "name": "Quận 3", "name_en": "District 3", "level": "Quận", "prov_code": "79", "prov_name": "Thành phố Hồ Chí Minh", "region": "Đông Nam Bộ", "pop_2019": 190375.0, "pop_dens": 38852.0, "area": 4.92 }, "geometry": { "type": "Polygon", "coordinates": [ [ [ 106.678445584786914, 10.787605569193129 ], [ 106.678005513118705, 10.787095561852933 ], [ 106.677858070542698, 10.78643706509507 ], [ 106.678493161147799, 10.786409486361697 ], [ 106.678749170051788, 10.787036490168502 ], [ 106.678445584786914, 10.787605569193129 ] ] ] } },
{ "type": "Feature", "properties": { "a5": "7a94099708000000", "resolution": 16, "center_lat": 10.785982617127623, "center_lon": 106.67793402597263, "avg_edge_len": 72.603013208113111, "cell_area": 7917.259456127882, "cell_perimeter": 363.01506604056556, "code": "770", "name": "Quận 3", "name_en": "District 3", "level": "Quận", "prov_code": "79", "prov_name": "Thành phố Hồ Chí Minh", "region": "Đông Nam Bộ", "pop_2019": 190375.0, "pop_dens": 38852.0, "area": 4.92 }, "geometry": { "type": "Polygon", "coordinates": [ [ [ 106.678237152668657, 10.785782482372756 ], [ 106.678493161147799, 10.786409486361697 ], [ 106.677858070542698, 10.786437065095082 ], [ 106.677418000286252, 10.78592705615012 ], [ 106.677721584570463, 10.785357979877659 ], [ 106.678237152668657, 10.785782482372756 ] ] ] } },
{ "type": "Feature", "properties": { "a5": "7a9409cdd8000000", "resolution": 16, "center_lat": 10.784304101792129, "center_lon": 106.67690644491186, "avg_edge_len": 72.603098104306412, "cell_area": 7917.2594612464309, "cell_perimeter": 363.01549052153206, "code": "770", "name": "Quận 3", "name_en": "District 3", "level": "Quận", "prov_code": "79", "prov_name": "Thành phố Hồ Chí Minh", "region": "Đông Nam Bộ", "pop_2019": 190375.0, "pop_dens": 38852.0, "area": 4.92 }, "geometry": { "type": "Polygon", "coordinates": [ [ [ 106.677209570373748, 10.784103969450715 ], [ 106.677465577259795, 10.784730974755297 ], [ 106.676830489511644, 10.784758548787787 ], [ 106.676390421600672, 10.784248537066013 ], [ 106.676694004903538, 10.783679463545202 ], [ 106.677209570373748, 10.784103969450715 ] ] ] } },
{ "type": "Feature", "properties": { "a5": "7a9409cdf8000000", "resolution": 16, "center_lat": 10.785227648331858, "center_lon": 106.67728762972207, "avg_edge_len": 72.848107391596017, "cell_area": 7917.2613506801426, "cell_perimeter": 364.24053695798011, "code": "770", "name": "Quận 3", "name_en": "District 3", "level": "Quận", "prov_code": "79", "prov_name": "Thành phố Hồ Chí Minh", "region": "Đông Nam Bộ", "pop_2019": 190375.0, "pop_dens": 38852.0, "area": 4.92 }, "geometry": { "type": "Polygon", "coordinates": [ [ [ 106.677418000286252, 10.78592705615012 ], [ 106.676977930964085, 10.785417046033121 ], [ 106.676830489511644, 10.784758548787787 ], [ 106.677465577259795, 10.784730974755297 ], [ 106.677721584570463, 10.785357979877659 ], [ 106.677418000286252, 10.78592705615012 ] ] ] } },
{ "type": "Feature", "properties": { "a5": "7a94099588000000", "resolution": 16, "center_lat": 10.788584669025935, "center_lon": 106.67934280239069, "avg_edge_len": 72.848025554323456, "cell_area": 7917.2613221667707, "cell_perimeter": 364.24012777161727, "code": "770", "name": "Quận 3", "name_en": "District 3", "level": "Quận", "prov_code": "79", "prov_name": "Thành phố Hồ Chí Minh", "region": "Đông Nam Bộ", "pop_2019": 190375.0, "pop_dens": 38852.0, "area": 4.92 }, "geometry": { "type": "Polygon", "coordinates": [ [ [ 106.679473175105045, 10.789284076195234 ], [ 106.679033101089999, 10.78877407163186 ], [ 106.678885657389742, 10.788115575361225 ], [ 106.679520750852021, 10.788087991926595 ], [ 106.679776761350126, 10.788714994418017 ], [ 106.679473175105045, 10.789284076195234 ] ] ] } },
{ "type": "Feature", "properties": { "a5": "7a940995a8000000", "resolution": 16, "center_lat": 10.787661126421684, "center_lon": 106.67896161284879, "avg_edge_len": 72.602928330608165, "cell_area": 7917.2594396173954, "cell_perimeter": 363.01464165304083, "code": "770", "name": "Quận 3", "name_en": "District 3", "level": "Quận", "prov_code": "79", "prov_name": "Thành phố Hồ Chí Minh", "region": "Đông Nam Bộ", "pop_2019": 190375.0, "pop_dens": 38852.0, "area": 4.92 }, "geometry": { "type": "Polygon", "coordinates": [ [ [ 106.67926474077899, 10.787460989253125 ], [ 106.679520750852021, 10.788087991926595 ], [ 106.678885657389742, 10.788115575361225 ], [ 106.678445584786914, 10.787605569193129 ], [ 106.678749170051788, 10.787036490168502 ], [ 106.67926474077899, 10.787460989253125 ] ] ] } },
{ "type": "Feature", "properties": { "a5": "7a9409cd48000000", "resolution": 16, "center_lat": 10.782625580415019, "center_lon": 106.6758788696641, "avg_edge_len": 72.603183007189216, "cell_area": 7917.2594392448664, "cell_perimeter": 363.01591503594608, "code": "770", "name": "Quận 3", "name_en": "District 3", "level": "Quận", "prov_code": "79", "prov_name": "Thành phố Hồ Chí Minh", "region": "Đông Nam Bộ", "pop_2019": 190375.0, "pop_dens": 38852.0, "area": 4.92 }, "geometry": { "type": "Polygon", "coordinates": [ [ [ 106.676181993891532, 10.782425450486732 ], [ 106.676437999185509, 10.783052457107139 ], [ 106.675802914294081, 10.783080026439114 ], [ 106.6753628487279, 10.782570011940471 ], [ 106.675666431048967, 10.782000941170923 ], [ 106.676181993891532, 10.782425450486732 ] ] ] } },
{ "type": "Feature", "properties": { "a5": "7a9409cd98000000", "resolution": 16, "center_lat": 10.783549128922795, "center_lon": 106.67626005211035, "avg_edge_len": 72.848148333701971, "cell_area": 7917.2613469064236, "cell_perimeter": 364.24074166850988, "code": "770", "name": "Quận 3", "name_en": "District 3", "level": "Quận", "prov_code": "79", "prov_name": "Thành phố Hồ Chí Minh", "region": "Đông Nam Bộ", "pop_2019": 190375.0, "pop_dens": 38852.0, "area": 4.92 }, "geometry": { "type": "Polygon", "coordinates": [ [ [ 106.676390421600672, 10.784248537066013 ], [ 106.675950354623978, 10.78373852417214 ], [ 106.675802914294081, 10.783080026439114 ], [ 106.676437999185509, 10.783052457107127 ], [ 106.676694004903538, 10.783679463545202 ], [ 106.676390421600672, 10.784248537066013 ] ] ] } },
{ "type": "Feature", "properties": { "a5": "7a9409cc88000000", "resolution": 16, "center_lat": 10.781870603472109, "center_lon": 106.67523248031044, "avg_edge_len": 72.848189298311993, "cell_area": 7917.2613605037332, "cell_perimeter": 364.24094649155995, "code": "770", "name": "Quận 3", "name_en": "District 3", "level": "Quận", "prov_code": "79", "prov_name": "Thành phố Hồ Chí Minh", "region": "Đông Nam Bộ", "pop_2019": 190375.0, "pop_dens": 38852.0, "area": 4.92 }, "geometry": { "type": "Polygon", "coordinates": [ [ [ 106.6753628487279, 10.782570011940471 ], [ 106.674922784095656, 10.782059996269783 ], [ 106.674775344887507, 10.781401498048817 ], [ 106.67541042692244, 10.781373933416964 ], [ 106.675666431048967, 10.782000941170923 ], [ 106.6753628487279, 10.782570011940471 ] ] ] } },
{ "type": "Feature", "properties": { "a5": "7a9409cca8000000", "resolution": 16, "center_lat": 10.780947052996007, "center_lon": 106.67485130022685, "avg_edge_len": 72.603267921561411, "cell_area": 7917.2594121173024, "cell_perimeter": 363.01633960780703, "code": "770", "name": "Quận 3", "name_en": "District 3", "level": "Quận", "prov_code": "79", "prov_name": "Thành phố Hồ Chí Minh", "region": "Đông Nam Bộ", "pop_2019": 190375.0, "pop_dens": 38852.0, "area": 4.92 }, "geometry": { "type": "Polygon", "coordinates": [ [ [ 106.675154423219738, 10.780746925480614 ], [ 106.67541042692244, 10.781373933416964 ], [ 106.674775344887507, 10.781401498048817 ], [ 106.674335281665435, 10.780891480773311 ], [ 106.674638863003906, 10.780322412754549 ], [ 106.675154423219738, 10.780746925480614 ] ] ] } },
{ "type": "Feature", "properties": { "a5": "7a94099078000000", "resolution": 16, "center_lat": 10.790193351552496, "center_lon": 106.6811074890084, "avg_edge_len": 72.60280670578922, "cell_area": 7917.2615003660321, "cell_perimeter": 363.01403352894607, "code": "770", "name": "Quận 3", "name_en": "District 3", "level": "Quận", "prov_code": "79", "prov_name": "Thành phố Hồ Chí Minh", "region": "Đông Nam Bộ", "pop_2019": 190375.0, "pop_dens": 38852.0, "area": 4.92 }, "geometry": { "type": "Polygon", "coordinates": [ [ [ 106.680804358467867, 10.790393492626421 ], [ 106.680548346374735, 10.789766491450214 ], [ 106.68118344378945, 10.789738902368811 ], [ 106.68162352185891, 10.790248901329699 ], [ 106.681319934455018, 10.790817984889825 ], [ 106.680804358467867, 10.790393492626421 ] ] ] } },
{ "type": "Feature", "properties": { "a5": "7a940990a8000000", "resolution": 16, "center_lat": 10.790263170311455, "center_lon": 106.68037039745241, "avg_edge_len": 72.84798466236802, "cell_area": 7917.2613371014595, "cell_perimeter": 364.23992331184013, "code": "770", "name": "Quận 3", "name_en": "District 3", "level": "Quận", "prov_code": "79", "prov_name": "Thành phố Hồ Chí Minh", "region": "Đông Nam Bộ", "pop_2019": 190375.0, "pop_dens": 38852.0, "area": 4.92 }, "geometry": { "type": "Polygon", "coordinates": [ [ [ 106.68050077124326, 10.790962577156678 ], [ 106.680060694880581, 10.790452575370136 ], [ 106.679913250055051, 10.789794079586478 ], [ 106.680548346374735, 10.789766491450214 ], [ 106.680804358467867, 10.790393492626421 ], [ 106.68050077124326, 10.790962577156678 ] ] ] } },
{ "type": "Feature", "properties": { "a5": "7a940990c8000000", "resolution": 16, "center_lat": 10.789339629674595, "center_lon": 106.67998920554275, "avg_edge_len": 72.60284346406381, "cell_area": 7917.2594370692968, "cell_perimeter": 363.01421732031906, "code": "770", "name": "Quận 3", "name_en": "District 3", "level": "Quận", "prov_code": "79", "prov_name": "Thành phố Hồ Chí Minh", "region": "Đông Nam Bộ", "pop_2019": 190375.0, "pop_dens": 38852.0, "area": 4.92 }, "geometry": { "type": "Polygon", "coordinates": [ [ [ 106.680292334706905, 10.78913949009206 ], [ 106.680548346374735, 10.789766491450214 ], [ 106.679913250055051, 10.789794079586478 ], [ 106.679473175105045, 10.789284076195234 ], [ 106.679776761350126, 10.788714994418017 ], [ 106.680292334706905, 10.78913949009206 ] ] ] } },
{ "type": "Feature", "properties": { "a5": "7a94099238000000", "resolution": 16, "center_lat": 10.790304450325996, "center_lon": 106.68213955600203, "avg_edge_len": 72.602740406292725, "cell_area": 7917.259404592216, "cell_perimeter": 363.01370203146365, "code": "770", "name": "Quận 3", "name_en": "District 3", "level": "Quận", "prov_code": "79", "prov_name": "Thành phố Hồ Chí Minh", "region": "Đông Nam Bộ", "pop_2019": 190375.0, "pop_dens": 38852.0, "area": 4.92 }, "geometry": { "type": "Polygon", "coordinates": [ [ [ 106.682442686892614, 10.790104309005354 ], [ 106.682698701558138, 10.790731305833788 ], [ 106.682063600863671, 10.790758899118392 ], [ 106.68162352185891, 10.790248901329699 ], [ 106.681927109120238, 10.78967981922948 ], [ 106.682442686892614, 10.790104309005354 ] ] ] } },
{ "type": "Feature", "properties": { "a5": "7a94099298000000", "resolution": 16, "center_lat": 10.790948305617992, "center_lon": 106.68175389728363, "avg_edge_len": 72.847867755817077, "cell_area": 7917.2595846131444, "cell_perimeter": 364.23933877908541, "code": "770", "name": "Quận 3", "name_en": "District 3", "level": "Quận", "prov_code": "79", "prov_name": "Thành phố Hồ Chí Minh", "region": "Đông Nam Bộ", "pop_2019": 190375.0, "pop_dens": 38852.0, "area": 4.92 }, "geometry": { "type": "Polygon", "coordinates": [ [ [ 106.68162352185891, 10.790248901329699 ], [ 106.682063600863671, 10.790758899118392 ], [ 106.682211047990791, 10.791417391149482 ], [ 106.681575947718329, 10.791444984932838 ], [ 106.681319934455018, 10.790817984889825 ], [ 106.68162352185891, 10.790248901329699 ] ] ] } },
{ "type": "Feature", "properties": { "a5": "7a9409e018000000", "resolution": 16, "center_lat": 10.770595201248211, "center_lon": 106.67709169805596, "avg_edge_len": 72.847792937416585, "cell_area": 7917.2596146203578, "cell_perimeter": 364.2389646870829, "code": "770", "name": "Quận 3", "name_en": "District 3", "level": "Quận", "prov_code": "79", "prov_name": "Thành phố Hồ Chí Minh", "region": "Đông Nam Bộ", "pop_2019": 190375.0, "pop_dens": 38852.0, "area": 4.92 }, "geometry": { "type": "Polygon", "coordinates": [ [ [ 106.67696132741321, 10.769895810899538 ], [ 106.677401391516696, 10.770405822349289 ], [ 106.677548833322362, 10.771064302961319 ], [ 106.676913754044335, 10.771091851981044 ], [ 106.676657749673609, 10.770464854828592 ], [ 106.67696132741321, 10.769895810899538 ] ] ] } },
{ "type": "Feature", "properties": { "a5": "7a9409e048000000", "resolution": 16, "center_lat": 10.770664969326406, "center_lon": 106.67635462916928, "avg_edge_len": 72.603517201215638, "cell_area": 7917.259408608079, "cell_perimeter": 363.0175860060782, "code": "770", "name": "Quận 3", "name_en": "District 3", "level": "Quận", "prov_code": "79", "prov_name": "Thành phố Hồ Chí Minh", "region": "Đông Nam Bộ", "pop_2019": 190375.0, "pop_dens": 38852.0, "area": 4.92 }, "geometry": { "type": "Polygon", "coordinates": [ [ [ 106.676657749673609, 10.770464854828592 ], [ 106.676913754044335, 10.771091851981044 ], [ 106.676278675860431, 10.771119400056309 ], [ 106.675838613465885, 10.770609385785329 ], [ 106.676142191028134, 10.770040340887947 ], [ 106.676657749673609, 10.770464854828592 ] ] ] } },
{ "type": "Feature", "properties": { "a5": "7a9409bfd8000000", "resolution": 16, "center_lat": 10.769881625290251, "center_lon": 106.67821441504179, "avg_edge_len": 72.847696071992416, "cell_area": 7917.2595641762018, "cell_perimeter": 364.23848035996207, "code": "770", "name": "Quận 3", "name_en": "District 3", "level": "Quận", "prov_code": "79", "prov_name": "Thành phố Hồ Chí Minh", "region": "Đông Nam Bộ", "pop_2019": 190375.0, "pop_dens": 38852.0, "area": 4.92 }, "geometry": { "type": "Polygon", "coordinates": [ [ [ 106.678084043209196, 10.769182238379937 ], [ 106.678524109021851, 10.769692247008843 ], [ 106.678671552007927, 10.770350724361096 ], [ 106.67803647121525, 10.770378273827296 ], [ 106.677780465438559, 10.769751279883895 ], [ 106.678084043209196, 10.769182238379937 ] ] ] } },
{ "type": "Feature", "properties": { "a5": "7a9409e028000000", "resolution": 16, "center_lat": 10.769951393707426, "center_lon": 106.6774773444444, "avg_edge_len": 72.603499160241668, "cell_area": 7917.2594100311399, "cell_perimeter": 363.01749580120833, "code": "770", "name": "Quận 3", "name_en": "District 3", "level": "Quận", "prov_code": "79", "prov_name": "Thành phố Hồ Chí Minh", "region": "Đông Nam Bộ", "pop_2019": 190375.0, "pop_dens": 38852.0, "area": 4.92 }, "geometry": { "type": "Polygon", "coordinates": [ [ [ 106.677780465438559, 10.769751279883909 ], [ 106.67803647121525, 10.770378273827296 ], [ 106.677401391516696, 10.770405822349289 ], [ 106.67696132741321, 10.769895810899538 ], [ 106.677264905006496, 10.769326768427073 ], [ 106.677780465438559, 10.769751279883909 ] ] ] } },
{ "type": "Feature", "properties": { "a5": "7a9409bf78000000", "resolution": 16, "center_lat": 10.769237820455022, "center_lon": 106.67860006156823, "avg_edge_len": 72.603481140551423, "cell_area": 7917.2594532892108, "cell_perimeter": 363.01740570275712, "code": "770", "name": "Quận 3", "name_en": "District 3", "level": "Quận", "prov_code": "79", "prov_name": "Thành phố Hồ Chí Minh", "region": "Đông Nam Bộ", "pop_2019": 190375.0, "pop_dens": 38852.0, "area": 4.92 }, "geometry": { "type": "Polygon", "coordinates": [ [ [ 106.678903183052171, 10.769037707305948 ], [ 106.679159190235168, 10.769664698040577 ], [ 106.678524109021851, 10.769692247008843 ], [ 106.678084043209196, 10.769182238379937 ], [ 106.678387620833405, 10.768613198332519 ], [ 106.678903183052171, 10.769037707305948 ] ] ] } },
{ "type": "Feature", "properties": { "a5": "7a9409bfa8000000", "resolution": 16, "center_lat": 10.769168051699372, "center_lon": 106.67933713387636, "avg_edge_len": 72.847599222879651, "cell_area": 7917.2595942169428, "cell_perimeter": 364.23799611439824, "code": "770", "name": "Quận 3", "name_en": "District 3", "level": "Quận", "prov_code": "79", "prov_name": "Thành phố Hồ Chí Minh", "region": "Đông Nam Bộ", "pop_2019": 190375.0, "pop_dens": 38852.0, "area": 4.92 }, "geometry": { "type": "Polygon", "coordinates": [ [ [ 106.679206760853617, 10.768468668227191 ], [ 106.679646828375553, 10.768978674035655 ], [ 106.679794272542495, 10.769637148128339 ], [ 106.679159190235168, 10.769664698040577 ], [ 106.678903183052171, 10.769037707305948 ], [ 106.679206760853617, 10.768468668227191 ] ] ] } },
{ "type": "Feature", "properties": { "a5": "7a9409bf38000000", "resolution": 16, "center_lat": 10.768454480476263, "center_lon": 106.68045985455936, "avg_edge_len": 72.847502391136373, "cell_area": 7917.2596022672951, "cell_perimeter": 364.23751195568184, "code": "770", "name": "Quận 3", "name_en": "District 3", "level": "Quận", "prov_code": "79", "prov_name": "Thành phố Hồ Chí Minh", "region": "Đông Nam Bộ", "pop_2019": 190375.0, "pop_dens": 38852.0, "area": 4.92 }, "geometry": { "type": "Polygon", "coordinates": [ [ [ 106.680329480346018, 10.767755100442004 ], [ 106.68076954957769, 10.768265103430423 ], [ 106.680916994925724, 10.768923574263724 ], [ 106.680281911103634, 10.768951124621582 ], [ 106.680025902514217, 10.768324137095421 ], [ 106.680329480346018, 10.767755100442004 ] ] ] } },
{ "type": "Feature", "properties": { "a5": "7a9409bf98000000", "resolution": 16, "center_lat": 10.768524249569841, "center_lon": 106.67972278054052, "avg_edge_len": 72.603463138193689, "cell_area": 7917.2594682872295, "cell_perimeter": 363.01731569096842, "code": "770", "name": "Quận 3", "name_en": "District 3", "level": "Quận", "prov_code": "79", "prov_name": "Thành phố Hồ Chí Minh", "region": "Đông Nam Bộ", "pop_2019": 190375.0, "pop_dens": 38852.0, "area": 4.92 }, "geometry": { "type": "Polygon", "coordinates": [ [ [ 106.680025902514217, 10.768324137095421 ], [ 106.680281911103634, 10.768951124621569 ], [ 106.679646828375553, 10.768978674035655 ], [ 106.679206760853617, 10.768468668227191 ], [ 106.679510338508408, 10.767899630604935 ], [ 106.680025902514217, 10.768324137095421 ] ] ] } },
{ "type": "Feature", "properties": { "a5": "7a9409beb8000000", "resolution": 16, "center_lat": 10.767810681052582, "center_lon": 106.68084550136082, "avg_edge_len": 72.603445156414182, "cell_area": 7917.2594672963023, "cell_perimeter": 363.01722578207091, "code": "770", "name": "Quận 3", "name_en": "District 3", "level": "Quận", "prov_code": "79", "prov_name": "Thành phố Hồ Chí Minh", "region": "Đông Nam Bộ", "pop_2019": 190375.0, "pop_dens": 38852.0, "area": 4.92 }, "geometry": { "type": "Polygon", "coordinates": [ [ [ 106.681148623824129, 10.767610569253002 ], [ 106.681404633820421, 10.768237553570938 ], [ 106.68076954957769, 10.768265103430423 ], [ 106.680329480346018, 10.767755100442004 ], [ 106.680633058031049, 10.767186065245028 ], [ 106.681148623824129, 10.767610569253002 ] ] ] } },
{ "type": "Feature", "properties": { "a5": "7a9409bee8000000", "resolution": 16, "center_lat": 10.767740911621543, "center_lon": 106.68158257709045, "avg_edge_len": 72.84740557997435, "cell_area": 7917.2595889680088, "cell_perimeter": 364.23702789987175, "code": "770", "name": "Quận 3", "name_en": "District 3", "level": "Quận", "prov_code": "79", "prov_name": "Thành phố Hồ Chí Minh", "region": "Đông Nam Bộ", "pop_2019": 190375.0, "pop_dens": 38852.0, "area": 4.92 }, "geometry": { "type": "Polygon", "coordinates": [ [ [ 106.68145220168617, 10.767041535025019 ], [ 106.68189227262792, 10.767551535193775 ], [ 106.682039719157274, 10.768210002767933 ], [ 106.681404633820421, 10.76823755357095 ], [ 106.681148623824129, 10.767610569252989 ], [ 106.68145220168617, 10.767041535025019 ] ] ] } },
{ "type": "Feature", "properties": { "a5": "7a94098748000000", "resolution": 16, "center_lat": 10.788303456865199, "center_lon": 106.68774889044219, "avg_edge_len": 72.602631041778608, "cell_area": 7917.2615125849843, "cell_perimeter": 363.01315520889307, "code": "770", "name": "Quận 3", "name_en": "District 3", "level": "Quận", "prov_code": "79", "prov_name": "Thành phố Hồ Chí Minh", "region": "Đông Nam Bộ", "pop_2019": 190375.0, "pop_dens": 38852.0, "area": 4.92 }, "geometry": { "type": "Polygon", "coordinates": [ [ [ 106.687445756204966, 10.788503596970115 ], [ 106.68718973550267, 10.787876613179984 ], [ 106.687824843362364, 10.787849017170348 ], [ 106.688264932317452, 10.788358999230514 ], [ 106.687961343752136, 10.788928073388719 ], [ 106.687445756204966, 10.788503596970115 ] ] ] } },
{ "type": "Feature", "properties": { "a5": "7a94098768000000", "resolution": 16, "center_lat": 10.78837328280119, "center_lon": 106.68701178702413, "avg_edge_len": 72.847458153280783, "cell_area": 7917.261325892061, "cell_perimeter": 364.23729076640393, "code": "770", "name": "Quận 3", "name_en": "District 3", "level": "Quận", "prov_code": "79", "prov_name": "Thành phố Hồ Chí Minh", "region": "Đông Nam Bộ", "pop_2019": 190375.0, "pop_dens": 38852.0, "area": 4.92 }, "geometry": { "type": "Polygon", "coordinates": [ [ [ 106.687142167818706, 10.789072672099536 ], [ 106.686702080571649, 10.788562687215446 ], [ 106.686554628738463, 10.787904208245646 ], [ 106.68718973550267, 10.787876613179984 ], [ 106.687445756204966, 10.788503596970139 ], [ 106.687142167818706, 10.789072672099536 ] ] ] } },
{ "type": "Feature", "properties": { "a5": "7a94098788000000", "resolution": 16, "center_lat": 10.787659613376167, "center_lon": 106.68813455033656, "avg_edge_len": 72.847361075761768, "cell_area": 7917.2613358683884, "cell_perimeter": 364.23680537880881, "code": "770", "name": "Quận 3", "name_en": "District 3", "level": "Quận", "prov_code": "79", "prov_name": "Thành phố Hồ Chí Minh", "region": "Đông Nam Bộ", "pop_2019": 190375.0, "pop_dens": 38852.0, "area": 4.92 }, "geometry": { "type": "Polygon", "coordinates": [ [ [ 106.688264932317452, 10.788358999230514 ], [ 106.687824843362364, 10.787849017170348 ], [ 106.687677390351951, 10.787190541465359 ], [ 106.688312498633536, 10.78716294595556 ], [ 106.688568520739409, 10.787789926532325 ], [ 106.688264932317452, 10.788358999230514 ] ] ] } },
{ "type": "Feature", "properties": { "a5": "7a940986f8000000", "resolution": 16, "center_lat": 10.787589787104602, "center_lon": 106.68887165546893, "avg_edge_len": 72.602612935051567, "cell_area": 7917.2614925429225, "cell_perimeter": 363.01306467525785, "code": "770", "name": "Quận 3", "name_en": "District 3", "level": "Quận", "prov_code": "79", "prov_name": "Thành phố Hồ Chí Minh", "region": "Đông Nam Bộ", "pop_2019": 190375.0, "pop_dens": 38852.0, "area": 4.92 }, "geometry": { "type": "Polygon", "coordinates": [ [ [ 106.688568520739409, 10.787789926532325 ], [ 106.688312498633536, 10.787162945955544 ], [ 106.688947608010722, 10.787135349501986 ], [ 106.689387698673954, 10.787645328738597 ], [ 106.689084110073054, 10.788214400465389 ], [ 106.688568520739409, 10.787789926532325 ] ] ] } },
{ "type": "Feature", "properties": { "a5": "7a94098758000000", "resolution": 16, "center_lat": 10.789017129002531, "center_lon": 106.68662612727324, "avg_edge_len": 72.602649167001829, "cell_area": 7917.2614853680134, "cell_perimeter": 363.01324583500912, "code": "770", "name": "Quận 3", "name_en": "District 3", "level": "Quận", "prov_code": "79", "prov_name": "Thành phố Hồ Chí Minh", "region": "Đông Nam Bộ", "pop_2019": 190375.0, "pop_dens": 38852.0, "area": 4.92 }, "geometry": { "type": "Polygon", "coordinates": [ [ [ 106.686322993528393, 10.789217269784482 ], [ 106.686066974229334, 10.788590282780714 ], [ 106.686702080571649, 10.788562687215446 ], [ 106.687142167818706, 10.789072672099536 ], [ 106.686838579289315, 10.789641748689027 ], [ 106.686322993528393, 10.789217269784482 ] ] ] } },
{ "type": "Feature", "properties": { "a5": "7a940991f8000000", "resolution": 16, "center_lat": 10.789086954602473, "center_lon": 106.68588902556952, "avg_edge_len": 72.847555245416856, "cell_area": 7917.261365737766, "cell_perimeter": 364.23777622708428, "code": "770", "name": "Quận 3", "name_en": "District 3", "level": "Quận", "prov_code": "79", "prov_name": "Thành phố Hồ Chí Minh", "region": "Đông Nam Bộ", "pop_2019": 190375.0, "pop_dens": 38852.0, "area": 4.92 }, "geometry": { "type": "Polygon", "coordinates": [ [ [ 106.686019405178172, 10.789786347345023 ], [ 106.685579319638805, 10.789276359636576 ], [ 106.685431868982619, 10.788617877401764 ], [ 106.686066974229334, 10.788590282780714 ], [ 106.686322993528393, 10.789217269784482 ], [ 106.686019405178172, 10.789786347345023 ] ] ] } },
{ "type": "Feature", "properties": { "a5": "7a940986e8000000", "resolution": 16, "center_lat": 10.786945946328032, "center_lon": 106.68925731550648, "avg_edge_len": 72.847264017800541, "cell_area": 7917.2613366805017, "cell_perimeter": 364.23632008900267, "code": "770", "name": "Quận 3", "name_en": "District 3", "level": "Quận", "prov_code": "79", "prov_name": "Thành phố Hồ Chí Minh", "region": "Đông Nam Bộ", "pop_2019": 190375.0, "pop_dens": 38852.0, "area": 4.92 }, "geometry": { "type": "Polygon", "coordinates": [ [ [ 106.689387698673954, 10.787645328738597 ], [ 106.688947608010722, 10.787135349501986 ], [ 106.688800153822626, 10.786476877061579 ], [ 106.689435263621704, 10.786449281108073 ], [ 106.689691287131495, 10.787076258471769 ], [ 106.689387698673954, 10.787645328738597 ] ] ] } },
{ "type": "Feature", "properties": { "a5": "7a940986c8000000", "resolution": 16, "center_lat": 10.786876119721441, "center_lon": 106.68999442235318, "avg_edge_len": 72.602594849644021, "cell_area": 7917.2614789307117, "cell_perimeter": 363.01297424822013, "code": "770", "name": "Quận 3", "name_en": "District 3", "level": "Quận", "prov_code": "79", "prov_name": "Thành phố Hồ Chí Minh", "region": "Đông Nam Bộ", "pop_2019": 190375.0, "pop_dens": 38852.0, "area": 4.92 }, "geometry": { "type": "Polygon", "coordinates": [ [ [ 106.689691287131495, 10.787076258471769 ], [ 106.689435263621704, 10.786449281108073 ], [ 106.690070374516381, 10.786421684211039 ], [ 106.690510466888099, 10.786931660624486 ], [ 106.690206878251729, 10.787500729919762 ], [ 106.689691287131495, 10.787076258471769 ] ] ] } },
{ "type": "Feature", "properties": { "a5": "7a94099308000000", "resolution": 16, "center_lat": 10.789730803515926, "center_lon": 106.68550336596248, "avg_edge_len": 72.602667309204122, "cell_area": 7917.2614633440971, "cell_perimeter": 363.01333654602058, "code": "770", "name": "Quận 3", "name_en": "District 3", "level": "Quận", "prov_code": "79", "prov_name": "Thành phố Hồ Chí Minh", "region": "Đông Nam Bộ", "pop_2019": 190375.0, "pop_dens": 38852.0, "area": 4.92 }, "geometry": { "type": "Polygon", "coordinates": [ [ [ 106.685200232710145, 10.789930944974728 ], [ 106.684944214813981, 10.789303954757038 ], [ 106.685579319638805, 10.789276359636576 ], [ 106.686019405178172, 10.789786347345023 ], [ 106.685715816684933, 10.790355426365654 ], [ 106.685200232710145, 10.789930944974728 ] ] ] } },
{ "type": "Feature", "properties": { "a5": "7a94099328000000", "resolution": 16, "center_lat": 10.789800628779307, "center_lon": 106.68476626597312, "avg_edge_len": 72.847652357534329, "cell_area": 7917.261347476393, "cell_perimeter": 364.23826178767166, "code": "770", "name": "Quận 3", "name_en": "District 3", "level": "Quận", "prov_code": "79", "prov_name": "Thành phố Hồ Chí Minh", "region": "Đông Nam Bộ", "pop_2019": 190375.0, "pop_dens": 38852.0, "area": 4.92 }, "geometry": { "type": "Polygon", "coordinates": [ [ [ 106.684896644396076, 10.790500024966256 ], [ 106.684456560564172, 10.789990034433082 ], [ 106.684309111084644, 10.789331548933054 ], [ 106.684944214813981, 10.789303954757026 ], [ 106.685200232710145, 10.789930944974728 ], [ 106.684896644396076, 10.790500024966256 ] ] ] } },
{ "type": "Feature", "properties": { "a5": "7a940988f8000000", "resolution": 16, "center_lat": 10.786232281657506, "center_lon": 106.69038008253362, "avg_edge_len": 72.847166972197854, "cell_area": 7917.2613582238555, "cell_perimeter": 364.23583486098926, "code": "770", "name": "Quận 3", "name_en": "District 3", "level": "Quận", "prov_code": "79", "prov_name": "Thành phố Hồ Chí Minh", "region": "Đông Nam Bộ", "pop_2019": 190375.0, "pop_dens": 38852.0, "area": 4.92 }, "geometry": { "type": "Polygon", "coordinates": [ [ [ 106.690510466888099, 10.786931660624486 ], [ 106.690070374516381, 10.786421684211039 ], [ 106.689922919150376, 10.785763215034999 ], [ 106.690558030466832, 10.785735618638235 ], [ 106.69081405538077, 10.786362592789141 ], [ 106.690510466888099, 10.786931660624486 ] ] ] } },
{ "type": "Feature", "properties": { "a5": "7a94098a58000000", "resolution": 16, "center_lat": 10.786162454716386, "center_lon": 106.69111719109463, "avg_edge_len": 72.602576787074312, "cell_area": 7917.2614712938666, "cell_perimeter": 363.01288393537158, "code": "770", "name": "Quận 3", "name_en": "District 3", "level": "Quận", "prov_code": "79", "prov_name": "Thành phố Hồ Chí Minh", "region": "Đông Nam Bộ", "pop_2019": 190375.0, "pop_dens": 38852.0, "area": 4.92 }, "geometry": { "type": "Polygon", "coordinates": [ [ [ 106.69081405538077, 10.786362592789141 ], [ 106.690558030466832, 10.785735618638235 ], [ 106.691193142879001, 10.785708021298159 ], [ 106.691633236959547, 10.786217994888828 ], [ 106.691329648288047, 10.78678706175247 ], [ 106.69081405538077, 10.786362592789141 ] ] ] } },
{ "type": "Feature", "properties": { "a5": "7a94099278000000", "resolution": 16, "center_lat": 10.790514305331003, "center_lon": 106.68364350823512, "avg_edge_len": 72.847749484056891, "cell_area": 7917.2613365575671, "cell_perimeter": 364.23874742028443, "code": "770", "name": "Quận 3", "name_en": "District 3", "level": "Quận", "prov_code": "79", "prov_name": "Thành phố Hồ Chí Minh", "region": "Đông Nam Bộ", "pop_2019": 190375.0, "pop_dens": 38852.0, "area": 4.92 }, "geometry": { "type": "Polygon", "coordinates": [ [ [ 106.683773885472874, 10.791213704962555 ], [ 106.683333803348091, 10.790703711604271 ], [ 106.683186355044882, 10.790045222838803 ], [ 106.68382145725684, 10.790017629108281 ], [ 106.684077473750335, 10.790644622540183 ], [ 106.683773885472874, 10.791213704962555 ] ] ] } },
{ "type": "Feature", "properties": { "a5": "7a94099318000000", "resolution": 16, "center_lat": 10.790444480404718, "center_lon": 106.6843806065101, "avg_edge_len": 72.602685471031947, "cell_area": 7917.2614634260535, "cell_perimeter": 363.01342735515971, "code": "770", "name": "Quận 3", "name_en": "District 3", "level": "Quận", "prov_code": "79", "prov_name": "Thành phố Hồ Chí Minh", "region": "Đông Nam Bộ", "pop_2019": 190375.0, "pop_dens": 38852.0, "area": 4.92 }, "geometry": { "type": "Polygon", "coordinates": [ [ [ 106.684077473750335, 10.790644622540183 ], [ 106.68382145725684, 10.790017629108281 ], [ 106.684456560564172, 10.789990034433082 ], [ 106.684896644396076, 10.790500024966256 ], [ 106.684593055939331, 10.791069106417909 ], [ 106.684077473750335, 10.790644622540183 ] ] ] } },
{ "type": "Feature", "properties": { "a5": "7a94098a68000000", "resolution": 16, "center_lat": 10.785518619365249, "center_lon": 106.69150285141771, "avg_edge_len": 72.847069945799973, "cell_area": 7917.2613517120481, "cell_perimeter": 364.23534972899989, "code": "770", "name": "Quận 3", "name_en": "District 3", "level": "Quận", "prov_code": "79", "prov_name": "Thành phố Hồ Chí Minh", "region": "Đông Nam Bộ", "pop_2019": 190375.0, "pop_dens": 38852.0, "area": 4.92 }, "geometry": { "type": "Polygon", "coordinates": [ [ [ 106.691633236959547, 10.786217994888828 ], [ 106.691193142879001, 10.785708021298159 ], [ 106.691045686334746, 10.785049555386298 ], [ 106.691680799168694, 10.785021958546722 ], [ 106.691936825487119, 10.785648929485118 ], [ 106.691633236959547, 10.786217994888828 ] ] ] } },
{ "type": "Feature", "properties": { "a5": "7a94098a48000000", "resolution": 16, "center_lat": 10.785448792090094, "center_lon": 106.69223996169302, "avg_edge_len": 72.602558738554052, "cell_area": 7917.2615189179778, "cell_perimeter": 363.01279369277029, "code": "770", "name": "Quận 3", "name_en": "District 3", "level": "Quận", "prov_code": "79", "prov_name": "Thành phố Hồ Chí Minh", "region": "Đông Nam Bộ", "pop_2019": 190375.0, "pop_dens": 38852.0, "area": 4.92 }, "geometry": { "type": "Polygon", "coordinates": [ [ [ 106.691936825487119, 10.785648929485118 ], [ 106.691680799168694, 10.785021958546709 ], [ 106.692315913098355, 10.784994360764042 ], [ 106.692756008887841, 10.785504331532348 ], [ 106.692452420181439, 10.786073395964204 ], [ 106.691936825487119, 10.785648929485118 ] ] ] } },
{ "type": "Feature", "properties": { "a5": "7a94099288000000", "resolution": 16, "center_lat": 10.791158159668221, "center_lon": 106.68325784891648, "avg_edge_len": 72.602703658167442, "cell_area": 7917.2615158334374, "cell_perimeter": 363.01351829083723, "code": "770", "name": "Quận 3", "name_en": "District 3", "level": "Quận", "prov_code": "79", "prov_name": "Thành phố Hồ Chí Minh", "region": "Đông Nam Bộ", "pop_2019": 190375.0, "pop_dens": 38852.0, "area": 4.92 }, "geometry": { "type": "Polygon", "coordinates": [ [ [ 106.682954716649306, 10.791358302480154 ], [ 106.682698701558138, 10.790731305833788 ], [ 106.683333803348091, 10.790703711604271 ], [ 106.683773885472874, 10.79121370496258 ], [ 106.683470297052736, 10.791782788845143 ], [ 106.682954716649306, 10.791358302480154 ] ] ] } },
{ "type": "Feature", "properties": { "a5": "7a940992a8000000", "resolution": 16, "center_lat": 10.791227984256937, "center_lon": 106.68252075235581, "avg_edge_len": 72.847846624455599, "cell_area": 7917.2613291069865, "cell_perimeter": 364.23923312227799, "code": "770", "name": "Quận 3", "name_en": "District 3", "level": "Quận", "prov_code": "79", "prov_name": "Thành phố Hồ Chí Minh", "region": "Đông Nam Bộ", "pop_2019": 190375.0, "pop_dens": 38852.0, "area": 4.92 }, "geometry": { "type": "Polygon", "coordinates": [ [ [ 106.682651128408679, 10.791927387333279 ], [ 106.682211047990791, 10.791417391149482 ], [ 106.682063600863671, 10.790758899118392 ], [ 106.682698701558138, 10.790731305833788 ], [ 106.682954716649306, 10.791358302480154 ], [ 106.682651128408679, 10.791927387333279 ] ] ] } },
{ "type": "Feature", "properties": { "a5": "7a94098d48000000", "resolution": 16, "center_lat": 10.776343068171768, "center_lon": 106.68822454175076, "avg_edge_len": 72.602965367104602, "cell_area": 7917.2614932432771, "cell_perimeter": 363.01482683552302, "code": "770", "name": "Quận 3", "name_en": "District 3", "level": "Quận", "prov_code": "79", "prov_name": "Thành phố Hồ Chí Minh", "region": "Đông Nam Bộ", "pop_2019": 190375.0, "pop_dens": 38852.0, "area": 4.92 }, "geometry": { "type": "Polygon", "coordinates": [ [ [ 106.687921411235379, 10.776543192833779 ], [ 106.68766539147191, 10.775916218509934 ], [ 106.688300492618737, 10.775888643778311 ], [ 106.688740578387979, 10.776398625622637 ], [ 106.688436994569543, 10.776967673889661 ], [ 106.687921411235379, 10.776543192833779 ] ] ] } },
{ "type": "Feature", "properties": { "a5": "7a9409a828000000", "resolution": 16, "center_lat": 10.7754195699824, "center_lon": 106.68784333689538, "avg_edge_len": 72.84710275441256, "cell_area": 7917.2595584578812, "cell_perimeter": 364.2355137720628, "code": "770", "name": "Quận 3", "name_en": "District 3", "level": "Quận", "prov_code": "79", "prov_name": "Thành phố Hồ Chí Minh", "region": "Đông Nam Bộ", "pop_2019": 190375.0, "pop_dens": 38852.0, "area": 4.92 }, "geometry": { "type": "Polygon", "coordinates": [ [ [ 106.687712954963672, 10.774720198480342 ], [ 106.688153039323083, 10.775230181931649 ], [ 106.688300492618737, 10.775888643778311 ], [ 106.68766539147191, 10.775916218509934 ], [ 106.687409372131697, 10.77528924400213 ], [ 106.687712954963672, 10.774720198480342 ] ] ] } },
{ "type": "Feature", "properties": { "a5": "7a94098e18000000", "resolution": 16, "center_lat": 10.778021493009005, "center_lon": 106.68925216860565, "avg_edge_len": 72.602880412474718, "cell_area": 7917.2614993676543, "cell_perimeter": 363.01440206237356, "code": "770", "name": "Quận 3", "name_en": "District 3", "level": "Quận", "prov_code": "79", "prov_name": "Thành phố Hồ Chí Minh", "region": "Đông Nam Bộ", "pop_2019": 190375.0, "pop_dens": 38852.0, "area": 4.92 }, "geometry": { "type": "Polygon", "coordinates": [ [ [ 106.688949036853501, 10.778221620081482 ], [ 106.68869301549978, 10.777594647077523 ], [ 106.689328119506285, 10.777567067648011 ], [ 106.689768207619863, 10.778077046712705 ], [ 106.689464622815763, 10.778646097725414 ], [ 106.688949036853501, 10.778221620081482 ] ] ] } },
{ "type": "Feature", "properties": { "a5": "7a94098e38000000", "resolution": 16, "center_lat": 10.777097996794119, "center_lon": 106.6888709613895, "avg_edge_len": 72.847061603538179, "cell_area": 7917.2596139907837, "cell_perimeter": 364.2353080176909, "code": "770", "name": "Quận 3", "name_en": "District 3", "level": "Quận", "prov_code": "79", "prov_name": "Thành phố Hồ Chí Minh", "region": "Đông Nam Bộ", "pop_2019": 190375.0, "pop_dens": 38852.0, "area": 4.92 }, "geometry": { "type": "Polygon", "coordinates": [ [ [ 106.688740578387979, 10.776398625622637 ], [ 106.689180665091158, 10.776908606294317 ], [ 106.689328119506285, 10.777567067648011 ], [ 106.68869301549978, 10.777594647077523 ], [ 106.688436994569543, 10.776967673889661 ], [ 106.688740578387979, 10.776398625622637 ] ] ] } },
{ "type": "Feature", "properties": { "a5": "7a94098e68000000", "resolution": 16, "center_lat": 10.7787764175539, "center_lon": 106.68989859169227, "avg_edge_len": 72.847020467933959, "cell_area": 7917.259634681046, "cell_perimeter": 364.23510233966982, "code": "770", "name": "Quận 3", "name_en": "District 3", "level": "Quận", "prov_code": "79", "prov_name": "Thành phố Hồ Chí Minh", "region": "Đông Nam Bộ", "pop_2019": 190375.0, "pop_dens": 38852.0, "area": 4.92 }, "geometry": { "type": "Polygon", "coordinates": [ [ [ 106.689768207619863, 10.778077046712705 ], [ 106.690208296667606, 10.778587024604763 ], [ 106.690355752203232, 10.779245485465696 ], [ 106.68972064533682, 10.779273069593488 ], [ 106.689464622815763, 10.778646097725414 ], [ 106.689768207619863, 10.778077046712705 ] ] ] } },
{ "type": "Feature", "properties": { "a5": "7a94098ec8000000", "resolution": 16, "center_lat": 10.779699911794525, "center_lon": 106.69027980127036, "avg_edge_len": 72.602795469757595, "cell_area": 7917.261532150209, "cell_perimeter": 363.01397734878799, "code": "770", "name": "Quận 3", "name_en": "District 3", "level": "Quận", "prov_code": "79", "prov_name": "Thành phố Hồ Chí Minh", "region": "Đông Nam Bộ", "pop_2019": 190375.0, "pop_dens": 38852.0, "area": 4.92 }, "geometry": { "type": "Polygon", "coordinates": [ [ [ 106.689976668281588, 10.779900041277758 ], [ 106.68972064533682, 10.779273069593476 ], [ 106.690355752203232, 10.779245485465696 ], [ 106.690795842661828, 10.779755461750801 ], [ 106.690492256872631, 10.780324515509664 ], [ 106.689976668281588, 10.779900041277758 ] ] ] } },
{ "type": "Feature", "properties": { "a5": "7a94098c58000000", "resolution": 16, "center_lat": 10.781378324528589, "center_lon": 106.69130743974738, "avg_edge_len": 72.602710536165176, "cell_area": 7917.2615058943629, "cell_perimeter": 363.01355268082591, "code": "770", "name": "Quận 3", "name_en": "District 3", "level": "Quận", "prov_code": "79", "prov_name": "Thành phố Hồ Chí Minh", "region": "Đông Nam Bộ", "pop_2019": 190375.0, "pop_dens": 38852.0, "area": 4.92 }, "geometry": { "type": "Polygon", "coordinates": [ [ [ 106.691004305522142, 10.781578456422832 ], [ 106.690748280985417, 10.780951486058081 ], [ 106.691383390711735, 10.780923897231661 ], [ 106.691823483516373, 10.781433870737173 ], [ 106.691519896742648, 10.782002927242601 ], [ 106.691004305522142, 10.781578456422832 ] ] ] } },
{ "type": "Feature", "properties": { "a5": "7a94098c78000000", "resolution": 16, "center_lat": 10.780454832261928, "center_lon": 106.69092622780596, "avg_edge_len": 72.846979345693086, "cell_area": 7917.2595857232809, "cell_perimeter": 364.23489672846546, "code": "770", "name": "Quận 3", "name_en": "District 3", "level": "Quận", "prov_code": "79", "prov_name": "Thành phố Hồ Chí Minh", "region": "Đông Nam Bộ", "pop_2019": 190375.0, "pop_dens": 38852.0, "area": 4.92 }, "geometry": { "type": "Polygon", "coordinates": [ [ [ 106.690795842661828, 10.779755461750801 ], [ 106.691235934055044, 10.780265436863232 ], [ 106.691383390711735, 10.780923897231661 ], [ 106.690748280985417, 10.780951486058081 ], [ 106.690492256872631, 10.780324515509664 ], [ 106.690795842661828, 10.779755461750801 ] ] ] } },
{ "type": "Feature", "properties": { "a5": "7a94098ab8000000", "resolution": 16, "center_lat": 10.783056731211412, "center_lon": 106.69233508403916, "avg_edge_len": 72.602625618614724, "cell_area": 7917.2614869102836, "cell_perimeter": 363.01312809307359, "code": "770", "name": "Quận 3", "name_en": "District 3", "level": "Quận", "prov_code": "79", "prov_name": "Thành phố Hồ Chí Minh", "region": "Đông Nam Bộ", "pop_2019": 190375.0, "pop_dens": 38852.0, "area": 4.92 }, "geometry": { "type": "Polygon", "coordinates": [ [ [ 106.692031948577551, 10.783256865516947 ], [ 106.69177592244796, 10.782629896471571 ], [ 106.692411035034638, 10.782602302946131 ], [ 106.692851130185886, 10.783112273672055 ], [ 106.692547542428315, 10.783681332924523 ], [ 106.692031948577551, 10.783256865516947 ] ] ] } },
{ "type": "Feature", "properties": { "a5": "7a94098b28000000", "resolution": 16, "center_lat": 10.782133240918553, "center_lon": 106.69195386973318, "avg_edge_len": 72.846938246239816, "cell_area": 7917.2595749385655, "cell_perimeter": 364.23469123119906, "code": "770", "name": "Quận 3", "name_en": "District 3", "level": "Quận", "prov_code": "79", "prov_name": "Thành phố Hồ Chí Minh", "region": "Đông Nam Bộ", "pop_2019": 190375.0, "pop_dens": 38852.0, "area": 4.92 }, "geometry": { "type": "Polygon", "coordinates": [ [ [ 106.691823483516373, 10.781433870737173 ], [ 106.692263577255744, 10.781943843069969 ], [ 106.692411035034638, 10.782602302946158 ], [ 106.69177592244796, 10.782629896471583 ], [ 106.691519896742648, 10.782002927242601 ], [ 106.691823483516373, 10.781433870737173 ] ] ] } },
{ "type": "Feature", "properties": { "a5": "7a9409a958000000", "resolution": 16, "center_lat": 10.774664637282568, "center_lon": 106.6871969207033, "avg_edge_len": 72.60305032870636, "cell_area": 7917.2615171819925, "cell_perimeter": 363.01525164353183, "code": "770", "name": "Quận 3", "name_en": "District 3", "level": "Quận", "prov_code": "79", "prov_name": "Thành phố Hồ Chí Minh", "region": "Đông Nam Bộ", "pop_2019": 190375.0, "pop_dens": 38852.0, "area": 4.92 }, "geometry": { "type": "Polygon", "coordinates": [ [ [ 106.686893791424836, 10.774864759534383 ], [ 106.686637773250823, 10.774237783890509 ], [ 106.687272871538198, 10.774210213856403 ], [ 106.687712954963672, 10.774720198480342 ], [ 106.687409372131697, 10.77528924400213 ], [ 106.686893791424836, 10.774864759534383 ] ] ] } },
{ "type": "Feature", "properties": { "a5": "7a9409a978000000", "resolution": 16, "center_lat": 10.773741137118488, "center_lon": 106.68681571820746, "avg_edge_len": 72.847143925815317, "cell_area": 7917.2595433592796, "cell_perimeter": 364.23571962907658, "code": "770", "name": "Quận 3", "name_en": "District 3", "level": "Quận", "prov_code": "79", "prov_name": "Thành phố Hồ Chí Minh", "region": "Đông Nam Bộ", "pop_2019": 190375.0, "pop_dens": 38852.0, "area": 4.92 }, "geometry": { "type": "Polygon", "coordinates": [ [ [ 106.686685337344898, 10.773041765285583 ], [ 106.687125419361109, 10.773551751516511 ], [ 106.687272871538198, 10.774210213856403 ], [ 106.686637773250823, 10.774237783890509 ], [ 106.68638175549961, 10.773610808062587 ], [ 106.686685337344898, 10.773041765285583 ] ] ] } },
{ "type": "Feature", "properties": { "a5": "7a9409a368000000", "resolution": 16, "center_lat": 10.772062698202124, "center_lon": 106.68578810532331, "avg_edge_len": 72.847185115417147, "cell_area": 7917.2596019841731, "cell_perimeter": 364.23592557708577, "code": "770", "name": "Quận 3", "name_en": "District 3", "level": "Quận", "prov_code": "79", "prov_name": "Thành phố Hồ Chí Minh", "region": "Đông Nam Bộ", "pop_2019": 190375.0, "pop_dens": 38852.0, "area": 4.92 }, "geometry": { "type": "Polygon", "coordinates": [ [ [ 106.685657725528813, 10.771363326038102 ], [ 106.686097805202849, 10.771873315048669 ], [ 106.686245256262168, 10.772531777882024 ], [ 106.685610160834017, 10.772559343218981 ], [ 106.68535414467101, 10.771932366070786 ], [ 106.685657725528813, 10.771363326038102 ] ] ] } },
{ "type": "Feature", "properties": { "a5": "7a9409a3c8000000", "resolution": 16, "center_lat": 10.772986200341169, "center_lon": 106.68616930546098, "avg_edge_len": 72.603135308008675, "cell_area": 7917.2614987492561, "cell_perimeter": 363.01567654004339, "code": "770", "name": "Quận 3", "name_en": "District 3", "level": "Quận", "prov_code": "79", "prov_name": "Thành phố Hồ Chí Minh", "region": "Đông Nam Bộ", "pop_2019": 190375.0, "pop_dens": 38852.0, "area": 4.92 }, "geometry": { "type": "Polygon", "coordinates": [ [ [ 106.685866177419484, 10.773186320183056 ], [ 106.685610160834017, 10.772559343218981 ], [ 106.686245256262168, 10.772531777882024 ], [ 106.686685337344898, 10.773041765285583 ], [ 106.68638175549961, 10.773610808062587 ], [ 106.685866177419484, 10.773186320183056 ] ] ] } },
{ "type": "Feature", "properties": { "a5": "7a9409a318000000", "resolution": 16, "center_lat": 10.771307757347323, "center_lon": 106.68514169602116, "avg_edge_len": 72.603220294035992, "cell_area": 7917.2614996507764, "cell_perimeter": 363.01610147017993, "code": "770", "name": "Quận 3", "name_en": "District 3", "level": "Quận", "prov_code": "79", "prov_name": "Thành phố Hồ Chí Minh", "region": "Đông Nam Bộ", "pop_2019": 190375.0, "pop_dens": 38852.0, "area": 4.92 }, "geometry": { "type": "Polygon", "coordinates": [ [ [ 106.684838569216822, 10.77150787477953 ], [ 106.684582554219105, 10.770880896495099 ], [ 106.685217646788146, 10.770853335854932 ], [ 106.685657725528813, 10.771363326038102 ], [ 106.68535414467101, 10.771932366070786 ], [ 106.684838569216822, 10.77150787477953 ] ] ] } },
{ "type": "Feature", "properties": { "a5": "7a9409a338000000", "resolution": 16, "center_lat": 10.77038425323307, "center_lon": 106.68476049824051, "avg_edge_len": 72.847226317818354, "cell_area": 7917.2595885433257, "cell_perimeter": 364.23613158909177, "code": "770", "name": "Quận 3", "name_en": "District 3", "level": "Quận", "prov_code": "79", "prov_name": "Thành phố Hồ Chí Minh", "region": "Đông Nam Bộ", "pop_2019": 190375.0, "pop_dens": 38852.0, "area": 4.92 }, "geometry": { "type": "Polygon", "coordinates": [ [ [ 106.684630119513258, 10.769684880737669 ], [ 106.6850701968458, 10.770194872527883 ], [ 106.685217646788146, 10.770853335854932 ], [ 106.684582554219105, 10.770880896495111 ], [ 106.684326539643507, 10.770253918026457 ], [ 106.684630119513258, 10.769684880737669 ] ] ] } },
{ "type": "Feature", "properties": { "a5": "7a94098a88000000", "resolution": 16, "center_lat": 10.784804959451941, "center_lon": 106.69262562215839, "avg_edge_len": 72.846972937689614, "cell_area": 7917.2613012567163, "cell_perimeter": 364.23486468844806, "code": "770", "name": "Quận 3", "name_en": "District 3", "level": "Quận", "prov_code": "79", "prov_name": "Thành phố Hồ Chí Minh", "region": "Đông Nam Bộ", "pop_2019": 190375.0, "pop_dens": 38852.0, "area": 4.92 }, "geometry": { "type": "Polygon", "coordinates": [ [ [ 106.692756008887841, 10.785504331532348 ], [ 106.692315913098355, 10.784994360764054 ], [ 106.692168455375509, 10.78433589811614 ], [ 106.692803569726948, 10.784308300834203 ], [ 106.693059597450201, 10.784935268560366 ], [ 106.692756008887841, 10.785504331532348 ] ] ] } },
{ "type": "Feature", "properties": { "a5": "7a940989d8000000", "resolution": 16, "center_lat": 10.78381164352392, "center_lon": 106.69298151747626, "avg_edge_len": 72.846897157574062, "cell_area": 7917.2595943547785, "cell_perimeter": 364.23448578787031, "code": "770", "name": "Quận 3", "name_en": "District 3", "level": "Quận", "prov_code": "79", "prov_name": "Thành phố Hồ Chí Minh", "region": "Đông Nam Bộ", "pop_2019": 190375.0, "pop_dens": 38852.0, "area": 4.92 }, "geometry": { "type": "Polygon", "coordinates": [ [ [ 106.692851130185886, 10.783112273672055 ], [ 106.693291226272322, 10.783622243225237 ], [ 106.693438685173987, 10.784280702609376 ], [ 106.692803569726948, 10.784308300834203 ], [ 106.692547542428315, 10.783681332924523 ], [ 106.692851130185886, 10.783112273672055 ] ] ] } },
{ "type": "Feature", "properties": { "a5": "7a940989f8000000", "resolution": 16, "center_lat": 10.784735131843284, "center_lon": 106.69336273414798, "avg_edge_len": 72.602540707400905, "cell_area": 7917.2614656686783, "cell_perimeter": 363.01270353700454, "code": "770", "name": "Quận 3", "name_en": "District 3", "level": "Quận", "prov_code": "79", "prov_name": "Thành phố Hồ Chí Minh", "region": "Đông Nam Bộ", "pop_2019": 190375.0, "pop_dens": 38852.0, "area": 4.92 }, "geometry": { "type": "Polygon", "coordinates": [ [ [ 106.693059597450201, 10.784935268560366 ], [ 106.692803569726948, 10.784308300834203 ], [ 106.693438685173987, 10.784280702609376 ], [ 106.693878782672755, 10.784790670555706 ], [ 106.693575193931792, 10.785359732555653 ], [ 106.693059597450201, 10.784935268560366 ] ] ] } },
{ "type": "Feature", "properties": { "a5": "7a9409a128000000", "resolution": 16, "center_lat": 10.7687058022111, "center_lon": 106.68373289695666, "avg_edge_len": 72.847267541771188, "cell_area": 7917.2596050202847, "cell_perimeter": 364.23633770885596, "code": "770", "name": "Quận 3", "name_en": "District 3", "level": "Quận", "prov_code": "79", "prov_name": "Thành phố Hồ Chí Minh", "region": "Đông Nam Bộ", "pop_2019": 190375.0, "pop_dens": 38852.0, "area": 4.92 }, "geometry": { "type": "Polygon", "coordinates": [ [ [ 106.683602519295732, 10.76800642938402 ], [ 106.684042594287575, 10.768516423953873 ], [ 106.684190043113858, 10.769174887774891 ], [ 106.683554953403586, 10.76920244371866 ], [ 106.683298940414602, 10.768575463929393 ], [ 106.683602519295732, 10.76800642938402 ] ] ] } },
{ "type": "Feature", "properties": { "a5": "7a9409a248000000", "resolution": 16, "center_lat": 10.76962930830077, "center_lon": 106.68411409238159, "avg_edge_len": 72.603305295117323, "cell_area": 7917.2615055814385, "cell_perimeter": 363.0165264755866, "code": "770", "name": "Quận 3", "name_en": "District 3", "level": "Quận", "prov_code": "79", "prov_name": "Thành phố Hồ Chí Minh", "region": "Đông Nam Bộ", "pop_2019": 190375.0, "pop_dens": 38852.0, "area": 4.92 }, "geometry": { "type": "Polygon", "coordinates": [ [ [ 106.683810966814576, 10.769829423323594 ], [ 106.683554953403586, 10.76920244371866 ], [ 106.684190043113858, 10.769174887774891 ], [ 106.684630119513258, 10.769684880737669 ], [ 106.684326539643507, 10.770253918026457 ], [ 106.683810966814576, 10.769829423323594 ] ] ] } },
{ "type": "Feature", "properties": { "a5": "7a9409bc58000000", "resolution": 16, "center_lat": 10.767950853201283, "center_lon": 106.68308649453981, "avg_edge_len": 72.603390306699566, "cell_area": 7917.2614814713597, "cell_perimeter": 363.01695153349783, "code": "770", "name": "Quận 3", "name_en": "District 3", "level": "Quận", "prov_code": "79", "prov_name": "Thành phố Hồ Chí Minh", "region": "Đông Nam Bộ", "pop_2019": 190375.0, "pop_dens": 38852.0, "area": 4.92 }, "geometry": { "type": "Polygon", "coordinates": [ [ [ 106.682783370210245, 10.768150965815005 ], [ 106.682527358385187, 10.767523984889358 ], [ 106.683162445236803, 10.767496433641632 ], [ 106.683602519295732, 10.76800642938402 ], [ 106.683298940414602, 10.768575463929393 ], [ 106.682783370210245, 10.768150965815005 ] ] ] } },
{ "type": "Feature", "properties": { "a5": "7a9409bc78000000", "resolution": 16, "center_lat": 10.767027345135949, "center_lon": 106.68270530146926, "avg_edge_len": 72.847308780464999, "cell_area": 7917.2596017122269, "cell_perimeter": 364.23654390232502, "code": "770", "name": "Quận 3", "name_en": "District 3", "level": "Quận", "prov_code": "79", "prov_name": "Thành phố Hồ Chí Minh", "region": "Đông Nam Bộ", "pop_2019": 190375.0, "pop_dens": 38852.0, "area": 4.92 }, "geometry": { "type": "Polygon", "coordinates": [ [ [ 106.682574924873848, 10.766327971976951 ], [ 106.683014997525675, 10.766837969326438 ], [ 106.683162445236803, 10.767496433641632 ], [ 106.682527358385187, 10.767523984889358 ], [ 106.682271346981793, 10.766897003779333 ], [ 106.682574924873848, 10.766327971976951 ] ] ] } },
{ "type": "Feature", "properties": { "a5": "7a9409bed8000000", "resolution": 16, "center_lat": 10.767097114903889, "center_lon": 106.68196822402896, "avg_edge_len": 72.603427191119295, "cell_area": 7917.2594713568687, "cell_perimeter": 363.01713595559647, "code": "770", "name": "Quận 3", "name_en": "District 3", "level": "Quận", "prov_code": "79", "prov_name": "Thành phố Hồ Chí Minh", "region": "Đông Nam Bộ", "pop_2019": 190375.0, "pop_dens": 38852.0, "area": 4.92 }, "geometry": { "type": "Polygon", "coordinates": [ [ [ 106.682271346981793, 10.766897003779333 ], [ 106.682527358385187, 10.767523984889358 ], [ 106.68189227262792, 10.767551535193775 ], [ 106.68145220168617, 10.767041535025019 ], [ 106.681755779401328, 10.766472502253462 ], [ 106.682271346981793, 10.766897003779333 ] ] ] } },
{ "type": "Feature", "properties": { "a5": "7a94099598000000", "resolution": 16, "center_lat": 10.788304977574001, "center_lon": 106.6785759568738, "avg_edge_len": 72.848046681291706, "cell_area": 7917.2595715560019, "cell_perimeter": 364.24023340645851, "code": "770", "name": "Quận 3", "name_en": "District 3", "level": "Quận", "prov_code": "79", "prov_name": "Thành phố Hồ Chí Minh", "region": "Đông Nam Bộ", "pop_2019": 190375.0, "pop_dens": 38852.0, "area": 4.92 }, "geometry": { "type": "Polygon", "coordinates": [ [ [ 106.678445584786914, 10.787605569193129 ], [ 106.678885657389742, 10.788115575361225 ], [ 106.679033101089999, 10.78877407163186 ], [ 106.678398008049612, 10.788801655564599 ], [ 106.678141999378909, 10.788174649677067 ], [ 106.678445584786914, 10.787605569193129 ] ] ] } },
{ "type": "Feature", "properties": { "a5": "7a940995d8000000", "resolution": 16, "center_lat": 10.787550011183367, "center_lon": 106.67792955801706, "avg_edge_len": 72.602994641442848, "cell_area": 7917.2614979222417, "cell_perimeter": 363.01497320721421, "code": "770", "name": "Quận 3", "name_en": "District 3", "level": "Quận", "prov_code": "79", "prov_name": "Thành phố Hồ Chí Minh", "region": "Đông Nam Bộ", "pop_2019": 190375.0, "pop_dens": 38852.0, "area": 4.92 }, "geometry": { "type": "Polygon", "coordinates": [ [ [ 106.677626430436931, 10.787750148104807 ], [ 106.677370422935383, 10.787123141084201 ], [ 106.678005513118705, 10.787095561852933 ], [ 106.678445584786914, 10.787605569193129 ], [ 106.678141999378909, 10.788174649677067 ], [ 106.677626430436931, 10.787750148104807 ] ] ] } },
{ "type": "Feature", "properties": { "a5": "7a940995f8000000", "resolution": 16, "center_lat": 10.786626464855308, "center_lon": 106.67754837129796, "avg_edge_len": 72.848087595319626, "cell_area": 7917.2595878578722, "cell_perimeter": 364.24043797659812, "code": "770", "name": "Quận 3", "name_en": "District 3", "level": "Quận", "prov_code": "79", "prov_name": "Thành phố Hồ Chí Minh", "region": "Đông Nam Bộ", "pop_2019": 190375.0, "pop_dens": 38852.0, "area": 4.92 }, "geometry": { "type": "Polygon", "coordinates": [ [ [ 106.677418000286252, 10.78592705615012 ], [ 106.677858070542698, 10.786437065095082 ], [ 106.678005513118705, 10.787095561852933 ], [ 106.677370422935383, 10.787123141084201 ], [ 106.677114415858682, 10.786496133881629 ], [ 106.677418000286252, 10.78592705615012 ] ] ] } },
{ "type": "Feature", "properties": { "a5": "7a9409cf08000000", "resolution": 16, "center_lat": 10.785871494391358, "center_lon": 106.67690197589161, "avg_edge_len": 72.603079519416156, "cell_area": 7917.261454090476, "cell_perimeter": 363.01539759708078, "code": "770", "name": "Quận 3", "name_en": "District 3", "level": "Quận", "prov_code": "79", "prov_name": "Thành phố Hồ Chí Minh", "region": "Đông Nam Bộ", "pop_2019": 190375.0, "pop_dens": 38852.0, "area": 4.92 }, "geometry": { "type": "Polygon", "coordinates": [ [ [ 106.676598849545599, 10.786071628899032 ], [ 106.676342843637599, 10.78544462056329 ], [ 106.676977930964085, 10.785417046033121 ], [ 106.677418000286252, 10.78592705615012 ], [ 106.677114415858682, 10.786496133881629 ], [ 106.676598849545599, 10.786071628899032 ] ] ] } },
{ "type": "Feature", "properties": { "a5": "7a9409cda8000000", "resolution": 16, "center_lat": 10.784192971558438, "center_lon": 106.67587439958108, "avg_edge_len": 72.603164407961089, "cell_area": 7917.2614765763283, "cell_perimeter": 363.01582203980547, "code": "770", "name": "Quận 3", "name_en": "District 3", "level": "Quận", "prov_code": "79", "prov_name": "Thành phố Hồ Chí Minh", "region": "Đông Nam Bộ", "pop_2019": 190375.0, "pop_dens": 38852.0, "area": 4.92 }, "geometry": { "type": "Polygon", "coordinates": [ [ [ 106.675571274469348, 10.78439310365264 ], [ 106.675315270153988, 10.783766094001615 ], [ 106.675950354623978, 10.78373852417214 ], [ 106.676390421600672, 10.784248537066013 ], [ 106.67608683815422, 10.78481761204548 ], [ 106.675571274469348, 10.78439310365264 ] ] ] } },
{ "type": "Feature", "properties": { "a5": "7a9409cde8000000", "resolution": 16, "center_lat": 10.784947946095761, "center_lon": 106.67652079153817, "avg_edge_len": 72.848128524158611, "cell_area": 7917.2595943175256, "cell_perimeter": 364.24064262079304, "code": "770", "name": "Quận 3", "name_en": "District 3", "level": "Quận", "prov_code": "79", "prov_name": "Thành phố Hồ Chí Minh", "region": "Đông Nam Bộ", "pop_2019": 190375.0, "pop_dens": 38852.0, "area": 4.92 }, "geometry": { "type": "Polygon", "coordinates": [ [ [ 106.676390421600672, 10.784248537066013 ], [ 106.676830489511644, 10.784758548787787 ], [ 106.676977930964085, 10.785417046033121 ], [ 106.676342843637599, 10.78544462056329 ], [ 106.67608683815422, 10.78481761204548 ], [ 106.676390421600672, 10.784248537066013 ] ] ] } },
{ "type": "Feature", "properties": { "a5": "7a940990b8000000", "resolution": 16, "center_lat": 10.789983484252051, "center_lon": 106.67960354826808, "avg_edge_len": 72.84800578613347, "cell_area": 7917.2595916762948, "cell_perimeter": 364.24002893066734, "code": "770", "name": "Quận 3", "name_en": "District 3", "level": "Quận", "prov_code": "79", "prov_name": "Thành phố Hồ Chí Minh", "region": "Đông Nam Bộ", "pop_2019": 190375.0, "pop_dens": 38852.0, "area": 4.92 }, "geometry": { "type": "Polygon", "coordinates": [ [ [ 106.679473175105045, 10.789284076195234 ], [ 106.679913250055051, 10.789794079586478 ], [ 106.680060694880581, 10.790452575370136 ], [ 106.679425598983016, 10.790480164004702 ], [ 106.679169588717173, 10.789853159432079 ], [ 106.679473175105045, 10.789284076195234 ] ] ] } },
{ "type": "Feature", "properties": { "a5": "7a94099548000000", "resolution": 16, "center_lat": 10.789228521934747, "center_lon": 106.67895714595969, "avg_edge_len": 72.602909776052826, "cell_area": 7917.2615099549294, "cell_perimeter": 363.01454888026416, "code": "770", "name": "Quận 3", "name_en": "District 3", "level": "Quận", "prov_code": "79", "prov_name": "Thành phố Hồ Chí Minh", "region": "Đông Nam Bộ", "pop_2019": 190375.0, "pop_dens": 38852.0, "area": 4.92 }, "geometry": { "type": "Polygon", "coordinates": [ [ [ 106.678654017145618, 10.789428661270223 ], [ 106.678398008049612, 10.788801655564587 ], [ 106.679033101089999, 10.78877407163186 ], [ 106.679473175105045, 10.789284076195234 ], [ 106.679169588717173, 10.789853159432079 ], [ 106.678654017145618, 10.789428661270223 ] ] ] } },
{ "type": "Feature", "properties": { "a5": "7a9409cc48000000", "resolution": 16, "center_lat": 10.782514442684441, "center_lon": 106.67484682908302, "avg_edge_len": 72.603249308630566, "cell_area": 7917.2614888772368, "cell_perimeter": 363.01624654315282, "code": "770", "name": "Quận 3", "name_en": "District 3", "level": "Quận", "prov_code": "79", "prov_name": "Thành phố Hồ Chí Minh", "region": "Đông Nam Bộ", "pop_2019": 190375.0, "pop_dens": 38852.0, "area": 4.92 }, "geometry": { "type": "Polygon", "coordinates": [ [ [ 106.674543705205565, 10.782714572365412 ], [ 106.674287702482161, 10.782087561398907 ], [ 106.674922784095656, 10.782059996269783 ], [ 106.6753628487279, 10.782570011940471 ], [ 106.67505926626302, 10.783139084168409 ], [ 106.674543705205565, 10.782714572365412 ] ] ] } },
{ "type": "Feature", "properties": { "a5": "7a9409cd88000000", "resolution": 16, "center_lat": 10.783269421295095, "center_lon": 106.67549321759203, "avg_edge_len": 72.848169475749231, "cell_area": 7917.2595950365067, "cell_perimeter": 364.24084737874614, "code": "770", "name": "Quận 3", "name_en": "District 3", "level": "Quận", "prov_code": "79", "prov_name": "Thành phố Hồ Chí Minh", "region": "Đông Nam Bộ", "pop_2019": 190375.0, "pop_dens": 38852.0, "area": 4.92 }, "geometry": { "type": "Polygon", "coordinates": [ [ [ 106.6753628487279, 10.782570011940471 ], [ 106.675802914294081, 10.783080026439114 ], [ 106.675950354623978, 10.78373852417214 ], [ 106.675315270153988, 10.783766094001603 ], [ 106.67505926626302, 10.783139084168409 ], [ 106.6753628487279, 10.782570011940471 ] ] ] } },
{ "type": "Feature", "properties": { "a5": "7a9409cc98000000", "resolution": 16, "center_lat": 10.781590890453062, "center_lon": 106.67446564945702, "avg_edge_len": 72.848210438868847, "cell_area": 7917.2595951259136, "cell_perimeter": 364.24105219434426, "code": "770", "name": "Quận 3", "name_en": "District 3", "level": "Quận", "prov_code": "79", "prov_name": "Thành phố Hồ Chí Minh", "region": "Đông Nam Bộ", "pop_2019": 190375.0, "pop_dens": 38852.0, "area": 4.92 }, "geometry": { "type": "Polygon", "coordinates": [ [ [ 106.674335281665435, 10.780891480773311 ], [ 106.674775344887507, 10.781401498048817 ], [ 106.674922784095656, 10.782059996269783 ], [ 106.674287702482161, 10.782087561398907 ], [ 106.674031700182695, 10.781460550250163 ], [ 106.674335281665435, 10.780891480773311 ] ] ] } },
{ "type": "Feature", "properties": { "a5": "7a94099068000000", "resolution": 16, "center_lat": 10.791018126886573, "center_lon": 106.68101680405697, "avg_edge_len": 72.602758604314616, "cell_area": 7917.2595035135746, "cell_perimeter": 363.01379302157306, "code": "770", "name": "Quận 3", "name_en": "District 3", "level": "Quận", "prov_code": "79", "prov_name": "Thành phố Hồ Chí Minh", "region": "Đông Nam Bộ", "pop_2019": 190375.0, "pop_dens": 38852.0, "area": 4.92 }, "geometry": { "type": "Polygon", "coordinates": [ [ [ 106.681319934455018, 10.790817984889825 ], [ 106.681575947718329, 10.791444984932838 ], [ 106.68094084854124, 10.791472577771083 ], [ 106.68050077124326, 10.790962577156678 ], [ 106.680804358467867, 10.790393492626421 ], [ 106.681319934455018, 10.790817984889825 ] ] ] } },
{ "type": "Feature", "properties": { "a5": "7a94099058000000", "resolution": 16, "center_lat": 10.79166198488972, "center_lon": 106.68063114548326, "avg_edge_len": 72.847964907656589, "cell_area": 7917.2595970667899, "cell_perimeter": 364.23982453828296, "code": "770", "name": "Quận 3", "name_en": "District 3", "level": "Quận", "prov_code": "79", "prov_name": "Thành phố Hồ Chí Minh", "region": "Đông Nam Bộ", "pop_2019": 190375.0, "pop_dens": 38852.0, "area": 4.92 }, "geometry": { "type": "Polygon", "coordinates": [ [ [ 106.68050077124326, 10.790962577156678 ], [ 106.68094084854124, 10.791472577771083 ], [ 106.681088294492724, 10.792131073068004 ], [ 106.680453195737755, 10.792158666404795 ], [ 106.680197183876089, 10.791531663146896 ], [ 106.68050077124326, 10.790962577156678 ] ] ] } },
{ "type": "Feature", "properties": { "a5": "7a94099098000000", "resolution": 16, "center_lat": 10.790907026645769, "center_lon": 106.67998473972214, "avg_edge_len": 72.602824921234401, "cell_area": 7917.2614878043532, "cell_perimeter": 363.014124606172, "code": "770", "name": "Quận 3", "name_en": "District 3", "level": "Quận", "prov_code": "79", "prov_name": "Thành phố Hồ Chí Minh", "region": "Đông Nam Bộ", "pop_2019": 190375.0, "pop_dens": 38852.0, "area": 4.92 }, "geometry": { "type": "Polygon", "coordinates": [ [ [ 106.679681609674162, 10.791107168395541 ], [ 106.679425598983016, 10.790480164004702 ], [ 106.680060694880581, 10.790452575370136 ], [ 106.68050077124326, 10.790962577156678 ], [ 106.680197183876089, 10.791531663146896 ], [ 106.679681609674162, 10.791107168395541 ] ] ] } },
{ "type": "Feature", "properties": { "a5": "7a940992b8000000", "resolution": 16, "center_lat": 10.791871841305747, "center_lon": 106.68213509318191, "avg_edge_len": 72.602721859952979, "cell_area": 7917.2615071162581, "cell_perimeter": 363.01360929976488, "code": "770", "name": "Quận 3", "name_en": "District 3", "level": "Quận", "prov_code": "79", "prov_name": "Thành phố Hồ Chí Minh", "region": "Đông Nam Bộ", "pop_2019": 190375.0, "pop_dens": 38852.0, "area": 4.92 }, "geometry": { "type": "Polygon", "coordinates": [ [ [ 106.681831961407511, 10.792071984793976 ], [ 106.681575947718329, 10.791444984932838 ], [ 106.682211047990791, 10.791417391149482 ], [ 106.682651128408679, 10.791927387333279 ], [ 106.682347540025603, 10.792496473646647 ], [ 106.681831961407511, 10.792071984793976 ] ] ] } },
{ "type": "Feature", "properties": { "a5": "7a9409e058000000", "resolution": 16, "center_lat": 10.769840227310342, "center_lon": 106.67644531167221, "avg_edge_len": 72.603565335771734, "cell_area": 7917.2614785507321, "cell_perimeter": 363.01782667885868, "code": "770", "name": "Quận 3", "name_en": "District 3", "level": "Quận", "prov_code": "79", "prov_name": "Thành phố Hồ Chí Minh", "region": "Đông Nam Bộ", "pop_2019": 190375.0, "pop_dens": 38852.0, "area": 4.92 }, "geometry": { "type": "Polygon", "coordinates": [ [ [ 106.676142191028134, 10.770040340887947 ], [ 106.675886187821447, 10.769413342600323 ], [ 106.67652126424241, 10.769385798277543 ], [ 106.67696132741321, 10.769895810899538 ], [ 106.676657749673609, 10.770464854828592 ], [ 106.676142191028134, 10.770040340887947 ] ] ] } },
{ "type": "Feature", "properties": { "a5": "7a9409e068000000", "resolution": 16, "center_lat": 10.769196421433932, "center_lon": 106.67683095721328, "avg_edge_len": 72.847812881509043, "cell_area": 7917.2613539919257, "cell_perimeter": 364.23906440754519, "code": "770", "name": "Quận 3", "name_en": "District 3", "level": "Quận", "prov_code": "79", "prov_name": "Thành phố Hồ Chí Minh", "region": "Đông Nam Bộ", "pop_2019": 190375.0, "pop_dens": 38852.0, "area": 4.92 }, "geometry": { "type": "Polygon", "coordinates": [ [ [ 106.67696132741321, 10.769895810899538 ], [ 106.67652126424241, 10.769385798277543 ], [ 106.676373823552467, 10.768727317173472 ], [ 106.677008900393844, 10.768699773348233 ], [ 106.677264905006496, 10.769326768427073 ], [ 106.67696132741321, 10.769895810899538 ] ] ] } },
{ "type": "Feature", "properties": { "a5": "7a9409e138000000", "resolution": 16, "center_lat": 10.769909992881455, "center_lon": 106.67570824445568, "avg_edge_len": 72.847909756250829, "cell_area": 7917.2613220959902, "cell_perimeter": 364.23954878125414, "code": "770", "name": "Quận 3", "name_en": "District 3", "level": "Quận", "prov_code": "79", "prov_name": "Thành phố Hồ Chí Minh", "region": "Đông Nam Bộ", "pop_2019": 190375.0, "pop_dens": 38852.0, "area": 4.92 }, "geometry": { "type": "Polygon", "coordinates": [ [ [ 106.675838613465885, 10.770609385785329 ], [ 106.675398552003912, 10.770099370342155 ], [ 106.675251112494379, 10.769440885978588 ], [ 106.675886187821447, 10.769413342600323 ], [ 106.676142191028134, 10.770040340887947 ], [ 106.675838613465885, 10.770609385785329 ] ] ] } },
{ "type": "Feature", "properties": { "a5": "7a9409e038000000", "resolution": 16, "center_lat": 10.769126655523657, "center_lon": 106.67756802614039, "avg_edge_len": 72.603547295729612, "cell_area": 7917.2614703327417, "cell_perimeter": 363.01773647864809, "code": "770", "name": "Quận 3", "name_en": "District 3", "level": "Quận", "prov_code": "79", "prov_name": "Thành phố Hồ Chí Minh", "region": "Đông Nam Bộ", "pop_2019": 190375.0, "pop_dens": 38852.0, "area": 4.92 }, "geometry": { "type": "Polygon", "coordinates": [ [ [ 106.677264905006496, 10.769326768427073 ], [ 106.677008900393844, 10.768699773348233 ], [ 106.677643978329229, 10.768672228578714 ], [ 106.678084043209196, 10.769182238379937 ], [ 106.677780465438559, 10.769751279883895 ], [ 106.677264905006496, 10.769326768427073 ] ] ] } },
{ "type": "Feature", "properties": { "a5": "7a9409e098000000", "resolution": 16, "center_lat": 10.768482852352415, "center_lon": 106.67795367181924, "avg_edge_len": 72.847716030454833, "cell_area": 7917.2613169513643, "cell_perimeter": 364.23858015227415, "code": "770", "name": "Quận 3", "name_en": "District 3", "level": "Quận", "prov_code": "79", "prov_name": "Thành phố Hồ Chí Minh", "region": "Đông Nam Bộ", "pop_2019": 190375.0, "pop_dens": 38852.0, "area": 4.92 }, "geometry": { "type": "Polygon", "coordinates": [ [ [ 106.67808404320931, 10.769182238379951 ], [ 106.677643978329229, 10.768672228578714 ], [ 106.677496536458534, 10.768013750733973 ], [ 106.678131614814333, 10.767986206462185 ], [ 106.678387620833405, 10.768613198332519 ], [ 106.67808404320931, 10.769182238379951 ] ] ] } },
{ "type": "Feature", "properties": { "a5": "7a9409bf68000000", "resolution": 16, "center_lat": 10.768413086103465, "center_lon": 106.67869074245692, "avg_edge_len": 72.603529275913232, "cell_area": 7917.2614890262485, "cell_perimeter": 363.01764637956614, "code": "770", "name": "Quận 3", "name_en": "District 3", "level": "Quận", "prov_code": "79", "prov_name": "Thành phố Hồ Chí Minh", "region": "Đông Nam Bộ", "pop_2019": 190375.0, "pop_dens": 38852.0, "area": 4.92 }, "geometry": { "type": "Polygon", "coordinates": [ [ [ 106.678387620833405, 10.768613198332519 ], [ 106.678131614814333, 10.767986206462185 ], [ 106.678766694264141, 10.76795866124637 ], [ 106.679206760853617, 10.768468668227191 ], [ 106.678903183052171, 10.769037707305948 ], [ 106.678387620833405, 10.768613198332519 ] ] ] } },
{ "type": "Feature", "properties": { "a5": "7a9409bf58000000", "resolution": 16, "center_lat": 10.767769285637543, "center_lon": 106.67907638827323, "avg_edge_len": 72.847619193558288, "cell_area": 7917.261359333992, "cell_perimeter": 364.23809596779142, "code": "770", "name": "Quận 3", "name_en": "District 3", "level": "Quận", "prov_code": "79", "prov_name": "Thành phố Hồ Chí Minh", "region": "Đông Nam Bộ", "pop_2019": 190375.0, "pop_dens": 38852.0, "area": 4.92 }, "geometry": { "type": "Polygon", "coordinates": [ [ [ 106.679206760853617, 10.768468668227191 ], [ 106.678766694264141, 10.76795866124637 ], [ 106.678619251212467, 10.767300186660695 ], [ 106.679254331082689, 10.76727264194284 ], [ 106.679510338508408, 10.767899630604935 ], [ 106.679206760853617, 10.768468668227191 ] ] ] } },
{ "type": "Feature", "properties": { "a5": "7a9409bdd8000000", "resolution": 16, "center_lat": 10.767055721289999, "center_lon": 106.6801991065749, "avg_edge_len": 72.847522370996771, "cell_area": 7917.2612963505089, "cell_perimeter": 364.23761185498387, "code": "770", "name": "Quận 3", "name_en": "District 3", "level": "Quận", "prov_code": "79", "prov_name": "Thành phố Hồ Chí Minh", "region": "Đông Nam Bộ", "pop_2019": 190375.0, "pop_dens": 38852.0, "area": 4.92 }, "geometry": { "type": "Polygon", "coordinates": [ [ [ 106.680329480346018, 10.767755100442004 ], [ 106.679889412046919, 10.767245096281165 ], [ 106.679741967813811, 10.766586624954391 ], [ 106.680377049198455, 10.766559079790882 ], [ 106.680633058031049, 10.767186065245028 ], [ 106.680329480346018, 10.767755100442004 ] ] ] } },
{ "type": "Feature", "properties": { "a5": "7a9409bf88000000", "resolution": 16, "center_lat": 10.767699519050444, "center_lon": 106.67981346062149, "avg_edge_len": 72.603511272758013, "cell_area": 7917.2614832222462, "cell_perimeter": 363.01755636379005, "code": "770", "name": "Quận 3", "name_en": "District 3", "level": "Quận", "prov_code": "79", "prov_name": "Thành phố Hồ Chí Minh", "region": "Đông Nam Bộ", "pop_2019": 190375.0, "pop_dens": 38852.0, "area": 4.92 }, "geometry": { "type": "Polygon", "coordinates": [ [ [ 106.679510338508408, 10.767899630604948 ], [ 106.679254331082689, 10.76727264194284 ], [ 106.679889412046919, 10.767245096281165 ], [ 106.680329480346018, 10.767755100442004 ], [ 106.680025902514217, 10.768324137095421 ], [ 106.679510338508408, 10.767899630604948 ] ] ] } },
{ "type": "Feature", "properties": { "a5": "7a9409bea8000000", "resolution": 16, "center_lat": 10.766985954365275, "center_lon": 106.68093618063368, "avg_edge_len": 72.603493290887101, "cell_area": 7917.2614902481437, "cell_perimeter": 363.01746645443552, "code": "770", "name": "Quận 3", "name_en": "District 3", "level": "Quận", "prov_code": "79", "prov_name": "Thành phố Hồ Chí Minh", "region": "Đông Nam Bộ", "pop_2019": 190375.0, "pop_dens": 38852.0, "area": 4.92 }, "geometry": { "type": "Polygon", "coordinates": [ [ [ 106.680633058031049, 10.767186065245028 ], [ 106.680377049198455, 10.766559079790882 ], [ 106.681012131677107, 10.766531533683793 ], [ 106.68145220168617, 10.767041535025019 ], [ 106.681148623824129, 10.767610569252989 ], [ 106.680633058031049, 10.767186065245028 ] ] ] } },
{ "type": "Feature", "properties": { "a5": "7a9409be98000000", "resolution": 16, "center_lat": 10.76634215931049, "center_lon": 106.68132182672402, "avg_edge_len": 72.847425566546178, "cell_area": 7917.2613201402128, "cell_perimeter": 364.23712783273089, "code": "770", "name": "Quận 3", "name_en": "District 3", "level": "Quận", "prov_code": "79", "prov_name": "Thành phố Hồ Chí Minh", "region": "Đông Nam Bộ", "pop_2019": 190375.0, "pop_dens": 38852.0, "area": 4.92 }, "geometry": { "type": "Polygon", "coordinates": [ [ [ 106.68145220168617, 10.767041535025019 ], [ 106.681012131677107, 10.766531533683793 ], [ 106.680864686262453, 10.765873065615692 ], [ 106.681499769161519, 10.765845520006987 ], [ 106.681755779401328, 10.766472502253462 ], [ 106.68145220168617, 10.767041535025019 ] ] ] } },
{ "type": "Feature", "properties": { "a5": "7a94098678000000", "resolution": 16, "center_lat": 10.789058385971416, "center_lon": 106.68839531474673, "avg_edge_len": 72.847341273792182, "cell_area": 7917.259587418288, "cell_perimeter": 364.23670636896088, "code": "770", "name": "Quận 3", "name_en": "District 3", "level": "Quận", "prov_code": "79", "prov_name": "Thành phố Hồ Chí Minh", "region": "Đông Nam Bộ", "pop_2019": 190375.0, "pop_dens": 38852.0, "area": 4.92 }, "geometry": { "type": "Polygon", "coordinates": [ [ [ 106.688264932317452, 10.788358999230514 ], [ 106.688705022207955, 10.788868980118185 ], [ 106.688852476343527, 10.789527455333802 ], [ 106.68821736562461, 10.789555056044474 ], [ 106.687961343752136, 10.788928073388719 ], [ 106.688264932317452, 10.788358999230514 ] ] ] } },
{ "type": "Feature", "properties": { "a5": "7a94098688000000", "resolution": 16, "center_lat": 10.788414540815557, "center_lon": 106.68878097548561, "avg_edge_len": 72.602564831030477, "cell_area": 7917.2594617903233, "cell_perimeter": 363.01282415515237, "code": "770", "name": "Quận 3", "name_en": "District 3", "level": "Quận", "prov_code": "79", "prov_name": "Thành phố Hồ Chí Minh", "region": "Đông Nam Bộ", "pop_2019": 190375.0, "pop_dens": 38852.0, "area": 4.92 }, "geometry": { "type": "Polygon", "coordinates": [ [ [ 106.689084110073054, 10.788214400465389 ], [ 106.689340133348992, 10.788841379907554 ], [ 106.688705022207955, 10.788868980118185 ], [ 106.688264932317452, 10.788358999230514 ], [ 106.688568520739409, 10.787789926532325 ], [ 106.689084110073054, 10.788214400465389 ] ] ] } },
{ "type": "Feature", "properties": { "a5": "7a94098718000000", "resolution": 16, "center_lat": 10.789128214416179, "center_lon": 106.68765820965707, "avg_edge_len": 72.60258293657219, "cell_area": 7917.2594562470913, "cell_perimeter": 363.01291468286092, "code": "770", "name": "Quận 3", "name_en": "District 3", "level": "Quận", "prov_code": "79", "prov_name": "Thành phố Hồ Chí Minh", "region": "Đông Nam Bộ", "pop_2019": 190375.0, "pop_dens": 38852.0, "area": 4.92 }, "geometry": { "type": "Polygon", "coordinates": [ [ [ 106.687961343752136, 10.788928073388707 ], [ 106.68821736562461, 10.789555056044474 ], [ 106.687582256001292, 10.789582655811209 ], [ 106.687142167818706, 10.789072672099536 ], [ 106.687445756204966, 10.788503596970139 ], [ 106.687961343752136, 10.788928073388707 ] ] ] } },
{ "type": "Feature", "properties": { "a5": "7a94098728000000", "resolution": 16, "center_lat": 10.789772062284703, "center_lon": 106.6872725490619, "avg_edge_len": 72.847438362010308, "cell_area": 7917.2595811262727, "cell_perimeter": 364.23719181005151, "code": "770", "name": "Quận 3", "name_en": "District 3", "level": "Quận", "prov_code": "79", "prov_name": "Thành phố Hồ Chí Minh", "region": "Đông Nam Bộ", "pop_2019": 190375.0, "pop_dens": 38852.0, "area": 4.92 }, "geometry": { "type": "Polygon", "coordinates": [ [ [ 106.687142167818706, 10.789072672099536 ], [ 106.687582256001292, 10.789582655811209 ], [ 106.687729708959864, 10.790241134292117 ], [ 106.687094599758666, 10.790268734558675 ], [ 106.686838579289315, 10.789641748689014 ], [ 106.687142167818706, 10.789072672099536 ] ] ] } },
{ "type": "Feature", "properties": { "a5": "7a940986a8000000", "resolution": 16, "center_lat": 10.788344712035439, "center_lon": 106.68951808228969, "avg_edge_len": 72.847244203508552, "cell_area": 7917.2595862820745, "cell_perimeter": 364.23622101754279, "code": "770", "name": "Quận 3", "name_en": "District 3", "level": "Quận", "prov_code": "79", "prov_name": "Thành phố Hồ Chí Minh", "region": "Đông Nam Bộ", "pop_2019": 190375.0, "pop_dens": 38852.0, "area": 4.92 }, "geometry": { "type": "Polygon", "coordinates": [ [ [ 106.689387698673954, 10.787645328738597 ], [ 106.689827790272716, 10.788155306802674 ], [ 106.689975245585629, 10.788813778753216 ], [ 106.689340133348992, 10.788841379907554 ], [ 106.689084110073054, 10.788214400465389 ], [ 106.689387698673954, 10.787645328738597 ] ] ] } },
{ "type": "Feature", "properties": { "a5": "7a940986b8000000", "resolution": 16, "center_lat": 10.787700869592438, "center_lon": 106.68990374317198, "avg_edge_len": 72.602546745079451, "cell_area": 7917.2594287469983, "cell_perimeter": 363.01273372539725, "code": "770", "name": "Quận 3", "name_en": "District 3", "level": "Quận", "prov_code": "79", "prov_name": "Thành phố Hồ Chí Minh", "region": "Đông Nam Bộ", "pop_2019": 190375.0, "pop_dens": 38852.0, "area": 4.92 }, "geometry": { "type": "Polygon", "coordinates": [ [ [ 106.690206878251729, 10.787500729919762 ], [ 106.690462902931472, 10.788127706148579 ], [ 106.689827790272716, 10.788155306802674 ], [ 106.689387698673954, 10.787645328738597 ], [ 106.689691287131495, 10.787076258471769 ], [ 106.690206878251729, 10.787500729919762 ] ] ] } },
{ "type": "Feature", "properties": { "a5": "7a94098708000000", "resolution": 16, "center_lat": 10.789841890393616, "center_lon": 106.68653544568677, "avg_edge_len": 72.602601062904043, "cell_area": 7917.2594315484166, "cell_perimeter": 363.01300531452023, "code": "770", "name": "Quận 3", "name_en": "District 3", "level": "Quận", "prov_code": "79", "prov_name": "Thành phố Hồ Chí Minh", "region": "Đông Nam Bộ", "pop_2019": 190375.0, "pop_dens": 38852.0, "area": 4.92 }, "geometry": { "type": "Polygon", "coordinates": [ [ [ 106.686838579289315, 10.789641748689027 ], [ 106.687094599758666, 10.790268734558687 ], [ 106.686459491653068, 10.790296333881091 ], [ 106.686019405178172, 10.789786347345023 ], [ 106.686322993528393, 10.789217269784482 ], [ 106.686838579289315, 10.789641748689027 ] ] ] } },
{ "type": "Feature", "properties": { "a5": "7a940985f8000000", "resolution": 16, "center_lat": 10.790485740974658, "center_lon": 106.68614978523566, "avg_edge_len": 72.847535466469097, "cell_area": 7917.2595931887627, "cell_perimeter": 364.23767733234547, "code": "770", "name": "Quận 3", "name_en": "District 3", "level": "Quận", "prov_code": "79", "prov_name": "Thành phố Hồ Chí Minh", "region": "Đông Nam Bộ", "pop_2019": 190375.0, "pop_dens": 38852.0, "area": 4.92 }, "geometry": { "type": "Polygon", "coordinates": [ [ [ 106.686019405178172, 10.789786347345023 ], [ 106.686459491653068, 10.790296333881091 ], [ 106.686606943434981, 10.790954815627467 ], [ 106.685971835751502, 10.7909824154495 ], [ 106.685715816684933, 10.790355426365654 ], [ 106.686019405178172, 10.789786347345023 ] ] ] } },
{ "type": "Feature", "properties": { "a5": "7a94098348000000", "resolution": 16, "center_lat": 10.787631040477468, "center_lon": 106.6906408516906, "avg_edge_len": 72.847147152853182, "cell_area": 7917.2596060074866, "cell_perimeter": 364.23573576426588, "code": "770", "name": "Quận 3", "name_en": "District 3", "level": "Quận", "prov_code": "79", "prov_name": "Thành phố Hồ Chí Minh", "region": "Đông Nam Bộ", "pop_2019": 190375.0, "pop_dens": 38852.0, "area": 4.92 }, "geometry": { "type": "Polygon", "coordinates": [ [ [ 106.690510466888099, 10.786931660624486 ], [ 106.690950560195347, 10.787441635865326 ], [ 106.691098016685942, 10.78810010455102 ], [ 106.690462902931472, 10.788127706148579 ], [ 106.690206878251729, 10.787500729919762 ], [ 106.690510466888099, 10.786931660624486 ] ] ] } },
{ "type": "Feature", "properties": { "a5": "7a94098a08000000", "resolution": 16, "center_lat": 10.786987200747454, "center_lon": 106.69102651271599, "avg_edge_len": 72.602528675648699, "cell_area": 7917.2594703808427, "cell_perimeter": 363.01264337824352, "code": "770", "name": "Quận 3", "name_en": "District 3", "level": "Quận", "prov_code": "79", "prov_name": "Thành phố Hồ Chí Minh", "region": "Đông Nam Bộ", "pop_2019": 190375.0, "pop_dens": 38852.0, "area": 4.92 }, "geometry": { "type": "Polygon", "coordinates": [ [ [ 106.691329648288047, 10.78678706175247 ], [ 106.691585674371709, 10.787414034768243 ], [ 106.690950560195347, 10.787441635865326 ], [ 106.690510466888099, 10.786931660624486 ], [ 106.69081405538077, 10.786362592789141 ], [ 106.691329648288047, 10.78678706175247 ] ] ] } },
{ "type": "Feature", "properties": { "a5": "7a94099358000000", "resolution": 16, "center_lat": 10.790555568747182, "center_lon": 106.68541268357497, "avg_edge_len": 72.602619205226802, "cell_area": 7917.2594536617398, "cell_perimeter": 363.01309602613401, "code": "770", "name": "Quận 3", "name_en": "District 3", "level": "Quận", "prov_code": "79", "prov_name": "Thành phố Hồ Chí Minh", "region": "Đông Nam Bộ", "pop_2019": 190375.0, "pop_dens": 38852.0, "area": 4.92 }, "geometry": { "type": "Polygon", "coordinates": [ [ [ 106.685715816684933, 10.790355426365654 ], [ 106.685971835751388, 10.790982415449475 ], [ 106.68533672916351, 10.791010014327099 ], [ 106.684896644396076, 10.790500024966256 ], [ 106.685200232710145, 10.789930944974728 ], [ 106.685715816684933, 10.790355426365654 ] ] ] } },
{ "type": "Feature", "properties": { "a5": "7a94099368000000", "resolution": 16, "center_lat": 10.791199422040567, "center_lon": 106.68502702326816, "avg_edge_len": 72.847632585544886, "cell_area": 7917.2595985643566, "cell_perimeter": 364.23816292772443, "code": "770", "name": "Quận 3", "name_en": "District 3", "level": "Quận", "prov_code": "79", "prov_name": "Thành phố Hồ Chí Minh", "region": "Đông Nam Bộ", "pop_2019": 190375.0, "pop_dens": 38852.0, "area": 4.92 }, "geometry": { "type": "Polygon", "coordinates": [ [ [ 106.684896644396076, 10.790500024966256 ], [ 106.68533672916351, 10.791010014327099 ], [ 106.685484179769105, 10.791668499339195 ], [ 106.684849073603345, 10.791696098716196 ], [ 106.684593055939331, 10.791069106417909 ], [ 106.684896644396076, 10.790500024966256 ] ] ] } },
{ "type": "Feature", "properties": { "a5": "7a94098a18000000", "resolution": 16, "center_lat": 10.786273534281362, "center_lon": 106.69214928411735, "avg_edge_len": 72.602510626372677, "cell_area": 7917.2594730257988, "cell_perimeter": 363.0125531318634, "code": "770", "name": "Quận 3", "name_en": "District 3", "level": "Quận", "prov_code": "79", "prov_name": "Thành phố Hồ Chí Minh", "region": "Đông Nam Bộ", "pop_2019": 190375.0, "pop_dens": 38852.0, "area": 4.92 }, "geometry": { "type": "Polygon", "coordinates": [ [ [ 106.692452420181439, 10.786073395964204 ], [ 106.692708447669588, 10.786700365767222 ], [ 106.692073331975507, 10.786727967306875 ], [ 106.691633236959547, 10.78621799488884 ], [ 106.691936825487119, 10.785648929485118 ], [ 106.692452420181439, 10.786073395964204 ] ] ] } },
{ "type": "Feature", "properties": { "a5": "7a94098a28000000", "resolution": 16, "center_lat": 10.786917371298188, "center_lon": 106.69176362294913, "avg_edge_len": 72.847050115967775, "cell_area": 7917.2595604360104, "cell_perimeter": 364.23525057983886, "code": "770", "name": "Quận 3", "name_en": "District 3", "level": "Quận", "prov_code": "79", "prov_name": "Thành phố Hồ Chí Minh", "region": "Đông Nam Bộ", "pop_2019": 190375.0, "pop_dens": 38852.0, "area": 4.92 }, "geometry": { "type": "Polygon", "coordinates": [ [ [ 106.691633236959547, 10.78621799488884 ], [ 106.692073331975507, 10.786727967306875 ], [ 106.692220789644011, 10.787386432727912 ], [ 106.691585674371709, 10.787414034768243 ], [ 106.691329648288047, 10.78678706175247 ], [ 106.691633236959547, 10.78621799488884 ] ] ] } },
{ "type": "Feature", "properties": { "a5": "7a94099348000000", "resolution": 16, "center_lat": 10.791269249476215, "center_lon": 106.68428992332205, "avg_edge_len": 72.602637370527844, "cell_area": 7917.2594507783651, "cell_perimeter": 363.01318685263925, "code": "770", "name": "Quận 3", "name_en": "District 3", "level": "Quận", "prov_code": "79", "prov_name": "Thành phố Hồ Chí Minh", "region": "Đông Nam Bộ", "pop_2019": 190375.0, "pop_dens": 38852.0, "area": 4.92 }, "geometry": { "type": "Polygon", "coordinates": [ [ [ 106.684593055939331, 10.791069106417909 ], [ 106.684849073603345, 10.791696098716196 ], [ 106.684213968533072, 10.791723697148583 ], [ 106.683773885472874, 10.791213704962555 ], [ 106.684077473750335, 10.790644622540183 ], [ 106.684593055939331, 10.791069106417909 ] ] ] } },
{ "type": "Feature", "properties": { "a5": "7a94099388000000", "resolution": 16, "center_lat": 10.791913105481747, "center_lon": 106.6839042631598, "avg_edge_len": 72.847729723049071, "cell_area": 7917.259591396898, "cell_perimeter": 364.23864861524538, "code": "770", "name": "Quận 3", "name_en": "District 3", "level": "Quận", "prov_code": "79", "prov_name": "Thành phố Hồ Chí Minh", "region": "Đông Nam Bộ", "pop_2019": 190375.0, "pop_dens": 38852.0, "area": 4.92 }, "geometry": { "type": "Polygon", "coordinates": [ [ [ 106.683773885472874, 10.791213704962555 ], [ 106.684213968533072, 10.791723697148583 ], [ 106.684361417962577, 10.79238218542659 ], [ 106.683726313314537, 10.79240978435816 ], [ 106.683470297052736, 10.791782788845131 ], [ 106.683773885472874, 10.791213704962555 ] ] ] } },
{ "type": "Feature", "properties": { "a5": "7a94098978000000", "resolution": 16, "center_lat": 10.786203704498247, "center_lon": 106.69288639606482, "avg_edge_len": 72.846953096064283, "cell_area": 7917.2595786005259, "cell_perimeter": 364.23476548032141, "code": "770", "name": "Quận 3", "name_en": "District 3", "level": "Quận", "prov_code": "79", "prov_name": "Thành phố Hồ Chí Minh", "region": "Đông Nam Bộ", "pop_2019": 190375.0, "pop_dens": 38852.0, "area": 4.92 }, "geometry": { "type": "Polygon", "coordinates": [ [ [ 106.692756008887841, 10.785504331532348 ], [ 106.693196105612742, 10.786014301127937 ], [ 106.69334356445961, 10.786672763284553 ], [ 106.692708447669588, 10.786700365767222 ], [ 106.692452420181439, 10.786073395964204 ], [ 106.692756008887841, 10.785504331532348 ] ] ] } },
{ "type": "Feature", "properties": { "a5": "7a94098988000000", "resolution": 16, "center_lat": 10.785559870194779, "center_lon": 106.69327205737562, "avg_edge_len": 72.602492600498522, "cell_area": 7917.2594548538327, "cell_perimeter": 363.01246300249261, "code": "770", "name": "Quận 3", "name_en": "District 3", "level": "Quận", "prov_code": "79", "prov_name": "Thành phố Hồ Chí Minh", "region": "Đông Nam Bộ", "pop_2019": 190375.0, "pop_dens": 38852.0, "area": 4.92 }, "geometry": { "type": "Polygon", "coordinates": [ [ [ 106.693575193931792, 10.785359732555653 ], [ 106.693831222824656, 10.785986699146202 ], [ 106.693196105612742, 10.786014301127937 ], [ 106.692756008887841, 10.785504331532348 ], [ 106.693059597450201, 10.784935268560339 ], [ 106.693575193931792, 10.785359732555653 ] ] ] } },
{ "type": "Feature", "properties": { "a5": "7a940992f8000000", "resolution": 16, "center_lat": 10.791982932580021, "center_lon": 106.68316716492824, "avg_edge_len": 72.602655554960592, "cell_area": 7917.2594822049141, "cell_perimeter": 363.01327777480299, "code": "770", "name": "Quận 3", "name_en": "District 3", "level": "Quận", "prov_code": "79", "prov_name": "Thành phố Hồ Chí Minh", "region": "Đông Nam Bộ", "pop_2019": 190375.0, "pop_dens": 38852.0, "area": 4.92 }, "geometry": { "type": "Polygon", "coordinates": [ [ [ 106.683470297052736, 10.791782788845143 ], [ 106.683726313314537, 10.792409784358174 ], [ 106.683091209761983, 10.792437382344888 ], [ 106.682651128408679, 10.791927387333279 ], [ 106.682954716649306, 10.791358302480154 ], [ 106.683470297052736, 10.791782788845143 ] ] ] } },
{ "type": "Feature", "properties": { "a5": "7a940992e8000000", "resolution": 16, "center_lat": 10.792626791297559, "center_lon": 106.68278150491095, "avg_edge_len": 72.847826874958713, "cell_area": 7917.2595839500427, "cell_perimeter": 364.23913437479354, "code": "770", "name": "Quận 3", "name_en": "District 3", "level": "Quận", "prov_code": "79", "prov_name": "Thành phố Hồ Chí Minh", "region": "Đông Nam Bộ", "pop_2019": 190375.0, "pop_dens": 38852.0, "area": 4.92 }, "geometry": { "type": "Polygon", "coordinates": [ [ [ 106.682651128408679, 10.791927387333279 ], [ 106.683091209761983, 10.792437382344888 ], [ 106.683238658015739, 10.793095873889007 ], [ 106.682603554885418, 10.793123472374687 ], [ 106.682347540025603, 10.792496473646647 ], [ 106.682651128408679, 10.791927387333279 ] ] ] } },
{ "type": "Feature", "properties": { "a5": "7a9409a818000000", "resolution": 16, "center_lat": 10.775699255334795, "center_lon": 106.68861019583107, "avg_edge_len": 72.847081521526064, "cell_area": 7917.2613219879568, "cell_perimeter": 364.23540760763035, "code": "770", "name": "Quận 3", "name_en": "District 3", "level": "Quận", "prov_code": "79", "prov_name": "Thành phố Hồ Chí Minh", "region": "Đông Nam Bộ", "pop_2019": 190375.0, "pop_dens": 38852.0, "area": 4.92 }, "geometry": { "type": "Polygon", "coordinates": [ [ [ 106.688740578387979, 10.776398625622637 ], [ 106.688300492618737, 10.775888643778311 ], [ 106.688153039323083, 10.775230181931649 ], [ 106.688788140891006, 10.775202607699876 ], [ 106.689044162060668, 10.77582957881385 ], [ 106.688740578387979, 10.776398625622637 ] ] ] } },
{ "type": "Feature", "properties": { "a5": "7a9409a8b8000000", "resolution": 16, "center_lat": 10.776454182293326, "center_lon": 106.68925661631687, "avg_edge_len": 72.602899261527455, "cell_area": 7917.2594685927033, "cell_perimeter": 363.01449630763727, "code": "770", "name": "Quận 3", "name_en": "District 3", "level": "Quận", "prov_code": "79", "prov_name": "Thành phố Hồ Chí Minh", "region": "Đông Nam Bộ", "pop_2019": 190375.0, "pop_dens": 38852.0, "area": 4.92 }, "geometry": { "type": "Polygon", "coordinates": [ [ [ 106.689559747182443, 10.776254057387145 ], [ 106.689815769518873, 10.77688102736486 ], [ 106.689180665091158, 10.776908606294317 ], [ 106.688740578387979, 10.776398625622637 ], [ 106.689044162060668, 10.77582957881385 ], [ 106.689559747182443, 10.776254057387145 ] ] ] } },
{ "type": "Feature", "properties": { "a5": "7a9409a838000000", "resolution": 16, "center_lat": 10.774775758897821, "center_lon": 106.68822899051564, "avg_edge_len": 72.602984232083344, "cell_area": 7917.2594920396805, "cell_perimeter": 363.01492116041669, "code": "770", "name": "Quận 3", "name_en": "District 3", "level": "Quận", "prov_code": "79", "prov_name": "Thành phố Hồ Chí Minh", "region": "Đông Nam Bộ", "pop_2019": 190375.0, "pop_dens": 38852.0, "area": 4.92 }, "geometry": { "type": "Polygon", "coordinates": [ [ [ 106.688532120144373, 10.774575636401797 ], [ 106.688788140891006, 10.775202607699876 ], [ 106.688153039323083, 10.775230181931649 ], [ 106.687712954963672, 10.774720198480342 ], [ 106.688016537649901, 10.774151154416474 ], [ 106.688532120144373, 10.774575636401797 ] ] ] } },
{ "type": "Feature", "properties": { "a5": "7a9409a968000000", "resolution": 16, "center_lat": 10.774020827861586, "center_lon": 106.68758257347633, "avg_edge_len": 72.847122687079121, "cell_area": 7917.2612905204296, "cell_perimeter": 364.23561343539558, "code": "770", "name": "Quận 3", "name_en": "District 3", "level": "Quận", "prov_code": "79", "prov_name": "Thành phố Hồ Chí Minh", "region": "Đông Nam Bộ", "pop_2019": 190375.0, "pop_dens": 38852.0, "area": 4.92 }, "geometry": { "type": "Polygon", "coordinates": [ [ [ 106.687712954963672, 10.774720198480342 ], [ 106.687272871538198, 10.774210213856403 ], [ 106.687125419361109, 10.773551751516511 ], [ 106.687760518069467, 10.773524181982063 ], [ 106.688016537649901, 10.774151154416474 ], [ 106.687712954963672, 10.774720198480342 ] ] ] } },
{ "type": "Feature", "properties": { "a5": "7a94098e28000000", "resolution": 16, "center_lat": 10.777377676755494, "center_lon": 106.6896378239927, "avg_edge_len": 72.847040372125292, "cell_area": 7917.2613196894526, "cell_perimeter": 364.23520186062643, "code": "770", "name": "Quận 3", "name_en": "District 3", "level": "Quận", "prov_code": "79", "prov_name": "Thành phố Hồ Chí Minh", "region": "Đông Nam Bộ", "pop_2019": 190375.0, "pop_dens": 38852.0, "area": 4.92 }, "geometry": { "type": "Polygon", "coordinates": [ [ [ 106.689768207619863, 10.778077046712705 ], [ 106.689328119506285, 10.777567067648011 ], [ 106.689180665091158, 10.776908606294317 ], [ 106.689815769518873, 10.77688102736486 ], [ 106.690071792278559, 10.77750799715856 ], [ 106.689768207619863, 10.778077046712705 ] ] ] } },
{ "type": "Feature", "properties": { "a5": "7a94098e58000000", "resolution": 16, "center_lat": 10.778132599636335, "center_lon": 106.69028424792604, "avg_edge_len": 72.602814304049133, "cell_area": 7917.2593945935369, "cell_perimeter": 363.01407152024569, "code": "770", "name": "Quận 3", "name_en": "District 3", "level": "Quận", "prov_code": "79", "prov_name": "Thành phố Hồ Chí Minh", "region": "Đông Nam Bộ", "pop_2019": 190375.0, "pop_dens": 38852.0, "area": 4.92 }, "geometry": { "type": "Polygon", "coordinates": [ [ [ 106.690587380028433, 10.777932472319758 ], [ 106.690843403955341, 10.778559440977256 ], [ 106.690208296667606, 10.778587024604763 ], [ 106.689768207619863, 10.778077046712705 ], [ 106.690071792278559, 10.77750799715856 ], [ 106.690587380028433, 10.777932472319758 ] ] ] } },
{ "type": "Feature", "properties": { "a5": "7a94098e78000000", "resolution": 16, "center_lat": 10.77905609212393, "center_lon": 106.69066545796346, "avg_edge_len": 72.84699923944153, "cell_area": 7917.2612999305129, "cell_perimeter": 364.23499619720764, "code": "770", "name": "Quận 3", "name_en": "District 3", "level": "Quận", "prov_code": "79", "prov_name": "Thành phố Hồ Chí Minh", "region": "Đông Nam Bộ", "pop_2019": 190375.0, "pop_dens": 38852.0, "area": 4.92 }, "geometry": { "type": "Polygon", "coordinates": [ [ [ 106.690795842661828, 10.779755461750801 ], [ 106.690355752203232, 10.779245485465696 ], [ 106.690208296667606, 10.778587024604763 ], [ 106.690843403955341, 10.778559440977256 ], [ 106.691099428305961, 10.779186409450823 ], [ 106.690795842661828, 10.779755461750801 ] ] ] } },
{ "type": "Feature", "properties": { "a5": "7a94098cc8000000", "resolution": 16, "center_lat": 10.779811010927085, "center_lon": 106.69131188534554, "avg_edge_len": 72.602729359012898, "cell_area": 7917.2594487518072, "cell_perimeter": 363.01364679506452, "code": "770", "name": "Quận 3", "name_en": "District 3", "level": "Quận", "prov_code": "79", "prov_name": "Thành phố Hồ Chí Minh", "region": "Đông Nam Bộ", "pop_2019": 190375.0, "pop_dens": 38852.0, "area": 4.92 }, "geometry": { "type": "Polygon", "coordinates": [ [ [ 106.691615018684615, 10.779610881199838 ], [ 106.691871044202912, 10.780237848537316 ], [ 106.691235934055044, 10.780265436863232 ], [ 106.690795842661828, 10.779755461750801 ], [ 106.691099428305961, 10.779186409450823 ], [ 106.691615018684615, 10.779610881199838 ] ] ] } },
{ "type": "Feature", "properties": { "a5": "7a94098b18000000", "resolution": 16, "center_lat": 10.78148941616587, "center_lon": 106.69233952857786, "avg_edge_len": 72.602644425994995, "cell_area": 7917.2594678252935, "cell_perimeter": 363.01322212997496, "code": "770", "name": "Quận 3", "name_en": "District 3", "level": "Quận", "prov_code": "79", "prov_name": "Thành phố Hồ Chí Minh", "region": "Đông Nam Bộ", "pop_2019": 190375.0, "pop_dens": 38852.0, "area": 4.92 }, "geometry": { "type": "Polygon", "coordinates": [ [ [ 106.692642663153379, 10.781289284027665 ], [ 106.692898690264087, 10.781916250045249 ], [ 106.692263577255744, 10.781943843069969 ], [ 106.691823483516373, 10.781433870737173 ], [ 106.692127070145261, 10.78086481569092 ], [ 106.692642663153379, 10.781289284027665 ] ] ] } },
{ "type": "Feature", "properties": { "a5": "7a94098c68000000", "resolution": 16, "center_lat": 10.780734501440399, "center_lon": 106.69169309774585, "avg_edge_len": 72.846958123156739, "cell_area": 7917.2613350749016, "cell_perimeter": 364.23479061578371, "code": "770", "name": "Quận 3", "name_en": "District 3", "level": "Quận", "prov_code": "79", "prov_name": "Thành phố Hồ Chí Minh", "region": "Đông Nam Bộ", "pop_2019": 190375.0, "pop_dens": 38852.0, "area": 4.92 }, "geometry": { "type": "Polygon", "coordinates": [ [ [ 106.691823483516373, 10.781433870737173 ], [ 106.691383390711735, 10.780923897231661 ], [ 106.691235934055044, 10.780265436863219 ], [ 106.691871044202912, 10.780237848537316 ], [ 106.692127070145261, 10.78086481569092 ], [ 106.691823483516373, 10.781433870737173 ] ] ] } },
{ "type": "Feature", "properties": { "a5": "7a94098b38000000", "resolution": 16, "center_lat": 10.782412904705064, "center_lon": 106.69272074334236, "avg_edge_len": 72.84691702535315, "cell_area": 7917.2613341473043, "cell_perimeter": 364.23458512676575, "code": "770", "name": "Quận 3", "name_en": "District 3", "level": "Quận", "prov_code": "79", "prov_name": "Thành phố Hồ Chí Minh", "region": "Đông Nam Bộ", "pop_2019": 190375.0, "pop_dens": 38852.0, "area": 4.92 }, "geometry": { "type": "Polygon", "coordinates": [ [ [ 106.692851130185886, 10.783112273672055 ], [ 106.692411035034638, 10.782602302946131 ], [ 106.692263577255744, 10.781943843069969 ], [ 106.692898690264087, 10.781916250045249 ], [ 106.693154717798961, 10.782543215879089 ], [ 106.692851130185886, 10.783112273672055 ] ] ] } },
{ "type": "Feature", "properties": { "a5": "7a94098b88000000", "resolution": 16, "center_lat": 10.783167815352881, "center_lon": 106.6933671776254, "avg_edge_len": 72.602559502772209, "cell_area": 7917.2594298943877, "cell_perimeter": 363.01279751386107, "code": "770", "name": "Quận 3", "name_en": "District 3", "level": "Quận", "prov_code": "79", "prov_name": "Thành phố Hồ Chí Minh", "region": "Đông Nam Bộ", "pop_2019": 190375.0, "pop_dens": 38852.0, "area": 4.92 }, "geometry": { "type": "Polygon", "coordinates": [ [ [ 106.693670313437337, 10.782967680803464 ], [ 106.69392634214114, 10.783594645501344 ], [ 106.693291226272322, 10.783622243225237 ], [ 106.692851130185886, 10.783112273672055 ], [ 106.693154717798961, 10.782543215879089 ], [ 106.693670313437337, 10.782967680803464 ] ] ] } },
{ "type": "Feature", "properties": { "a5": "7a9409a378000000", "resolution": 16, "center_lat": 10.772342394335677, "center_lon": 106.68655495692605, "avg_edge_len": 72.847163870830769, "cell_area": 7917.2613354064524, "cell_perimeter": 364.23581935415388, "code": "770", "name": "Quận 3", "name_en": "District 3", "level": "Quận", "prov_code": "79", "prov_name": "Thành phố Hồ Chí Minh", "region": "Đông Nam Bộ", "pop_2019": 190375.0, "pop_dens": 38852.0, "area": 4.92 }, "geometry": { "type": "Polygon", "coordinates": [ [ [ 106.686685337344898, 10.773041765285583 ], [ 106.686245256262168, 10.772531777882024 ], [ 106.686097805202849, 10.771873315048669 ], [ 106.686732901051755, 10.771845750211169 ], [ 106.686988919043984, 10.772472723966183 ], [ 106.686685337344898, 10.773041765285583 ] ] ] } },
{ "type": "Feature", "properties": { "a5": "7a9409a9c8000000", "resolution": 16, "center_lat": 10.773097329449611, "center_lon": 106.68720137052004, "avg_edge_len": 72.603069209258322, "cell_area": 7917.2594725564122, "cell_perimeter": 363.0153460462916, "code": "770", "name": "Quận 3", "name_en": "District 3", "level": "Quận", "prov_code": "79", "prov_name": "Thành phố Hồ Chí Minh", "region": "Đông Nam Bộ", "pop_2019": 190375.0, "pop_dens": 38852.0, "area": 4.92 }, "geometry": { "type": "Polygon", "coordinates": [ [ [ 106.687504498911721, 10.772897209363453 ], [ 106.687760518069467, 10.773524181982063 ], [ 106.687125419361109, 10.773551751516511 ], [ 106.686685337344898, 10.773041765285583 ], [ 106.686988919043984, 10.772472723966183 ], [ 106.687504498911721, 10.772897209363453 ] ] ] } },
{ "type": "Feature", "properties": { "a5": "7a9409a328000000", "resolution": 16, "center_lat": 10.770663954756742, "center_lon": 106.68552734617761, "avg_edge_len": 72.847205071440527, "cell_area": 7917.2613555267453, "cell_perimeter": 364.23602535720266, "code": "770", "name": "Quận 3", "name_en": "District 3", "level": "Quận", "prov_code": "79", "prov_name": "Thành phố Hồ Chí Minh", "region": "Đông Nam Bộ", "pop_2019": 190375.0, "pop_dens": 38852.0, "area": 4.92 }, "geometry": { "type": "Polygon", "coordinates": [ [ [ 106.685657725528813, 10.771363326038102 ], [ 106.685217646788146, 10.770853335854932 ], [ 106.6850701968458, 10.77019487252787 ], [ 106.685705289835596, 10.770167312386931 ], [ 106.685961306240188, 10.770794287462721 ], [ 106.685657725528813, 10.771363326038102 ] ] ] } },
{ "type": "Feature", "properties": { "a5": "7a9409a358000000", "resolution": 16, "center_lat": 10.771418893948391, "center_lon": 106.68617375632751, "avg_edge_len": 72.603154202475537, "cell_area": 7917.2594771534204, "cell_perimeter": 363.01577101237768, "code": "770", "name": "Quận 3", "name_en": "District 3", "level": "Quận", "prov_code": "79", "prov_name": "Thành phố Hồ Chí Minh", "region": "Đông Nam Bộ", "pop_2019": 190375.0, "pop_dens": 38852.0, "area": 4.92 }, "geometry": { "type": "Polygon", "coordinates": [ [ [ 106.686476883482101, 10.771218776271841 ], [ 106.686732901051755, 10.771845750211169 ], [ 106.686097805202849, 10.771873315048669 ], [ 106.685657725528813, 10.771363326038102 ], [ 106.685961306240188, 10.770794287462721 ], [ 106.686476883482101, 10.771218776271841 ] ] ] } },
{ "type": "Feature", "properties": { "a5": "7a9409a118000000", "resolution": 16, "center_lat": 10.76898550912461, "center_lon": 106.68449974122883, "avg_edge_len": 72.847246288555539, "cell_area": 7917.26131772995, "cell_perimeter": 364.23623144277769, "code": "770", "name": "Quận 3", "name_en": "District 3", "level": "Quận", "prov_code": "79", "prov_name": "Thành phố Hồ Chí Minh", "region": "Đông Nam Bộ", "pop_2019": 190375.0, "pop_dens": 38852.0, "area": 4.92 }, "geometry": { "type": "Polygon", "coordinates": [ [ [ 106.684630119513258, 10.769684880737669 ], [ 106.684190043113858, 10.769174887774891 ], [ 106.684042594287575, 10.768516423953873 ], [ 106.684677684418375, 10.768488868509142 ], [ 106.684933699236353, 10.769115844905862 ], [ 106.684630119513258, 10.769684880737669 ] ] ] } },
{ "type": "Feature", "properties": { "a5": "7a9409a1b8000000", "resolution": 16, "center_lat": 10.769740452393984, "center_lon": 106.68514614793575, "avg_edge_len": 72.60323920806357, "cell_area": 7917.2594319358468, "cell_perimeter": 363.01619604031782, "code": "770", "name": "Quận 3", "name_en": "District 3", "level": "Quận", "prov_code": "79", "prov_name": "Thành phố Hồ Chí Minh", "region": "Đông Nam Bộ", "pop_2019": 190375.0, "pop_dens": 38852.0, "area": 4.92 }, "geometry": { "type": "Polygon", "coordinates": [ [ [ 106.68544927385301, 10.769540337126767 ], [ 106.685705289835596, 10.770167312386944 ], [ 106.6850701968458, 10.770194872527883 ], [ 106.684630119513258, 10.769684880737669 ], [ 106.684933699236353, 10.769115844905862 ], [ 106.68544927385301, 10.769540337126767 ] ] ] } },
{ "type": "Feature", "properties": { "a5": "7a940989e8000000", "resolution": 16, "center_lat": 10.784091301918282, "center_lon": 106.69374839475536, "avg_edge_len": 72.846875943243077, "cell_area": 7917.2613612525165, "cell_perimeter": 364.23437971621536, "code": "770", "name": "Quận 3", "name_en": "District 3", "level": "Quận", "prov_code": "79", "prov_name": "Thành phố Hồ Chí Minh", "region": "Đông Nam Bộ", "pop_2019": 190375.0, "pop_dens": 38852.0, "area": 4.92 }, "geometry": { "type": "Polygon", "coordinates": [ [ [ 106.693878782672755, 10.784790670555706 ], [ 106.693438685173987, 10.784280702609376 ], [ 106.693291226272322, 10.783622243225237 ], [ 106.69392634214114, 10.783594645501344 ], [ 106.694182371269562, 10.784221610015551 ], [ 106.693878782672755, 10.784790670555706 ] ] ] } },
{ "type": "Feature", "properties": { "a5": "7a940989a8000000", "resolution": 16, "center_lat": 10.785490040078352, "center_lon": 106.69400917103755, "avg_edge_len": 72.846856090918678, "cell_area": 7917.2596205100417, "cell_perimeter": 364.23428045459337, "code": "770", "name": "Quận 3", "name_en": "District 3", "level": "Quận", "prov_code": "79", "prov_name": "Thành phố Hồ Chí Minh", "region": "Đông Nam Bộ", "pop_2019": 190375.0, "pop_dens": 38852.0, "area": 4.92 }, "geometry": { "type": "Polygon", "coordinates": [ [ [ 106.693878782672755, 10.784790670555706 ], [ 106.694318881106938, 10.785300637329277 ], [ 106.694466341132397, 10.785959096221628 ], [ 106.693831222824656, 10.785986699146202 ], [ 106.693575193931792, 10.785359732555653 ], [ 106.693878782672755, 10.784790670555706 ] ] ] } },
{ "type": "Feature", "properties": { "a5": "7a940989b8000000", "resolution": 16, "center_lat": 10.78484620848841, "center_lon": 106.6943948324906, "avg_edge_len": 72.602474592309377, "cell_area": 7917.2594241127372, "cell_perimeter": 363.01237296154687, "code": "770", "name": "Quận 3", "name_en": "District 3", "level": "Quận", "prov_code": "79", "prov_name": "Thành phố Hồ Chí Minh", "region": "Đông Nam Bộ", "pop_2019": 190375.0, "pop_dens": 38852.0, "area": 4.92 }, "geometry": { "type": "Polygon", "coordinates": [ [ [ 106.694697969538765, 10.784646071527501 ], [ 106.694953999836571, 10.785273034905829 ], [ 106.694318881106938, 10.785300637329277 ], [ 106.693878782672755, 10.784790670555706 ], [ 106.694182371269562, 10.784221610015551 ], [ 106.694697969538765, 10.784646071527501 ] ] ] } },
{ "type": "Feature", "properties": { "a5": "7a9409a138000000", "resolution": 16, "center_lat": 10.768062004786099, "center_lon": 106.68411854534224, "avg_edge_len": 72.603324221506426, "cell_area": 7917.2594866380095, "cell_perimeter": 363.0166211075321, "code": "770", "name": "Quận 3", "name_en": "District 3", "level": "Quận", "prov_code": "79", "prov_name": "Thành phố Hồ Chí Minh", "region": "Đông Nam Bộ", "pop_2019": 190375.0, "pop_dens": 38852.0, "area": 4.92 }, "geometry": { "type": "Polygon", "coordinates": [ [ [ 106.684421670022061, 10.767861891927947 ], [ 106.684677684418375, 10.768488868509142 ], [ 106.684042594287575, 10.768516423953873 ], [ 106.683602519295732, 10.76800642938402 ], [ 106.683906098030093, 10.767437396295342 ], [ 106.684421670022061, 10.767861891927947 ] ] ] } },
{ "type": "Feature", "properties": { "a5": "7a9409bc68000000", "resolution": 16, "center_lat": 10.767307057438998, "center_lon": 106.68347214207716, "avg_edge_len": 72.847287526446138, "cell_area": 7917.2613282352686, "cell_perimeter": 364.23643763223066, "code": "770", "name": "Quận 3", "name_en": "District 3", "level": "Quận", "prov_code": "79", "prov_name": "Thành phố Hồ Chí Minh", "region": "Đông Nam Bộ", "pop_2019": 190375.0, "pop_dens": 38852.0, "area": 4.92 }, "geometry": { "type": "Polygon", "coordinates": [ [ [ 106.683602519295732, 10.76800642938402 ], [ 106.683162445236803, 10.767496433641632 ], [ 106.683014997525675, 10.766837969326424 ], [ 106.683650084797705, 10.766810418577517 ], [ 106.683906098030093, 10.767437396295342 ], [ 106.683602519295732, 10.76800642938402 ] ] ] } },
{ "type": "Feature", "properties": { "a5": "7a9409bcc8000000", "resolution": 16, "center_lat": 10.7663835511245, "center_lon": 106.6830909485446, "avg_edge_len": 72.603409247426725, "cell_area": 7917.259464636445, "cell_perimeter": 363.01704623713363, "code": "770", "name": "Quận 3", "name_en": "District 3", "level": "Quận", "prov_code": "79", "prov_name": "Thành phố Hồ Chí Minh", "region": "Đông Nam Bộ", "pop_2019": 190375.0, "pop_dens": 38852.0, "area": 4.92 }, "geometry": { "type": "Polygon", "coordinates": [ [ [ 106.683394071986868, 10.766183440675119 ], [ 106.683650084797705, 10.766810418577517 ], [ 106.683014997525675, 10.766837969326438 ], [ 106.682574924873848, 10.766327971976951 ], [ 106.682878502618678, 10.765758941630923 ], [ 106.683394071986868, 10.766183440675119 ] ] ] } },
{ "type": "Feature", "properties": { "a5": "7a9409bec8000000", "resolution": 16, "center_lat": 10.766272392048631, "center_lon": 106.68205890249342, "avg_edge_len": 72.603475326665688, "cell_area": 7917.2614853084087, "cell_perimeter": 363.01737663332847, "code": "770", "name": "Quận 3", "name_en": "District 3", "level": "Quận", "prov_code": "79", "prov_name": "Thành phố Hồ Chí Minh", "region": "Đông Nam Bộ", "pop_2019": 190375.0, "pop_dens": 38852.0, "area": 4.92 }, "geometry": { "type": "Polygon", "coordinates": [ [ [ 106.681755779401328, 10.766472502253462 ], [ 106.681499769161519, 10.765845520007002 ], [ 106.682134853154594, 10.76581797345492 ], [ 106.682574924873848, 10.766327971976951 ], [ 106.682271346981793, 10.766897003779333 ], [ 106.681755779401328, 10.766472502253462 ] ] ] } },
{ "type": "Feature", "properties": { "a5": "7a94099568000000", "resolution": 16, "center_lat": 10.789298334863325, "center_lon": 106.67822005940755, "avg_edge_len": 72.848122691935203, "cell_area": 7917.261329524219, "cell_perimeter": 364.24061345967601, "code": "770", "name": "Quận 3", "name_en": "District 3", "level": "Quận", "prov_code": "79", "prov_name": "Thành phố Hồ Chí Minh", "region": "Đông Nam Bộ", "pop_2019": 190375.0, "pop_dens": 38852.0, "area": 4.92 }, "geometry": { "type": "Polygon", "coordinates": [ [ [ 106.67835043093703, 10.789997745476793 ], [ 106.677910358628537, 10.789487738087619 ], [ 106.677762916104257, 10.788829238551884 ], [ 106.678398008049612, 10.788801655564587 ], [ 106.678654017145618, 10.789428661270223 ], [ 106.67835043093703, 10.789997745476793 ] ] ] } },
{ "type": "Feature", "properties": { "a5": "7a940995c8000000", "resolution": 16, "center_lat": 10.788374787521004, "center_lon": 106.67783887194092, "avg_edge_len": 72.602946535229904, "cell_area": 7917.2594516277313, "cell_perimeter": 363.01473267614949, "code": "770", "name": "Quận 3", "name_en": "District 3", "level": "Quận", "prov_code": "79", "prov_name": "Thành phố Hồ Chí Minh", "region": "Đông Nam Bộ", "pop_2019": 190375.0, "pop_dens": 38852.0, "area": 4.92 }, "geometry": { "type": "Polygon", "coordinates": [ [ [ 106.678141999378909, 10.788174649677067 ], [ 106.678398008049612, 10.788801655564587 ], [ 106.677762916104257, 10.788829238551884 ], [ 106.677322845207982, 10.788319229558201 ], [ 106.677626430436931, 10.787750148104807 ], [ 106.678141999378909, 10.788174649677067 ] ] ] } },
{ "type": "Feature", "properties": { "a5": "7a9409cf58000000", "resolution": 16, "center_lat": 10.786696269311607, "center_lon": 106.67681128965461, "avg_edge_len": 72.603031413650442, "cell_area": 7917.2594789266586, "cell_perimeter": 363.01515706825222, "code": "770", "name": "Quận 3", "name_en": "District 3", "level": "Quận", "prov_code": "79", "prov_name": "Thành phố Hồ Chí Minh", "region": "Đông Nam Bộ", "pop_2019": 190375.0, "pop_dens": 38852.0, "area": 4.92 }, "geometry": { "type": "Polygon", "coordinates": [ [ [ 106.677114415858682, 10.786496133881629 ], [ 106.677370422935383, 10.787123141084201 ], [ 106.67673533384675, 10.787150719370002 ], [ 106.676295265296972, 10.786640707599704 ], [ 106.676598849545599, 10.786071628899032 ], [ 106.677114415858682, 10.786496133881629 ] ] ] } },
{ "type": "Feature", "properties": { "a5": "7a9409cf78000000", "resolution": 16, "center_lat": 10.78761981862089, "center_lon": 106.67719247475438, "avg_edge_len": 72.848163586802713, "cell_area": 7917.2613362893462, "cell_perimeter": 364.24081793401359, "code": "770", "name": "Quận 3", "name_en": "District 3", "level": "Quận", "prov_code": "79", "prov_name": "Thành phố Hồ Chí Minh", "region": "Đông Nam Bộ", "pop_2019": 190375.0, "pop_dens": 38852.0, "area": 4.92 }, "geometry": { "type": "Polygon", "coordinates": [ [ [ 106.677322845207982, 10.788319229558201 ], [ 106.67688277524644, 10.787809219392459 ], [ 106.67673533384675, 10.787150719369988 ], [ 106.677370422935383, 10.787123141084201 ], [ 106.677626430436931, 10.787750148104807 ], [ 106.677322845207982, 10.788319229558201 ] ] ] } },
{ "type": "Feature", "properties": { "a5": "7a9409cdb8000000", "resolution": 16, "center_lat": 10.78501774506176, "center_lon": 106.67578371318416, "avg_edge_len": 72.603116296677939, "cell_area": 7917.2594338655472, "cell_perimeter": 363.01558148338972, "code": "770", "name": "Quận 3", "name_en": "District 3", "level": "Quận", "prov_code": "79", "prov_name": "Thành phố Hồ Chí Minh", "region": "Đông Nam Bộ", "pop_2019": 190375.0, "pop_dens": 38852.0, "area": 4.92 }, "geometry": { "type": "Polygon", "coordinates": [ [ [ 106.67608683815422, 10.78481761204548 ], [ 106.676342843637599, 10.78544462056329 ], [ 106.675707757405689, 10.78547219414795 ], [ 106.675267691201611, 10.784962179601065 ], [ 106.675571274469348, 10.78439310365264 ], [ 106.67608683815422, 10.78481761204548 ] ] ] } },
{ "type": "Feature", "properties": { "a5": "7a9409cf28000000", "resolution": 16, "center_lat": 10.785941296338281, "center_lon": 106.67616489591839, "avg_edge_len": 72.848204492281369, "cell_area": 7917.261345397681, "cell_perimeter": 364.24102246140683, "code": "770", "name": "Quận 3", "name_en": "District 3", "level": "Quận", "prov_code": "79", "prov_name": "Thành phố Hồ Chí Minh", "region": "Đông Nam Bộ", "pop_2019": 190375.0, "pop_dens": 38852.0, "area": 4.92 }, "geometry": { "type": "Polygon", "coordinates": [ [ [ 106.676295265296972, 10.786640707599704 ], [ 106.675855197681699, 10.786130694657396 ], [ 106.675707757405689, 10.78547219414795 ], [ 106.676342843637599, 10.78544462056329 ], [ 106.676598849545599, 10.786071628899032 ], [ 106.676295265296972, 10.786640707599704 ] ] ] } },
{ "type": "Feature", "properties": { "a5": "7a9409cd18000000", "resolution": 16, "center_lat": 10.784262768015262, "center_lon": 106.67513732289706, "avg_edge_len": 72.848245418252901, "cell_area": 7917.2613490559161, "cell_perimeter": 364.24122709126448, "code": "770", "name": "Quận 3", "name_en": "District 3", "level": "Quận", "prov_code": "79", "prov_name": "Thành phố Hồ Chí Minh", "region": "Đông Nam Bộ", "pop_2019": 190375.0, "pop_dens": 38852.0, "area": 4.92 }, "geometry": { "type": "Polygon", "coordinates": [ [ [ 106.675267691201611, 10.784962179601065 ], [ 106.674827625931698, 10.784452163882163 ], [ 106.674680186778573, 10.783793662885504 ], [ 106.675315270153988, 10.783766094001615 ], [ 106.675571274469348, 10.78439310365264 ], [ 106.675267691201611, 10.784962179601065 ] ] ] } },
{ "type": "Feature", "properties": { "a5": "7a9409cd38000000", "resolution": 16, "center_lat": 10.783339214771257, "center_lon": 106.67475614252709, "avg_edge_len": 72.60320119377171, "cell_area": 7917.2594153806567, "cell_perimeter": 363.01600596885856, "code": "770", "name": "Quận 3", "name_en": "District 3", "level": "Quận", "prov_code": "79", "prov_name": "Thành phố Hồ Chí Minh", "region": "Đông Nam Bộ", "pop_2019": 190375.0, "pop_dens": 38852.0, "area": 4.92 }, "geometry": { "type": "Polygon", "coordinates": [ [ [ 106.67505926626302, 10.783139084168397 ], [ 106.675315270153988, 10.783766094001615 ], [ 106.674680186778573, 10.783793662885504 ], [ 106.6742401229194, 10.783283645562019 ], [ 106.674543705205565, 10.782714572365412 ], [ 106.67505926626302, 10.783139084168397 ] ] ] } },
{ "type": "Feature", "properties": { "a5": "7a94099018000000", "resolution": 16, "center_lat": 10.790053299690278, "center_lon": 106.67886646004554, "avg_edge_len": 72.602861674580936, "cell_area": 7917.2594183459878, "cell_perimeter": 363.01430837290468, "code": "770", "name": "Quận 3", "name_en": "District 3", "level": "Quận", "prov_code": "79", "prov_name": "Thành phố Hồ Chí Minh", "region": "Đông Nam Bộ", "pop_2019": 190375.0, "pop_dens": 38852.0, "area": 4.92 }, "geometry": { "type": "Polygon", "coordinates": [ [ [ 106.679169588717173, 10.789853159432079 ], [ 106.679425598983016, 10.790480164004702 ], [ 106.678790504180483, 10.790507751693889 ], [ 106.67835043093703, 10.789997745476793 ], [ 106.678654017145618, 10.789428661270223 ], [ 106.679169588717173, 10.789853159432079 ] ] ] } },
{ "type": "Feature", "properties": { "a5": "7a94099038000000", "resolution": 16, "center_lat": 10.790976845065805, "center_lon": 106.67924764988021, "avg_edge_len": 72.848081818937345, "cell_area": 7917.2613446898758, "cell_perimeter": 364.2404090946867, "code": "770", "name": "Quận 3", "name_en": "District 3", "level": "Quận", "prov_code": "79", "prov_name": "Thành phố Hồ Chí Minh", "region": "Đông Nam Bộ", "pop_2019": 190375.0, "pop_dens": 38852.0, "area": 4.92 }, "geometry": { "type": "Polygon", "coordinates": [ [ [ 106.679378022486503, 10.791676255355725 ], [ 106.678937947830264, 10.791166250743126 ], [ 106.678790504180483, 10.790507751693889 ], [ 106.679425598983016, 10.790480164004702 ], [ 106.679681609674162, 10.791107168395541 ], [ 106.679378022486503, 10.791676255355725 ] ] ] } },
{ "type": "Feature", "properties": { "a5": "7a9409cc68000000", "resolution": 16, "center_lat": 10.782584233651555, "center_lon": 106.67410975568799, "avg_edge_len": 72.848286359141952, "cell_area": 7917.2613366097212, "cell_perimeter": 364.24143179570979, "code": "770", "name": "Quận 3", "name_en": "District 3", "level": "Quận", "prov_code": "79", "prov_name": "Thành phố Hồ Chí Minh", "region": "Đông Nam Bộ", "pop_2019": 190375.0, "pop_dens": 38852.0, "area": 4.92 }, "geometry": { "type": "Polygon", "coordinates": [ [ [ 106.6742401229194, 10.783283645562019 ], [ 106.673800059994051, 10.78277362706654 ], [ 106.673652621963015, 10.78211512558242 ], [ 106.674287702482161, 10.782087561398907 ], [ 106.674543705205565, 10.782714572365412 ], [ 106.6742401229194, 10.783283645562019 ] ] ] } },
{ "type": "Feature", "properties": { "a5": "7a9409ccc8000000", "resolution": 16, "center_lat": 10.781660678439836, "center_lon": 106.67372857768103, "avg_edge_len": 72.603286104859919, "cell_area": 7917.2594352960587, "cell_perimeter": 363.01643052429961, "code": "770", "name": "Quận 3", "name_en": "District 3", "level": "Quận", "prov_code": "79", "prov_name": "Thành phố Hồ Chí Minh", "region": "Đông Nam Bộ", "pop_2019": 190375.0, "pop_dens": 38852.0, "area": 4.92 }, "geometry": { "type": "Polygon", "coordinates": [ [ [ 106.674031700182695, 10.781460550250163 ], [ 106.674287702482161, 10.782087561398907 ], [ 106.673652621963015, 10.782115125582408 ], [ 106.673212560447837, 10.781605105482312 ], [ 106.673516141752089, 10.781036035037062 ], [ 106.674031700182695, 10.781460550250163 ] ] ] } },
{ "type": "Feature", "properties": { "a5": "7a9409e078000000", "resolution": 16, "center_lat": 10.768916693623623, "center_lon": 106.67606413136522, "avg_edge_len": 72.847834101357918, "cell_area": 7917.2595278061926, "cell_perimeter": 364.23917050678961, "code": "770", "name": "Quận 3", "name_en": "District 3", "level": "Quận", "prov_code": "79", "prov_name": "Thành phố Hồ Chí Minh", "region": "Đông Nam Bộ", "pop_2019": 190375.0, "pop_dens": 38852.0, "area": 4.92 }, "geometry": { "type": "Polygon", "coordinates": [ [ [ 106.675933761788542, 10.768217302945366 ], [ 106.676373823552467, 10.768727317173484 ], [ 106.67652126424241, 10.769385798277543 ], [ 106.675886187821447, 10.769413342600323 ], [ 106.675630185036539, 10.768786344129001 ], [ 106.675933761788542, 10.768217302945366 ] ] ] } },
{ "type": "Feature", "properties": { "a5": "7a9409e118000000", "resolution": 16, "center_lat": 10.768986456216657, "center_lon": 106.67532706576857, "avg_edge_len": 72.60360220547652, "cell_area": 7917.2594336718321, "cell_perimeter": 363.01801102738261, "code": "770", "name": "Quận 3", "name_en": "District 3", "level": "Quận", "prov_code": "79", "prov_name": "Thành phố Hồ Chí Minh", "region": "Đông Nam Bộ", "pop_2019": 190375.0, "pop_dens": 38852.0, "area": 4.92 }, "geometry": { "type": "Polygon", "coordinates": [ [ [ 106.675630185036539, 10.768786344129001 ], [ 106.675886187821447, 10.769413342600323 ], [ 106.675251112494379, 10.769440885978574 ], [ 106.674811052439509, 10.76893086892948 ], [ 106.675114629014388, 10.768361826777745 ], [ 106.675630185036539, 10.768786344129001 ] ] ] } },
{ "type": "Feature", "properties": { "a5": "7a9409e088000000", "resolution": 16, "center_lat": 10.768272889499189, "center_lon": 106.67644977644521, "avg_edge_len": 72.603584169938642, "cell_area": 7917.2594955042005, "cell_perimeter": 363.01792084969321, "code": "770", "name": "Quận 3", "name_en": "District 3", "level": "Quận", "prov_code": "79", "prov_name": "Thành phố Hồ Chí Minh", "region": "Đông Nam Bộ", "pop_2019": 190375.0, "pop_dens": 38852.0, "area": 4.92 }, "geometry": { "type": "Polygon", "coordinates": [ [ [ 106.676752896202856, 10.768072778085559 ], [ 106.677008900393844, 10.768699773348233 ], [ 106.676373823552467, 10.768727317173484 ], [ 106.675933761788542, 10.768217302945366 ], [ 106.676237338394003, 10.767648263217964 ], [ 106.676752896202856, 10.768072778085559 ] ] ] } },
{ "type": "Feature", "properties": { "a5": "7a9409e0a8000000", "resolution": 16, "center_lat": 10.768203126566872, "center_lon": 106.67718684375221, "avg_edge_len": 72.847737253373978, "cell_area": 7917.259608823806, "cell_perimeter": 364.23868626686988, "code": "770", "name": "Quận 3", "name_en": "District 3", "level": "Quận", "prov_code": "79", "prov_name": "Thành phố Hồ Chí Minh", "region": "Đông Nam Bộ", "pop_2019": 190375.0, "pop_dens": 38852.0, "area": 4.92 }, "geometry": { "type": "Polygon", "coordinates": [ [ [ 106.677056472985441, 10.767503739326438 ], [ 106.677496536458534, 10.768013750733973 ], [ 106.677643978329229, 10.768672228578714 ], [ 106.677008900393844, 10.768699773348233 ], [ 106.676752896202856, 10.768072778085559 ], [ 106.677056472985441, 10.767503739326438 ] ] ] } },
{ "type": "Feature", "properties": { "a5": "7a9409bf48000000", "resolution": 16, "center_lat": 10.767489561876184, "center_lon": 106.67830955798715, "avg_edge_len": 72.847640424629759, "cell_area": 7917.2596112526953, "cell_perimeter": 364.23820212314882, "code": "770", "name": "Quận 3", "name_en": "District 3", "level": "Quận", "prov_code": "79", "prov_name": "Thành phố Hồ Chí Minh", "region": "Đông Nam Bộ", "pop_2019": 190375.0, "pop_dens": 38852.0, "area": 4.92 }, "geometry": { "type": "Polygon", "coordinates": [ [ [ 106.678179186029865, 10.766790178073359 ], [ 106.678619251212467, 10.767300186660707 ], [ 106.678766694264141, 10.76795866124637 ], [ 106.678131614814333, 10.767986206462185 ], [ 106.677875609216926, 10.767359214407865 ], [ 106.678179186029865, 10.766790178073359 ] ] ] } },
{ "type": "Feature", "properties": { "a5": "7a9409e0b8000000", "resolution": 16, "center_lat": 10.767559325147305, "center_lon": 106.67757248896973, "avg_edge_len": 72.603566153003314, "cell_area": 7917.2594364881516, "cell_perimeter": 363.01783076501658, "code": "770", "name": "Quận 3", "name_en": "District 3", "level": "Quận", "prov_code": "79", "prov_name": "Thành phố Hồ Chí Minh", "region": "Đông Nam Bộ", "pop_2019": 190375.0, "pop_dens": 38852.0, "area": 4.92 }, "geometry": { "type": "Polygon", "coordinates": [ [ [ 106.677875609216926, 10.767359214407865 ], [ 106.678131614814333, 10.767986206462185 ], [ 106.677496536458534, 10.768013750733973 ], [ 106.677056472985441, 10.767503739326438 ], [ 106.677360049621257, 10.766934702023512 ], [ 106.677875609216926, 10.767359214407865 ] ] ] } },
{ "type": "Feature", "properties": { "a5": "7a9409bdc8000000", "resolution": 16, "center_lat": 10.766845763161648, "center_lon": 106.67869520334182, "avg_edge_len": 72.603548157775805, "cell_area": 7917.2594428956509, "cell_perimeter": 363.017740788879, "code": "770", "name": "Quận 3", "name_en": "District 3", "level": "Quận", "prov_code": "79", "prov_name": "Thành phố Hồ Chí Minh", "region": "Đông Nam Bộ", "pop_2019": 190375.0, "pop_dens": 38852.0, "area": 4.92 }, "geometry": { "type": "Polygon", "coordinates": [ [ [ 106.67899832407852, 10.766645653096584 ], [ 106.679254331082689, 10.76727264194284 ], [ 106.678619251212467, 10.767300186660707 ], [ 106.678179186029865, 10.766790178073359 ], [ 106.678482762695808, 10.766221143195025 ], [ 106.67899832407852, 10.766645653096584 ] ] ] } },
{ "type": "Feature", "properties": { "a5": "7a9409bde8000000", "resolution": 16, "center_lat": 10.766775999552262, "center_lon": 106.67943227406963, "avg_edge_len": 72.847543611702761, "cell_area": 7917.2596189640462, "cell_perimeter": 364.23771805851379, "code": "770", "name": "Quận 3", "name_en": "District 3", "level": "Quận", "prov_code": "79", "prov_name": "Thành phố Hồ Chí Minh", "region": "Đông Nam Bộ", "pop_2019": 190375.0, "pop_dens": 38852.0, "area": 4.92 }, "geometry": { "type": "Polygon", "coordinates": [ [ [ 106.679301900921473, 10.766076619186837 ], [ 106.679741967813811, 10.766586624954391 ], [ 106.679889412046919, 10.767245096281165 ], [ 106.679254331082689, 10.767272641942855 ], [ 106.67899832407852, 10.766645653096584 ], [ 106.679301900921473, 10.766076619186837 ] ] ] } },
{ "type": "Feature", "properties": { "a5": "7a9409bdf8000000", "resolution": 16, "center_lat": 10.766132203542918, "center_lon": 106.6798179195612, "avg_edge_len": 72.603530180691791, "cell_area": 7917.259464353323, "cell_perimeter": 363.01765090345896, "code": "770", "name": "Quận 3", "name_en": "District 3", "level": "Quận", "prov_code": "79", "prov_name": "Thành phố Hồ Chí Minh", "region": "Đông Nam Bộ", "pop_2019": 190375.0, "pop_dens": 38852.0, "area": 4.92 }, "geometry": { "type": "Polygon", "coordinates": [ [ [ 106.680121040787299, 10.76593209415242 ], [ 106.680377049198455, 10.766559079790882 ], [ 106.679741967813811, 10.766586624954391 ], [ 106.679301900921473, 10.766076619186837 ], [ 106.679605477617315, 10.765507586733237 ], [ 106.680121040787299, 10.76593209415242 ] ] ] } },
{ "type": "Feature", "properties": { "a5": "7a9409be88000000", "resolution": 16, "center_lat": 10.76606243959576, "center_lon": 106.6805549919994, "avg_edge_len": 72.847446816992232, "cell_area": 7917.2595893628895, "cell_perimeter": 364.23723408496119, "code": "770", "name": "Quận 3", "name_en": "District 3", "level": "Quận", "prov_code": "79", "prov_name": "Thành phố Hồ Chí Minh", "region": "Đông Nam Bộ", "pop_2019": 190375.0, "pop_dens": 38852.0, "area": 4.92 }, "geometry": { "type": "Polygon", "coordinates": [ [ [ 106.680424617660037, 10.76536306266755 ], [ 106.680864686262453, 10.765873065615692 ], [ 106.681012131677221, 10.766531533683793 ], [ 106.680377049198455, 10.766559079790882 ], [ 106.680121040787299, 10.76593209415242 ], [ 106.680424617660037, 10.76536306266755 ] ] ] } },
{ "type": "Feature", "properties": { "a5": "7a9409be48000000", "resolution": 16, "center_lat": 10.765418646291796, "center_lon": 106.68094063762754, "avg_edge_len": 72.603512225845151, "cell_area": 7917.2594569176435, "cell_perimeter": 363.01756112922573, "code": "770", "name": "Quận 3", "name_en": "District 3", "level": "Quận", "prov_code": "79", "prov_name": "Thành phố Hồ Chí Minh", "region": "Đông Nam Bộ", "pop_2019": 190375.0, "pop_dens": 38852.0, "area": 4.92 }, "geometry": { "type": "Polygon", "coordinates": [ [ [ 106.681243759342919, 10.765218537576033 ], [ 106.681499769161519, 10.765845520007002 ], [ 106.680864686262453, 10.765873065615704 ], [ 106.680424617660037, 10.76536306266755 ], [ 106.680728194385438, 10.764794032638775 ], [ 106.681243759342919, 10.765218537576033 ] ] ] } },
{ "type": "Feature", "properties": { "a5": "7a9409be68000000", "resolution": 16, "center_lat": 10.765348882007361, "center_lon": 106.68167771177605, "avg_edge_len": 72.847350034534458, "cell_area": 7917.2596397958696, "cell_perimeter": 364.23675017267226, "code": "770", "name": "Quận 3", "name_en": "District 3", "level": "Quận", "prov_code": "79", "prov_name": "Thành phố Hồ Chí Minh", "region": "Đông Nam Bộ", "pop_2019": 190375.0, "pop_dens": 38852.0, "area": 4.92 }, "geometry": { "type": "Polygon", "coordinates": [ [ [ 106.681547336245217, 10.76464950851615 ], [ 106.681987406557823, 10.765159508645288 ], [ 106.682134853154594, 10.76581797345492 ], [ 106.681499769161519, 10.765845520007002 ], [ 106.681243759342919, 10.765218537576033 ], [ 106.681547336245217, 10.76464950851615 ] ] ] } },
{ "type": "Feature", "properties": { "a5": "7a94098658000000", "resolution": 16, "center_lat": 10.78998189599953, "center_lon": 106.68877652339474, "avg_edge_len": 72.602546174671673, "cell_area": 7917.2615041211247, "cell_perimeter": 363.01273087335835, "code": "770", "name": "Quận 3", "name_en": "District 3", "level": "Quận", "prov_code": "79", "prov_name": "Thành phố Hồ Chí Minh", "region": "Đông Nam Bộ", "pop_2019": 190375.0, "pop_dens": 38852.0, "area": 4.92 }, "geometry": { "type": "Polygon", "coordinates": [ [ [ 106.688473387922613, 10.790182038517642 ], [ 106.68821736562461, 10.789555056044474 ], [ 106.688852476343527, 10.789527455333802 ], [ 106.689292567647385, 10.790037434615627 ], [ 106.688988978101406, 10.790606511524645 ], [ 106.688473387922613, 10.790182038517642 ] ] ] } },
{ "type": "Feature", "properties": { "a5": "7a94098668000000", "resolution": 16, "center_lat": 10.789338049087958, "center_lon": 106.68916218459009, "avg_edge_len": 72.847320107872264, "cell_area": 7917.2613410465419, "cell_perimeter": 364.23660053936135, "code": "770", "name": "Quận 3", "name_en": "District 3", "level": "Quận", "prov_code": "79", "prov_name": "Thành phố Hồ Chí Minh", "region": "Đông Nam Bộ", "pop_2019": 190375.0, "pop_dens": 38852.0, "area": 4.92 }, "geometry": { "type": "Polygon", "coordinates": [ [ [ 106.689292567647385, 10.790037434615627 ], [ 106.688852476343527, 10.789527455333802 ], [ 106.688705022207955, 10.788868980118185 ], [ 106.689340133348992, 10.788841379907554 ], [ 106.689596157050346, 10.78946835916693 ], [ 106.689292567647385, 10.790037434615627 ] ] ] } },
{ "type": "Feature", "properties": { "a5": "7a94098738000000", "resolution": 16, "center_lat": 10.790051727425949, "center_lon": 106.6880394166845, "avg_edge_len": 72.847417203042809, "cell_area": 7917.261335618794, "cell_perimeter": 364.23708601521406, "code": "770", "name": "Quận 3", "name_en": "District 3", "level": "Quận", "prov_code": "79", "prov_name": "Thành phố Hồ Chí Minh", "region": "Đông Nam Bộ", "pop_2019": 190375.0, "pop_dens": 38852.0, "area": 4.92 }, "geometry": { "type": "Polygon", "coordinates": [ [ [ 106.688169798555805, 10.790751116398132 ], [ 106.687729708959864, 10.790241134292117 ], [ 106.687582256001292, 10.789582655811209 ], [ 106.68821736562461, 10.789555056044474 ], [ 106.688473387922613, 10.790182038517642 ], [ 106.688169798555805, 10.790751116398132 ] ] ] } },
{ "type": "Feature", "properties": { "a5": "7a94098638000000", "resolution": 16, "center_lat": 10.789268217326308, "center_lon": 106.68989929301499, "avg_edge_len": 72.602528061731959, "cell_area": 7917.2614606246352, "cell_perimeter": 363.0126403086598, "code": "770", "name": "Quận 3", "name_en": "District 3", "level": "Quận", "prov_code": "79", "prov_name": "Thành phố Hồ Chí Minh", "region": "Đông Nam Bộ", "pop_2019": 190375.0, "pop_dens": 38852.0, "area": 4.92 }, "geometry": { "type": "Polygon", "coordinates": [ [ [ 106.689596157050346, 10.78946835916693 ], [ 106.689340133348992, 10.788841379907554 ], [ 106.689975245585629, 10.788813778753216 ], [ 106.690415338597631, 10.789323755211244 ], [ 106.6901117490155, 10.789892829688265 ], [ 106.689596157050346, 10.78946835916693 ] ] ] } },
{ "type": "Feature", "properties": { "a5": "7a940985b8000000", "resolution": 16, "center_lat": 10.790695577050482, "center_lon": 106.68765375563318, "avg_edge_len": 72.602564303990675, "cell_area": 7917.2614705339074, "cell_perimeter": 363.01282151995338, "code": "770", "name": "Quận 3", "name_en": "District 3", "level": "Quận", "prov_code": "79", "prov_name": "Thành phố Hồ Chí Minh", "region": "Đông Nam Bộ", "pop_2019": 190375.0, "pop_dens": 38852.0, "area": 4.92 }, "geometry": { "type": "Polygon", "coordinates": [ [ [ 106.68735062065366, 10.790895720245901 ], [ 106.687094599758666, 10.790268734558675 ], [ 106.687729708959864, 10.790241134292117 ], [ 106.688169798555805, 10.790751116398132 ], [ 106.687866209046206, 10.791320195739003 ], [ 106.68735062065366, 10.790895720245901 ] ] ] } },
{ "type": "Feature", "properties": { "a5": "7a940985e8000000", "resolution": 16, "center_lat": 10.790765408141176, "center_lon": 106.68691665063764, "avg_edge_len": 72.847514314806631, "cell_area": 7917.261317268014, "cell_perimeter": 364.23757157403315, "code": "770", "name": "Quận 3", "name_en": "District 3", "level": "Quận", "prov_code": "79", "prov_name": "Thành phố Hồ Chí Minh", "region": "Đông Nam Bộ", "pop_2019": 190375.0, "pop_dens": 38852.0, "area": 4.92 }, "geometry": { "type": "Polygon", "coordinates": [ [ [ 106.687047031323232, 10.79146480055809 ], [ 106.686606943434981, 10.790954815627467 ], [ 106.686459491653068, 10.790296333881077 ], [ 106.687094599758666, 10.790268734558675 ], [ 106.68735062065366, 10.790895720245901 ], [ 106.687047031323232, 10.79146480055809 ] ] ] } },
{ "type": "Feature", "properties": { "a5": "7a94098698000000", "resolution": 16, "center_lat": 10.788624373127872, "center_lon": 106.690284954354, "avg_edge_len": 72.84722302869514, "cell_area": 7917.2613554224372, "cell_perimeter": 364.23611514347573, "code": "770", "name": "Quận 3", "name_en": "District 3", "level": "Quận", "prov_code": "79", "prov_name": "Thành phố Hồ Chí Minh", "region": "Đông Nam Bộ", "pop_2019": 190375.0, "pop_dens": 38852.0, "area": 4.92 }, "geometry": { "type": "Polygon", "coordinates": [ [ [ 106.690415338597631, 10.789323755211244 ], [ 106.689975245585629, 10.788813778753216 ], [ 106.689827790272716, 10.788155306802674 ], [ 106.690462902931472, 10.788127706148579 ], [ 106.690718928036404, 10.788754682194481 ], [ 106.690415338597631, 10.789323755211244 ] ] ] } },
{ "type": "Feature", "properties": { "a5": "7a94098368000000", "resolution": 16, "center_lat": 10.788554541031518, "center_lon": 106.69102206449357, "avg_edge_len": 72.60250997307584, "cell_area": 7917.261465780437, "cell_perimeter": 363.01254986537919, "code": "770", "name": "Quận 3", "name_en": "District 3", "level": "Quận", "prov_code": "79", "prov_name": "Thành phố Hồ Chí Minh", "region": "Đông Nam Bộ", "pop_2019": 190375.0, "pop_dens": 38852.0, "area": 4.92 }, "geometry": { "type": "Polygon", "coordinates": [ [ [ 106.690718928036404, 10.788754682194481 ], [ 106.690462902931472, 10.788127706148579 ], [ 106.691098016685942, 10.788100104551033 ], [ 106.691538111406317, 10.788610078185624 ], [ 106.691234521788374, 10.789179150230556 ], [ 106.690718928036404, 10.788754682194481 ] ] ] } },
{ "type": "Feature", "properties": { "a5": "7a940985d8000000", "resolution": 16, "center_lat": 10.791409260478487, "center_lon": 106.68653098973053, "avg_edge_len": 72.6025824569234, "cell_area": 7917.261500261724, "cell_perimeter": 363.01291228461702, "code": "770", "name": "Quận 3", "name_en": "District 3", "level": "Quận", "prov_code": "79", "prov_name": "Thành phố Hồ Chí Minh", "region": "Đông Nam Bộ", "pop_2019": 190375.0, "pop_dens": 38852.0, "area": 4.92 }, "geometry": { "type": "Polygon", "coordinates": [ [ [ 106.686227855243715, 10.791609404351039 ], [ 106.685971835751388, 10.790982415449475 ], [ 106.686606943434981, 10.790954815627467 ], [ 106.687047031323232, 10.79146480055809 ], [ 106.68674344185024, 10.792033882330687 ], [ 106.686227855243715, 10.791609404351039 ] ] ] } },
{ "type": "Feature", "properties": { "a5": "7a94099378000000", "resolution": 16, "center_lat": 10.791479091232945, "center_lon": 106.68579388644966, "avg_edge_len": 72.847611442775843, "cell_area": 7917.2613492906094, "cell_perimeter": 364.23805721387919, "code": "770", "name": "Quận 3", "name_en": "District 3", "level": "Quận", "prov_code": "79", "prov_name": "Thành phố Hồ Chí Minh", "region": "Đông Nam Bộ", "pop_2019": 190375.0, "pop_dens": 38852.0, "area": 4.92 }, "geometry": { "type": "Polygon", "coordinates": [ [ [ 106.685924265950007, 10.792178487094775 ], [ 106.685484179769105, 10.791668499339183 ], [ 106.68533672916351, 10.791010014327087 ], [ 106.685971835751388, 10.790982415449475 ], [ 106.686227855243715, 10.791609404351039 ], [ 106.685924265950007, 10.792178487094775 ] ] ] } },
{ "type": "Feature", "properties": { "a5": "7a94098358000000", "resolution": 16, "center_lat": 10.787910699546385, "center_lon": 106.69140772597601, "avg_edge_len": 72.847125965828909, "cell_area": 7917.2613433226943, "cell_perimeter": 364.23562982914456, "code": "770", "name": "Quận 3", "name_en": "District 3", "level": "Quận", "prov_code": "79", "prov_name": "Thành phố Hồ Chí Minh", "region": "Đông Nam Bộ", "pop_2019": 190375.0, "pop_dens": 38852.0, "area": 4.92 }, "geometry": { "type": "Polygon", "coordinates": [ [ [ 106.691538111406317, 10.788610078185624 ], [ 106.691098016685942, 10.788100104551033 ], [ 106.690950560195347, 10.787441635865326 ], [ 106.691585674371709, 10.787414034768243 ], [ 106.691841700880786, 10.788041007600938 ], [ 106.691538111406317, 10.788610078185624 ] ] ] } },
{ "type": "Feature", "properties": { "a5": "7a94098388000000", "resolution": 16, "center_lat": 10.787840867115797, "center_lon": 106.69214483783018, "avg_edge_len": 72.602491901787289, "cell_area": 7917.261488571763, "cell_perimeter": 363.01245950893644, "code": "770", "name": "Quận 3", "name_en": "District 3", "level": "Quận", "prov_code": "79", "prov_name": "Thành phố Hồ Chí Minh", "region": "Đông Nam Bộ", "pop_2019": 190375.0, "pop_dens": 38852.0, "area": 4.92 }, "geometry": { "type": "Polygon", "coordinates": [ [ [ 106.691841700880786, 10.788041007600938 ], [ 106.691585674371709, 10.787414034768243 ], [ 106.692220789644011, 10.787386432727912 ], [ 106.692660886072986, 10.787896403539483 ], [ 106.692357296419573, 10.788465473152211 ], [ 106.691841700880786, 10.788041007600938 ] ] ] } },
{ "type": "Feature", "properties": { "a5": "7a94099398000000", "resolution": 16, "center_lat": 10.792192776700585, "center_lon": 106.68467112412101, "avg_edge_len": 72.847708588149914, "cell_area": 7917.261318128556, "cell_perimeter": 364.2385429407496, "code": "770", "name": "Quận 3", "name_en": "District 3", "level": "Quận", "prov_code": "79", "prov_name": "Thành phố Hồ Chí Minh", "region": "Đông Nam Bộ", "pop_2019": 190375.0, "pop_dens": 38852.0, "area": 4.92 }, "geometry": { "type": "Polygon", "coordinates": [ [ [ 106.684801502436358, 10.792892176007554 ], [ 106.684361417962577, 10.79238218542659 ], [ 106.684213968533072, 10.791723697148583 ], [ 106.684849073603345, 10.791696098716196 ], [ 106.685105091693117, 10.792323090832365 ], [ 106.684801502436358, 10.792892176007554 ] ] ] } },
{ "type": "Feature", "properties": { "a5": "7a940993c8000000", "resolution": 16, "center_lat": 10.792122946282896, "center_lon": 106.68540822568718, "avg_edge_len": 72.60260062298812, "cell_area": 7917.2615116685629, "cell_perimeter": 363.0130031149406, "code": "770", "name": "Quận 3", "name_en": "District 3", "level": "Quận", "prov_code": "79", "prov_name": "Thành phố Hồ Chí Minh", "region": "Đông Nam Bộ", "pop_2019": 190375.0, "pop_dens": 38852.0, "area": 4.92 }, "geometry": { "type": "Polygon", "coordinates": [ [ [ 106.685105091693117, 10.792323090832365 ], [ 106.684849073603345, 10.791696098716196 ], [ 106.685484179769105, 10.791668499339183 ], [ 106.685924265950007, 10.792178487094775 ], [ 106.68562067651385, 10.792747571298978 ], [ 106.685105091693117, 10.792323090832365 ] ] ] } },
{ "type": "Feature", "properties": { "a5": "7a94098958000000", "resolution": 16, "center_lat": 10.787127195579881, "center_lon": 106.69326761302459, "avg_edge_len": 72.602473848677135, "cell_area": 7917.2615120336413, "cell_perimeter": 363.01236924338571, "code": "770", "name": "Quận 3", "name_en": "District 3", "level": "Quận", "prov_code": "79", "prov_name": "Thành phố Hồ Chí Minh", "region": "Đông Nam Bộ", "pop_2019": 190375.0, "pop_dens": 38852.0, "area": 4.92 }, "geometry": { "type": "Polygon", "coordinates": [ [ [ 106.692964475582812, 10.787327335386976 ], [ 106.692708447669588, 10.786700365767222 ], [ 106.69334356445961, 10.786672763284553 ], [ 106.693783662597525, 10.7871827312735 ], [ 106.693480072908756, 10.787751798453868 ], [ 106.692964475582812, 10.787327335386976 ] ] ] } },
{ "type": "Feature", "properties": { "a5": "7a94098a38000000", "resolution": 16, "center_lat": 10.787197028344149, "center_lon": 106.69253049945573, "avg_edge_len": 72.847028917227291, "cell_area": 7917.2613286450505, "cell_perimeter": 364.23514458613647, "code": "770", "name": "Quận 3", "name_en": "District 3", "level": "Quận", "prov_code": "79", "prov_name": "Thành phố Hồ Chí Minh", "region": "Đông Nam Bộ", "pop_2019": 190375.0, "pop_dens": 38852.0, "area": 4.92 }, "geometry": { "type": "Polygon", "coordinates": [ [ [ 106.692660886072986, 10.787896403539483 ], [ 106.692220789644011, 10.787386432727912 ], [ 106.692073331975507, 10.786727967306875 ], [ 106.692708447669588, 10.786700365767222 ], [ 106.692964475582812, 10.787327335386976 ], [ 106.692660886072986, 10.787896403539483 ] ] ] } },
{ "type": "Feature", "properties": { "a5": "7a940992d8000000", "resolution": 16, "center_lat": 10.792906464543425, "center_lon": 106.68354836365194, "avg_edge_len": 72.847805752587917, "cell_area": 7917.2613728493452, "cell_perimeter": 364.2390287629396, "code": "770", "name": "Quận 3", "name_en": "District 3", "level": "Quận", "prov_code": "79", "prov_name": "Thành phố Hồ Chí Minh", "region": "Đông Nam Bộ", "pop_2019": 190375.0, "pop_dens": 38852.0, "area": 4.92 }, "geometry": { "type": "Polygon", "coordinates": [ [ [ 106.683678740782739, 10.793605867295739 ], [ 106.683238658015739, 10.793095873889007 ], [ 106.683091209761869, 10.792437382344872 ], [ 106.683726313314537, 10.79240978435816 ], [ 106.683982330002209, 10.793036779689224 ], [ 106.683678740782739, 10.793605867295739 ] ] ] } },
{ "type": "Feature", "properties": { "a5": "7a940993a8000000", "resolution": 16, "center_lat": 10.792836634463004, "center_lon": 106.68428546350339, "avg_edge_len": 72.602618811572526, "cell_area": 7917.2614617422223, "cell_perimeter": 363.01309405786265, "code": "770", "name": "Quận 3", "name_en": "District 3", "level": "Quận", "prov_code": "79", "prov_name": "Thành phố Hồ Chí Minh", "region": "Đông Nam Bộ", "pop_2019": 190375.0, "pop_dens": 38852.0, "area": 4.92 }, "geometry": { "type": "Polygon", "coordinates": [ [ [ 106.683982330002209, 10.793036779689224 ], [ 106.683726313314537, 10.79240978435816 ], [ 106.684361417962577, 10.79238218542659 ], [ 106.684801502436358, 10.792892176007554 ], [ 106.684497913037376, 10.79346126264325 ], [ 106.683982330002209, 10.793036779689224 ] ] ] } },
{ "type": "Feature", "properties": { "a5": "7a94098968000000", "resolution": 16, "center_lat": 10.786483359521855, "center_lon": 106.69365327479292, "avg_edge_len": 72.846931891924015, "cell_area": 7917.2613549828529, "cell_perimeter": 364.23465945962005, "code": "770", "name": "Quận 3", "name_en": "District 3", "level": "Quận", "prov_code": "79", "prov_name": "Thành phố Hồ Chí Minh", "region": "Đông Nam Bộ", "pop_2019": 190375.0, "pop_dens": 38852.0, "area": 4.92 }, "geometry": { "type": "Polygon", "coordinates": [ [ [ 106.693783662597525, 10.7871827312735 ], [ 106.69334356445961, 10.786672763284553 ], [ 106.693196105612742, 10.786014301127937 ], [ 106.693831222824656, 10.785986699146202 ], [ 106.694087252142481, 10.786613665553304 ], [ 106.693783662597525, 10.7871827312735 ] ] ] } },
{ "type": "Feature", "properties": { "a5": "7a94098938000000", "resolution": 16, "center_lat": 10.786413526424411, "center_lon": 106.69439039007639, "avg_edge_len": 72.602455813710861, "cell_area": 7917.2614980190992, "cell_perimeter": 363.01227906855434, "code": "770", "name": "Quận 3", "name_en": "District 3", "level": "Quận", "prov_code": "79", "prov_name": "Thành phố Hồ Chí Minh", "region": "Đông Nam Bộ", "pop_2019": 190375.0, "pop_dens": 38852.0, "area": 4.92 }, "geometry": { "type": "Polygon", "coordinates": [ [ [ 106.694087252142481, 10.786613665553304 ], [ 106.693831222824656, 10.785986699146202 ], [ 106.694466341132397, 10.785959096221628 ], [ 106.69490644097948, 10.786469061388344 ], [ 106.694602851255695, 10.787038126136247 ], [ 106.694087252142481, 10.786613665553304 ] ] ] } },
{ "type": "Feature", "properties": { "a5": "7a9409a888000000", "resolution": 16, "center_lat": 10.774705961370719, "center_lon": 106.68896608612994, "avg_edge_len": 72.847005884227443, "cell_area": 7917.2596249878407, "cell_perimeter": 364.2350294211372, "code": "770", "name": "Quận 3", "name_en": "District 3", "level": "Quận", "prov_code": "79", "prov_name": "Thành phố Hồ Chí Minh", "region": "Đông Nam Bộ", "pop_2019": 190375.0, "pop_dens": 38852.0, "area": 4.92 }, "geometry": { "type": "Polygon", "coordinates": [ [ [ 106.688835703008294, 10.774006593308568 ], [ 106.689275789077669, 10.77451657393974 ], [ 106.689423243554074, 10.775175032525276 ], [ 106.688788140891006, 10.775202607699876 ], [ 106.688532120144373, 10.774575636401797 ], [ 106.688835703008294, 10.774006593308568 ] ] ] } },
{ "type": "Feature", "properties": { "a5": "7a9409a8a8000000", "resolution": 16, "center_lat": 10.77562945482857, "center_lon": 106.68934729306675, "avg_edge_len": 72.602947387701121, "cell_area": 7917.261458478868, "cell_perimeter": 363.01473693850562, "code": "770", "name": "Quận 3", "name_en": "District 3", "level": "Quận", "prov_code": "79", "prov_name": "Thành phố Hồ Chí Minh", "region": "Đông Nam Bộ", "pop_2019": 190375.0, "pop_dens": 38852.0, "area": 4.92 }, "geometry": { "type": "Polygon", "coordinates": [ [ [ 106.689044162060668, 10.77582957881385 ], [ 106.688788140891006, 10.775202607699876 ], [ 106.689423243554074, 10.775175032525276 ], [ 106.689863331033052, 10.775685011549278 ], [ 106.689559747182443, 10.776254057387145 ], [ 106.689044162060668, 10.77582957881385 ] ] ] } },
{ "type": "Feature", "properties": { "a5": "7a94098e08000000", "resolution": 16, "center_lat": 10.777307870763087, "center_lon": 106.69037492452158, "avg_edge_len": 72.602862425764172, "cell_area": 7917.2614916041493, "cell_perimeter": 363.01431212882085, "code": "770", "name": "Quận 3", "name_en": "District 3", "level": "Quận", "prov_code": "79", "prov_name": "Thành phố Hồ Chí Minh", "region": "Đông Nam Bộ", "pop_2019": 190375.0, "pop_dens": 38852.0, "area": 4.92 }, "geometry": { "type": "Polygon", "coordinates": [ [ [ 106.690071792278559, 10.77750799715856 ], [ 106.689815769518873, 10.77688102736486 ], [ 106.690450875041734, 10.776853447492616 ], [ 106.690890964865048, 10.777363423736761 ], [ 106.690587380028433, 10.777932472319758 ], [ 106.690071792278559, 10.77750799715856 ] ] ] } },
{ "type": "Feature", "properties": { "a5": "7a9409a8e8000000", "resolution": 16, "center_lat": 10.7763843792803, "center_lon": 106.68999371522432, "avg_edge_len": 72.846964708678897, "cell_area": 7917.2595925852656, "cell_perimeter": 364.2348235433945, "code": "770", "name": "Quận 3", "name_en": "District 3", "level": "Quận", "prov_code": "79", "prov_name": "Thành phố Hồ Chí Minh", "region": "Đông Nam Bộ", "pop_2019": 190375.0, "pop_dens": 38852.0, "area": 4.92 }, "geometry": { "type": "Polygon", "coordinates": [ [ [ 106.689863331033052, 10.775685011549278 ], [ 106.690303419446195, 10.776194989400546 ], [ 106.690450875041734, 10.776853447492616 ], [ 106.689815769518873, 10.77688102736486 ], [ 106.689559747182443, 10.776254057387145 ], [ 106.689863331033052, 10.775685011549278 ] ] ] } },
{ "type": "Feature", "properties": { "a5": "7a9409a948000000", "resolution": 16, "center_lat": 10.773951032841136, "center_lon": 106.68831966741891, "avg_edge_len": 72.603032359539242, "cell_area": 7917.2614812478423, "cell_perimeter": 363.01516179769618, "code": "770", "name": "Quận 3", "name_en": "District 3", "level": "Quận", "prov_code": "79", "prov_name": "Thành phố Hồ Chí Minh", "region": "Đông Nam Bộ", "pop_2019": 190375.0, "pop_dens": 38852.0, "area": 4.92 }, "geometry": { "type": "Polygon", "coordinates": [ [ [ 106.688016537649901, 10.774151154416474 ], [ 106.687760518069467, 10.773524181982063 ], [ 106.688395617872743, 10.773496611504727 ], [ 106.688835703008294, 10.774006593308568 ], [ 106.688532120144373, 10.774575636401797 ], [ 106.688016537649901, 10.774151154416474 ] ] ] } },
{ "type": "Feature", "properties": { "a5": "7a9409a998000000", "resolution": 16, "center_lat": 10.77302753740795, "center_lon": 106.68793846284125, "avg_edge_len": 72.847047071552339, "cell_area": 7917.2595888823271, "cell_perimeter": 364.23523535776167, "code": "770", "name": "Quận 3", "name_en": "District 3", "level": "Quận", "prov_code": "79", "prov_name": "Thành phố Hồ Chí Minh", "region": "Đông Nam Bộ", "pop_2019": 190375.0, "pop_dens": 38852.0, "area": 4.92 }, "geometry": { "type": "Polygon", "coordinates": [ [ [ 106.687808080788272, 10.772328169014424 ], [ 106.688248164514675, 10.772838152425482 ], [ 106.688395617872743, 10.773496611504727 ], [ 106.687760518069467, 10.773524181982063 ], [ 106.687504498911721, 10.772897209363453 ], [ 106.687808080788272, 10.772328169014424 ] ] ] } },
{ "type": "Feature", "properties": { "a5": "7a94098cd8000000", "resolution": 16, "center_lat": 10.778986280644899, "center_lon": 106.69140256178586, "avg_edge_len": 72.602777478598597, "cell_area": 7917.261510707438, "cell_perimeter": 363.01388739299296, "code": "770", "name": "Quận 3", "name_en": "District 3", "level": "Quận", "prov_code": "79", "prov_name": "Thành phố Hồ Chí Minh", "region": "Đông Nam Bộ", "pop_2019": 190375.0, "pop_dens": 38852.0, "area": 4.92 }, "geometry": { "type": "Polygon", "coordinates": [ [ [ 106.691099428305961, 10.779186409450823 ], [ 106.690843403955341, 10.778559440977256 ], [ 106.691478512338335, 10.77853185640701 ], [ 106.691918604506782, 10.779041829871288 ], [ 106.691615018684615, 10.779610881199838 ], [ 106.691099428305961, 10.779186409450823 ] ] ] } },
{ "type": "Feature", "properties": { "a5": "7a94098cf8000000", "resolution": 16, "center_lat": 10.778062791136971, "center_lon": 106.69102135012689, "avg_edge_len": 72.846923552387594, "cell_area": 7917.2596099972725, "cell_perimeter": 364.23461776193795, "code": "770", "name": "Quận 3", "name_en": "District 3", "level": "Quận", "prov_code": "79", "prov_name": "Thành phố Hồ Chí Minh", "region": "Đông Nam Bộ", "pop_2019": 190375.0, "pop_dens": 38852.0, "area": 4.92 }, "geometry": { "type": "Polygon", "coordinates": [ [ [ 106.690890964865048, 10.777363423736761 ], [ 106.691331055622754, 10.777873398808167 ], [ 106.691478512338335, 10.77853185640701 ], [ 106.690843403955341, 10.778559440977256 ], [ 106.690587380028433, 10.777932472319758 ], [ 106.690890964865048, 10.777363423736761 ] ] ] } },
{ "type": "Feature", "properties": { "a5": "7a94098c48000000", "resolution": 16, "center_lat": 10.780664684474251, "center_lon": 106.69243020486191, "avg_edge_len": 72.602692541828134, "cell_area": 7917.2614566683769, "cell_perimeter": 363.01346270914064, "code": "770", "name": "Quận 3", "name_en": "District 3", "level": "Quận", "prov_code": "79", "prov_name": "Thành phố Hồ Chí Minh", "region": "Đông Nam Bộ", "pop_2019": 190375.0, "pop_dens": 38852.0, "area": 4.92 }, "geometry": { "type": "Polygon", "coordinates": [ [ [ 106.692127070145261, 10.78086481569092 ], [ 106.691871044202912, 10.780237848537316 ], [ 106.692506155446267, 10.780210259268662 ], [ 106.692946249960528, 10.780720229953094 ], [ 106.692642663153379, 10.781289284027665 ], [ 106.692127070145261, 10.78086481569092 ] ] ] } },
{ "type": "Feature", "properties": { "a5": "7a94098c98000000", "resolution": 16, "center_lat": 10.779741196940977, "center_lon": 106.69204899084004, "avg_edge_len": 72.846882417083492, "cell_area": 7917.259567655623, "cell_perimeter": 364.23441208541749, "code": "770", "name": "Quận 3", "name_en": "District 3", "level": "Quận", "prov_code": "79", "prov_name": "Thành phố Hồ Chí Minh", "region": "Đông Nam Bộ", "pop_2019": 190375.0, "pop_dens": 38852.0, "area": 4.92 }, "geometry": { "type": "Polygon", "coordinates": [ [ [ 106.691918604506782, 10.779041829871288 ], [ 106.692358697609734, 10.779551802162826 ], [ 106.692506155446381, 10.780210259268674 ], [ 106.691871044202912, 10.780237848537316 ], [ 106.691615018684615, 10.779610881199838 ], [ 106.691918604506782, 10.779041829871288 ] ] ] } },
{ "type": "Feature", "properties": { "a5": "7a94098b98000000", "resolution": 16, "center_lat": 10.782343082251421, "center_lon": 106.69345785375225, "avg_edge_len": 72.602607618347022, "cell_area": 7917.2614706978202, "cell_perimeter": 363.0130380917351, "code": "770", "name": "Quận 3", "name_en": "District 3", "level": "Quận", "prov_code": "79", "prov_name": "Thành phố Hồ Chí Minh", "region": "Đông Nam Bộ", "pop_2019": 190375.0, "pop_dens": 38852.0, "area": 4.92 }, "geometry": { "type": "Polygon", "coordinates": [ [ [ 106.693154717798961, 10.782543215879089 ], [ 106.692898690264087, 10.781916250045249 ], [ 106.693533804367917, 10.78188865607787 ], [ 106.693973901228901, 10.782398623982436 ], [ 106.693670313437337, 10.782967680803477 ], [ 106.693154717798961, 10.782543215879089 ] ] ] } },
{ "type": "Feature", "properties": { "a5": "7a94098bb8000000", "resolution": 16, "center_lat": 10.78141959669246, "center_lon": 106.69307663736609, "avg_edge_len": 72.84684129390844, "cell_area": 7917.2596188373864, "cell_perimeter": 364.23420646954219, "code": "770", "name": "Quận 3", "name_en": "District 3", "level": "Quận", "prov_code": "79", "prov_name": "Thành phố Hồ Chí Minh", "region": "Đông Nam Bộ", "pop_2019": 190375.0, "pop_dens": 38852.0, "area": 4.92 }, "geometry": { "type": "Polygon", "coordinates": [ [ [ 106.692946249960528, 10.780720229953094 ], [ 106.693386345409635, 10.781230199464746 ], [ 106.693533804367917, 10.78188865607787 ], [ 106.692898690264087, 10.781916250045249 ], [ 106.692642663153379, 10.781289284027665 ], [ 106.692946249960528, 10.780720229953094 ] ] ] } },
{ "type": "Feature", "properties": { "a5": "7a940989c8000000", "resolution": 16, "center_lat": 10.78402147397659, "center_lon": 106.69448550845922, "avg_edge_len": 72.602522703637405, "cell_area": 7917.2614755481482, "cell_perimeter": 363.01261351818704, "code": "770", "name": "Quận 3", "name_en": "District 3", "level": "Quận", "prov_code": "79", "prov_name": "Thành phố Hồ Chí Minh", "region": "Đông Nam Bộ", "pop_2019": 190375.0, "pop_dens": 38852.0, "area": 4.92 }, "geometry": { "type": "Polygon", "coordinates": [ [ [ 106.694182371269562, 10.784221610015551 ], [ 106.69392634214114, 10.783594645501344 ], [ 106.694561459105785, 10.783567046834829 ], [ 106.695001558314061, 10.78407701195955 ], [ 106.694697969538765, 10.784646071527501 ], [ 106.694182371269562, 10.784221610015551 ] ] ] } },
{ "type": "Feature", "properties": { "a5": "7a94098b58000000", "resolution": 16, "center_lat": 10.783097990391802, "center_lon": 106.69410428970764, "avg_edge_len": 72.84680019133171, "cell_area": 7917.2596054188907, "cell_perimeter": 364.23400095665858, "code": "770", "name": "Quận 3", "name_en": "District 3", "level": "Quận", "prov_code": "79", "prov_name": "Thành phố Hồ Chí Minh", "region": "Đông Nam Bộ", "pop_2019": 190375.0, "pop_dens": 38852.0, "area": 4.92 }, "geometry": { "type": "Polygon", "coordinates": [ [ [ 106.693973901228901, 10.782398623982436 ], [ 106.694413999024846, 10.782908590714234 ], [ 106.694561459105785, 10.783567046834841 ], [ 106.69392634214114, 10.783594645501344 ], [ 106.693670313437337, 10.782967680803477 ], [ 106.693973901228901, 10.782398623982436 ] ] ] } },
{ "type": "Feature", "properties": { "a5": "7a9409a9d8000000", "resolution": 16, "center_lat": 10.772272604800477, "center_lon": 106.68729204757565, "avg_edge_len": 72.60311734110185, "cell_area": 7917.2615216448903, "cell_perimeter": 363.01558670550924, "code": "770", "name": "Quận 3", "name_en": "District 3", "level": "Quận", "prov_code": "79", "prov_name": "Thành phố Hồ Chí Minh", "region": "Đông Nam Bộ", "pop_2019": 190375.0, "pop_dens": 38852.0, "area": 4.92 }, "geometry": { "type": "Polygon", "coordinates": [ [ [ 106.686988919043984, 10.772472723966183 ], [ 106.686732901051755, 10.771845750211169 ], [ 106.68736799799558, 10.7718181844307 ], [ 106.687808080788272, 10.772328169014424 ], [ 106.687504498911721, 10.772897209363453 ], [ 106.686988919043984, 10.772472723966183 ] ] ] } },
{ "type": "Feature", "properties": { "a5": "7a9409a9f8000000", "resolution": 16, "center_lat": 10.771349107391755, "center_lon": 106.68691084535592, "avg_edge_len": 72.847088280076079, "cell_area": 7917.2595885284245, "cell_perimeter": 364.23544140038041, "code": "770", "name": "Quận 3", "name_en": "District 3", "level": "Quận", "prov_code": "79", "prov_name": "Thành phố Hồ Chí Minh", "region": "Đông Nam Bộ", "pop_2019": 190375.0, "pop_dens": 38852.0, "area": 4.92 }, "geometry": { "type": "Polygon", "coordinates": [ [ [ 106.686780464370827, 10.770649738666586 ], [ 106.687220545755054, 10.771159724857524 ], [ 106.68736799799558, 10.771818184430726 ], [ 106.686732901051755, 10.771845750211181 ], [ 106.686476883482101, 10.771218776271853 ], [ 106.686780464370827, 10.770649738666586 ] ] ] } },
{ "type": "Feature", "properties": { "a5": "7a9409a1e8000000", "resolution": 16, "center_lat": 10.769670671321872, "center_lon": 106.6858832336715, "avg_edge_len": 72.847129499846474, "cell_area": 7917.259595297277, "cell_perimeter": 364.23564749923236, "code": "770", "name": "Quận 3", "name_en": "District 3", "level": "Quận", "prov_code": "79", "prov_name": "Thành phố Hồ Chí Minh", "region": "Đông Nam Bộ", "pop_2019": 190375.0, "pop_dens": 38852.0, "area": 4.92 }, "geometry": { "type": "Polygon", "coordinates": [ [ [ 106.685752853753343, 10.768971302264811 ], [ 106.686192932796075, 10.769481291235646 ], [ 106.686340383919969, 10.770139751303011 ], [ 106.685705289835596, 10.770167312386944 ], [ 106.68544927385301, 10.769540337126767 ], [ 106.685752853753343, 10.768971302264811 ] ] ] } },
{ "type": "Feature", "properties": { "a5": "7a9409a308000000", "resolution": 16, "center_lat": 10.770594170706444, "center_lon": 106.68626443353459, "avg_edge_len": 72.603202334930387, "cell_area": 7917.2614675611258, "cell_perimeter": 363.01601167465191, "code": "770", "name": "Quận 3", "name_en": "District 3", "level": "Quận", "prov_code": "79", "prov_name": "Thành phố Hồ Chí Minh", "region": "Đông Nam Bộ", "pop_2019": 190375.0, "pop_dens": 38852.0, "area": 4.92 }, "geometry": { "type": "Polygon", "coordinates": [ [ [ 106.685961306240188, 10.770794287462721 ], [ 106.685705289835596, 10.770167312386944 ], [ 106.686340383919969, 10.770139751303011 ], [ 106.686780464370827, 10.770649738666586 ], [ 106.686476883482101, 10.771218776271853 ], [ 106.685961306240188, 10.770794287462721 ] ] ] } },
{ "type": "Feature", "properties": { "a5": "7a9409a1a8000000", "resolution": 16, "center_lat": 10.768915730558701, "center_lon": 106.68523682529325, "avg_edge_len": 72.603287341589407, "cell_area": 7917.2615310102701, "cell_perimeter": 363.01643670794704, "code": "770", "name": "Quận 3", "name_en": "District 3", "level": "Quận", "prov_code": "79", "prov_name": "Thành phố Hồ Chí Minh", "region": "Đông Nam Bộ", "pop_2019": 190375.0, "pop_dens": 38852.0, "area": 4.92 }, "geometry": { "type": "Polygon", "coordinates": [ [ [ 106.684933699236353, 10.769115844905862 ], [ 106.684677684418375, 10.768488868509142 ], [ 106.685312775643638, 10.768461312121364 ], [ 106.685752853753343, 10.768971302264811 ], [ 106.68544927385301, 10.769540337126767 ], [ 106.684933699236353, 10.769115844905862 ] ] ] } },
{ "type": "Feature", "properties": { "a5": "7a94098998000000", "resolution": 16, "center_lat": 10.785769693080203, "center_lon": 106.69477605198722, "avg_edge_len": 72.846834880249546, "cell_area": 7917.2613331489265, "cell_perimeter": 364.23417440124774, "code": "770", "name": "Quận 3", "name_en": "District 3", "level": "Quận", "prov_code": "79", "prov_name": "Thành phố Hồ Chí Minh", "region": "Đông Nam Bộ", "pop_2019": 190375.0, "pop_dens": 38852.0, "area": 4.92 }, "geometry": { "type": "Polygon", "coordinates": [ [ [ 106.69490644097948, 10.786469061388344 ], [ 106.694466341132397, 10.785959096221628 ], [ 106.694318881106938, 10.785300637329264 ], [ 106.694953999836571, 10.785273034905829 ], [ 106.695210030559338, 10.785899998100573 ], [ 106.69490644097948, 10.786469061388344 ] ] ] } },
{ "type": "Feature", "properties": { "a5": "7a9408f648000000", "resolution": 16, "center_lat": 10.784776378039167, "center_lon": 106.69513194786698, "avg_edge_len": 72.846759104660606, "cell_area": 7917.25961991027, "cell_perimeter": 364.23379552330306, "code": "770", "name": "Quận 3", "name_en": "District 3", "level": "Quận", "prov_code": "79", "prov_name": "Thành phố Hồ Chí Minh", "region": "Đông Nam Bộ", "pop_2019": 190375.0, "pop_dens": 38852.0, "area": 4.92 }, "geometry": { "type": "Polygon", "coordinates": [ [ [ 106.695001558314061, 10.78407701195955 ], [ 106.695441658457753, 10.784586975911473 ], [ 106.695589119662145, 10.785245431539812 ], [ 106.694953999836571, 10.785273034905829 ], [ 106.694697969538765, 10.784646071527488 ], [ 106.695001558314061, 10.78407701195955 ] ] ] } },
{ "type": "Feature", "properties": { "a5": "7a9408f668000000", "resolution": 16, "center_lat": 10.785699859650066, "center_lon": 106.69551316898533, "avg_edge_len": 72.602437801617185, "cell_area": 7917.2614842951298, "cell_perimeter": 363.0121890080859, "code": "770", "name": "Quận 3", "name_en": "District 3", "level": "Quận", "prov_code": "79", "prov_name": "Thành phố Hồ Chí Minh", "region": "Đông Nam Bộ", "pop_2019": 190375.0, "pop_dens": 38852.0, "area": 4.92 }, "geometry": { "type": "Polygon", "coordinates": [ [ [ 106.695210030559338, 10.785899998100573 ], [ 106.694953999836571, 10.785273034905829 ], [ 106.695589119662145, 10.785245431539812 ], [ 106.696029221218623, 10.785755393884704 ], [ 106.695725631460164, 10.786324456200003 ], [ 106.695210030559338, 10.785899998100573 ] ] ] } },
{ "type": "Feature", "properties": { "a5": "7a94099028000000", "resolution": 16, "center_lat": 10.790697156978066, "center_lon": 106.67848080291542, "avg_edge_len": 72.848102933456275, "cell_area": 7917.2596262432635, "cell_perimeter": 364.24051466728139, "code": "770", "name": "Quận 3", "name_en": "District 3", "level": "Quận", "prov_code": "79", "prov_name": "Thành phố Hồ Chí Minh", "region": "Đông Nam Bộ", "pop_2019": 190375.0, "pop_dens": 38852.0, "area": 4.92 }, "geometry": { "type": "Polygon", "coordinates": [ [ [ 106.67835043093703, 10.789997745476793 ], [ 106.678790504180483, 10.790507751693889 ], [ 106.678937947830264, 10.791166250743126 ], [ 106.67830285344985, 10.791193838930413 ], [ 106.678046844585879, 10.79056683114303 ], [ 106.67835043093703, 10.789997745476793 ] ] ] } },
{ "type": "Feature", "properties": { "a5": "7a94099558000000", "resolution": 16, "center_lat": 10.789942190482092, "center_lon": 106.67783440312083, "avg_edge_len": 72.602928005157551, "cell_area": 7917.2615116685629, "cell_perimeter": 363.01464002578774, "code": "770", "name": "Quận 3", "name_en": "District 3", "level": "Quận", "prov_code": "79", "prov_name": "Thành phố Hồ Chí Minh", "region": "Đông Nam Bộ", "pop_2019": 190375.0, "pop_dens": 38852.0, "area": 4.92 }, "geometry": { "type": "Polygon", "coordinates": [ [ [ 106.677531274799207, 10.790142330492953 ], [ 106.677275267105074, 10.789515321572823 ], [ 106.677910358628537, 10.789487738087619 ], [ 106.67835043093703, 10.789997745476793 ], [ 106.678046844585879, 10.79056683114303 ], [ 106.677531274799207, 10.790142330492953 ] ] ] } },
{ "type": "Feature", "properties": { "a5": "7a94099578000000", "resolution": 16, "center_lat": 10.789018641382983, "center_lon": 106.67745321610995, "avg_edge_len": 72.848143811986404, "cell_area": 7917.2596252709627, "cell_perimeter": 364.24071905993202, "code": "770", "name": "Quận 3", "name_en": "District 3", "level": "Quận", "prov_code": "79", "prov_name": "Thành phố Hồ Chí Minh", "region": "Đông Nam Bộ", "pop_2019": 190375.0, "pop_dens": 38852.0, "area": 4.92 }, "geometry": { "type": "Polygon", "coordinates": [ [ [ 106.677322845207982, 10.788319229558201 ], [ 106.677762916104257, 10.788829238551884 ], [ 106.677910358628537, 10.789487738087619 ], [ 106.677275267105074, 10.789515321572823 ], [ 106.677019259836243, 10.788888312470961 ], [ 106.677322845207982, 10.788319229558201 ] ] ] } },
{ "type": "Feature", "properties": { "a5": "7a9409cfc8000000", "resolution": 16, "center_lat": 10.78826367081407, "center_lon": 106.67680681976711, "avg_edge_len": 72.603012865040483, "cell_area": 7917.2614531517029, "cell_perimeter": 363.01506432520239, "code": "770", "name": "Quận 3", "name_en": "District 3", "level": "Quận", "prov_code": "79", "prov_name": "Thành phố Hồ Chí Minh", "region": "Đông Nam Bộ", "pop_2019": 190375.0, "pop_dens": 38852.0, "area": 4.92 }, "geometry": { "type": "Polygon", "coordinates": [ [ [ 106.676503692679262, 10.788463808410642 ], [ 106.6762476865797, 10.787836798175949 ], [ 106.67688277524644, 10.787809219392472 ], [ 106.677322845207982, 10.788319229558201 ], [ 106.677019259836243, 10.788888312470961 ], [ 106.676503692679262, 10.788463808410642 ] ] ] } },
{ "type": "Feature", "properties": { "a5": "7a9409cf18000000", "resolution": 16, "center_lat": 10.786585145106415, "center_lon": 106.67577924223119, "avg_edge_len": 72.603097737294519, "cell_area": 7917.2615303248167, "cell_perimeter": 363.01548868647262, "code": "770", "name": "Quận 3", "name_en": "District 3", "level": "Quận", "prov_code": "79", "prov_name": "Thành phố Hồ Chí Minh", "region": "Đông Nam Bộ", "pop_2019": 190375.0, "pop_dens": 38852.0, "area": 4.92 }, "geometry": { "type": "Polygon", "coordinates": [ [ [ 106.675476116377126, 10.786785280288944 ], [ 106.675220111871454, 10.786158268739529 ], [ 106.675855197681699, 10.786130694657396 ], [ 106.676295265296972, 10.786640707599704 ], [ 106.675991680905327, 10.787209787759449 ], [ 106.675476116377126, 10.786785280288944 ] ] ] } },
{ "type": "Feature", "properties": { "a5": "7a9409cf68000000", "resolution": 16, "center_lat": 10.787340119748299, "center_lon": 106.67642563512345, "avg_edge_len": 72.848184705327782, "cell_area": 7917.259598184377, "cell_perimeter": 364.24092352663894, "code": "770", "name": "Quận 3", "name_en": "District 3", "level": "Quận", "prov_code": "79", "prov_name": "Thành phố Hồ Chí Minh", "region": "Đông Nam Bộ", "pop_2019": 190375.0, "pop_dens": 38852.0, "area": 4.92 }, "geometry": { "type": "Polygon", "coordinates": [ [ [ 106.676295265296972, 10.786640707599704 ], [ 106.67673533384675, 10.787150719370002 ], [ 106.67688277524644, 10.787809219392459 ], [ 106.6762476865797, 10.787836798175949 ], [ 106.675991680905327, 10.787209787759449 ], [ 106.676295265296972, 10.786640707599704 ] ] ] } },
{ "type": "Feature", "properties": { "a5": "7a9409ce48000000", "resolution": 16, "center_lat": 10.78490661335886, "center_lon": 106.67475167051057, "avg_edge_len": 72.603182618955856, "cell_area": 7917.2615222856402, "cell_perimeter": 363.01591309477931, "code": "770", "name": "Quận 3", "name_en": "District 3", "level": "Quận", "prov_code": "79", "prov_name": "Thành phố Hồ Chí Minh", "region": "Đông Nam Bộ", "pop_2019": 190375.0, "pop_dens": 38852.0, "area": 4.92 }, "geometry": { "type": "Polygon", "coordinates": [ [ [ 106.674448545890527, 10.785106746127603 ], [ 106.674192542977835, 10.784479733263323 ], [ 106.674827625931698, 10.784452163882163 ], [ 106.675267691201611, 10.784962179601065 ], [ 106.674964107790402, 10.785531257008223 ], [ 106.674448545890527, 10.785106746127603 ] ] ] } },
{ "type": "Feature", "properties": { "a5": "7a9409cf38000000", "resolution": 16, "center_lat": 10.78566159207371, "center_lon": 106.67539805995345, "avg_edge_len": 72.848225620644286, "cell_area": 7917.2595993392169, "cell_perimeter": 364.2411281032214, "code": "770", "name": "Quận 3", "name_en": "District 3", "level": "Quận", "prov_code": "79", "prov_name": "Thành phố Hồ Chí Minh", "region": "Đông Nam Bộ", "pop_2019": 190375.0, "pop_dens": 38852.0, "area": 4.92 }, "geometry": { "type": "Polygon", "coordinates": [ [ [ 106.675267691201611, 10.784962179601065 ], [ 106.675707757405689, 10.78547219414795 ], [ 106.675855197681699, 10.786130694657396 ], [ 106.675220111871454, 10.786158268739529 ], [ 106.674964107790402, 10.785531257008223 ], [ 106.675267691201611, 10.784962179601065 ] ] ] } },
{ "type": "Feature", "properties": { "a5": "7a9409cd28000000", "resolution": 16, "center_lat": 10.783983058358997, "center_lon": 106.67437049059755, "avg_edge_len": 72.848266547278243, "cell_area": 7917.2595968581736, "cell_perimeter": 364.2413327363912, "code": "770", "name": "Quận 3", "name_en": "District 3", "level": "Quận", "prov_code": "79", "prov_name": "Thành phố Hồ Chí Minh", "region": "Đông Nam Bộ", "pop_2019": 190375.0, "pop_dens": 38852.0, "area": 4.92 }, "geometry": { "type": "Polygon", "coordinates": [ [ [ 106.6742401229194, 10.783283645562019 ], [ 106.674680186778573, 10.783793662885504 ], [ 106.674827625931698, 10.784452163882163 ], [ 106.674192542977835, 10.784479733263323 ], [ 106.673936540489422, 10.783852720217052 ], [ 106.6742401229194, 10.783283645562019 ] ] ] } },
{ "type": "Feature", "properties": { "a5": "7a9409cc58000000", "resolution": 16, "center_lat": 10.78322807557117, "center_lon": 106.67372410460295, "avg_edge_len": 72.603267514259471, "cell_area": 7917.2615152746439, "cell_perimeter": 363.01633757129736, "code": "770", "name": "Quận 3", "name_en": "District 3", "level": "Quận", "prov_code": "79", "prov_name": "Thành phố Hồ Chí Minh", "region": "Đông Nam Bộ", "pop_2019": 190375.0, "pop_dens": 38852.0, "area": 4.92 }, "geometry": { "type": "Polygon", "coordinates": [ [ [ 106.673420981217077, 10.783428205926434 ], [ 106.673164979896342, 10.782801191747092 ], [ 106.673800059994051, 10.78277362706654 ], [ 106.6742401229194, 10.783283645562019 ], [ 106.673936540489422, 10.783852720217052 ], [ 106.673420981217077, 10.783428205926434 ] ] ] } },
{ "type": "Feature", "properties": { "a5": "7a9409cc78000000", "resolution": 16, "center_lat": 10.782304518603894, "center_lon": 106.67334292705324, "avg_edge_len": 72.848307495463786, "cell_area": 7917.2595567032695, "cell_perimeter": 364.2415374773189, "code": "770", "name": "Quận 3", "name_en": "District 3", "level": "Quận", "prov_code": "79", "prov_name": "Thành phố Hồ Chí Minh", "region": "Đông Nam Bộ", "pop_2019": 190375.0, "pop_dens": 38852.0, "area": 4.92 }, "geometry": { "type": "Polygon", "coordinates": [ [ [ 106.673212560447837, 10.781605105482312 ], [ 106.673652621963015, 10.78211512558242 ], [ 106.673800059994051, 10.78277362706654 ], [ 106.673164979896342, 10.782801191747092 ], [ 106.672908978999658, 10.782174177385686 ], [ 106.673212560447837, 10.781605105482312 ] ] ] } },
{ "type": "Feature", "properties": { "a5": "7a9409e148000000", "resolution": 16, "center_lat": 10.76816171561009, "center_lon": 106.67541774842186, "avg_edge_len": 72.603650341102863, "cell_area": 7917.2615053355694, "cell_perimeter": 363.01825170551433, "code": "770", "name": "Quận 3", "name_en": "District 3", "level": "Quận", "prov_code": "79", "prov_name": "Thành phố Hồ Chí Minh", "region": "Đông Nam Bộ", "pop_2019": 190375.0, "pop_dens": 38852.0, "area": 4.92 }, "geometry": { "type": "Polygon", "coordinates": [ [ [ 106.675114629014388, 10.768361826777772 ], [ 106.67485862739295, 10.76773482717118 ], [ 106.675493700957077, 10.767707287544981 ], [ 106.675933761788542, 10.768217302945366 ], [ 106.675630185036539, 10.768786344129001 ], [ 106.675114629014388, 10.768361826777772 ] ] ] } },
{ "type": "Feature", "properties": { "a5": "7a9409e188000000", "resolution": 16, "center_lat": 10.767517913149829, "center_lon": 106.67580339265427, "avg_edge_len": 72.847854060164508, "cell_area": 7917.2613347172737, "cell_perimeter": 364.23927030082251, "code": "770", "name": "Quận 3", "name_en": "District 3", "level": "Quận", "prov_code": "79", "prov_name": "Thành phố Hồ Chí Minh", "region": "Đông Nam Bộ", "pop_2019": 190375.0, "pop_dens": 38852.0, "area": 4.92 }, "geometry": { "type": "Polygon", "coordinates": [ [ [ 106.675933761788542, 10.768217302945366 ], [ 106.675493700957077, 10.767707287544981 ], [ 106.67534626138206, 10.767048805948656 ], [ 106.675981335366487, 10.767021266819768 ], [ 106.676237338394003, 10.767648263217964 ], [ 106.675933761788542, 10.768217302945366 ] ] ] } },
{ "type": "Feature", "properties": { "a5": "7a9409e168000000", "resolution": 16, "center_lat": 10.768231475696229, "center_lon": 106.67468068449527, "avg_edge_len": 72.847950912878417, "cell_area": 7917.2613361552358, "cell_perimeter": 364.23975456439211, "code": "770", "name": "Quận 3", "name_en": "District 3", "level": "Quận", "prov_code": "79", "prov_name": "Thành phố Hồ Chí Minh", "region": "Đông Nam Bộ", "pop_2019": 190375.0, "pop_dens": 38852.0, "area": 4.92 }, "geometry": { "type": "Polygon", "coordinates": [ [ [ 106.674811052439509, 10.76893086892948 ], [ 106.674370993316984, 10.768420850708193 ], [ 106.674223554922719, 10.76776236585283 ], [ 106.67485862739295, 10.76773482717118 ], [ 106.675114629014388, 10.768361826777772 ], [ 106.674811052439509, 10.76893086892948 ] ] ] } },
{ "type": "Feature", "properties": { "a5": "7a9409e0f8000000", "resolution": 16, "center_lat": 10.767448152724244, "center_lon": 106.67654045829111, "avg_edge_len": 72.603632306215076, "cell_area": 7917.2614795714617, "cell_perimeter": 363.01816153107541, "code": "770", "name": "Quận 3", "name_en": "District 3", "level": "Quận", "prov_code": "79", "prov_name": "Thành phố Hồ Chí Minh", "region": "Đông Nam Bộ", "pop_2019": 190375.0, "pop_dens": 38852.0, "area": 4.92 }, "geometry": { "type": "Polygon", "coordinates": [ [ [ 106.676237338394003, 10.767648263217964 ], [ 106.675981335366487, 10.767021266819768 ], [ 106.676616410444694, 10.766993726746584 ], [ 106.677056472985441, 10.767503739326438 ], [ 106.676752896202856, 10.768072778085559 ], [ 106.676237338394003, 10.767648263217964 ] ] ] } },
{ "type": "Feature", "properties": { "a5": "7a9409e0e8000000", "resolution": 16, "center_lat": 10.766804352968453, "center_lon": 106.67692610266076, "avg_edge_len": 72.847757223514776, "cell_area": 7917.2613284513354, "cell_perimeter": 364.23878611757391, "code": "770", "name": "Quận 3", "name_en": "District 3", "level": "Quận", "prov_code": "79", "prov_name": "Thành phố Hồ Chí Minh", "region": "Đông Nam Bộ", "pop_2019": 190375.0, "pop_dens": 38852.0, "area": 4.92 }, "geometry": { "type": "Polygon", "coordinates": [ [ [ 106.677056472985441, 10.767503739326438 ], [ 106.676616410444694, 10.766993726746584 ], [ 106.676468969688699, 10.766335248409073 ], [ 106.677104045187207, 10.766307708833402 ], [ 106.677360049621257, 10.766934702023512 ], [ 106.677056472985441, 10.767503739326438 ] ] ] } },
{ "type": "Feature", "properties": { "a5": "7a9409e0c8000000", "resolution": 16, "center_lat": 10.766734592203887, "center_lon": 106.67766317000782, "avg_edge_len": 72.60361429197647, "cell_area": 7917.2615026012063, "cell_perimeter": 363.01807145988232, "code": "770", "name": "Quận 3", "name_en": "District 3", "level": "Quận", "prov_code": "79", "prov_name": "Thành phố Hồ Chí Minh", "region": "Đông Nam Bộ", "pop_2019": 190375.0, "pop_dens": 38852.0, "area": 4.92 }, "geometry": { "type": "Polygon", "coordinates": [ [ [ 106.677360049621257, 10.766934702023512 ], [ 106.677104045187207, 10.766307708833402 ], [ 106.677739121779496, 10.766280168313655 ], [ 106.678179186029865, 10.766790178073359 ], [ 106.677875609216926, 10.767359214407865 ], [ 106.677360049621257, 10.766934702023512 ] ] ] } },
{ "type": "Feature", "properties": { "a5": "7a9409e248000000", "resolution": 16, "center_lat": 10.766090795152749, "center_lon": 106.67804881451444, "avg_edge_len": 72.847660408681463, "cell_area": 7917.2613331563771, "cell_perimeter": 364.23830204340732, "code": "770", "name": "Quận 3", "name_en": "District 3", "level": "Quận", "prov_code": "79", "prov_name": "Thành phố Hồ Chí Minh", "region": "Đông Nam Bộ", "pop_2019": 190375.0, "pop_dens": 38852.0, "area": 4.92 }, "geometry": { "type": "Polygon", "coordinates": [ [ [ 106.678179186029865, 10.766790178073359 ], [ 106.677739121779496, 10.766280168313655 ], [ 106.67759167984218, 10.765621693234767 ], [ 106.678226756854883, 10.765594153212753 ], [ 106.678482762695921, 10.766221143195038 ], [ 106.678179186029865, 10.766790178073359 ] ] ] } },
{ "type": "Feature", "properties": { "a5": "7a9409bdb8000000", "resolution": 16, "center_lat": 10.766021034049675, "center_lon": 106.67878588357173, "avg_edge_len": 72.603596297363495, "cell_area": 7917.2615002393723, "cell_perimeter": 363.01798148681746, "code": "770", "name": "Quận 3", "name_en": "District 3", "level": "Quận", "prov_code": "79", "prov_name": "Thành phố Hồ Chí Minh", "region": "Đông Nam Bộ", "pop_2019": 190375.0, "pop_dens": 38852.0, "area": 4.92 }, "geometry": { "type": "Polygon", "coordinates": [ [ [ 106.678482762695808, 10.766221143195025 ], [ 106.678226756854883, 10.765594153212765 ], [ 106.678861834961481, 10.765566612246877 ], [ 106.679301900921473, 10.766076619186837 ], [ 106.67899832407852, 10.766645653096584 ], [ 106.678482762695808, 10.766221143195025 ] ] ] } },
{ "type": "Feature", "properties": { "a5": "7a9409bd88000000", "resolution": 16, "center_lat": 10.765307478262351, "center_lon": 106.67990859898258, "avg_edge_len": 72.603578320117521, "cell_area": 7917.2614771574736, "cell_perimeter": 363.01789160058757, "code": "770", "name": "Quận 3", "name_en": "District 3", "level": "Quận", "prov_code": "79", "prov_name": "Thành phố Hồ Chí Minh", "region": "Đông Nam Bộ", "pop_2019": 190375.0, "pop_dens": 38852.0, "area": 4.92 }, "geometry": { "type": "Polygon", "coordinates": [ [ [ 106.679605477617315, 10.765507586733237 ], [ 106.679349470369289, 10.764880599958483 ], [ 106.679984549989967, 10.764853058546951 ], [ 106.680424617660037, 10.76536306266755 ], [ 106.680121040787299, 10.76593209415242 ], [ 106.679605477617315, 10.765507586733237 ] ] ] } },
{ "type": "Feature", "properties": { "a5": "7a94098628000000", "resolution": 16, "center_lat": 10.790092972451568, "center_lon": 106.68980861319318, "avg_edge_len": 72.602479960263665, "cell_area": 7917.2594708427787, "cell_perimeter": 363.01239980131834, "code": "770", "name": "Quận 3", "name_en": "District 3", "level": "Quận", "prov_code": "79", "prov_name": "Thành phố Hồ Chí Minh", "region": "Đông Nam Bộ", "pop_2019": 190375.0, "pop_dens": 38852.0, "area": 4.92 }, "geometry": { "type": "Polygon", "coordinates": [ [ [ 106.6901117490155, 10.789892829688265 ], [ 106.690367773887488, 10.790519807813125 ], [ 106.689732659886886, 10.790547412724955 ], [ 106.689292567647385, 10.790037434615627 ], [ 106.689596157050346, 10.78946835916693 ], [ 106.6901117490155, 10.789892829688265 ] ] ] } },
{ "type": "Feature", "properties": { "a5": "7a94098648000000", "resolution": 16, "center_lat": 10.790806654965515, "center_lon": 106.6886858427716, "avg_edge_len": 72.602498072265362, "cell_area": 7917.2594231665134, "cell_perimeter": 363.0124903613268, "code": "770", "name": "Quận 3", "name_en": "District 3", "level": "Quận", "prov_code": "79", "prov_name": "Thành phố Hồ Chí Minh", "region": "Đông Nam Bộ", "pop_2019": 190375.0, "pop_dens": 38852.0, "area": 4.92 }, "geometry": { "type": "Polygon", "coordinates": [ [ [ 106.688988978101406, 10.790606511524645 ], [ 106.689245001570043, 10.79123349286351 ], [ 106.688609889087388, 10.791261097331711 ], [ 106.688169798555805, 10.790751116398132 ], [ 106.688473387922613, 10.790182038517642 ], [ 106.688988978101406, 10.790606511524645 ] ] ] } },
{ "type": "Feature", "properties": { "a5": "7a94098518000000", "resolution": 16, "center_lat": 10.791450506257487, "center_lon": 106.68830018087623, "avg_edge_len": 72.8473974232747, "cell_area": 7917.2596082128584, "cell_perimeter": 364.23698711637348, "code": "770", "name": "Quận 3", "name_en": "District 3", "level": "Quận", "prov_code": "79", "prov_name": "Thành phố Hồ Chí Minh", "region": "Đông Nam Bộ", "pop_2019": 190375.0, "pop_dens": 38852.0, "area": 4.92 }, "geometry": { "type": "Polygon", "coordinates": [ [ [ 106.688169798555805, 10.790751116398132 ], [ 106.688609889087388, 10.791261097331711 ], [ 106.688757343172369, 10.791919575323965 ], [ 106.688122231111947, 10.79194718029218 ], [ 106.687866209046206, 10.791320195739003 ], [ 106.688169798555805, 10.790751116398132 ] ] ] } },
{ "type": "Feature", "properties": { "a5": "7a94098378000000", "resolution": 16, "center_lat": 10.789379292316086, "center_lon": 106.69093138547343, "avg_edge_len": 72.602461867111316, "cell_area": 7917.2595071196556, "cell_perimeter": 363.01230933555661, "code": "770", "name": "Quận 3", "name_en": "District 3", "level": "Quận", "prov_code": "79", "prov_name": "Thành phố Hồ Chí Minh", "region": "Đông Nam Bộ", "pop_2019": 190375.0, "pop_dens": 38852.0, "area": 4.92 }, "geometry": { "type": "Polygon", "coordinates": [ [ [ 106.691234521788374, 10.789179150230556 ], [ 106.691490548063825, 10.789806125141663 ], [ 106.690855432545277, 10.789833730496689 ], [ 106.690415338597631, 10.789323755211244 ], [ 106.690718928036404, 10.788754682194481 ], [ 106.691234521788374, 10.789179150230556 ] ] ] } },
{ "type": "Feature", "properties": { "a5": "7a940985a8000000", "resolution": 16, "center_lat": 10.791520339857273, "center_lon": 106.68756307420912, "avg_edge_len": 72.602516205128126, "cell_area": 7917.2594847008586, "cell_perimeter": 363.01258102564066, "code": "770", "name": "Quận 3", "name_en": "District 3", "level": "Quận", "prov_code": "79", "prov_name": "Thành phố Hồ Chí Minh", "region": "Đông Nam Bộ", "pop_2019": 190375.0, "pop_dens": 38852.0, "area": 4.92 }, "geometry": { "type": "Polygon", "coordinates": [ [ [ 106.687866209046206, 10.791320195739003 ], [ 106.688122231111947, 10.79194718029218 ], [ 106.687487120147239, 10.791974784316292 ], [ 106.687047031323232, 10.791464800558078 ], [ 106.68735062065366, 10.790895720245901 ], [ 106.687866209046206, 10.791320195739003 ] ] ] } },
{ "type": "Feature", "properties": { "a5": "7a94098598000000", "resolution": 16, "center_lat": 10.792164193862423, "center_lon": 106.68717741245823, "avg_edge_len": 72.847494546620027, "cell_area": 7917.2595779262483, "cell_perimeter": 364.23747273310016, "code": "770", "name": "Quận 3", "name_en": "District 3", "level": "Quận", "prov_code": "79", "prov_name": "Thành phố Hồ Chí Minh", "region": "Đông Nam Bộ", "pop_2019": 190375.0, "pop_dens": 38852.0, "area": 4.92 }, "geometry": { "type": "Polygon", "coordinates": [ [ [ 106.687047031323232, 10.791464800558078 ], [ 106.687487120147239, 10.791974784316292 ], [ 106.687634573055789, 10.792633265574517 ], [ 106.686999462513313, 10.792660870098453 ], [ 106.68674344185024, 10.792033882330662 ], [ 106.687047031323232, 10.791464800558078 ] ] ] } },
{ "type": "Feature", "properties": { "a5": "7a940985c8000000", "resolution": 16, "center_lat": 10.792234027126161, "center_lon": 106.68644030750596, "avg_edge_len": 72.602534353628343, "cell_area": 7917.2594097331166, "cell_perimeter": 363.01267176814173, "code": "770", "name": "Quận 3", "name_en": "District 3", "level": "Quận", "prov_code": "79", "prov_name": "Thành phố Hồ Chí Minh", "region": "Đông Nam Bộ", "pop_2019": 190375.0, "pop_dens": 38852.0, "area": 4.92 }, "geometry": { "type": "Polygon", "coordinates": [ [ [ 106.68674344185024, 10.792033882330662 ], [ 106.686999462513313, 10.792660870098453 ], [ 106.686364353066665, 10.792688473678044 ], [ 106.685924265950007, 10.792178487094775 ], [ 106.686227855243715, 10.791609404351039 ], [ 106.68674344185024, 10.792033882330662 ] ] ] } },
{ "type": "Feature", "properties": { "a5": "7a94098578000000", "resolution": 16, "center_lat": 10.792877883844303, "center_lon": 106.68605464589992, "avg_edge_len": 72.847591684935381, "cell_area": 7917.2596373669803, "cell_perimeter": 364.23795842467689, "code": "770", "name": "Quận 3", "name_en": "District 3", "level": "Quận", "prov_code": "79", "prov_name": "Thành phố Hồ Chí Minh", "region": "Đông Nam Bộ", "pop_2019": 190375.0, "pop_dens": 38852.0, "area": 4.92 }, "geometry": { "type": "Polygon", "coordinates": [ [ [ 106.685924265950007, 10.792178487094775 ], [ 106.686364353066665, 10.792688473678044 ], [ 106.686511804799125, 10.793346958202433 ], [ 106.685876695774709, 10.793374562281613 ], [ 106.68562067651385, 10.792747571298978 ], [ 106.685924265950007, 10.792178487094775 ] ] ] } },
{ "type": "Feature", "properties": { "a5": "7a9409a848000000", "resolution": 16, "center_lat": 10.774062152995848, "center_lon": 106.68935173988913, "avg_edge_len": 72.602966273845567, "cell_area": 7917.2594410851598, "cell_perimeter": 363.01483136922781, "code": "770", "name": "Quận 3", "name_en": "District 3", "level": "Quận", "prov_code": "79", "prov_name": "Thành phố Hồ Chí Minh", "region": "Đông Nam Bộ", "pop_2019": 190375.0, "pop_dens": 38852.0, "area": 4.92 }, "geometry": { "type": "Polygon", "coordinates": [ [ [ 106.689654870008326, 10.773862031176568 ], [ 106.689910892161606, 10.774488999265222 ], [ 106.689275789077669, 10.774516573939753 ], [ 106.688835703008294, 10.774006593308568 ], [ 106.689139285726128, 10.773437551673251 ], [ 106.689654870008326, 10.773862031176568 ] ] ] } },
{ "type": "Feature", "properties": { "a5": "7a9409a898000000", "resolution": 16, "center_lat": 10.774985644701589, "center_lon": 106.68973294728633, "avg_edge_len": 72.846984634365683, "cell_area": 7917.2613329142332, "cell_perimeter": 364.23492317182843, "code": "770", "name": "Quận 3", "name_en": "District 3", "level": "Quận", "prov_code": "79", "prov_name": "Thành phố Hồ Chí Minh", "region": "Đông Nam Bộ", "pop_2019": 190375.0, "pop_dens": 38852.0, "area": 4.92 }, "geometry": { "type": "Polygon", "coordinates": [ [ [ 106.689863331033052, 10.775685011549278 ], [ 106.689423243554074, 10.775175032525276 ], [ 106.689275789077669, 10.77451657393974 ], [ 106.689910892161606, 10.774488999265222 ], [ 106.690166914737802, 10.775115967169585 ], [ 106.689863331033052, 10.775685011549278 ] ] ] } },
{ "type": "Feature", "properties": { "a5": "7a9409a988000000", "resolution": 16, "center_lat": 10.77330722612947, "center_lon": 106.6887053203307, "avg_edge_len": 72.847025824628417, "cell_area": 7917.2613133862615, "cell_perimeter": 364.23512912314209, "code": "770", "name": "Quận 3", "name_en": "District 3", "level": "Quận", "prov_code": "79", "prov_name": "Thành phố Hồ Chí Minh", "region": "Đông Nam Bộ", "pop_2019": 190375.0, "pop_dens": 38852.0, "area": 4.92 }, "geometry": { "type": "Polygon", "coordinates": [ [ [ 106.688835703008294, 10.774006593308568 ], [ 106.688395617872743, 10.773496611504727 ], [ 106.688248164514675, 10.772838152425482 ], [ 106.688883264738934, 10.772810582448024 ], [ 106.689139285726128, 10.773437551673251 ], [ 106.688835703008294, 10.774006593308568 ] ] ] } },
{ "type": "Feature", "properties": { "a5": "7a9409a8d8000000", "resolution": 16, "center_lat": 10.775740567489869, "center_lon": 106.69037937029113, "avg_edge_len": 72.602881303429029, "cell_area": 7917.2594485059381, "cell_perimeter": 363.01440651714518, "code": "770", "name": "Quận 3", "name_en": "District 3", "level": "Quận", "prov_code": "79", "prov_name": "Thành phố Hồ Chí Minh", "region": "Đông Nam Bộ", "pop_2019": 190375.0, "pop_dens": 38852.0, "area": 4.92 }, "geometry": { "type": "Polygon", "coordinates": [ [ [ 106.69068250164753, 10.775540443260738 ], [ 106.690938525390266, 10.776167410028611 ], [ 106.690303419446195, 10.776194989400546 ], [ 106.689863331033052, 10.775685011549278 ], [ 106.690166914737802, 10.775115967169585 ], [ 106.69068250164753, 10.775540443260738 ] ] ] } },
{ "type": "Feature", "properties": { "a5": "7a9409a508000000", "resolution": 16, "center_lat": 10.77741897593044, "center_lon": 106.6914070065006, "avg_edge_len": 72.602796339737594, "cell_area": 7917.2594628408551, "cell_perimeter": 363.01398169868799, "code": "770", "name": "Quận 3", "name_en": "District 3", "level": "Quận", "prov_code": "79", "prov_name": "Thành phố Hồ Chí Minh", "region": "Đông Nam Bộ", "pop_2019": 190375.0, "pop_dens": 38852.0, "area": 4.92 }, "geometry": { "type": "Polygon", "coordinates": [ [ [ 106.691710139093971, 10.777218849291172 ], [ 106.691966164427072, 10.777845814738411 ], [ 106.691331055622754, 10.777873398808167 ], [ 106.690890964865048, 10.777363423736761 ], [ 106.691194549556258, 10.77679437661228 ], [ 106.691710139093971, 10.777218849291172 ] ] ] } },
{ "type": "Feature", "properties": { "a5": "7a9409a8f8000000", "resolution": 16, "center_lat": 10.776664057220223, "center_lon": 106.69076058004838, "avg_edge_len": 72.8469434689016, "cell_area": 7917.2613198384643, "cell_perimeter": 364.234717344508, "code": "770", "name": "Quận 3", "name_en": "District 3", "level": "Quận", "prov_code": "79", "prov_name": "Thành phố Hồ Chí Minh", "region": "Đông Nam Bộ", "pop_2019": 190375.0, "pop_dens": 38852.0, "area": 4.92 }, "geometry": { "type": "Polygon", "coordinates": [ [ [ 106.690890964865048, 10.777363423736761 ], [ 106.690450875041734, 10.776853447492616 ], [ 106.690303419446195, 10.776194989400546 ], [ 106.690938525390266, 10.776167410028611 ], [ 106.691194549556258, 10.77679437661228 ], [ 106.690890964865048, 10.777363423736761 ] ] ] } },
{ "type": "Feature", "properties": { "a5": "7a9409a9a8000000", "resolution": 16, "center_lat": 10.7723837324481, "center_lon": 106.68832411529227, "avg_edge_len": 72.603051266691665, "cell_area": 7917.2594638839364, "cell_perimeter": 363.01525633345835, "code": "770", "name": "Quận 3", "name_en": "District 3", "level": "Quận", "prov_code": "79", "prov_name": "Thành phố Hồ Chí Minh", "region": "Đông Nam Bộ", "pop_2019": 190375.0, "pop_dens": 38852.0, "area": 4.92 }, "geometry": { "type": "Polygon", "coordinates": [ [ [ 106.688627244174313, 10.772183613038418 ], [ 106.688883264738934, 10.772810582448024 ], [ 106.688248164514675, 10.772838152425482 ], [ 106.687808080788272, 10.772328169014424 ], [ 106.688111662518622, 10.771759130123003 ], [ 106.688627244174313, 10.772183613038418 ] ] ] } },
{ "type": "Feature", "properties": { "a5": "7a9409a9e8000000", "resolution": 16, "center_lat": 10.771628801503645, "center_lon": 106.68767769917901, "avg_edge_len": 72.847067022608556, "cell_area": 7917.2613040581346, "cell_perimeter": 364.23533511304277, "code": "770", "name": "Quận 3", "name_en": "District 3", "level": "Quận", "prov_code": "79", "prov_name": "Thành phố Hồ Chí Minh", "region": "Đông Nam Bộ", "pop_2019": 190375.0, "pop_dens": 38852.0, "area": 4.92 }, "geometry": { "type": "Polygon", "coordinates": [ [ [ 106.687808080788272, 10.772328169014424 ], [ 106.68736799799558, 10.7718181844307 ], [ 106.687220545755054, 10.771159724857538 ], [ 106.687855643119519, 10.771132159576741 ], [ 106.688111662518622, 10.771759130123003 ], [ 106.687808080788272, 10.772328169014424 ] ] ] } },
{ "type": "Feature", "properties": { "a5": "7a94098ca8000000", "resolution": 16, "center_lat": 10.779097378317783, "center_lon": 106.69243464852001, "avg_edge_len": 72.602711387535237, "cell_area": 7917.2594385668635, "cell_perimeter": 363.01355693767619, "code": "770", "name": "Quận 3", "name_en": "District 3", "level": "Quận", "prov_code": "79", "prov_name": "Thành phố Hồ Chí Minh", "region": "Đông Nam Bộ", "pop_2019": 190375.0, "pop_dens": 38852.0, "area": 4.92 }, "geometry": { "type": "Polygon", "coordinates": [ [ [ 106.692737782350264, 10.778897249268093 ], [ 106.692993809274526, 10.779524213394904 ], [ 106.692358697609734, 10.779551802162826 ], [ 106.691918604506782, 10.779041829871288 ], [ 106.69222219018377, 10.778472780001556 ], [ 106.692737782350264, 10.778897249268093 ] ] ] } },
{ "type": "Feature", "properties": { "a5": "7a94098ce8000000", "resolution": 16, "center_lat": 10.778342463685632, "center_lon": 106.69178821861911, "avg_edge_len": 72.846902318107354, "cell_area": 7917.261334232986, "cell_perimeter": 364.23451159053678, "code": "770", "name": "Quận 3", "name_en": "District 3", "level": "Quận", "prov_code": "79", "prov_name": "Thành phố Hồ Chí Minh", "region": "Đông Nam Bộ", "pop_2019": 190375.0, "pop_dens": 38852.0, "area": 4.92 }, "geometry": { "type": "Polygon", "coordinates": [ [ [ 106.691918604506782, 10.779041829871288 ], [ 106.691478512338335, 10.77853185640701 ], [ 106.691331055622754, 10.777873398808167 ], [ 106.691966164427072, 10.777845814738411 ], [ 106.69222219018377, 10.778472780001556 ], [ 106.691918604506782, 10.779041829871288 ] ] ] } },
{ "type": "Feature", "properties": { "a5": "7a94098bc8000000", "resolution": 16, "center_lat": 10.780775774652145, "center_lon": 106.69346229635171, "avg_edge_len": 72.602626448975371, "cell_area": 7917.2594335377216, "cell_perimeter": 363.01313224487683, "code": "770", "name": "Quận 3", "name_en": "District 3", "level": "Quận", "prov_code": "79", "prov_name": "Thành phố Hồ Chí Minh", "region": "Đông Nam Bộ", "pop_2019": 190375.0, "pop_dens": 38852.0, "area": 4.92 }, "geometry": { "type": "Polygon", "coordinates": [ [ [ 106.693765431418683, 10.780575643191797 ], [ 106.694021459935129, 10.781202605998288 ], [ 106.693386345409635, 10.781230199464746 ], [ 106.692946249960528, 10.780720229953094 ], [ 106.693249836622726, 10.780151177337672 ], [ 106.693765431418683, 10.780575643191797 ] ] ] } },
{ "type": "Feature", "properties": { "a5": "7a94098c88000000", "resolution": 16, "center_lat": 10.780020864098026, "center_lon": 106.69281586300109, "avg_edge_len": 72.846861182371327, "cell_area": 7917.2613568194211, "cell_perimeter": 364.23430591185661, "code": "770", "name": "Quận 3", "name_en": "District 3", "level": "Quận", "prov_code": "79", "prov_name": "Thành phố Hồ Chí Minh", "region": "Đông Nam Bộ", "pop_2019": 190375.0, "pop_dens": 38852.0, "area": 4.92 }, "geometry": { "type": "Polygon", "coordinates": [ [ [ 106.692946249960528, 10.780720229953094 ], [ 106.692506155446381, 10.780210259268674 ], [ 106.692358697609734, 10.779551802162814 ], [ 106.692993809274526, 10.779524213394891 ], [ 106.693249836622726, 10.780151177337684 ], [ 106.692946249960528, 10.780720229953094 ] ] ] } },
{ "type": "Feature", "properties": { "a5": "7a94098b68000000", "resolution": 16, "center_lat": 10.782454164933782, "center_lon": 106.69448994999827, "avg_edge_len": 72.602541518269305, "cell_area": 7917.2594801783562, "cell_perimeter": 363.0127075913465, "code": "770", "name": "Quận 3", "name_en": "District 3", "level": "Quận", "prov_code": "79", "prov_name": "Thành phố Hồ Chí Minh", "region": "Đông Nam Bộ", "pop_2019": 190375.0, "pop_dens": 38852.0, "area": 4.92 }, "geometry": { "type": "Polygon", "coordinates": [ [ [ 106.694793086301843, 10.782254031062479 ], [ 106.695049116411155, 10.782880992548847 ], [ 106.694413999024846, 10.782908590714234 ], [ 106.693973901228901, 10.782398623982436 ], [ 106.694277488875741, 10.781829568620873 ], [ 106.694793086301843, 10.782254031062479 ] ] ] } },
{ "type": "Feature", "properties": { "a5": "7a94098ba8000000", "resolution": 16, "center_lat": 10.781699258457724, "center_lon": 106.69384351319668, "avg_edge_len": 72.846820068892868, "cell_area": 7917.2613550759852, "cell_perimeter": 364.23410034446437, "code": "770", "name": "Quận 3", "name_en": "District 3", "level": "Quận", "prov_code": "79", "prov_name": "Thành phố Hồ Chí Minh", "region": "Đông Nam Bộ", "pop_2019": 190375.0, "pop_dens": 38852.0, "area": 4.92 }, "geometry": { "type": "Polygon", "coordinates": [ [ [ 106.693973901228901, 10.782398623982436 ], [ 106.693533804367917, 10.78188865607787 ], [ 106.693386345409635, 10.781230199464746 ], [ 106.694021459935129, 10.781202605998288 ], [ 106.694277488875741, 10.781829568620873 ], [ 106.693973901228901, 10.782398623982436 ] ] ] } },
{ "type": "Feature", "properties": { "a5": "7a9408f4c8000000", "resolution": 16, "center_lat": 10.784132549162905, "center_lon": 106.69551760946193, "avg_edge_len": 72.602456602863498, "cell_area": 7917.2594188526273, "cell_perimeter": 363.01228301431752, "code": "770", "name": "Quận 3", "name_en": "District 3", "level": "Quận", "prov_code": "79", "prov_name": "Thành phố Hồ Chí Minh", "region": "Đông Nam Bộ", "pop_2019": 190375.0, "pop_dens": 38852.0, "area": 4.92 }, "geometry": { "type": "Polygon", "coordinates": [ [ [ 106.695820747002017, 10.783932412880398 ], [ 106.696076778705105, 10.784559373046813 ], [ 106.695441658457753, 10.784586975911473 ], [ 106.695001558314061, 10.78407701195955 ], [ 106.695305146944975, 10.78350795385138 ], [ 106.695820747002017, 10.783932412880398 ] ] ] } },
{ "type": "Feature", "properties": { "a5": "7a94098b48000000", "resolution": 16, "center_lat": 10.783377646764899, "center_lon": 106.69487116920828, "avg_edge_len": 72.846778965778441, "cell_area": 7917.2613561972976, "cell_perimeter": 364.23389482889218, "code": "770", "name": "Quận 3", "name_en": "District 3", "level": "Quận", "prov_code": "79", "prov_name": "Thành phố Hồ Chí Minh", "region": "Đông Nam Bộ", "pop_2019": 190375.0, "pop_dens": 38852.0, "area": 4.92 }, "geometry": { "type": "Polygon", "coordinates": [ [ [ 106.695001558314061, 10.78407701195955 ], [ 106.694561459105785, 10.783567046834829 ], [ 106.694413999024846, 10.782908590714234 ], [ 106.695049116411155, 10.782880992548847 ], [ 106.695305146944975, 10.783507953851393 ], [ 106.695001558314061, 10.78407701195955 ] ] ] } },
{ "type": "Feature", "properties": { "a5": "7a9408f658000000", "resolution": 16, "center_lat": 10.785056029019842, "center_lon": 106.69589883103835, "avg_edge_len": 72.846737883333731, "cell_area": 7917.2613005451858, "cell_perimeter": 364.23368941666865, "code": "770", "name": "Quận 3", "name_en": "District 3", "level": "Quận", "prov_code": "79", "prov_name": "Thành phố Hồ Chí Minh", "region": "Đông Nam Bộ", "pop_2019": 190375.0, "pop_dens": 38852.0, "area": 4.92 }, "geometry": { "type": "Polygon", "coordinates": [ [ [ 106.696029221218623, 10.785755393884704 ], [ 106.695589119662145, 10.785245431539812 ], [ 106.695441658457753, 10.784586975911473 ], [ 106.696076778705105, 10.784559373046813 ], [ 106.696332810833042, 10.785186333029477 ], [ 106.696029221218623, 10.785755393884704 ] ] ] } },
{ "type": "Feature", "properties": { "a5": "7a94099008000000", "resolution": 16, "center_lat": 10.7907669720767, "center_lon": 106.67774371640671, "avg_edge_len": 72.602879903911685, "cell_area": 7917.2594102695584, "cell_perimeter": 363.01439951955842, "code": "770", "name": "Quận 3", "name_en": "District 3", "level": "Quận", "prov_code": "79", "prov_name": "Thành phố Hồ Chí Minh", "region": "Đông Nam Bộ", "pop_2019": 190375.0, "pop_dens": 38852.0, "area": 4.92 }, "geometry": { "type": "Polygon", "coordinates": [ [ [ 106.678046844585879, 10.79056683114303 ], [ 106.67830285344985, 10.791193838930413 ], [ 106.677667760164468, 10.791221426172061 ], [ 106.67722768862734, 10.790711417128746 ], [ 106.677531274799207, 10.790142330492953 ], [ 106.678046844585879, 10.79056683114303 ] ] ] } },
{ "type": "Feature", "properties": { "a5": "7a9409cfd8000000", "resolution": 16, "center_lat": 10.789088450990134, "center_lon": 106.67671613289065, "avg_edge_len": 72.602964759688689, "cell_area": 7917.2594246566296, "cell_perimeter": 363.01482379844344, "code": "770", "name": "Quận 3", "name_en": "District 3", "level": "Quận", "prov_code": "79", "prov_name": "Thành phố Hồ Chí Minh", "region": "Đông Nam Bộ", "pop_2019": 190375.0, "pop_dens": 38852.0, "area": 4.92 }, "geometry": { "type": "Polygon", "coordinates": [ [ [ 106.677019259836243, 10.788888312470961 ], [ 106.677275267105074, 10.789515321572823 ], [ 106.676640176676415, 10.789542904112338 ], [ 106.676200107486693, 10.789032892292676 ], [ 106.676503692679262, 10.788463808410642 ], [ 106.677019259836243, 10.788888312470961 ] ] ] } },
{ "type": "Feature", "properties": { "a5": "7a9409cff8000000", "resolution": 16, "center_lat": 10.790012003070879, "center_lon": 106.67709731828236, "avg_edge_len": 72.848219850904741, "cell_area": 7917.2613449916244, "cell_perimeter": 364.2410992545237, "code": "770", "name": "Quận 3", "name_en": "District 3", "level": "Quận", "prov_code": "79", "prov_name": "Thành phố Hồ Chí Minh", "region": "Đông Nam Bộ", "pop_2019": 190375.0, "pop_dens": 38852.0, "area": 4.92 }, "geometry": { "type": "Polygon", "coordinates": [ [ [ 106.67722768862734, 10.790711417128746 ], [ 106.676787618025173, 10.790201406913377 ], [ 106.676640176676415, 10.789542904112338 ], [ 106.677275267105074, 10.789515321572823 ], [ 106.677531274799207, 10.790142330492953 ], [ 106.67722768862734, 10.790711417128746 ] ] ] } },
{ "type": "Feature", "properties": { "a5": "7a9409cf48000000", "resolution": 16, "center_lat": 10.787409923864347, "center_lon": 106.67568855519328, "avg_edge_len": 72.603049629213942, "cell_area": 7917.2594073861837, "cell_perimeter": 363.01524814606972, "code": "770", "name": "Quận 3", "name_en": "District 3", "level": "Quận", "prov_code": "79", "prov_name": "Thành phố Hồ Chí Minh", "region": "Đông Nam Bộ", "pop_2019": 190375.0, "pop_dens": 38852.0, "area": 4.92 }, "geometry": { "type": "Polygon", "coordinates": [ [ [ 106.675991680905327, 10.787209787759449 ], [ 106.6762476865797, 10.787836798175949 ], [ 106.675612599007763, 10.787864376013713 ], [ 106.675172532164424, 10.787354361417698 ], [ 106.675476116377126, 10.786785280288944 ], [ 106.675991680905327, 10.787209787759449 ] ] ] } },
{ "type": "Feature", "properties": { "a5": "7a9409cf98000000", "resolution": 16, "center_lat": 10.788333477911518, "center_lon": 106.67606973821793, "avg_edge_len": 72.848260719897851, "cell_area": 7917.261345949024, "cell_perimeter": 364.24130359948924, "code": "770", "name": "Quận 3", "name_en": "District 3", "level": "Quận", "prov_code": "79", "prov_name": "Thành phố Hồ Chí Minh", "region": "Đông Nam Bộ", "pop_2019": 190375.0, "pop_dens": 38852.0, "area": 4.92 }, "geometry": { "type": "Polygon", "coordinates": [ [ [ 106.676200107486693, 10.789032892292676 ], [ 106.675760039231591, 10.788522879301002 ], [ 106.675612599007763, 10.787864376013713 ], [ 106.6762476865797, 10.787836798175949 ], [ 106.676503692679262, 10.788463808410642 ], [ 106.676200107486693, 10.789032892292676 ] ] ] } },
{ "type": "Feature", "properties": { "a5": "7a9409ce58000000", "resolution": 16, "center_lat": 10.785731390699157, "center_lon": 106.67466098331226, "avg_edge_len": 72.60313450768767, "cell_area": 7917.2594287022948, "cell_perimeter": 363.01567253843837, "code": "770", "name": "Quận 3", "name_en": "District 3", "level": "Quận", "prov_code": "79", "prov_name": "Thành phố Hồ Chí Minh", "region": "Đông Nam Bộ", "pop_2019": 190375.0, "pop_dens": 38852.0, "area": 4.92 }, "geometry": { "type": "Polygon", "coordinates": [ [ [ 106.674964107790402, 10.785531257008223 ], [ 106.675220111871454, 10.786158268739529 ], [ 106.674585027155899, 10.7861858418759 ], [ 106.674144962658374, 10.78567582450354 ], [ 106.674448545890527, 10.785106746127603 ], [ 106.674964107790402, 10.785531257008223 ] ] ] } },
{ "type": "Feature", "properties": { "a5": "7a9409ce78000000", "resolution": 16, "center_lat": 10.786654946712938, "center_lon": 106.675042163971, "avg_edge_len": 72.848301608783501, "cell_area": 7917.2613302581012, "cell_perimeter": 364.24150804391752, "code": "770", "name": "Quận 3", "name_en": "District 3", "level": "Quận", "prov_code": "79", "prov_name": "Thành phố Hồ Chí Minh", "region": "Đông Nam Bộ", "pop_2019": 190375.0, "pop_dens": 38852.0, "area": 4.92 }, "geometry": { "type": "Polygon", "coordinates": [ [ [ 106.675172532164424, 10.787354361417698 ], [ 106.674732466255591, 10.786844345649687 ], [ 106.674585027155899, 10.7861858418759 ], [ 106.675220111871454, 10.786158268739529 ], [ 106.675476116377126, 10.786785280288944 ], [ 106.675172532164424, 10.787354361417698 ] ] ] } },
{ "type": "Feature", "properties": { "a5": "7a9409cd08000000", "resolution": 16, "center_lat": 10.784052851494291, "center_lon": 106.67363341724516, "avg_edge_len": 72.603219402414553, "cell_area": 7917.2594389170408, "cell_perimeter": 363.01609701207275, "code": "770", "name": "Quận 3", "name_en": "District 3", "level": "Quận", "prov_code": "79", "prov_name": "Thành phố Hồ Chí Minh", "region": "Đông Nam Bộ", "pop_2019": 190375.0, "pop_dens": 38852.0, "area": 4.92 }, "geometry": { "type": "Polygon", "coordinates": [ [ [ 106.673936540489422, 10.783852720217052 ], [ 106.674192542977835, 10.784479733263323 ], [ 106.673557461118321, 10.784507301698692 ], [ 106.673117398965815, 10.783997281549969 ], [ 106.673420981217077, 10.783428205926434 ], [ 106.673936540489422, 10.783852720217052 ] ] ] } },
{ "type": "Feature", "properties": { "a5": "7a9409ce18000000", "resolution": 16, "center_lat": 10.78497640947489, "center_lon": 106.67401459553926, "avg_edge_len": 72.848342518197754, "cell_area": 7917.2613129839301, "cell_perimeter": 364.24171259098875, "code": "770", "name": "Quận 3", "name_en": "District 3", "level": "Quận", "prov_code": "79", "prov_name": "Thành phố Hồ Chí Minh", "region": "Đông Nam Bộ", "pop_2019": 190375.0, "pop_dens": 38852.0, "area": 4.92 }, "geometry": { "type": "Polygon", "coordinates": [ [ [ 106.674144962658374, 10.78567582450354 ], [ 106.673704899095014, 10.785165805959211 ], [ 106.673557461118321, 10.784507301698692 ], [ 106.674192542977835, 10.784479733263323 ], [ 106.674448545890527, 10.785106746127603 ], [ 106.674144962658374, 10.78567582450354 ] ] ] } },
{ "type": "Feature", "properties": { "a5": "7a9409c9d8000000", "resolution": 16, "center_lat": 10.782374306249483, "center_lon": 106.67260585698946, "avg_edge_len": 72.603304305207843, "cell_area": 7917.2594610452652, "cell_perimeter": 363.01652152603924, "code": "770", "name": "Quận 3", "name_en": "District 3", "level": "Quận", "prov_code": "79", "prov_name": "Thành phố Hồ Chí Minh", "region": "Đông Nam Bộ", "pop_2019": 190375.0, "pop_dens": 38852.0, "area": 4.92 }, "geometry": { "type": "Polygon", "coordinates": [ [ [ 106.672908978999658, 10.782174177385686 ], [ 106.673164979896342, 10.782801191747092 ], [ 106.672529900892869, 10.782828755481805 ], [ 106.672089841084471, 10.782318732556725 ], [ 106.672393422354162, 10.781749659685142 ], [ 106.672908978999658, 10.782174177385686 ] ] ] } },
{ "type": "Feature", "properties": { "a5": "7a9409c9f8000000", "resolution": 16, "center_lat": 10.7832978661972, "center_lon": 106.67298703292029, "avg_edge_len": 72.848383442634884, "cell_area": 7917.2613332234323, "cell_perimeter": 364.24191721317442, "code": "770", "name": "Quận 3", "name_en": "District 3", "level": "Quận", "prov_code": "79", "prov_name": "Thành phố Hồ Chí Minh", "region": "Đông Nam Bộ", "pop_2019": 190375.0, "pop_dens": 38852.0, "area": 4.92 }, "geometry": { "type": "Polygon", "coordinates": [ [ [ 106.673117398965815, 10.783997281549981 ], [ 106.672677337747245, 10.783487260229316 ], [ 106.672529900892869, 10.782828755481805 ], [ 106.673164979896342, 10.782801191747092 ], [ 106.673420981217077, 10.783428205926434 ], [ 106.673117398965815, 10.783997281549981 ] ] ] } },
{ "type": "Feature", "properties": { "a5": "7a9409e198000000", "resolution": 16, "center_lat": 10.767238179950285, "center_lon": 106.67503657046839, "avg_edge_len": 72.847875280428312, "cell_area": 7917.2595793232322, "cell_perimeter": 364.23937640214154, "code": "770", "name": "Quận 3", "name_en": "District 3", "level": "Quận", "prov_code": "79", "prov_name": "Thành phố Hồ Chí Minh", "region": "Đông Nam Bộ", "pop_2019": 190375.0, "pop_dens": 38852.0, "area": 4.92 }, "geometry": { "type": "Polygon", "coordinates": [ [ [ 106.674906201957015, 10.766538788942153 ], [ 106.67534626138206, 10.767048805948656 ], [ 106.675493700957077, 10.767707287544981 ], [ 106.67485862739295, 10.76773482717118 ], [ 106.674602626193177, 10.767107827380844 ], [ 106.674906201957015, 10.766538788942153 ] ] ] } },
{ "type": "Feature", "properties": { "a5": "7a9409e1c8000000", "resolution": 16, "center_lat": 10.767307937058595, "center_lon": 106.67429950816165, "avg_edge_len": 72.603687215967952, "cell_area": 7917.2594375312328, "cell_perimeter": 363.01843607983977, "code": "770", "name": "Quận 3", "name_en": "District 3", "level": "Quận", "prov_code": "79", "prov_name": "Thành phố Hồ Chí Minh", "region": "Đông Nam Bộ", "pop_2019": 190375.0, "pop_dens": 38852.0, "area": 4.92 }, "geometry": { "type": "Polygon", "coordinates": [ [ [ 106.674602626193177, 10.767107827380844 ], [ 106.67485862739295, 10.76773482717118 ], [ 106.674223554922719, 10.76776236585283 ], [ 106.673783497206728, 10.7672523460256 ], [ 106.674087072793441, 10.76668330661909 ], [ 106.674602626193177, 10.767107827380844 ] ] ] } },
{ "type": "Feature", "properties": { "a5": "7a9409a868000000", "resolution": 16, "center_lat": 10.773992355134453, "center_lon": 106.69008883721574, "avg_edge_len": 72.846909023153827, "cell_area": 7917.2595971077681, "cell_perimeter": 364.23454511576915, "code": "770", "name": "Quận 3", "name_en": "District 3", "level": "Quận", "prov_code": "79", "prov_name": "Thành phố Hồ Chí Minh", "region": "Đông Nam Bộ", "pop_2019": 190375.0, "pop_dens": 38852.0, "area": 4.92 }, "geometry": { "type": "Polygon", "coordinates": [ [ [ 106.689958452903738, 10.773292990512029 ], [ 106.690398540683418, 10.77380296832346 ], [ 106.690545996340688, 10.774461423648058 ], [ 106.689910892161606, 10.774488999265222 ], [ 106.689654870008326, 10.773862031176556 ], [ 106.689958452903738, 10.773292990512029 ] ] ] } },
{ "type": "Feature", "properties": { "a5": "7a9409a8c8000000", "resolution": 16, "center_lat": 10.774915843861248, "center_lon": 106.69047004623452, "avg_edge_len": 72.60292942915828, "cell_area": 7917.2615104392171, "cell_perimeter": 363.0146471457914, "code": "770", "name": "Quận 3", "name_en": "District 3", "level": "Quận", "prov_code": "79", "prov_name": "Thành phố Hồ Chí Minh", "region": "Đông Nam Bộ", "pop_2019": 190375.0, "pop_dens": 38852.0, "area": 4.92 }, "geometry": { "type": "Polygon", "coordinates": [ [ [ 106.690166914737802, 10.775115967169585 ], [ 106.689910892161606, 10.774488999265222 ], [ 106.690545996340688, 10.774461423648058 ], [ 106.690986085529971, 10.774971399852117 ], [ 106.69068250164753, 10.775540443260738 ], [ 106.690166914737802, 10.775115967169585 ] ] ] } },
{ "type": "Feature", "properties": { "a5": "7a9409a938000000", "resolution": 16, "center_lat": 10.77323743077454, "center_lon": 106.68944241598545, "avg_edge_len": 72.603014401703902, "cell_area": 7917.2615004703403, "cell_perimeter": 363.0150720085195, "code": "770", "name": "Quận 3", "name_en": "District 3", "level": "Quận", "prov_code": "79", "prov_name": "Thành phố Hồ Chí Minh", "region": "Đông Nam Bộ", "pop_2019": 190375.0, "pop_dens": 38852.0, "area": 4.92 }, "geometry": { "type": "Polygon", "coordinates": [ [ [ 106.689139285726128, 10.773437551673236 ], [ 106.688883264738934, 10.772810582448024 ], [ 106.689518366057996, 10.772783011527853 ], [ 106.689958452903738, 10.773292990512029 ], [ 106.689654870008326, 10.773862031176556 ], [ 106.689139285726128, 10.773437551673236 ] ] ] } },
{ "type": "Feature", "properties": { "a5": "7a9409a558000000", "resolution": 16, "center_lat": 10.776594250894012, "center_lon": 106.69149768229019, "avg_edge_len": 72.602844462173223, "cell_area": 7917.2615085914731, "cell_perimeter": 363.0142223108661, "code": "770", "name": "Quận 3", "name_en": "District 3", "level": "Quận", "prov_code": "79", "prov_name": "Thành phố Hồ Chí Minh", "region": "Đông Nam Bộ", "pop_2019": 190375.0, "pop_dens": 38852.0, "area": 4.92 }, "geometry": { "type": "Polygon", "coordinates": [ [ [ 106.691194549556258, 10.77679437661228 ], [ 106.690938525390266, 10.776167410028611 ], [ 106.691573632429595, 10.776139829714069 ], [ 106.692013723962987, 10.776649803138005 ], [ 106.691710139093971, 10.777218849291172 ], [ 106.691194549556258, 10.77679437661228 ] ] ] } },
{ "type": "Feature", "properties": { "a5": "7a9409a578000000", "resolution": 16, "center_lat": 10.775670764142939, "center_lon": 106.69111647091134, "avg_edge_len": 72.846867832106255, "cell_area": 7917.2596225477755, "cell_perimeter": 364.23433916053125, "code": "770", "name": "Quận 3", "name_en": "District 3", "level": "Quận", "prov_code": "79", "prov_name": "Thành phố Hồ Chí Minh", "region": "Đông Nam Bộ", "pop_2019": 190375.0, "pop_dens": 38852.0, "area": 4.92 }, "geometry": { "type": "Polygon", "coordinates": [ [ [ 106.690986085529971, 10.774971399852117 ], [ 106.691426175653305, 10.775481374883404 ], [ 106.691573632429595, 10.776139829714069 ], [ 106.690938525390266, 10.776167410028611 ], [ 106.69068250164753, 10.775540443260738 ], [ 106.690986085529971, 10.774971399852117 ] ] ] } },
{ "type": "Feature", "properties": { "a5": "7a94098cb8000000", "resolution": 16, "center_lat": 10.778272651873099, "center_lon": 106.69252532415477, "avg_edge_len": 72.602759509747145, "cell_area": 7917.2614883333445, "cell_perimeter": 363.01379754873574, "code": "770", "name": "Quận 3", "name_en": "District 3", "level": "Quận", "prov_code": "79", "prov_name": "Thành phố Hồ Chí Minh", "region": "Đông Nam Bộ", "pop_2019": 190375.0, "pop_dens": 38852.0, "area": 4.92 }, "geometry": { "type": "Polygon", "coordinates": [ [ [ 106.69222219018377, 10.778472780001556 ], [ 106.691966164427072, 10.777845814738411 ], [ 106.692601274326762, 10.777818229726137 ], [ 106.693041368205286, 10.778328200369955 ], [ 106.692737782350264, 10.778897249268093 ], [ 106.69222219018377, 10.778472780001556 ] ] ] } },
{ "type": "Feature", "properties": { "a5": "7a9409a528000000", "resolution": 16, "center_lat": 10.77734916709748, "center_lon": 106.6921441104145, "avg_edge_len": 72.846826656998815, "cell_area": 7917.2595865577459, "cell_perimeter": 364.23413328499407, "code": "770", "name": "Quận 3", "name_en": "District 3", "level": "Quận", "prov_code": "79", "prov_name": "Thành phố Hồ Chí Minh", "region": "Đông Nam Bộ", "pop_2019": 190375.0, "pop_dens": 38852.0, "area": 4.92 }, "geometry": { "type": "Polygon", "coordinates": [ [ [ 106.692013723962987, 10.776649803138017 ], [ 106.692453816430771, 10.777159775389181 ], [ 106.692601274326762, 10.777818229726137 ], [ 106.691966164427072, 10.777845814738411 ], [ 106.691710139093971, 10.777218849291172 ], [ 106.692013723962987, 10.776649803138017 ] ] ] } },
{ "type": "Feature", "properties": { "a5": "7a94098c18000000", "resolution": 16, "center_lat": 10.779027563998367, "center_lon": 106.69317175572789, "avg_edge_len": 72.846785501749309, "cell_area": 7917.2595976255834, "cell_perimeter": 364.23392750874655, "code": "770", "name": "Quận 3", "name_en": "District 3", "level": "Quận", "prov_code": "79", "prov_name": "Thành phố Hồ Chí Minh", "region": "Đông Nam Bộ", "pop_2019": 190375.0, "pop_dens": 38852.0, "area": 4.92 }, "geometry": { "type": "Polygon", "coordinates": [ [ [ 106.693041368205286, 10.778328200369955 ], [ 106.693481463018202, 10.778838169840997 ], [ 106.693628922034918, 10.779496623684491 ], [ 106.692993809274526, 10.779524213394891 ], [ 106.692737782350264, 10.778897249268093 ], [ 106.693041368205286, 10.778328200369955 ] ] ] } },
{ "type": "Feature", "properties": { "a5": "7a94098c38000000", "resolution": 16, "center_lat": 10.779951046798754, "center_lon": 106.69355297183073, "avg_edge_len": 72.602674568987339, "cell_area": 7917.2614776045084, "cell_perimeter": 363.01337284493667, "code": "770", "name": "Quận 3", "name_en": "District 3", "level": "Quận", "prov_code": "79", "prov_name": "Thành phố Hồ Chí Minh", "region": "Đông Nam Bộ", "pop_2019": 190375.0, "pop_dens": 38852.0, "area": 4.92 }, "geometry": { "type": "Polygon", "coordinates": [ [ [ 106.693249836622726, 10.780151177337672 ], [ 106.692993809274526, 10.779524213394891 ], [ 106.693628922034918, 10.779496623684491 ], [ 106.694069018259142, 10.780006591548224 ], [ 106.693765431418683, 10.780575643191797 ], [ 106.693249836622726, 10.780151177337672 ] ] ] } },
{ "type": "Feature", "properties": { "a5": "7a94098b78000000", "resolution": 16, "center_lat": 10.78162943567121, "center_lon": 106.69458062532046, "avg_edge_len": 72.602589633364445, "cell_area": 7917.2614500746131, "cell_perimeter": 363.01294816682224, "code": "770", "name": "Quận 3", "name_en": "District 3", "level": "Quận", "prov_code": "79", "prov_name": "Thành phố Hồ Chí Minh", "region": "Đông Nam Bộ", "pop_2019": 190375.0, "pop_dens": 38852.0, "area": 4.92 }, "geometry": { "type": "Polygon", "coordinates": [ [ [ 106.694277488875741, 10.781829568620873 ], [ 106.694021459935129, 10.781202605998288 ], [ 106.694656575556223, 10.781175011589388 ], [ 106.695096674126944, 10.781684976673018 ], [ 106.694793086301843, 10.782254031062479 ], [ 106.694277488875741, 10.781829568620873 ] ] ] } },
{ "type": "Feature", "properties": { "a5": "7a94098be8000000", "resolution": 16, "center_lat": 10.780705954845798, "center_lon": 106.69419940685371, "avg_edge_len": 72.846744360428758, "cell_area": 7917.2595787458122, "cell_perimeter": 364.2337218021438, "code": "770", "name": "Quận 3", "name_en": "District 3", "level": "Quận", "prov_code": "79", "prov_name": "Thành phố Hồ Chí Minh", "region": "Đông Nam Bộ", "pop_2019": 190375.0, "pop_dens": 38852.0, "area": 4.92 }, "geometry": { "type": "Polygon", "coordinates": [ [ [ 106.694069018259142, 10.780006591548224 ], [ 106.6945091154181, 10.780516558239141 ], [ 106.694656575556223, 10.781175011589388 ], [ 106.694021459935129, 10.781202605998288 ], [ 106.693765431418683, 10.780575643191797 ], [ 106.694069018259142, 10.780006591548224 ] ] ] } },
{ "type": "Feature", "properties": { "a5": "7a9408f498000000", "resolution": 16, "center_lat": 10.782384339640059, "center_lon": 106.69522706379456, "avg_edge_len": 72.846703239142442, "cell_area": 7917.2596041001379, "cell_perimeter": 364.23351619571224, "code": "770", "name": "Quận 3", "name_en": "District 3", "level": "Quận", "prov_code": "79", "prov_name": "Thành phố Hồ Chí Minh", "region": "Đông Nam Bộ", "pop_2019": 190375.0, "pop_dens": 38852.0, "area": 4.92 }, "geometry": { "type": "Polygon", "coordinates": [ [ [ 106.695096674126944, 10.781684976673018 ], [ 106.695536773632853, 10.782194940583803 ], [ 106.695684234893292, 10.78285339344108 ], [ 106.695049116411155, 10.782880992548847 ], [ 106.694793086301843, 10.782254031062479 ], [ 106.695096674126944, 10.781684976673018 ] ] ] } },
{ "type": "Feature", "properties": { "a5": "7a9408f4b8000000", "resolution": 16, "center_lat": 10.783307818490727, "center_lon": 106.69560828462645, "avg_edge_len": 72.602504717206145, "cell_area": 7917.2615036219358, "cell_perimeter": 363.01252358603074, "code": "770", "name": "Quận 3", "name_en": "District 3", "level": "Quận", "prov_code": "79", "prov_name": "Thành phố Hồ Chí Minh", "region": "Đông Nam Bộ", "pop_2019": 190375.0, "pop_dens": 38852.0, "area": 4.92 }, "geometry": { "type": "Polygon", "coordinates": [ [ [ 106.695305146944975, 10.78350795385138 ], [ 106.695049116411155, 10.782880992548847 ], [ 106.695684234893292, 10.782853393441068 ], [ 106.696124335811419, 10.78336335574461 ], [ 106.695820747002017, 10.783932412880398 ], [ 106.695305146944975, 10.78350795385138 ] ] ] } },
{ "type": "Feature", "properties": { "a5": "7a9408f4e8000000", "resolution": 16, "center_lat": 10.784062718381389, "center_lon": 106.69625472655275, "avg_edge_len": 72.846662134784026, "cell_area": 7917.2596309483051, "cell_perimeter": 364.23331067392013, "code": "770", "name": "Quận 3", "name_en": "District 3", "level": "Quận", "prov_code": "79", "prov_name": "Thành phố Hồ Chí Minh", "region": "Đông Nam Bộ", "pop_2019": 190375.0, "pop_dens": 38852.0, "area": 4.92 }, "geometry": { "type": "Polygon", "coordinates": [ [ [ 106.696124335811419, 10.78336335574461 ], [ 106.696564437664847, 10.783873316875269 ], [ 106.696711900048513, 10.784531769239798 ], [ 106.696076778705105, 10.784559373046813 ], [ 106.695820747002017, 10.783932412880398 ], [ 106.696124335811419, 10.78336335574461 ] ] ] } },
{ "type": "Feature", "properties": { "a5": "7a9408f688000000", "resolution": 16, "center_lat": 10.784986195257535, "center_lon": 106.69663594975106, "avg_edge_len": 72.602419807702148, "cell_area": 7917.2615016996861, "cell_perimeter": 363.01209903851071, "code": "770", "name": "Quận 3", "name_en": "District 3", "level": "Quận", "prov_code": "79", "prov_name": "Thành phố Hồ Chí Minh", "region": "Đông Nam Bộ", "pop_2019": 190375.0, "pop_dens": 38852.0, "area": 4.92 }, "geometry": { "type": "Polygon", "coordinates": [ [ [ 106.696332810833042, 10.785186333029477 ], [ 106.696076778705105, 10.784559373046813 ], [ 106.696711900048513, 10.784531769239798 ], [ 106.697152003314613, 10.785041728763236 ], [ 106.696848413521593, 10.785610788645826 ], [ 106.696332810833042, 10.785186333029477 ] ] ] } },
{ "type": "Feature", "properties": { "a5": "7a94096c08000000", "resolution": 16, "center_lat": 10.79065586139944, "center_lon": 106.67671166214022, "avg_edge_len": 72.602946256287879, "cell_area": 7917.2614923194051, "cell_perimeter": 363.01473128143937, "code": "770", "name": "Quận 3", "name_en": "District 3", "level": "Quận", "prov_code": "79", "prov_name": "Thành phố Hồ Chí Minh", "region": "Đông Nam Bộ", "pop_2019": 190375.0, "pop_dens": 38852.0, "area": 4.92 }, "geometry": { "type": "Polygon", "coordinates": [ [ [ 106.676408534311122, 10.7908560020855 ], [ 106.67615252801852, 10.790228989950597 ], [ 106.676787618025173, 10.790201406913392 ], [ 106.67722768862734, 10.790711417128746 ], [ 106.676924102313023, 10.791280505224258 ], [ 106.676408534311122, 10.7908560020855 ] ] ] } },
{ "type": "Feature", "properties": { "a5": "7a9409cfa8000000", "resolution": 16, "center_lat": 10.788977332813795, "center_lon": 106.67568408337475, "avg_edge_len": 72.603031107981408, "cell_area": 7917.2614656835794, "cell_perimeter": 363.01515553990703, "code": "770", "name": "Quận 3", "name_en": "District 3", "level": "Quận", "prov_code": "79", "prov_name": "Thành phố Hồ Chí Minh", "region": "Đông Nam Bộ", "pop_2019": 190375.0, "pop_dens": 38852.0, "area": 4.92 }, "geometry": { "type": "Polygon", "coordinates": [ [ [ 106.675380956779122, 10.789177471085278 ], [ 106.675124952081433, 10.788550457636241 ], [ 106.675760039231591, 10.788522879301002 ], [ 106.676200107486693, 10.789032892292676 ], [ 106.675896522151334, 10.789601977634128 ], [ 106.675380956779122, 10.789177471085278 ] ] ] } },
{ "type": "Feature", "properties": { "a5": "7a9409cfe8000000", "resolution": 16, "center_lat": 10.789732307561597, "center_lon": 106.67633047720393, "avg_edge_len": 72.848240959698188, "cell_area": 7917.2595978155732, "cell_perimeter": 364.24120479849091, "code": "770", "name": "Quận 3", "name_en": "District 3", "level": "Quận", "prov_code": "79", "prov_name": "Thành phố Hồ Chí Minh", "region": "Đông Nam Bộ", "pop_2019": 190375.0, "pop_dens": 38852.0, "area": 4.92 }, "geometry": { "type": "Polygon", "coordinates": [ [ [ 106.676200107486693, 10.789032892292676 ], [ 106.676640176676415, 10.789542904112338 ], [ 106.676787618025173, 10.790201406913377 ], [ 106.67615252801852, 10.790228989950597 ], [ 106.675896522151334, 10.789601977634113 ], [ 106.676200107486693, 10.789032892292676 ] ] ] } },
{ "type": "Feature", "properties": { "a5": "7a9409ce88000000", "resolution": 16, "center_lat": 10.787298798189504, "center_lon": 106.67465651042738, "avg_edge_len": 72.603115974269727, "cell_area": 7917.2614554911852, "cell_perimeter": 363.01557987134862, "code": "770", "name": "Quận 3", "name_en": "District 3", "level": "Quận", "prov_code": "79", "prov_name": "Thành phố Hồ Chí Minh", "region": "Đông Nam Bộ", "pop_2019": 190375.0, "pop_dens": 38852.0, "area": 4.92 }, "geometry": { "type": "Polygon", "coordinates": [ [ [ 106.674353385065388, 10.787498934046679 ], [ 106.674097381961701, 10.786871919283326 ], [ 106.674732466255591, 10.786844345649687 ], [ 106.675172532164424, 10.787354361417698 ], [ 106.674868947808818, 10.787923444005537 ], [ 106.674353385065388, 10.787498934046679 ] ] ] } },
{ "type": "Feature", "properties": { "a5": "7a9409cf88000000", "resolution": 16, "center_lat": 10.788053777009885, "center_lon": 106.67530290080597, "avg_edge_len": 72.848281834858426, "cell_area": 7917.2595993168652, "cell_perimeter": 364.24140917429213, "code": "770", "name": "Quận 3", "name_en": "District 3", "level": "Quận", "prov_code": "79", "prov_name": "Thành phố Hồ Chí Minh", "region": "Đông Nam Bộ", "pop_2019": 190375.0, "pop_dens": 38852.0, "area": 4.92 }, "geometry": { "type": "Polygon", "coordinates": [ [ [ 106.675172532164424, 10.787354361417698 ], [ 106.675612599007763, 10.787864376013713 ], [ 106.675760039231591, 10.788522879301002 ], [ 106.675124952081433, 10.788550457636241 ], [ 106.674868947808818, 10.787923444005537 ], [ 106.675172532164424, 10.787354361417698 ] ] ] } },
{ "type": "Feature", "properties": { "a5": "7a9409ce28000000", "resolution": 16, "center_lat": 10.785620257526292, "center_lon": 106.67362894329592, "avg_edge_len": 72.603200851376414, "cell_area": 7917.2615139335394, "cell_perimeter": 363.01600425688207, "code": "770", "name": "Quận 3", "name_en": "District 3", "level": "Quận", "prov_code": "79", "prov_name": "Thành phố Hồ Chí Minh", "region": "Đông Nam Bộ", "pop_2019": 190375.0, "pop_dens": 38852.0, "area": 4.92 }, "geometry": { "type": "Polygon", "coordinates": [ [ [ 106.673325819167758, 10.785820390969434 ], [ 106.673069817657165, 10.785193374891621 ], [ 106.673704899095014, 10.785165805959211 ], [ 106.674144962658374, 10.78567582450354 ], [ 106.673841379282862, 10.786244904338234 ], [ 106.673325819167758, 10.785820390969434 ] ] ] } },
{ "type": "Feature", "properties": { "a5": "7a9409ce68000000", "resolution": 16, "center_lat": 10.786375240419266, "center_lon": 106.67427533022493, "avg_edge_len": 72.848322726982545, "cell_area": 7917.2596026845276, "cell_perimeter": 364.24161363491271, "code": "770", "name": "Quận 3", "name_en": "District 3", "level": "Quận", "prov_code": "79", "prov_name": "Thành phố Hồ Chí Minh", "region": "Đông Nam Bộ", "pop_2019": 190375.0, "pop_dens": 38852.0, "area": 4.92 }, "geometry": { "type": "Polygon", "coordinates": [ [ [ 106.674144962658374, 10.78567582450354 ], [ 106.674585027155899, 10.7861858418759 ], [ 106.674732466255591, 10.786844345649687 ], [ 106.674097381961701, 10.786871919283326 ], [ 106.673841379282862, 10.786244904338234 ], [ 106.674144962658374, 10.78567582450354 ] ] ] } },
{ "type": "Feature", "properties": { "a5": "7a9409ca08000000", "resolution": 16, "center_lat": 10.783941710823942, "center_lon": 106.67260138197774, "avg_edge_len": 72.603285740361059, "cell_area": 7917.2614972814918, "cell_perimeter": 363.0164287018053, "code": "770", "name": "Quận 3", "name_en": "District 3", "level": "Quận", "prov_code": "79", "prov_name": "Thành phố Hồ Chí Minh", "region": "Đông Nam Bộ", "pop_2019": 190375.0, "pop_dens": 38852.0, "area": 4.92 }, "geometry": { "type": "Polygon", "coordinates": [ [ [ 106.672298259083391, 10.784141841853296 ], [ 106.67204225916521, 10.78351482446085 ], [ 106.672677337747245, 10.783487260229316 ], [ 106.673117398965815, 10.783997281549981 ], [ 106.672813816571079, 10.784566358631967 ], [ 106.672298259083391, 10.784141841853296 ] ] ] } },
{ "type": "Feature", "properties": { "a5": "7a9409ce08000000", "resolution": 16, "center_lat": 10.784696697789526, "center_lon": 106.67324776545838, "avg_edge_len": 72.848363638823344, "cell_area": 7917.2595696374774, "cell_perimeter": 364.24181819411672, "code": "770", "name": "Quận 3", "name_en": "District 3", "level": "Quận", "prov_code": "79", "prov_name": "Thành phố Hồ Chí Minh", "region": "Đông Nam Bộ", "pop_2019": 190375.0, "pop_dens": 38852.0, "area": 4.92 }, "geometry": { "type": "Polygon", "coordinates": [ [ [ 106.673117398965815, 10.783997281549969 ], [ 106.673557461118321, 10.784507301698692 ], [ 106.673704899095014, 10.785165805959211 ], [ 106.673069817657165, 10.785193374891621 ], [ 106.672813816571079, 10.784566358631954 ], [ 106.673117398965815, 10.783997281549969 ] ] ] } },
{ "type": "Feature", "properties": { "a5": "7a9409c9e8000000", "resolution": 16, "center_lat": 10.783018149120373, "center_lon": 106.67222020650397, "avg_edge_len": 72.848404569251628, "cell_area": 7917.2595779262483, "cell_perimeter": 364.24202284625812, "code": "770", "name": "Quận 3", "name_en": "District 3", "level": "Quận", "prov_code": "79", "prov_name": "Thành phố Hồ Chí Minh", "region": "Đông Nam Bộ", "pop_2019": 190375.0, "pop_dens": 38852.0, "area": 4.92 }, "geometry": { "type": "Polygon", "coordinates": [ [ [ 106.672089841084471, 10.782318732556725 ], [ 106.672529900892869, 10.782828755481805 ], [ 106.672677337747245, 10.783487260229316 ], [ 106.67204225916521, 10.78351482446085 ], [ 106.67178625967108, 10.782887806886494 ], [ 106.672089841084471, 10.782318732556725 ] ] ] } },
{ "type": "Feature", "properties": { "a5": "7a9409a518000000", "resolution": 16, "center_lat": 10.776705354602143, "center_lon": 106.69252976692789, "avg_edge_len": 72.602778395052013, "cell_area": 7917.2594359964132, "cell_perimeter": 363.01389197526004, "code": "770", "name": "Quận 3", "name_en": "District 3", "level": "Quận", "prov_code": "79", "prov_name": "Thành phố Hồ Chí Minh", "region": "Đông Nam Bộ", "pop_2019": 190375.0, "pop_dens": 38852.0, "area": 4.92 }, "geometry": { "type": "Polygon", "coordinates": [ [ [ 106.692832900012149, 10.776505228640353 ], [ 106.693088926751784, 10.777132190877612 ], [ 106.692453816430771, 10.777159775389181 ], [ 106.692013723962987, 10.776649803138017 ], [ 106.69231730868637, 10.77608075844333 ], [ 106.692832900012149, 10.776505228640353 ] ] ] } },
{ "type": "Feature", "properties": { "a5": "7a9409a568000000", "resolution": 16, "center_lat": 10.775950440061953, "center_lon": 106.69188333795634, "avg_edge_len": 72.846846582377026, "cell_area": 7917.2613095827401, "cell_perimeter": 364.23423291188516, "code": "770", "name": "Quận 3", "name_en": "District 3", "level": "Quận", "prov_code": "79", "prov_name": "Thành phố Hồ Chí Minh", "region": "Đông Nam Bộ", "pop_2019": 190375.0, "pop_dens": 38852.0, "area": 4.92 }, "geometry": { "type": "Polygon", "coordinates": [ [ [ 106.692013723962987, 10.776649803138005 ], [ 106.691573632429595, 10.776139829714069 ], [ 106.691426175653305, 10.775481374883404 ], [ 106.69206128311373, 10.77545379506939 ], [ 106.69231730868637, 10.77608075844333 ], [ 106.692013723962987, 10.776649803138005 ] ] ] } },
{ "type": "Feature", "properties": { "a5": "7a9409a448000000", "resolution": 16, "center_lat": 10.778383748087052, "center_lon": 106.69355741354798, "avg_edge_len": 72.602693433354659, "cell_area": 7917.2594452872872, "cell_perimeter": 363.0134671667733, "code": "770", "name": "Quận 3", "name_en": "District 3", "level": "Quận", "prov_code": "79", "prov_name": "Thành phố Hồ Chí Minh", "region": "Đông Nam Bộ", "pop_2019": 190375.0, "pop_dens": 38852.0, "area": 4.92 }, "geometry": { "type": "Polygon", "coordinates": [ [ [ 106.693860547869349, 10.778183619715129 ], [ 106.694116576199917, 10.778810580631518 ], [ 106.693481463018202, 10.778838169840997 ], [ 106.693041368205286, 10.778328200369955 ], [ 106.693344953914789, 10.777759152930626 ], [ 106.693860547869349, 10.778183619715129 ] ] ] } },
{ "type": "Feature", "properties": { "a5": "7a9409a538000000", "resolution": 16, "center_lat": 10.777628837625306, "center_lon": 106.69291098112799, "avg_edge_len": 72.846805413154954, "cell_area": 7917.2613590806723, "cell_perimeter": 364.2340270657748, "code": "770", "name": "Quận 3", "name_en": "District 3", "level": "Quận", "prov_code": "79", "prov_name": "Thành phố Hồ Chí Minh", "region": "Đông Nam Bộ", "pop_2019": 190375.0, "pop_dens": 38852.0, "area": 4.92 }, "geometry": { "type": "Polygon", "coordinates": [ [ [ 106.693041368205286, 10.778328200369955 ], [ 106.692601274326762, 10.777818229726137 ], [ 106.692453816430771, 10.777159775389181 ], [ 106.693088926751784, 10.777132190877612 ], [ 106.693344953914789, 10.777759152930626 ], [ 106.693041368205286, 10.778328200369955 ] ] ] } },
{ "type": "Feature", "properties": { "a5": "7a94098c28000000", "resolution": 16, "center_lat": 10.779307229134684, "center_lon": 106.69393863011031, "avg_edge_len": 72.846764261038089, "cell_area": 7917.2613635994494, "cell_perimeter": 364.23382130519042, "code": "770", "name": "Quận 3", "name_en": "District 3", "level": "Quận", "prov_code": "79", "prov_name": "Thành phố Hồ Chí Minh", "region": "Đông Nam Bộ", "pop_2019": 190375.0, "pop_dens": 38852.0, "area": 4.92 }, "geometry": { "type": "Polygon", "coordinates": [ [ [ 106.694069018259142, 10.780006591548224 ], [ 106.693628922034918, 10.779496623684491 ], [ 106.693481463018202, 10.778838169840997 ], [ 106.694116576199917, 10.778810580631518 ], [ 106.69437260495431, 10.77943754136375 ], [ 106.694069018259142, 10.780006591548224 ] ] ] } },
{ "type": "Feature", "properties": { "a5": "7a94098bf8000000", "resolution": 16, "center_lat": 10.780062135518005, "center_lon": 106.69458506598002, "avg_edge_len": 72.602608488192914, "cell_area": 7917.259424649179, "cell_perimeter": 363.01304244096457, "code": "770", "name": "Quận 3", "name_en": "District 3", "level": "Quận", "prov_code": "79", "prov_name": "Thành phố Hồ Chí Minh", "region": "Đông Nam Bộ", "pop_2019": 190375.0, "pop_dens": 38852.0, "area": 4.92 }, "geometry": { "type": "Polygon", "coordinates": [ [ [ 106.694888201538333, 10.779862004735676 ], [ 106.695144231460745, 10.780488964331367 ], [ 106.6945091154181, 10.780516558239141 ], [ 106.694069018259142, 10.780006591548224 ], [ 106.69437260495431, 10.77943754136375 ], [ 106.694888201538333, 10.779862004735676 ] ] ] } },
{ "type": "Feature", "properties": { "a5": "7a9408f438000000", "resolution": 16, "center_lat": 10.78174051689523, "center_lon": 106.69561272422627, "avg_edge_len": 72.602523553991574, "cell_area": 7917.2594672739506, "cell_perimeter": 363.0126177699579, "code": "770", "name": "Quận 3", "name_en": "District 3", "level": "Quận", "prov_code": "79", "prov_name": "Thành phố Hồ Chí Minh", "region": "Đông Nam Bộ", "pop_2019": 190375.0, "pop_dens": 38852.0, "area": 4.92 }, "geometry": { "type": "Polygon", "coordinates": [ [ [ 106.695915861021376, 10.781540383702231 ], [ 106.69617189253654, 10.782167341977393 ], [ 106.695536773632853, 10.782194940583816 ], [ 106.695096674126944, 10.781684976673018 ], [ 106.695400261807322, 10.781115923742973 ], [ 106.695915861021376, 10.781540383702231 ] ] ] } },
{ "type": "Feature", "properties": { "a5": "7a94098bd8000000", "resolution": 16, "center_lat": 10.78098561459035, "center_lon": 106.69496628490583, "avg_edge_len": 72.846723124578759, "cell_area": 7917.2613315545022, "cell_perimeter": 364.23361562289381, "code": "770", "name": "Quận 3", "name_en": "District 3", "level": "Quận", "prov_code": "79", "prov_name": "Thành phố Hồ Chí Minh", "region": "Đông Nam Bộ", "pop_2019": 190375.0, "pop_dens": 38852.0, "area": 4.92 }, "geometry": { "type": "Polygon", "coordinates": [ [ [ 106.695096674126944, 10.781684976673018 ], [ 106.694656575556223, 10.781175011589388 ], [ 106.6945091154181, 10.780516558239141 ], [ 106.695144231460745, 10.780488964331367 ], [ 106.695400261807322, 10.781115923742973 ], [ 106.695096674126944, 10.781684976673018 ] ] ] } },
{ "type": "Feature", "properties": { "a5": "7a9408f4a8000000", "resolution": 16, "center_lat": 10.782663993992522, "center_lon": 106.69599394551689, "avg_edge_len": 72.846682003495758, "cell_area": 7917.2613017596304, "cell_perimeter": 364.23341001747877, "code": "770", "name": "Quận 3", "name_en": "District 3", "level": "Quận", "prov_code": "79", "prov_name": "Thành phố Hồ Chí Minh", "region": "Đông Nam Bộ", "pop_2019": 190375.0, "pop_dens": 38852.0, "area": 4.92 }, "geometry": { "type": "Polygon", "coordinates": [ [ [ 106.696124335811419, 10.78336335574461 ], [ 106.695684234893292, 10.782853393441068 ], [ 106.695536773632853, 10.782194940583803 ], [ 106.69617189253654, 10.782167341977381 ], [ 106.696427924476097, 10.782794300068518 ], [ 106.696124335811419, 10.78336335574461 ] ] ] } },
{ "type": "Feature", "properties": { "a5": "7a9408f4f8000000", "resolution": 16, "center_lat": 10.783418892218986, "center_lon": 106.69664038828934, "avg_edge_len": 72.602438631349997, "cell_area": 7917.2594685778022, "cell_perimeter": 363.01219315675002, "code": "770", "name": "Quận 3", "name_en": "District 3", "level": "Quận", "prov_code": "79", "prov_name": "Thành phố Hồ Chí Minh", "region": "Đông Nam Bộ", "pop_2019": 190375.0, "pop_dens": 38852.0, "area": 4.92 }, "geometry": { "type": "Polygon", "coordinates": [ [ [ 106.696943526321093, 10.783218756615049 ], [ 106.697199559429919, 10.783845713569818 ], [ 106.696564437664847, 10.783873316875269 ], [ 106.696124335811419, 10.78336335574461 ], [ 106.696427924476097, 10.782794300068518 ], [ 106.696943526321093, 10.783218756615049 ] ] ] } },
{ "type": "Feature", "properties": { "a5": "7a9408f4d8000000", "resolution": 16, "center_lat": 10.784342367341445, "center_lon": 106.69702161194596, "avg_edge_len": 72.846640900822933, "cell_area": 7917.2613525390625, "cell_perimeter": 364.23320450411467, "code": "770", "name": "Quận 3", "name_en": "District 3", "level": "Quận", "prov_code": "79", "prov_name": "Thành phố Hồ Chí Minh", "region": "Đông Nam Bộ", "pop_2019": 190375.0, "pop_dens": 38852.0, "area": 4.92 }, "geometry": { "type": "Polygon", "coordinates": [ [ [ 106.697152003314613, 10.785041728763236 ], [ 106.696711900048513, 10.784531769239798 ], [ 106.696564437664847, 10.783873316875269 ], [ 106.697199559429919, 10.783845713569818 ], [ 106.697455592963252, 10.784472670340682 ], [ 106.697152003314613, 10.785041728763236 ] ] ] } },
{ "type": "Feature", "properties": { "a5": "7a94096c28000000", "resolution": 16, "center_lat": 10.790725673647959, "center_lon": 106.6759745790155, "avg_edge_len": 72.848317019974033, "cell_area": 7917.2613406777382, "cell_perimeter": 364.24158509987018, "code": "770", "name": "Quận 3", "name_en": "District 3", "level": "Quận", "prov_code": "79", "prov_name": "Thành phố Hồ Chí Minh", "region": "Đông Nam Bộ", "pop_2019": 190375.0, "pop_dens": 38852.0, "area": 4.92 }, "geometry": { "type": "Polygon", "coordinates": [ [ [ 106.676104948176203, 10.791425091150387 ], [ 106.675664879280134, 10.790915078108469 ], [ 106.675517439106784, 10.790256572041912 ], [ 106.67615252801852, 10.790228989950597 ], [ 106.676408534311122, 10.7908560020855 ], [ 106.676104948176203, 10.791425091150387 ] ] ] } },
{ "type": "Feature", "properties": { "a5": "7a9409cfb8000000", "resolution": 16, "center_lat": 10.789802116828312, "center_lon": 106.67559339569814, "avg_edge_len": 72.602983005361708, "cell_area": 7917.2594523057342, "cell_perimeter": 363.01491502680852, "code": "770", "name": "Quận 3", "name_en": "District 3", "level": "Quận", "prov_code": "79", "prov_name": "Thành phố Hồ Chí Minh", "region": "Đông Nam Bộ", "pop_2019": 190375.0, "pop_dens": 38852.0, "area": 4.92 }, "geometry": { "type": "Polygon", "coordinates": [ [ [ 106.675896522151334, 10.789601977634128 ], [ 106.67615252801852, 10.790228989950597 ], [ 106.675517439106784, 10.790256572041912 ], [ 106.675077371623047, 10.78974655739585 ], [ 106.675380956779122, 10.789177471085278 ], [ 106.675896522151334, 10.789601977634128 ] ] ] } },
{ "type": "Feature", "properties": { "a5": "7a9409ced8000000", "resolution": 16, "center_lat": 10.7890471395706, "center_lon": 106.67494700353885, "avg_edge_len": 72.8483578767853, "cell_area": 7917.2613654918969, "cell_perimeter": 364.24178938392652, "code": "770", "name": "Quận 3", "name_en": "District 3", "level": "Quận", "prov_code": "79", "prov_name": "Thành phố Hồ Chí Minh", "region": "Đông Nam Bộ", "pop_2019": 190375.0, "pop_dens": 38852.0, "area": 4.92 }, "geometry": { "type": "Polygon", "coordinates": [ [ [ 106.675077371623047, 10.78974655739585 ], [ 106.674637305074157, 10.789236541577852 ], [ 106.674489866025851, 10.788578035025523 ], [ 106.675124952081433, 10.788550457636241 ], [ 106.675380956779122, 10.789177471085278 ], [ 106.675077371623047, 10.78974655739585 ] ] ] } },
{ "type": "Feature", "properties": { "a5": "7a9409cef8000000", "resolution": 16, "center_lat": 10.788123580785221, "center_lon": 106.67456582258905, "avg_edge_len": 72.603067868709545, "cell_area": 7917.2594808936119, "cell_perimeter": 363.01533934354774, "code": "770", "name": "Quận 3", "name_en": "District 3", "level": "Quận", "prov_code": "79", "prov_name": "Thành phố Hồ Chí Minh", "region": "Đông Nam Bộ", "pop_2019": 190375.0, "pop_dens": 38852.0, "area": 4.92 }, "geometry": { "type": "Polygon", "coordinates": [ [ [ 106.674868947808818, 10.787923444005537 ], [ 106.675124952081433, 10.788550457636241 ], [ 106.674489866025851, 10.788578035025536 ], [ 106.674049800888952, 10.788068017603386 ], [ 106.674353385065388, 10.787498934046679 ], [ 106.674868947808818, 10.787923444005537 ] ] ] } },
{ "type": "Feature", "properties": { "a5": "7a9409ce38000000", "resolution": 16, "center_lat": 10.786445038703642, "center_lon": 106.67353825529662, "avg_edge_len": 72.603152740334366, "cell_area": 7917.2594556212425, "cell_perimeter": 363.01576370167186, "code": "770", "name": "Quận 3", "name_en": "District 3", "level": "Quận", "prov_code": "79", "prov_name": "Thành phố Hồ Chí Minh", "region": "Đông Nam Bộ", "pop_2019": 190375.0, "pop_dens": 38852.0, "area": 4.92 }, "geometry": { "type": "Polygon", "coordinates": [ [ [ 106.673841379282862, 10.786244904338234 ], [ 106.674097381961701, 10.786871919283326 ], [ 106.673462298762388, 10.786899491970958 ], [ 106.673022235971189, 10.786389471772727 ], [ 106.673325819167758, 10.785820390969434 ], [ 106.673841379282862, 10.786244904338234 ] ] ] } },
{ "type": "Feature", "properties": { "a5": "7a9409cea8000000", "resolution": 16, "center_lat": 10.787368599455069, "center_lon": 106.67391943388026, "avg_edge_len": 72.848398743926325, "cell_area": 7917.2613518089056, "cell_perimeter": 364.24199371963164, "code": "770", "name": "Quận 3", "name_en": "District 3", "level": "Quận", "prov_code": "79", "prov_name": "Thành phố Hồ Chí Minh", "region": "Đông Nam Bộ", "pop_2019": 190375.0, "pop_dens": 38852.0, "area": 4.92 }, "geometry": { "type": "Polygon", "coordinates": [ [ [ 106.674049800888952, 10.788068017603386 ], [ 106.673609736686331, 10.787557999009316 ], [ 106.673462298762388, 10.786899491970958 ], [ 106.674097381961701, 10.786871919283326 ], [ 106.674353385065388, 10.787498934046679 ], [ 106.674049800888952, 10.788068017603386 ] ] ] } },
{ "type": "Feature", "properties": { "a5": "7a9409cbd8000000", "resolution": 16, "center_lat": 10.785690053301076, "center_lon": 106.67289187003726, "avg_edge_len": 72.848439635547635, "cell_area": 7917.2613018117845, "cell_perimeter": 364.24219817773815, "code": "770", "name": "Quận 3", "name_en": "District 3", "level": "Quận", "prov_code": "79", "prov_name": "Thành phố Hồ Chí Minh", "region": "Đông Nam Bộ", "pop_2019": 190375.0, "pop_dens": 38852.0, "area": 4.92 }, "geometry": { "type": "Polygon", "coordinates": [ [ [ 106.673022235971189, 10.786389471772727 ], [ 106.672582174114154, 10.785879450402579 ], [ 106.672434737313665, 10.785220942877983 ], [ 106.673069817657165, 10.785193374891621 ], [ 106.673325819167758, 10.785820390969434 ], [ 106.673022235971189, 10.786389471772727 ] ] ] } },
{ "type": "Feature", "properties": { "a5": "7a9409cbf8000000", "resolution": 16, "center_lat": 10.784766490583401, "center_lon": 106.67251069381855, "avg_edge_len": 72.603237628001423, "cell_area": 7917.2594446092844, "cell_perimeter": 363.0161881400071, "code": "770", "name": "Quận 3", "name_en": "District 3", "level": "Quận", "prov_code": "79", "prov_name": "Thành phố Hồ Chí Minh", "region": "Đông Nam Bộ", "pop_2019": 190375.0, "pop_dens": 38852.0, "area": 4.92 }, "geometry": { "type": "Polygon", "coordinates": [ [ [ 106.672813816571079, 10.784566358631967 ], [ 106.673069817657165, 10.785193374891634 ], [ 106.672434737313779, 10.785220942877997 ], [ 106.671994676867598, 10.784710919903642 ], [ 106.672298259083391, 10.784141841853296 ], [ 106.672813816571079, 10.784566358631967 ] ] ] } },
{ "type": "Feature", "properties": { "a5": "7a9409c9b8000000", "resolution": 16, "center_lat": 10.783087936424215, "center_lon": 106.67148313815238, "avg_edge_len": 72.603322525252111, "cell_area": 7917.2594483718276, "cell_perimeter": 363.01661262626055, "code": "770", "name": "Quận 3", "name_en": "District 3", "level": "Quận", "prov_code": "79", "prov_name": "Thành phố Hồ Chí Minh", "region": "Đông Nam Bộ", "pop_2019": 190375.0, "pop_dens": 38852.0, "area": 4.92 }, "geometry": { "type": "Polygon", "coordinates": [ [ [ 106.67178625967108, 10.782887806886494 ], [ 106.67204225916521, 10.78351482446085 ], [ 106.671407181677523, 10.783542387746328 ], [ 106.670967123575565, 10.783032361995893 ], [ 106.671270704810354, 10.782463286698059 ], [ 106.67178625967108, 10.782887806886494 ] ] ] } },
{ "type": "Feature", "properties": { "a5": "7a9409ca28000000", "resolution": 16, "center_lat": 10.784011501108372, "center_lon": 106.67186431200744, "avg_edge_len": 72.848480535521901, "cell_area": 7917.261315189302, "cell_perimeter": 364.2424026776095, "code": "770", "name": "Quận 3", "name_en": "District 3", "level": "Quận", "prov_code": "79", "prov_name": "Thành phố Hồ Chí Minh", "region": "Đông Nam Bộ", "pop_2019": 190375.0, "pop_dens": 38852.0, "area": 4.92 }, "geometry": { "type": "Polygon", "coordinates": [ [ [ 106.671994676867598, 10.784710919903642 ], [ 106.671554617355355, 10.784200895757422 ], [ 106.671407181677523, 10.783542387746328 ], [ 106.67204225916521, 10.78351482446085 ], [ 106.672298259083391, 10.784141841853296 ], [ 106.671994676867598, 10.784710919903642 ] ] ] } },
{ "type": "Feature", "properties": { "a5": "7a94098c08000000", "resolution": 16, "center_lat": 10.779237411502752, "center_lon": 106.69467574065351, "avg_edge_len": 72.602656611184628, "cell_area": 7917.2615030631423, "cell_perimeter": 363.01328305592313, "code": "770", "name": "Quận 3", "name_en": "District 3", "level": "Quận", "prov_code": "79", "prov_name": "Thành phố Hồ Chí Minh", "region": "Đông Nam Bộ", "pop_2019": 190375.0, "pop_dens": 38852.0, "area": 4.92 }, "geometry": { "type": "Polygon", "coordinates": [ [ [ 106.69437260495431, 10.77943754136375 ], [ 106.694116576199917, 10.778810580631518 ], [ 106.694751690477233, 10.778782990479788 ], [ 106.695191788411648, 10.779292955523216 ], [ 106.694888201538333, 10.779862004735676 ], [ 106.69437260495431, 10.77943754136375 ] ] ] } },
{ "type": "Feature", "properties": { "a5": "7a9409a418000000", "resolution": 16, "center_lat": 10.778313933434848, "center_lon": 106.69429452246925, "avg_edge_len": 72.846688603891167, "cell_area": 7917.2596079669893, "cell_perimeter": 364.23344301945582, "code": "770", "name": "Quận 3", "name_en": "District 3", "level": "Quận", "prov_code": "79", "prov_name": "Thành phố Hồ Chí Minh", "region": "Đông Nam Bộ", "pop_2019": 190375.0, "pop_dens": 38852.0, "area": 4.92 }, "geometry": { "type": "Polygon", "coordinates": [ [ [ 106.694164133756885, 10.777614573247533 ], [ 106.69460423028022, 10.77812453989846 ], [ 106.694751690477233, 10.778782990479788 ], [ 106.694116576199917, 10.778810580631518 ], [ 106.693860547869349, 10.778183619715129 ], [ 106.694164133756885, 10.777614573247533 ] ] ] } },
{ "type": "Feature", "properties": { "a5": "7a9408f408000000", "resolution": 16, "center_lat": 10.779992315379221, "center_lon": 106.6953221781957, "avg_edge_len": 72.846647443542594, "cell_area": 7917.2596061229706, "cell_perimeter": 364.23323721771294, "code": "770", "name": "Quận 3", "name_en": "District 3", "level": "Quận", "prov_code": "79", "prov_name": "Thành phố Hồ Chí Minh", "region": "Đông Nam Bộ", "pop_2019": 190375.0, "pop_dens": 38852.0, "area": 4.92 }, "geometry": { "type": "Polygon", "coordinates": [ [ [ 106.695191788411648, 10.779292955523216 ], [ 106.695631887280797, 10.779802919393781 ], [ 106.695779348599103, 10.780461369481396 ], [ 106.695144231460745, 10.780488964331367 ], [ 106.694888201538333, 10.779862004735676 ], [ 106.695191788411648, 10.779292955523216 ] ] ] } },
{ "type": "Feature", "properties": { "a5": "7a9408f428000000", "resolution": 16, "center_lat": 10.780915791471507, "center_lon": 106.69570339874348, "avg_edge_len": 72.602571669665807, "cell_area": 7917.2614796683192, "cell_perimeter": 363.01285834832902, "code": "770", "name": "Quận 3", "name_en": "District 3", "level": "Quận", "prov_code": "79", "prov_name": "Thành phố Hồ Chí Minh", "region": "Đông Nam Bộ", "pop_2019": 190375.0, "pop_dens": 38852.0, "area": 4.92 }, "geometry": { "type": "Polygon", "coordinates": [ [ [ 106.695400261807322, 10.781115923742973 ], [ 106.695144231460745, 10.780488964331367 ], [ 106.695779348599103, 10.780461369481396 ], [ 106.696219448879901, 10.780971331744453 ], [ 106.695915861021376, 10.781540383702231 ], [ 106.695400261807322, 10.781115923742973 ] ] ] } },
{ "type": "Feature", "properties": { "a5": "7a9408f468000000", "resolution": 16, "center_lat": 10.781670691269397, "center_lon": 106.69634983973664, "avg_edge_len": 72.846606308557213, "cell_area": 7917.2596157863736, "cell_perimeter": 364.23303154278608, "code": "770", "name": "Quận 3", "name_en": "District 3", "level": "Quận", "prov_code": "79", "prov_name": "Thành phố Hồ Chí Minh", "region": "Đông Nam Bộ", "pop_2019": 190375.0, "pop_dens": 38852.0, "area": 4.92 }, "geometry": { "type": "Polygon", "coordinates": [ [ [ 106.696219448879901, 10.780971331744453 ], [ 106.696659550096001, 10.781481292834647 ], [ 106.696807012536283, 10.782139742428809 ], [ 106.69617189253654, 10.782167341977393 ], [ 106.695915861021376, 10.781540383702231 ], [ 106.696219448879901, 10.780971331744453 ] ] ] } },
{ "type": "Feature", "properties": { "a5": "7a9408f488000000", "resolution": 16, "center_lat": 10.782594165386337, "center_lon": 106.69673106264929, "avg_edge_len": 72.602486748071072, "cell_area": 7917.2614430189133, "cell_perimeter": 363.01243374035539, "code": "770", "name": "Quận 3", "name_en": "District 3", "level": "Quận", "prov_code": "79", "prov_name": "Thành phố Hồ Chí Minh", "region": "Đông Nam Bộ", "pop_2019": 190375.0, "pop_dens": 38852.0, "area": 4.92 }, "geometry": { "type": "Polygon", "coordinates": [ [ [ 106.696427924476211, 10.782794300068531 ], [ 106.69617189253654, 10.782167341977393 ], [ 106.696807012536283, 10.782139742428797 ], [ 106.697247115164373, 10.782649701911518 ], [ 106.696943526321093, 10.783218756615049 ], [ 106.696427924476211, 10.782794300068531 ] ] ] } },
{ "type": "Feature", "properties": { "a5": "7a9408f588000000", "resolution": 16, "center_lat": 10.783349061105664, "center_lon": 106.6973775070945, "avg_edge_len": 72.846565180795167, "cell_area": 7917.2595909833908, "cell_perimeter": 364.23282590397582, "code": "770", "name": "Quận 3", "name_en": "District 3", "level": "Quận", "prov_code": "79", "prov_name": "Thành phố Hồ Chí Minh", "region": "Đông Nam Bộ", "pop_2019": 190375.0, "pop_dens": 38852.0, "area": 4.92 }, "geometry": { "type": "Polygon", "coordinates": [ [ [ 106.697247115164373, 10.782649701911518 ], [ 106.697687218727765, 10.783159660221333 ], [ 106.697834682291045, 10.783818109322267 ], [ 106.697199559429919, 10.783845713569818 ], [ 106.696943526321093, 10.783218756615049 ], [ 106.697247115164373, 10.782649701911518 ] ] ] } },
{ "type": "Feature", "properties": { "a5": "7a94096c18000000", "resolution": 16, "center_lat": 10.790445976109091, "center_lon": 106.67520774015608, "avg_edge_len": 72.848338122944227, "cell_area": 7917.2595806121826, "cell_perimeter": 364.24169061472111, "code": "770", "name": "Quận 3", "name_en": "District 3", "level": "Quận", "prov_code": "79", "prov_name": "Thành phố Hồ Chí Minh", "region": "Đông Nam Bộ", "pop_2019": 190375.0, "pop_dens": 38852.0, "area": 4.92 }, "geometry": { "type": "Polygon", "coordinates": [ [ [ 106.675077371623047, 10.78974655739585 ], [ 106.675517439106784, 10.790256572041912 ], [ 106.675664879280134, 10.790915078108469 ], [ 106.675029790790404, 10.79094266069723 ], [ 106.674773786324522, 10.790315645165872 ], [ 106.675077371623047, 10.78974655739585 ] ] ] } },
{ "type": "Feature", "properties": { "a5": "7a94096cb8000000", "resolution": 16, "center_lat": 10.789690997181848, "center_lon": 106.67456134884002, "avg_edge_len": 72.603049369171458, "cell_area": 7917.261503778398, "cell_perimeter": 363.01524684585729, "code": "770", "name": "Quận 3", "name_en": "District 3", "level": "Quận", "prov_code": "79", "prov_name": "Thành phố Hồ Chí Minh", "region": "Đông Nam Bộ", "pop_2019": 190375.0, "pop_dens": 38852.0, "area": 4.92 }, "geometry": { "type": "Polygon", "coordinates": [ [ [ 106.674258222736853, 10.789891136128087 ], [ 106.674002219440581, 10.789264119464402 ], [ 106.674637305074157, 10.789236541577852 ], [ 106.675077371623047, 10.78974655739585 ], [ 106.674773786324522, 10.790315645165872 ], [ 106.674258222736853, 10.789891136128087 ] ] ] } },
{ "type": "Feature", "properties": { "a5": "7a9409cee8000000", "resolution": 16, "center_lat": 10.788767436639395, "center_lon": 106.67418016834573, "avg_edge_len": 72.848378979323925, "cell_area": 7917.2595752775669, "cell_perimeter": 364.24189489661961, "code": "770", "name": "Quận 3", "name_en": "District 3", "level": "Quận", "prov_code": "79", "prov_name": "Thành phố Hồ Chí Minh", "region": "Đông Nam Bộ", "pop_2019": 190375.0, "pop_dens": 38852.0, "area": 4.92 }, "geometry": { "type": "Polygon", "coordinates": [ [ [ 106.674049800888952, 10.788068017603386 ], [ 106.674489866025851, 10.788578035025536 ], [ 106.674637305074157, 10.789236541577864 ], [ 106.674002219440581, 10.789264119464402 ], [ 106.673746216569498, 10.78863710261923 ], [ 106.674049800888952, 10.788068017603386 ] ] ] } },
{ "type": "Feature", "properties": { "a5": "7a9409ceb8000000", "resolution": 16, "center_lat": 10.788012453639926, "center_lon": 106.67353378048054, "avg_edge_len": 72.603134233093471, "cell_area": 7917.2614807933569, "cell_perimeter": 363.01567116546732, "code": "770", "name": "Quận 3", "name_en": "District 3", "level": "Quận", "prov_code": "79", "prov_name": "Thành phố Hồ Chí Minh", "region": "Đông Nam Bộ", "pop_2019": 190375.0, "pop_dens": 38852.0, "area": 4.92 }, "geometry": { "type": "Polygon", "coordinates": [ [ [ 106.673230655610723, 10.788212590171584 ], [ 106.672974653908682, 10.787585572193999 ], [ 106.673609736686331, 10.787557999009316 ], [ 106.674049800888952, 10.788068017603386 ], [ 106.673746216569498, 10.78863710261923 ], [ 106.673230655610723, 10.788212590171584 ] ] ] } },
{ "type": "Feature", "properties": { "a5": "7a9409cb78000000", "resolution": 16, "center_lat": 10.786333904060074, "center_lon": 106.67250621793727, "avg_edge_len": 72.603219103034775, "cell_area": 7917.261518381536, "cell_perimeter": 363.01609551517384, "code": "770", "name": "Quận 3", "name_en": "District 3", "level": "Quận", "prov_code": "79", "prov_name": "Thành phố Hồ Chí Minh", "region": "Đông Nam Bộ", "pop_2019": 190375.0, "pop_dens": 38852.0, "area": 4.92 }, "geometry": { "type": "Polygon", "coordinates": [ [ [ 106.67220309430104, 10.78653403817742 ], [ 106.671947094192319, 10.785907018885778 ], [ 106.672582174114154, 10.785879450402579 ], [ 106.673022235971189, 10.786389471772727 ], [ 106.672718652631602, 10.786958554034856 ], [ 106.67220309430104, 10.78653403817742 ] ] ] } },
{ "type": "Feature", "properties": { "a5": "7a9409ce98000000", "resolution": 16, "center_lat": 10.787088891131763, "center_lon": 106.67315260235286, "avg_edge_len": 72.848419855278706, "cell_area": 7917.2595591172576, "cell_perimeter": 364.2420992763935, "code": "770", "name": "Quận 3", "name_en": "District 3", "level": "Quận", "prov_code": "79", "prov_name": "Thành phố Hồ Chí Minh", "region": "Đông Nam Bộ", "pop_2019": 190375.0, "pop_dens": 38852.0, "area": 4.92 }, "geometry": { "type": "Polygon", "coordinates": [ [ [ 106.673022235971189, 10.786389471772727 ], [ 106.673462298762388, 10.786899491970958 ], [ 106.673609736686331, 10.787557999009316 ], [ 106.672974653908682, 10.787585572193999 ], [ 106.672718652631602, 10.786958554034856 ], [ 106.673022235971189, 10.786389471772727 ] ] ] } },
{ "type": "Feature", "properties": { "a5": "7a9409cbe8000000", "resolution": 16, "center_lat": 10.785410339585983, "center_lon": 106.67212504217493, "avg_edge_len": 72.84846074946806, "cell_area": 7917.2596106752753, "cell_perimeter": 364.24230374734032, "code": "770", "name": "Quận 3", "name_en": "District 3", "level": "Quận", "prov_code": "79", "prov_name": "Thành phố Hồ Chí Minh", "region": "Đông Nam Bộ", "pop_2019": 190375.0, "pop_dens": 38852.0, "area": 4.92 }, "geometry": { "type": "Polygon", "coordinates": [ [ [ 106.671994676867598, 10.784710919903642 ], [ 106.672434737313779, 10.785220942877997 ], [ 106.672582174114268, 10.785879450402593 ], [ 106.671947094192319, 10.785907018885791 ], [ 106.671691094508333, 10.78527999941249 ], [ 106.671994676867598, 10.784710919903642 ] ] ] } },
{ "type": "Feature", "properties": { "a5": "7a9409ca18000000", "resolution": 16, "center_lat": 10.784655348442058, "center_lon": 106.67147866120786, "avg_edge_len": 72.603303985170811, "cell_area": 7917.2615299522877, "cell_perimeter": 363.01651992585403, "code": "770", "name": "Quận 3", "name_en": "District 3", "level": "Quận", "prov_code": "79", "prov_name": "Thành phố Hồ Chí Minh", "region": "Đông Nam Bộ", "pop_2019": 190375.0, "pop_dens": 38852.0, "area": 4.92 }, "geometry": { "type": "Polygon", "coordinates": [ [ [ 106.671175538805301, 10.784855480145358 ], [ 106.670919540289105, 10.784228459539516 ], [ 106.671554617355355, 10.784200895757422 ], [ 106.671994676867598, 10.784710919903642 ], [ 106.671691094508333, 10.78527999941249 ], [ 106.671175538805301, 10.784855480145358 ] ] ] } },
{ "type": "Feature", "properties": { "a5": "7a9409ca38000000", "resolution": 16, "center_lat": 10.78373178200178, "center_lon": 106.67109748780955, "avg_edge_len": 72.848501655186439, "cell_area": 7917.2595770135522, "cell_perimeter": 364.24250827593221, "code": "770", "name": "Quận 3", "name_en": "District 3", "level": "Quận", "prov_code": "79", "prov_name": "Thành phố Hồ Chí Minh", "region": "Đông Nam Bộ", "pop_2019": 190375.0, "pop_dens": 38852.0, "area": 4.92 }, "geometry": { "type": "Polygon", "coordinates": [ [ [ 106.670967123575565, 10.783032361995893 ], [ 106.671407181677523, 10.783542387746328 ], [ 106.671554617355355, 10.784200895757422 ], [ 106.670919540289105, 10.784228459539516 ], [ 106.670663542197303, 10.783601438751928 ], [ 106.670967123575565, 10.783032361995893 ] ] ] } },
{ "type": "Feature", "properties": { "a5": "7a9408f418000000", "resolution": 16, "center_lat": 10.780271973103618, "center_lon": 106.69608905846945, "avg_edge_len": 72.846626199717164, "cell_area": 7917.2613490521908, "cell_perimeter": 364.23313099858581, "code": "770", "name": "Quận 3", "name_en": "District 3", "level": "Quận", "prov_code": "79", "prov_name": "Thành phố Hồ Chí Minh", "region": "Đông Nam Bộ", "pop_2019": 190375.0, "pop_dens": 38852.0, "area": 4.92 }, "geometry": { "type": "Polygon", "coordinates": [ [ [ 106.696219448879901, 10.780971331744453 ], [ 106.695779348599103, 10.780461369481396 ], [ 106.695631887280797, 10.779802919393781 ], [ 106.696267004840706, 10.779775325045152 ], [ 106.696523036593476, 10.780402281246058 ], [ 106.696219448879901, 10.780971331744453 ] ] ] } },
{ "type": "Feature", "properties": { "a5": "7a9408f458000000", "resolution": 16, "center_lat": 10.781026871237922, "center_lon": 106.6967355003092, "avg_edge_len": 72.602505612480812, "cell_area": 7917.2594352215528, "cell_perimeter": 363.01252806240404, "code": "770", "name": "Quận 3", "name_en": "District 3", "level": "Quận", "prov_code": "79", "prov_name": "Thành phố Hồ Chí Minh", "region": "Đông Nam Bộ", "pop_2019": 190375.0, "pop_dens": 38852.0, "area": 4.92 }, "geometry": { "type": "Polygon", "coordinates": [ [ [ 106.697038637595824, 10.780826738723427 ], [ 106.697294670517181, 10.781453693787624 ], [ 106.696659550096001, 10.781481292834647 ], [ 106.696219448879901, 10.780971331744453 ], [ 106.696523036593476, 10.780402281246058 ], [ 106.697038637595824, 10.780826738723427 ] ] ] } },
{ "type": "Feature", "properties": { "a5": "7a9408f478000000", "resolution": 16, "center_lat": 10.781950343601808, "center_lon": 106.69711672368092, "avg_edge_len": 72.846585059993942, "cell_area": 7917.2613396719098, "cell_perimeter": 364.23292529996968, "code": "770", "name": "Quận 3", "name_en": "District 3", "level": "Quận", "prov_code": "79", "prov_name": "Thành phố Hồ Chí Minh", "region": "Đông Nam Bộ", "pop_2019": 190375.0, "pop_dens": 38852.0, "area": 4.92 }, "geometry": { "type": "Polygon", "coordinates": [ [ [ 106.697247115164373, 10.782649701911518 ], [ 106.696807012536283, 10.782139742428797 ], [ 106.696659550096001, 10.781481292834647 ], [ 106.697294670517181, 10.781453693787636 ], [ 106.697550703862817, 10.782080648667671 ], [ 106.697247115164373, 10.782649701911518 ] ] ] } },
{ "type": "Feature", "properties": { "a5": "7a9408f548000000", "resolution": 16, "center_lat": 10.782705237657311, "center_lon": 106.69776316897249, "avg_edge_len": 72.602420681578963, "cell_area": 7917.2594735473394, "cell_perimeter": 363.01210340789481, "code": "770", "name": "Quận 3", "name_en": "District 3", "level": "Quận", "prov_code": "79", "prov_name": "Thành phố Hồ Chí Minh", "region": "Đông Nam Bộ", "pop_2019": 190375.0, "pop_dens": 38852.0, "area": 4.92 }, "geometry": { "type": "Polygon", "coordinates": [ [ [ 106.698066307495992, 10.782505102732136 ], [ 106.69832234201067, 10.783132056475534 ], [ 106.697687218727765, 10.783159660221333 ], [ 106.697247115164373, 10.782649701911518 ], [ 106.697550703862817, 10.782080648667671 ], [ 106.698066307495992, 10.782505102732136 ] ] ] } },
{ "type": "Feature", "properties": { "a5": "7a9408f598000000", "resolution": 16, "center_lat": 10.783628708045722, "center_lon": 106.69814439470976, "avg_edge_len": 72.846543941010964, "cell_area": 7917.2613295167685, "cell_perimeter": 364.23271970505482, "code": "770", "name": "Quận 3", "name_en": "District 3", "level": "Quận", "prov_code": "79", "prov_name": "Thành phố Hồ Chí Minh", "region": "Đông Nam Bộ", "pop_2019": 190375.0, "pop_dens": 38852.0, "area": 4.92 }, "geometry": { "type": "Polygon", "coordinates": [ [ [ 106.69827478726711, 10.784328066024631 ], [ 106.697834682291045, 10.783818109322267 ], [ 106.697687218727765, 10.783159660221333 ], [ 106.69832234201067, 10.783132056475534 ], [ 106.698578376949854, 10.783759010034865 ], [ 106.69827478726711, 10.784328066024631 ] ] ] } },
{ "type": "Feature", "properties": { "a5": "7a94096ca8000000", "resolution": 16, "center_lat": 10.790515785034911, "center_lon": 106.67447066036385, "avg_edge_len": 72.603001266461021, "cell_area": 7917.2594456598163, "cell_perimeter": 363.01500633230512, "code": "770", "name": "Quận 3", "name_en": "District 3", "level": "Quận", "prov_code": "79", "prov_name": "Thành phố Hồ Chí Minh", "region": "Đông Nam Bộ", "pop_2019": 190375.0, "pop_dens": 38852.0, "area": 4.92 }, "geometry": { "type": "Polygon", "coordinates": [ [ [ 106.674773786324522, 10.790315645165872 ], [ 106.675029790790404, 10.79094266069723 ], [ 106.674394703395478, 10.790970242339895 ], [ 106.673954637617726, 10.790460224867052 ], [ 106.674258222736853, 10.789891136128087 ], [ 106.674773786324522, 10.790315645165872 ] ] ] } },
{ "type": "Feature", "properties": { "a5": "7a94096ce8000000", "resolution": 16, "center_lat": 10.789760803597565, "center_lon": 106.67382427071762, "avg_edge_len": 72.848455043631745, "cell_area": 7917.2613544017076, "cell_perimeter": 364.24227521815874, "code": "770", "name": "Quận 3", "name_en": "District 3", "level": "Quận", "prov_code": "79", "prov_name": "Thành phố Hồ Chí Minh", "region": "Đông Nam Bộ", "pop_2019": 190375.0, "pop_dens": 38852.0, "area": 4.92 }, "geometry": { "type": "Polygon", "coordinates": [ [ [ 106.673954637617726, 10.790460224867052 ], [ 106.673514572774593, 10.789950206222349 ], [ 106.673367134901696, 10.78929169640478 ], [ 106.674002219440581, 10.789264119464402 ], [ 106.674258222736853, 10.789891136128087 ], [ 106.673954637617726, 10.790460224867052 ] ] ] } },
{ "type": "Feature", "properties": { "a5": "7a9409cec8000000", "resolution": 16, "center_lat": 10.788837240073464, "center_lon": 106.673443091842, "avg_edge_len": 72.603086125430238, "cell_area": 7917.2595027834177, "cell_perimeter": 363.0154306271512, "code": "770", "name": "Quận 3", "name_en": "District 3", "level": "Quận", "prov_code": "79", "prov_name": "Thành phố Hồ Chí Minh", "region": "Đông Nam Bộ", "pop_2019": 190375.0, "pop_dens": 38852.0, "area": 4.92 }, "geometry": { "type": "Polygon", "coordinates": [ [ [ 106.673746216569498, 10.78863710261923 ], [ 106.674002219440581, 10.789264119464402 ], [ 106.673367134901696, 10.78929169640478 ], [ 106.672927071470554, 10.788781676156102 ], [ 106.673230655610723, 10.788212590171584 ], [ 106.673746216569498, 10.78863710261923 ] ] ] } },
{ "type": "Feature", "properties": { "a5": "7a9409cb48000000", "resolution": 16, "center_lat": 10.788082254564051, "center_lon": 106.67279670564646, "avg_edge_len": 72.84849589555624, "cell_area": 7917.2613393142819, "cell_perimeter": 364.24247947778122, "code": "770", "name": "Quận 3", "name_en": "District 3", "level": "Quận", "prov_code": "79", "prov_name": "Thành phố Hồ Chí Minh", "region": "Đông Nam Bộ", "pop_2019": 190375.0, "pop_dens": 38852.0, "area": 4.92 }, "geometry": { "type": "Polygon", "coordinates": [ [ [ 106.672927071470554, 10.788781676156114 ], [ 106.672487008974031, 10.788271654735578 ], [ 106.67233957222561, 10.787613144432472 ], [ 106.672974653908682, 10.787585572193999 ], [ 106.673230655610723, 10.788212590171584 ], [ 106.672927071470554, 10.788781676156114 ] ] ] } },
{ "type": "Feature", "properties": { "a5": "7a9409cb68000000", "resolution": 16, "center_lat": 10.787158689074563, "center_lon": 106.67241552913742, "avg_edge_len": 72.603170991724582, "cell_area": 7917.2594807222486, "cell_perimeter": 363.01585495862292, "code": "770", "name": "Quận 3", "name_en": "District 3", "level": "Quận", "prov_code": "79", "prov_name": "Thành phố Hồ Chí Minh", "region": "Đông Nam Bộ", "pop_2019": 190375.0, "pop_dens": 38852.0, "area": 4.92 }, "geometry": { "type": "Polygon", "coordinates": [ [ [ 106.672718652631602, 10.786958554034856 ], [ 106.672974653908682, 10.787585572193999 ], [ 106.67233957222561, 10.787613144432472 ], [ 106.671899511140509, 10.787103121407966 ], [ 106.67220309430104, 10.78653403817742 ], [ 106.672718652631602, 10.786958554034856 ] ] ] } },
{ "type": "Feature", "properties": { "a5": "7a9409cba8000000", "resolution": 16, "center_lat": 10.786403699493091, "center_lon": 106.67176914639141, "avg_edge_len": 72.848536765573371, "cell_area": 7917.2613223232329, "cell_perimeter": 364.24268382786687, "code": "770", "name": "Quận 3", "name_en": "District 3", "level": "Quận", "prov_code": "79", "prov_name": "Thành phố Hồ Chí Minh", "region": "Đông Nam Bộ", "pop_2019": 190375.0, "pop_dens": 38852.0, "area": 4.92 }, "geometry": { "type": "Polygon", "coordinates": [ [ [ 106.671899511140509, 10.787103121407979 ], [ 106.671459450989573, 10.786593097211615 ], [ 106.671312015364947, 10.785934586422741 ], [ 106.671947094192433, 10.785907018885791 ], [ 106.67220309430104, 10.786534038177432 ], [ 106.671899511140509, 10.787103121407979 ] ] ] } },
{ "type": "Feature", "properties": { "a5": "7a9409cbc8000000", "resolution": 16, "center_lat": 10.785480132037948, "center_lon": 106.67138797224759, "avg_edge_len": 72.603255870284627, "cell_area": 7917.2594106420875, "cell_perimeter": 363.01627935142312, "code": "770", "name": "Quận 3", "name_en": "District 3", "level": "Quận", "prov_code": "79", "prov_name": "Thành phố Hồ Chí Minh", "region": "Đông Nam Bộ", "pop_2019": 190375.0, "pop_dens": 38852.0, "area": 4.92 }, "geometry": { "type": "Polygon", "coordinates": [ [ [ 106.671691094508333, 10.78527999941249 ], [ 106.671947094192319, 10.785907018885778 ], [ 106.671312015364947, 10.785934586422741 ], [ 106.670871956624978, 10.785424560622374 ], [ 106.671175538805301, 10.784855480145358 ], [ 106.671691094508333, 10.78527999941249 ] ] ] } },
{ "type": "Feature", "properties": { "a5": "7a9409ca98000000", "resolution": 16, "center_lat": 10.783801568963392, "center_lon": 106.67036042117013, "avg_edge_len": 72.60334076499268, "cell_area": 7917.259473733604, "cell_perimeter": 363.01670382496343, "code": "770", "name": "Quận 3", "name_en": "District 3", "level": "Quận", "prov_code": "79", "prov_name": "Thành phố Hồ Chí Minh", "region": "Đông Nam Bộ", "pop_2019": 190375.0, "pop_dens": 38852.0, "area": 4.92 }, "geometry": { "type": "Polygon", "coordinates": [ [ [ 106.670663542197303, 10.783601438751928 ], [ 106.670919540289105, 10.784228459539516 ], [ 106.670284464317092, 10.784256022375313 ], [ 106.66984440792146, 10.783745993799091 ], [ 106.670147989121006, 10.78317691607517 ], [ 106.670663542197303, 10.783601438751928 ] ] ] } },
{ "type": "Feature", "properties": { "a5": "7a9409cab8000000", "resolution": 16, "center_lat": 10.784725138384417, "center_lon": 106.67074159294994, "avg_edge_len": 72.848577652519253, "cell_area": 7917.2613420262933, "cell_perimeter": 364.2428882625963, "code": "770", "name": "Quận 3", "name_en": "District 3", "level": "Quận", "prov_code": "79", "prov_name": "Thành phố Hồ Chí Minh", "region": "Đông Nam Bộ", "pop_2019": 190375.0, "pop_dens": 38852.0, "area": 4.92 }, "geometry": { "type": "Polygon", "coordinates": [ [ [ 106.670871956624978, 10.785424560622374 ], [ 106.670431898818833, 10.784914533650202 ], [ 106.670284464317092, 10.784256022375313 ], [ 106.670919540289105, 10.784228459539516 ], [ 106.671175538805301, 10.784855480145358 ], [ 106.670871956624978, 10.785424560622374 ] ] ] } },
{ "type": "Feature", "properties": { "a5": "7a94096cd8000000", "resolution": 16, "center_lat": 10.790404663917569, "center_lon": 106.67343861616351, "avg_edge_len": 72.603067654469655, "cell_area": 7917.2614618241787, "cell_perimeter": 363.01533827234829, "code": "770", "name": "Quận 3", "name_en": "District 3", "level": "Quận", "prov_code": "79", "prov_name": "Thành phố Hồ Chí Minh", "region": "Đông Nam Bộ", "pop_2019": 190375.0, "pop_dens": 38852.0, "area": 4.92 }, "geometry": { "type": "Polygon", "coordinates": [ [ [ 106.673135490552795, 10.790604803538363 ], [ 106.6728794886576, 10.789977783659753 ], [ 106.673514572774593, 10.789950206222349 ], [ 106.673954637617726, 10.790460224867052 ], [ 106.673651052356149, 10.791029315065533 ], [ 106.673135490552795, 10.790604803538363 ] ] ] } },
{ "type": "Feature", "properties": { "a5": "7a94096cf8000000", "resolution": 16, "center_lat": 10.789481098636124, "center_lon": 106.67305743774318, "avg_edge_len": 72.848476141053169, "cell_area": 7917.2595831230283, "cell_perimeter": 364.24238070526587, "code": "770", "name": "Quận 3", "name_en": "District 3", "level": "Quận", "prov_code": "79", "prov_name": "Thành phố Hồ Chí Minh", "region": "Đông Nam Bộ", "pop_2019": 190375.0, "pop_dens": 38852.0, "area": 4.92 }, "geometry": { "type": "Polygon", "coordinates": [ [ [ 106.672927071470554, 10.788781676156114 ], [ 106.673367134901696, 10.78929169640478 ], [ 106.673514572774593, 10.789950206222349 ], [ 106.6728794886576, 10.789977783659753 ], [ 106.672623487187821, 10.789350763599831 ], [ 106.672927071470554, 10.788781676156114 ] ] ] } },
{ "type": "Feature", "properties": { "a5": "7a94096e08000000", "resolution": 16, "center_lat": 10.788726111457018, "center_lon": 106.67241105239091, "avg_edge_len": 72.603152504767394, "cell_area": 7917.2614850178361, "cell_perimeter": 363.015762523837, "code": "770", "name": "Quận 3", "name_en": "District 3", "level": "Quận", "prov_code": "79", "prov_name": "Thành phố Hồ Chí Minh", "region": "Đông Nam Bộ", "pop_2019": 190375.0, "pop_dens": 38852.0, "area": 4.92 }, "geometry": { "type": "Polygon", "coordinates": [ [ [ 106.672107928013361, 10.788926248662952 ], [ 106.671851927712737, 10.788299227470885 ], [ 106.672487008974031, 10.788271654735578 ], [ 106.672927071470554, 10.788781676156114 ], [ 106.672623487187821, 10.789350763599831 ], [ 106.672107928013361, 10.788926248662952 ] ] ] } },
{ "type": "Feature", "properties": { "a5": "7a9409cb58000000", "resolution": 16, "center_lat": 10.787802544210496, "center_lon": 106.67202987633758, "avg_edge_len": 72.848516997168275, "cell_area": 7917.2595697641373, "cell_perimeter": 364.24258498584135, "code": "770", "name": "Quận 3", "name_en": "District 3", "level": "Quận", "prov_code": "79", "prov_name": "Thành phố Hồ Chí Minh", "region": "Đông Nam Bộ", "pop_2019": 190375.0, "pop_dens": 38852.0, "area": 4.92 }, "geometry": { "type": "Polygon", "coordinates": [ [ [ 106.671899511140509, 10.787103121407966 ], [ 106.67233957222561, 10.787613144432472 ], [ 106.672487008974031, 10.788271654735578 ], [ 106.671851927712737, 10.788299227470885 ], [ 106.671595927837075, 10.787672206097382 ], [ 106.671899511140509, 10.787103121407966 ] ] ] } },
{ "type": "Feature", "properties": { "a5": "7a9409cb98000000", "resolution": 16, "center_lat": 10.787047552959553, "center_lon": 106.6713834944351, "avg_edge_len": 72.603237369413065, "cell_area": 7917.2614744827151, "cell_perimeter": 363.01618684706534, "code": "770", "name": "Quận 3", "name_en": "District 3", "level": "Quận", "prov_code": "79", "prov_name": "Thành phố Hồ Chí Minh", "region": "Đông Nam Bộ", "pop_2019": 190375.0, "pop_dens": 38852.0, "area": 4.92 }, "geometry": { "type": "Polygon", "coordinates": [ [ [ 106.671080371290827, 10.78724768775089 ], [ 106.670824372583866, 10.786620665245168 ], [ 106.671459450989573, 10.786593097211615 ], [ 106.671899511140509, 10.787103121407979 ], [ 106.671595927837075, 10.787672206097394 ], [ 106.671080371290827, 10.78724768775089 ] ] ] } },
{ "type": "Feature", "properties": { "a5": "7a9409cbb8000000", "resolution": 16, "center_lat": 10.786123983747665, "center_lon": 106.67100232074736, "avg_edge_len": 72.848557869294922, "cell_area": 7917.2595995254815, "cell_perimeter": 364.24278934647464, "code": "770", "name": "Quận 3", "name_en": "District 3", "level": "Quận", "prov_code": "79", "prov_name": "Thành phố Hồ Chí Minh", "region": "Đông Nam Bộ", "pop_2019": 190375.0, "pop_dens": 38852.0, "area": 4.92 }, "geometry": { "type": "Polygon", "coordinates": [ [ [ 106.670871956624978, 10.785424560622374 ], [ 106.671312015364947, 10.785934586422741 ], [ 106.671459450989573, 10.786593097211615 ], [ 106.670824372583866, 10.786620665245168 ], [ 106.670568374301411, 10.785993642557953 ], [ 106.670871956624978, 10.785424560622374 ] ] ] } },
{ "type": "Feature", "properties": { "a5": "7a9409cac8000000", "resolution": 16, "center_lat": 10.785368988424892, "center_lon": 106.67035594229354, "avg_edge_len": 72.603322246500667, "cell_area": 7917.2615077570081, "cell_perimeter": 363.01661123250335, "code": "770", "name": "Quận 3", "name_en": "District 3", "level": "Quận", "prov_code": "79", "prov_name": "Thành phố Hồ Chí Minh", "region": "Đông Nam Bộ", "pop_2019": 190375.0, "pop_dens": 38852.0, "area": 4.92 }, "geometry": { "type": "Polygon", "coordinates": [ [ [ 106.670052820382693, 10.785569120801904 ], [ 106.669796823268484, 10.784942096982386 ], [ 106.670431898818833, 10.784914533650202 ], [ 106.670871956624978, 10.785424560622374 ], [ 106.670568374301411, 10.785993642557953 ], [ 106.670052820382693, 10.785569120801904 ] ] ] } },
{ "type": "Feature", "properties": { "a5": "7a9409ca68000000", "resolution": 16, "center_lat": 10.783690417852785, "center_lon": 106.66932839596382, "avg_edge_len": 72.60340713514816, "cell_area": 7917.2615204751492, "cell_perimeter": 363.01703567574083, "code": "770", "name": "Quận 3", "name_en": "District 3", "level": "Quận", "prov_code": "79", "prov_name": "Thành phố Hồ Chí Minh", "region": "Đông Nam Bộ", "pop_2019": 190375.0, "pop_dens": 38852.0, "area": 4.92 }, "geometry": { "type": "Polygon", "coordinates": [ [ [ 106.669025275286572, 10.783890547815773 ], [ 106.668769279764206, 10.783263522682287 ], [ 106.669404352459537, 10.78323596405108 ], [ 106.66984440792146, 10.783745993799091 ], [ 106.669540826578555, 10.784315072981274 ], [ 106.669025275286572, 10.783890547815773 ] ] ] } },
{ "type": "Feature", "properties": { "a5": "7a9409caa8000000", "resolution": 16, "center_lat": 10.784445417247438, "center_lon": 106.6699747709702, "avg_edge_len": 72.848598756196978, "cell_area": 7917.2595443576574, "cell_perimeter": 364.24299378098488, "code": "770", "name": "Quận 3", "name_en": "District 3", "level": "Quận", "prov_code": "79", "prov_name": "Thành phố Hồ Chí Minh", "region": "Đông Nam Bộ", "pop_2019": 190375.0, "pop_dens": 38852.0, "area": 4.92 }, "geometry": { "type": "Polygon", "coordinates": [ [ [ 106.66984440792146, 10.783745993799091 ], [ 106.670284464317092, 10.784256022375313 ], [ 106.670431898818833, 10.784914533650202 ], [ 106.669796823268484, 10.784942096982386 ], [ 106.669540826578555, 10.784315072981274 ], [ 106.66984440792146, 10.783745993799091 ] ] ] } },
{ "type": "Feature", "properties": { "a5": "7a94096e58000000", "resolution": 16, "center_lat": 10.789550901728459, "center_lon": 106.67232036295268, "avg_edge_len": 72.603104401636017, "cell_area": 7917.2594077587128, "cell_perimeter": 363.01552200818008, "code": "770", "name": "Quận 3", "name_en": "District 3", "level": "Quận", "prov_code": "79", "prov_name": "Thành phố Hồ Chí Minh", "region": "Đông Nam Bộ", "pop_2019": 190375.0, "pop_dens": 38852.0, "area": 4.92 }, "geometry": { "type": "Polygon", "coordinates": [ [ [ 106.672623487187821, 10.789350763599831 ], [ 106.6728794886576, 10.789977783659753 ], [ 106.672244405635183, 10.790005360150779 ], [ 106.671804343909912, 10.789495337075204 ], [ 106.672107928013361, 10.788926248662952 ], [ 106.672623487187821, 10.789350763599831 ] ] ] } },
{ "type": "Feature", "properties": { "a5": "7a94096e28000000", "resolution": 16, "center_lat": 10.788795912039193, "center_lon": 106.67167397926994, "avg_edge_len": 72.848593063214793, "cell_area": 7917.2613715156913, "cell_perimeter": 364.24296531607393, "code": "770", "name": "Quận 3", "name_en": "District 3", "level": "Quận", "prov_code": "79", "prov_name": "Thành phố Hồ Chí Minh", "region": "Đông Nam Bộ", "pop_2019": 190375.0, "pop_dens": 38852.0, "area": 4.92 }, "geometry": { "type": "Polygon", "coordinates": [ [ [ 106.671804343909912, 10.789495337075204 ], [ 106.671364283119033, 10.788985312827805 ], [ 106.671216847545907, 10.788326799259739 ], [ 106.671851927712737, 10.788299227470885 ], [ 106.672107928013361, 10.788926248662952 ], [ 106.671804343909912, 10.789495337075204 ] ] ] } },
{ "type": "Feature", "properties": { "a5": "7a9409cb88000000", "resolution": 16, "center_lat": 10.787872341811212, "center_lon": 106.67129280483501, "avg_edge_len": 72.603189264928574, "cell_area": 7917.259435236454, "cell_perimeter": 363.01594632464287, "code": "770", "name": "Quận 3", "name_en": "District 3", "level": "Quận", "prov_code": "79", "prov_name": "Thành phố Hồ Chí Minh", "region": "Đông Nam Bộ", "pop_2019": 190375.0, "pop_dens": 38852.0, "area": 4.92 }, "geometry": { "type": "Polygon", "coordinates": [ [ [ 106.671595927837075, 10.787672206097382 ], [ 106.671851927712737, 10.788299227470885 ], [ 106.671216847545907, 10.788326799259739 ], [ 106.670776788166563, 10.787816773408572 ], [ 106.671080371290827, 10.78724768775089 ], [ 106.671595927837075, 10.787672206097382 ] ] ] } },
{ "type": "Feature", "properties": { "a5": "7a9409cb18000000", "resolution": 16, "center_lat": 10.786193775857249, "center_lon": 106.67026525253259, "avg_edge_len": 72.603274141157911, "cell_area": 7917.2594423592091, "cell_perimeter": 363.01637070578954, "code": "770", "name": "Quận 3", "name_en": "District 3", "level": "Quận", "prov_code": "79", "prov_name": "Thành phố Hồ Chí Minh", "region": "Đông Nam Bộ", "pop_2019": 190375.0, "pop_dens": 38852.0, "area": 4.92 }, "geometry": { "type": "Polygon", "coordinates": [ [ [ 106.670568374301411, 10.785993642557953 ], [ 106.670824372583866, 10.786620665245168 ], [ 106.670189295272394, 10.786648232332245 ], [ 106.669749238238182, 10.786138203705496 ], [ 106.670052820382693, 10.785569120801904 ], [ 106.670568374301411, 10.785993642557953 ] ] ] } },
{ "type": "Feature", "properties": { "a5": "7a9409cb38000000", "resolution": 16, "center_lat": 10.787117348050284, "center_lon": 106.67064642460193, "avg_edge_len": 72.848633912333739, "cell_area": 7917.261346578598, "cell_perimeter": 364.24316956166871, "code": "770", "name": "Quận 3", "name_en": "District 3", "level": "Quận", "prov_code": "79", "prov_name": "Thành phố Hồ Chí Minh", "region": "Đông Nam Bộ", "pop_2019": 190375.0, "pop_dens": 38852.0, "area": 4.92 }, "geometry": { "type": "Polygon", "coordinates": [ [ [ 106.670776788166563, 10.787816773408585 ], [ 106.670336729721384, 10.787306746385612 ], [ 106.670189295272394, 10.786648232332245 ], [ 106.670824372583752, 10.786620665245168 ], [ 106.671080371290827, 10.78724768775089 ], [ 106.670776788166563, 10.787816773408585 ] ] ] } },
{ "type": "Feature", "properties": { "a5": "7a9409ca78000000", "resolution": 16, "center_lat": 10.784515203866324, "center_lon": 106.66923770604306, "avg_edge_len": 72.603359025664645, "cell_area": 7917.2594513297081, "cell_perimeter": 363.01679512832322, "code": "770", "name": "Quận 3", "name_en": "District 3", "level": "Quận", "prov_code": "79", "prov_name": "Thành phố Hồ Chí Minh", "region": "Đông Nam Bộ", "pop_2019": 190375.0, "pop_dens": 38852.0, "area": 4.92 }, "geometry": { "type": "Polygon", "coordinates": [ [ [ 106.669540826578555, 10.784315072981274 ], [ 106.669796823268484, 10.784942096982386 ], [ 106.669161748812144, 10.784969659368063 ], [ 106.668721694122496, 10.784459627965687 ], [ 106.669025275286572, 10.783890547815773 ], [ 106.669540826578555, 10.784315072981274 ] ] ] } },
{ "type": "Feature", "properties": { "a5": "7a9409cae8000000", "resolution": 16, "center_lat": 10.785438778024602, "center_lon": 106.669618875748, "avg_edge_len": 72.84867478138105, "cell_area": 7917.2613738253713, "cell_perimeter": 364.24337390690528, "code": "770", "name": "Quận 3", "name_en": "District 3", "level": "Quận", "prov_code": "79", "prov_name": "Thành phố Hồ Chí Minh", "region": "Đông Nam Bộ", "pop_2019": 190375.0, "pop_dens": 38852.0, "area": 4.92 }, "geometry": { "type": "Polygon", "coordinates": [ [ [ 106.669749238238182, 10.786138203705496 ], [ 106.669309182138022, 10.785628173906954 ], [ 106.669161748812144, 10.784969659368063 ], [ 106.669796823268484, 10.784942096982386 ], [ 106.670052820382693, 10.785569120801904 ], [ 106.669749238238182, 10.786138203705496 ] ] ] } },
{ "type": "Feature", "properties": { "a5": "7a94096e18000000", "resolution": 16, "center_lat": 10.789439771640104, "center_lon": 106.67128832615887, "avg_edge_len": 72.603170800478139, "cell_area": 7917.2615020424128, "cell_perimeter": 363.01585400239071, "code": "770", "name": "Quận 3", "name_en": "District 3", "level": "Quận", "prov_code": "79", "prov_name": "Thành phố Hồ Chí Minh", "region": "Đông Nam Bộ", "pop_2019": 190375.0, "pop_dens": 38852.0, "area": 4.92 }, "geometry": { "type": "Polygon", "coordinates": [ [ [ 106.670985202273641, 10.789639909520131 ], [ 106.670729203374094, 10.789012885113276 ], [ 106.671364283119033, 10.788985312827805 ], [ 106.671804343909912, 10.789495337075204 ], [ 106.671500759664013, 10.790064426946675 ], [ 106.670985202273641, 10.789639909520131 ] ] ] } },
{ "type": "Feature", "properties": { "a5": "7a94096e38000000", "resolution": 16, "center_lat": 10.788516199654785, "center_lon": 106.67090715217935, "avg_edge_len": 72.848614155369177, "cell_area": 7917.2595752030611, "cell_perimeter": 364.24307077684591, "code": "770", "name": "Quận 3", "name_en": "District 3", "level": "Quận", "prov_code": "79", "prov_name": "Thành phố Hồ Chí Minh", "region": "Đông Nam Bộ", "pop_2019": 190375.0, "pop_dens": 38852.0, "area": 4.92 }, "geometry": { "type": "Polygon", "coordinates": [ [ [ 106.670776788166563, 10.787816773408585 ], [ 106.671216847545907, 10.788326799259739 ], [ 106.671364283119033, 10.788985312827805 ], [ 106.670729203374094, 10.789012885113289 ], [ 106.670473204899508, 10.78838586052516 ], [ 106.670776788166563, 10.787816773408585 ] ] ] } },
{ "type": "Feature", "properties": { "a5": "7a94096d48000000", "resolution": 16, "center_lat": 10.787761204224001, "center_lon": 106.67026077278955, "avg_edge_len": 72.603255660145848, "cell_area": 7917.2614600881934, "cell_perimeter": 363.01627830072925, "code": "770", "name": "Quận 3", "name_en": "District 3", "level": "Quận", "prov_code": "79", "prov_name": "Thành phố Hồ Chí Minh", "region": "Đông Nam Bộ", "pop_2019": 190375.0, "pop_dens": 38852.0, "area": 4.92 }, "geometry": { "type": "Polygon", "coordinates": [ [ [ 106.669957650137349, 10.787961339689165 ], [ 106.669701652831691, 10.787334313969074 ], [ 106.670336729721384, 10.787306746385612 ], [ 106.670776788166563, 10.787816773408585 ], [ 106.670473204899508, 10.78838586052516 ], [ 106.669957650137349, 10.787961339689165 ] ] ] } },
{ "type": "Feature", "properties": { "a5": "7a9409caf8000000", "resolution": 16, "center_lat": 10.786082630771689, "center_lon": 106.66923322523505, "avg_edge_len": 72.603340530456123, "cell_area": 7917.2614522129297, "cell_perimeter": 363.01670265228063, "code": "770", "name": "Quận 3", "name_en": "District 3", "level": "Quận", "prov_code": "79", "prov_name": "Thành phố Hồ Chí Minh", "region": "Đông Nam Bộ", "pop_2019": 190375.0, "pop_dens": 38852.0, "area": 4.92 }, "geometry": { "type": "Polygon", "coordinates": [ [ [ 106.668930103816137, 10.786282763822275 ], [ 106.668674108103346, 10.785655736788804 ], [ 106.669309182138022, 10.785628173906954 ], [ 106.669749238238182, 10.786138203705496 ], [ 106.669445655950767, 10.786707288067664 ], [ 106.668930103816137, 10.786282763822275 ] ] ] } },
{ "type": "Feature", "properties": { "a5": "7a9409cb28000000", "resolution": 16, "center_lat": 10.786837630273951, "center_lon": 106.66987960117611, "avg_edge_len": 72.848655007090983, "cell_area": 7917.2595912665129, "cell_perimeter": 364.24327503545493, "code": "770", "name": "Quận 3", "name_en": "District 3", "level": "Quận", "prov_code": "79", "prov_name": "Thành phố Hồ Chí Minh", "region": "Đông Nam Bộ", "pop_2019": 190375.0, "pop_dens": 38852.0, "area": 4.92 }, "geometry": { "type": "Polygon", "coordinates": [ [ [ 106.669749238238182, 10.786138203705496 ], [ 106.670189295272394, 10.786648232332245 ], [ 106.670336729721384, 10.787306746385612 ], [ 106.669701652831691, 10.787334313969074 ], [ 106.669445655950767, 10.786707288067664 ], [ 106.669749238238182, 10.786138203705496 ] ] ] } },
{ "type": "Feature", "properties": { "a5": "7a9409c138000000", "resolution": 16, "center_lat": 10.784404051282939, "center_lon": 106.66820568349291, "avg_edge_len": 72.603425413137728, "cell_area": 7917.2614632695913, "cell_perimeter": 363.01712706568867, "code": "770", "name": "Quận 3", "name_en": "District 3", "level": "Quận", "prov_code": "79", "prov_name": "Thành phố Hồ Chí Minh", "region": "Đông Nam Bộ", "pop_2019": 190375.0, "pop_dens": 38852.0, "area": 4.92 }, "geometry": { "type": "Polygon", "coordinates": [ [ [ 106.66790256330728, 10.784604181919198 ], [ 106.667646569186672, 10.783977153572177 ], [ 106.668281640366558, 10.783949595391585 ], [ 106.668721694122496, 10.784459627965687 ], [ 106.668418112815061, 10.785028709573901 ], [ 106.66790256330728, 10.784604181919198 ] ] ] } },
{ "type": "Feature", "properties": { "a5": "7a9409cad8000000", "resolution": 16, "center_lat": 10.785159054856692, "center_lon": 106.66885205598628, "avg_edge_len": 72.848695879835617, "cell_area": 7917.2595848366618, "cell_perimeter": 364.24347939917811, "code": "770", "name": "Quận 3", "name_en": "District 3", "level": "Quận", "prov_code": "79", "prov_name": "Thành phố Hồ Chí Minh", "region": "Đông Nam Bộ", "pop_2019": 190375.0, "pop_dens": 38852.0, "area": 4.92 }, "geometry": { "type": "Polygon", "coordinates": [ [ [ 106.668721694122496, 10.784459627965687 ], [ 106.669161748812144, 10.784969659368063 ], [ 106.669309182138022, 10.785628173906954 ], [ 106.668674108103346, 10.785655736788804 ], [ 106.668418112815061, 10.785028709573901 ], [ 106.668721694122496, 10.784459627965687 ] ] ] } },
{ "type": "Feature", "properties": { "a5": "7a94096d58000000", "resolution": 16, "center_lat": 10.788585996912941, "center_lon": 106.67017008238972, "avg_edge_len": 72.603207557475983, "cell_area": 7917.2594509571791, "cell_perimeter": 363.0160377873799, "code": "770", "name": "Quận 3", "name_en": "District 3", "level": "Quận", "prov_code": "79", "prov_name": "Thành phố Hồ Chí Minh", "region": "Đông Nam Bộ", "pop_2019": 190375.0, "pop_dens": 38852.0, "area": 4.92 }, "geometry": { "type": "Polygon", "coordinates": [ [ [ 106.670473204899508, 10.78838586052516 ], [ 106.670729203374094, 10.789012885113276 ], [ 106.670094124723391, 10.789040456452087 ], [ 106.669654067049692, 10.788530427773869 ], [ 106.669957650137349, 10.787961339689165 ], [ 106.670473204899508, 10.78838586052516 ] ] ] } },
{ "type": "Feature", "properties": { "a5": "7a94096d18000000", "resolution": 16, "center_lat": 10.787830998971904, "center_lon": 106.6695237046691, "avg_edge_len": 72.848731080840281, "cell_area": 7917.2613420970738, "cell_perimeter": 364.24365540420143, "code": "770", "name": "Quận 3", "name_en": "District 3", "level": "Quận", "prov_code": "79", "prov_name": "Thành phố Hồ Chí Minh", "region": "Đông Nam Bộ", "pop_2019": 190375.0, "pop_dens": 38852.0, "area": 4.92 }, "geometry": { "type": "Polygon", "coordinates": [ [ [ 106.669654067049692, 10.788530427773869 ], [ 106.669214010310043, 10.788020397923903 ], [ 106.669066577036119, 10.787361880605841 ], [ 106.669701652831691, 10.787334313969074 ], [ 106.669957650137349, 10.787961339689165 ], [ 106.669654067049692, 10.788530427773869 ] ] ] } },
{ "type": "Feature", "properties": { "a5": "7a9409cb08000000", "resolution": 16, "center_lat": 10.786907422040612, "center_lon": 106.66914253467385, "avg_edge_len": 72.603292425233462, "cell_area": 7917.2594455182552, "cell_perimeter": 363.01646212616731, "code": "770", "name": "Quận 3", "name_en": "District 3", "level": "Quận", "prov_code": "79", "prov_name": "Thành phố Hồ Chí Minh", "region": "Đông Nam Bộ", "pop_2019": 190375.0, "pop_dens": 38852.0, "area": 4.92 }, "geometry": { "type": "Polygon", "coordinates": [ [ [ 106.669445655950767, 10.786707288067664 ], [ 106.669701652831691, 10.787334313969074 ], [ 106.669066577036119, 10.787361880605841 ], [ 106.668626521707665, 10.786851849152278 ], [ 106.668930103816137, 10.786282763822275 ], [ 106.669445655950767, 10.786707288067664 ] ] ] } },
{ "type": "Feature", "properties": { "a5": "7a9409c108000000", "resolution": 16, "center_lat": 10.786152420028285, "center_lon": 106.66849616040197, "avg_edge_len": 72.848771925918996, "cell_area": 7917.2613456770778, "cell_perimeter": 364.24385962959497, "code": "770", "name": "Quận 3", "name_en": "District 3", "level": "Quận", "prov_code": "79", "prov_name": "Thành phố Hồ Chí Minh", "region": "Đông Nam Bộ", "pop_2019": 190375.0, "pop_dens": 38852.0, "area": 4.92 }, "geometry": { "type": "Polygon", "coordinates": [ [ [ 106.668626521707665, 10.786851849152278 ], [ 106.668186467313262, 10.78634181652701 ], [ 106.668039035162792, 10.785683298723892 ], [ 106.668674108103346, 10.785655736788804 ], [ 106.668930103816137, 10.786282763822275 ], [ 106.668626521707665, 10.786851849152278 ] ] ] } },
{ "type": "Feature", "properties": { "a5": "7a9409c128000000", "resolution": 16, "center_lat": 10.785228841132312, "center_lon": 106.66811499277129, "avg_edge_len": 72.603377303562581, "cell_area": 7917.2594757899642, "cell_perimeter": 363.01688651781291, "code": "770", "name": "Quận 3", "name_en": "District 3", "level": "Quận", "prov_code": "79", "prov_name": "Thành phố Hồ Chí Minh", "region": "Đông Nam Bộ", "pop_2019": 190375.0, "pop_dens": 38852.0, "area": 4.92 }, "geometry": { "type": "Polygon", "coordinates": [ [ [ 106.668418112815061, 10.785028709573901 ], [ 106.668674108103346, 10.785655736788804 ], [ 106.668039035162792, 10.785683298723892 ], [ 106.667598982178788, 10.785173264494979 ], [ 106.66790256330728, 10.784604181919198 ], [ 106.668418112815061, 10.785028709573901 ] ] ] } },
{ "type": "Feature", "properties": { "a5": "7a94096d28000000", "resolution": 16, "center_lat": 10.788474857852769, "center_lon": 106.66913805300106, "avg_edge_len": 72.603273970681329, "cell_area": 7917.261500172317, "cell_perimeter": 363.01636985340667, "code": "770", "name": "Quận 3", "name_en": "District 3", "level": "Quận", "prov_code": "79", "prov_name": "Thành phố Hồ Chí Minh", "region": "Đông Nam Bộ", "pop_2019": 190375.0, "pop_dens": 38852.0, "area": 4.92 }, "geometry": { "type": "Polygon", "coordinates": [ [ [ 106.668834930841058, 10.788674993991595 ], [ 106.668578934936363, 10.788047965056842 ], [ 106.669214010310043, 10.788020397923903 ], [ 106.669654067049692, 10.788530427773869 ], [ 106.669350483819358, 10.789099517317513 ], [ 106.668834930841058, 10.788674993991595 ] ] ] } },
{ "type": "Feature", "properties": { "a5": "7a94096d08000000", "resolution": 16, "center_lat": 10.787551279164159, "center_lon": 106.66875688346134, "avg_edge_len": 72.848752167198313, "cell_area": 7917.2596195042133, "cell_perimeter": 364.24376083599157, "code": "770", "name": "Quận 3", "name_en": "District 3", "level": "Quận", "prov_code": "79", "prov_name": "Thành phố Hồ Chí Minh", "region": "Đông Nam Bộ", "pop_2019": 190375.0, "pop_dens": 38852.0, "area": 4.92 }, "geometry": { "type": "Polygon", "coordinates": [ [ [ 106.668626521707665, 10.786851849152278 ], [ 106.669066577036119, 10.787361880605841 ], [ 106.669214010310156, 10.788020397923916 ], [ 106.668578934936363, 10.788047965056842 ], [ 106.668322939456516, 10.787420935940931 ], [ 106.668626521707665, 10.786851849152278 ] ] ] } },
{ "type": "Feature", "properties": { "a5": "7a94097b08000000", "resolution": 16, "center_lat": 10.786796275481811, "center_lon": 106.66811051003276, "avg_edge_len": 72.603358833084229, "cell_area": 7917.2615000903606, "cell_perimeter": 363.01679416542117, "code": "770", "name": "Quận 3", "name_en": "District 3", "level": "Quận", "prov_code": "79", "prov_name": "Thành phố Hồ Chí Minh", "region": "Đông Nam Bộ", "pop_2019": 190375.0, "pop_dens": 38852.0, "area": 4.92 }, "geometry": { "type": "Polygon", "coordinates": [ [ [ 106.667807389105747, 10.786996409205784 ], [ 106.667551394794259, 10.786369378958065 ], [ 106.668186467313262, 10.78634181652701 ], [ 106.668626521707665, 10.786851849152278 ], [ 106.668322939456516, 10.787420935940931 ], [ 106.667807389105747, 10.786996409205784 ] ] ] } },
{ "type": "Feature", "properties": { "a5": "7a9409c118000000", "resolution": 16, "center_lat": 10.78587269482885, "center_lon": 106.66772934285811, "avg_edge_len": 72.848793020067632, "cell_area": 7917.2595921605825, "cell_perimeter": 364.24396510033819, "code": "770", "name": "Quận 3", "name_en": "District 3", "level": "Quận", "prov_code": "79", "prov_name": "Thành phố Hồ Chí Minh", "region": "Đông Nam Bộ", "pop_2019": 190375.0, "pop_dens": 38852.0, "area": 4.92 }, "geometry": { "type": "Polygon", "coordinates": [ [ [ 106.667598982178788, 10.785173264494979 ], [ 106.668039035162792, 10.785683298723892 ], [ 106.668186467313262, 10.78634181652701 ], [ 106.667551394794259, 10.786369378958065 ], [ 106.667295400907278, 10.785742348529082 ], [ 106.667598982178788, 10.785173264494979 ] ] ] } },
{ "type": "Feature", "properties": { "a5": "7a9409c158000000", "resolution": 16, "center_lat": 10.78511768707541, "center_lon": 106.66708297287724, "avg_edge_len": 72.603443710364303, "cell_area": 7917.2614863142371, "cell_perimeter": 363.01721855182149, "code": "770", "name": "Quận 3", "name_en": "District 3", "level": "Quận", "prov_code": "79", "prov_name": "Thành phố Hồ Chí Minh", "region": "Đông Nam Bộ", "pop_2019": 190375.0, "pop_dens": 38852.0, "area": 4.92 }, "geometry": { "type": "Polygon", "coordinates": [ [ [ 106.666779853183357, 10.785317818384797 ], [ 106.666523860464167, 10.784690786823933 ], [ 106.667158930128608, 10.784663229094376 ], [ 106.667598982178788, 10.785173264494979 ], [ 106.667295400907278, 10.785742348529082 ], [ 106.666779853183357, 10.785317818384797 ] ] ] } },
{ "type": "Feature", "properties": { "a5": "7a94097ad8000000", "resolution": 16, "center_lat": 10.788544652257372, "center_lon": 106.66840098659338, "avg_edge_len": 72.848828260681557, "cell_area": 7917.2613131254911, "cell_perimeter": 364.24414130340779, "code": "770", "name": "Quận 3", "name_en": "District 3", "level": "Quận", "prov_code": "79", "prov_name": "Thành phố Hồ Chí Minh", "region": "Đông Nam Bộ", "pop_2019": 190375.0, "pop_dens": 38852.0, "area": 4.92 }, "geometry": { "type": "Polygon", "coordinates": [ [ [ 106.668531347790122, 10.789244084503174 ], [ 106.668091292755889, 10.788734051825825 ], [ 106.667943860656806, 10.788075531242864 ], [ 106.668578934936363, 10.788047965056855 ], [ 106.668834930841058, 10.788674993991583 ], [ 106.668531347790122, 10.789244084503174 ] ] ] } },
{ "type": "Feature", "properties": { "a5": "7a94097af8000000", "resolution": 16, "center_lat": 10.787621070587377, "center_lon": 106.66801981867171, "avg_edge_len": 72.60331072777025, "cell_area": 7917.2594250738621, "cell_perimeter": 363.01655363885124, "code": "770", "name": "Quận 3", "name_en": "District 3", "level": "Quận", "prov_code": "79", "prov_name": "Thành phố Hồ Chí Minh", "region": "Đông Nam Bộ", "pop_2019": 190375.0, "pop_dens": 38852.0, "area": 4.92 }, "geometry": { "type": "Polygon", "coordinates": [ [ [ 106.668322939456516, 10.787420935940943 ], [ 106.668578934936363, 10.788047965056855 ], [ 106.667943860656806, 10.788075531242864 ], [ 106.667503807033768, 10.787565496962117 ], [ 106.667807389105747, 10.786996409205784 ], [ 106.668322939456516, 10.787420935940943 ] ] ] } },
{ "type": "Feature", "properties": { "a5": "7a94097b28000000", "resolution": 16, "center_lat": 10.786866064394784, "center_lon": 106.66737344691211, "avg_edge_len": 72.84886908923788, "cell_area": 7917.261360604316, "cell_perimeter": 364.24434544618941, "code": "770", "name": "Quận 3", "name_en": "District 3", "level": "Quận", "prov_code": "79", "prov_name": "Thành phố Hồ Chí Minh", "region": "Đông Nam Bộ", "pop_2019": 190375.0, "pop_dens": 38852.0, "area": 4.92 }, "geometry": { "type": "Polygon", "coordinates": [ [ [ 106.667503807033768, 10.787565496962117 ], [ 106.667063754344667, 10.78705546150969 ], [ 106.666916323369378, 10.786396940442158 ], [ 106.667551394794259, 10.786369378958065 ], [ 106.667807389105747, 10.786996409205784 ], [ 106.667503807033768, 10.787565496962117 ] ] ] } },
{ "type": "Feature", "properties": { "a5": "7a9409c148000000", "resolution": 16, "center_lat": 10.78594248076072, "center_lon": 106.66699228135538, "avg_edge_len": 72.603395600344939, "cell_area": 7917.2594340741634, "cell_perimeter": 363.01697800172468, "code": "770", "name": "Quận 3", "name_en": "District 3", "level": "Quận", "prov_code": "79", "prov_name": "Thành phố Hồ Chí Minh", "region": "Đông Nam Bộ", "pop_2019": 190375.0, "pop_dens": 38852.0, "area": 4.92 }, "geometry": { "type": "Polygon", "coordinates": [ [ [ 106.667295400907278, 10.785742348529082 ], [ 106.667551394794259, 10.786369378958065 ], [ 106.666916323369378, 10.786396940442158 ], [ 106.666476272090904, 10.785886903386311 ], [ 106.666779853183357, 10.785317818384797 ], [ 106.667295400907278, 10.785742348529082 ] ] ] } },
{ "type": "Feature", "properties": { "a5": "7a94097a78000000", "resolution": 16, "center_lat": 10.789188513845172, "center_lon": 106.66801533506991, "avg_edge_len": 72.603292295619255, "cell_area": 7917.2614632025361, "cell_perimeter": 363.01646147809629, "code": "770", "name": "Quận 3", "name_en": "District 3", "level": "Quận", "prov_code": "79", "prov_name": "Thành phố Hồ Chí Minh", "region": "Đông Nam Bộ", "pop_2019": 190375.0, "pop_dens": 38852.0, "area": 4.92 }, "geometry": { "type": "Polygon", "coordinates": [ [ [ 106.667712213402183, 10.789388650657461 ], [ 106.667456218898224, 10.78876161850779 ], [ 106.668091292755889, 10.788734051825825 ], [ 106.668531347790122, 10.789244084503174 ], [ 106.66822776459685, 10.789813176473734 ], [ 106.667712213402183, 10.789388650657461 ] ] ] } },
{ "type": "Feature", "properties": { "a5": "7a94097ae8000000", "resolution": 16, "center_lat": 10.78826493041756, "center_lon": 106.6676341676035, "avg_edge_len": 72.848849336734247, "cell_area": 7917.2596084624529, "cell_perimeter": 364.24424668367124, "code": "770", "name": "Quận 3", "name_en": "District 3", "level": "Quận", "prov_code": "79", "prov_name": "Thành phố Hồ Chí Minh", "region": "Đông Nam Bộ", "pop_2019": 190375.0, "pop_dens": 38852.0, "area": 4.92 }, "geometry": { "type": "Polygon", "coordinates": [ [ [ 106.667503807033768, 10.787565496962117 ], [ 106.667943860656806, 10.788075531242864 ], [ 106.668091292755889, 10.788734051825825 ], [ 106.667456218898224, 10.78876161850779 ], [ 106.667200224819112, 10.788134586177113 ], [ 106.667503807033768, 10.787565496962117 ] ] ] } },
{ "type": "Feature", "properties": { "a5": "7a94097b18000000", "resolution": 16, "center_lat": 10.78750992255458, "center_lon": 106.666987796687, "avg_edge_len": 72.603377158726133, "cell_area": 7917.2614899203181, "cell_perimeter": 363.01688579363065, "code": "770", "name": "Quận 3", "name_en": "District 3", "level": "Quận", "prov_code": "79", "prov_name": "Thành phố Hồ Chí Minh", "region": "Đông Nam Bộ", "pop_2019": 190375.0, "pop_dens": 38852.0, "area": 4.92 }, "geometry": { "type": "Polygon", "coordinates": [ [ [ 106.666684676252089, 10.787710056951761 ], [ 106.666428683341337, 10.787083023489531 ], [ 106.667063754344667, 10.78705546150969 ], [ 106.667503807033768, 10.787565496962117 ], [ 106.667200224819112, 10.788134586177113 ], [ 106.666684676252089, 10.787710056951761 ] ] ] } },
{ "type": "Feature", "properties": { "a5": "7a94097b38000000", "resolution": 16, "center_lat": 10.786586337163239, "center_lon": 106.66660663158591, "avg_edge_len": 72.848890176646236, "cell_area": 7917.2595920301974, "cell_perimeter": 364.2444508832312, "code": "770", "name": "Quận 3", "name_en": "District 3", "level": "Quận", "prov_code": "79", "prov_name": "Thành phố Hồ Chí Minh", "region": "Đông Nam Bộ", "pop_2019": 190375.0, "pop_dens": 38852.0, "area": 4.92 }, "geometry": { "type": "Polygon", "coordinates": [ [ [ 106.666476272090904, 10.785886903386311 ], [ 106.666916323369378, 10.786396940442158 ], [ 106.667063754344667, 10.78705546150969 ], [ 106.666428683341337, 10.787083023489531 ], [ 106.666172690855319, 10.786455989846186 ], [ 106.666476272090904, 10.785886903386311 ] ] ] } },
{ "type": "Feature", "properties": { "a5": "7a94097b88000000", "resolution": 16, "center_lat": 10.785831325229553, "center_lon": 106.6659602641173, "avg_edge_len": 72.603462025770185, "cell_area": 7917.2615067437291, "cell_perimeter": 363.01731012885091, "code": "770", "name": "Quận 3", "name_en": "District 3", "level": "Quận", "prov_code": "79", "prov_name": "Thành phố Hồ Chí Minh", "region": "Đông Nam Bộ", "pop_2019": 190375.0, "pop_dens": 38852.0, "area": 4.92 }, "geometry": { "type": "Polygon", "coordinates": [ [ [ 106.665657144915258, 10.786031457211834 ], [ 106.665401153597145, 10.785404422436901 ], [ 106.666036221746026, 10.785376865158828 ], [ 106.666476272090904, 10.785886903386311 ], [ 106.666172690855319, 10.786455989846186 ], [ 106.665657144915258, 10.786031457211834 ] ] ] } },
{ "type": "Feature", "properties": { "a5": "7a94097aa8000000", "resolution": 16, "center_lat": 10.789258307905952, "center_lon": 106.66727827037505, "avg_edge_len": 72.848925459939238, "cell_area": 7917.2613395266235, "cell_perimeter": 364.24462729969616, "code": "770", "name": "Quận 3", "name_en": "District 3", "level": "Quận", "prov_code": "79", "prov_name": "Thành phố Hồ Chí Minh", "region": "Đông Nam Bộ", "pop_2019": 190375.0, "pop_dens": 38852.0, "area": 4.92 }, "geometry": { "type": "Polygon", "coordinates": [ [ [ 106.667408630388309, 10.789957743595814 ], [ 106.666968577059151, 10.78944770809067 ], [ 106.666821146134566, 10.788789184242598 ], [ 106.667456218898224, 10.78876161850779 ], [ 106.667712213402183, 10.789388650657461 ], [ 106.667408630388309, 10.789957743595814 ] ] ] } },
{ "type": "Feature", "properties": { "a5": "7a94097ac8000000", "resolution": 16, "center_lat": 10.788334721496838, "center_lon": 106.66689710452644, "avg_edge_len": 72.603329052826552, "cell_area": 7917.2594315558672, "cell_perimeter": 363.01664526413276, "code": "770", "name": "Quận 3", "name_en": "District 3", "level": "Quận", "prov_code": "79", "prov_name": "Thành phố Hồ Chí Minh", "region": "Đông Nam Bộ", "pop_2019": 190375.0, "pop_dens": 38852.0, "area": 4.92 }, "geometry": { "type": "Polygon", "coordinates": [ [ [ 106.667200224819112, 10.788134586177113 ], [ 106.667456218898224, 10.78876161850779 ], [ 106.66682114613468, 10.78878918424261 ], [ 106.666381094216604, 10.788279147134272 ], [ 106.666684676252089, 10.787710056951761 ], [ 106.667200224819112, 10.788134586177113 ] ] ] } },
{ "type": "Feature", "properties": { "a5": "7a94097b98000000", "resolution": 16, "center_lat": 10.786656122750847, "center_lon": 106.66586957179538, "avg_edge_len": 72.603413918412087, "cell_area": 7917.2594875171781, "cell_perimeter": 363.01706959206047, "code": "770", "name": "Quận 3", "name_en": "District 3", "level": "Quận", "prov_code": "79", "prov_name": "Thành phố Hồ Chí Minh", "region": "Đông Nam Bộ", "pop_2019": 190375.0, "pop_dens": 38852.0, "area": 4.92 }, "geometry": { "type": "Polygon", "coordinates": [ [ [ 106.666172690855319, 10.786455989846186 ], [ 106.666428683341337, 10.787083023489531 ], [ 106.665793613432129, 10.78711058452215 ], [ 106.665353563858844, 10.786600544638981 ], [ 106.665657144915258, 10.786031457211834 ], [ 106.666172690855319, 10.786455989846186 ] ] ] } },
{ "type": "Feature", "properties": { "a5": "7a94097bb8000000", "resolution": 16, "center_lat": 10.78757971112344, "center_lon": 106.66625073527871, "avg_edge_len": 72.848966272256121, "cell_area": 7917.2613471224904, "cell_perimeter": 364.2448313612806, "code": "770", "name": "Quận 3", "name_en": "District 3", "level": "Quận", "prov_code": "79", "prov_name": "Thành phố Hồ Chí Minh", "region": "Đông Nam Bộ", "pop_2019": 190375.0, "pop_dens": 38852.0, "area": 4.92 }, "geometry": { "type": "Polygon", "coordinates": [ [ [ 106.666381094216604, 10.788279147134272 ], [ 106.665941043232579, 10.787769108854331 ], [ 106.665793613432129, 10.78711058452215 ], [ 106.666428683341337, 10.787083023489531 ], [ 106.666684676252089, 10.787710056951761 ], [ 106.666381094216604, 10.788279147134272 ] ] ] } },
{ "type": "Feature", "properties": { "a5": "7a94097b58000000", "resolution": 16, "center_lat": 10.785901108306865, "center_lon": 106.66522320599546, "avg_edge_len": 72.849007099948494, "cell_area": 7917.2612948268652, "cell_perimeter": 364.24503549974247, "code": "770", "name": "Quận 3", "name_en": "District 3", "level": "Quận", "prov_code": "79", "prov_name": "Thành phố Hồ Chí Minh", "region": "Đông Nam Bộ", "pop_2019": 190375.0, "pop_dens": 38852.0, "area": 4.92 }, "geometry": { "type": "Polygon", "coordinates": [ [ [ 106.665353563858844, 10.786600544638981 ], [ 106.664913515219268, 10.786090503584221 ], [ 106.664766086542045, 10.785431978767715 ], [ 106.665401153597145, 10.785404422436901 ], [ 106.665657144915258, 10.786031457211834 ], [ 106.665353563858844, 10.786600544638981 ] ] ] } },
{ "type": "Feature", "properties": { "a5": "7a94097a98000000", "resolution": 16, "center_lat": 10.789902172200522, "center_lon": 106.66689261899641, "avg_edge_len": 72.603310645264784, "cell_area": 7917.2614901438355, "cell_perimeter": 363.01655322632394, "code": "770", "name": "Quận 3", "name_en": "District 3", "level": "Quận", "prov_code": "79", "prov_name": "Thành phố Hồ Chí Minh", "region": "Đông Nam Bộ", "pop_2019": 190375.0, "pop_dens": 38852.0, "area": 4.92 }, "geometry": { "type": "Polygon", "coordinates": [ [ [ 106.666589497821064, 10.790102309686109 ], [ 106.666333504717386, 10.789475274321241 ], [ 106.666968577059151, 10.78944770809067 ], [ 106.667408630388309, 10.789957743595814 ], [ 106.667105047232212, 10.79052683799318 ], [ 106.666589497821064, 10.790102309686109 ] ] ] } },
{ "type": "Feature", "properties": { "a5": "7a94097ab8000000", "resolution": 16, "center_lat": 10.788978584033508, "center_lon": 106.66651145360287, "avg_edge_len": 72.848946530310243, "cell_area": 7917.2595714889467, "cell_perimeter": 364.2447326515512, "code": "770", "name": "Quận 3", "name_en": "District 3", "level": "Quận", "prov_code": "79", "prov_name": "Thành phố Hồ Chí Minh", "region": "Đông Nam Bộ", "pop_2019": 190375.0, "pop_dens": 38852.0, "area": 4.92 }, "geometry": { "type": "Polygon", "coordinates": [ [ [ 106.666381094216604, 10.788279147134272 ], [ 106.66682114613468, 10.78878918424261 ], [ 106.666968577059151, 10.78944770809067 ], [ 106.666333504717386, 10.789475274321241 ], [ 106.666077512038783, 10.788848238775495 ], [ 106.666381094216604, 10.788279147134272 ] ] ] } },
{ "type": "Feature", "properties": { "a5": "7a94097bc8000000", "resolution": 16, "center_lat": 10.788223571989343, "center_lon": 106.66586508519798, "avg_edge_len": 72.603395496617807, "cell_area": 7917.2615262791514, "cell_perimeter": 363.01697748308902, "code": "770", "name": "Quận 3", "name_en": "District 3", "level": "Quận", "prov_code": "79", "prov_name": "Thành phố Hồ Chí Minh", "region": "Đông Nam Bộ", "pop_2019": 190375.0, "pop_dens": 38852.0, "area": 4.92 }, "geometry": { "type": "Polygon", "coordinates": [ [ [ 106.665561965255165, 10.788423707059517 ], [ 106.665305973745149, 10.787796670382484 ], [ 106.665941043232579, 10.787769108854331 ], [ 106.666381094216604, 10.788279147134272 ], [ 106.666077512038783, 10.788848238775495 ], [ 106.665561965255165, 10.788423707059517 ] ] ] } },
{ "type": "Feature", "properties": { "a5": "7a94097b68000000", "resolution": 16, "center_lat": 10.786544965744667, "center_lon": 106.66483755721326, "avg_edge_len": 72.60348036140131, "cell_area": 7917.2615114375949, "cell_perimeter": 363.01740180700654, "code": "770", "name": "Quận 3", "name_en": "District 3", "level": "Quận", "prov_code": "79", "prov_name": "Thành phố Hồ Chí Minh", "region": "Đông Nam Bộ", "pop_2019": 190375.0, "pop_dens": 38852.0, "area": 4.92 }, "geometry": { "type": "Polygon", "coordinates": [ [ [ 106.664534438503097, 10.786745098399697 ], [ 106.664278448585833, 10.786118060410363 ], [ 106.664913515219268, 10.786090503584221 ], [ 106.665353563858844, 10.786600544638981 ], [ 106.665049982659866, 10.787169633524524 ], [ 106.664534438503097, 10.786745098399697 ] ] ] } },
{ "type": "Feature", "properties": { "a5": "7a94097ba8000000", "resolution": 16, "center_lat": 10.787299981859181, "center_lon": 106.66548392217011, "avg_edge_len": 72.848987341383264, "cell_area": 7917.2595624700189, "cell_perimeter": 364.24493670691629, "code": "770", "name": "Quận 3", "name_en": "District 3", "level": "Quận", "prov_code": "79", "prov_name": "Thành phố Hồ Chí Minh", "region": "Đông Nam Bộ", "pop_2019": 190375.0, "pop_dens": 38852.0, "area": 4.92 }, "geometry": { "type": "Polygon", "coordinates": [ [ [ 106.665353563858844, 10.786600544638981 ], [ 106.665793613432129, 10.78711058452215 ], [ 106.665941043232579, 10.787769108854331 ], [ 106.665305973745149, 10.787796670382484 ], [ 106.665049982659866, 10.787169633524524 ], [ 106.665353563858844, 10.786600544638981 ] ] ] } },
{ "type": "Feature", "properties": { "a5": "7a94097a18000000", "resolution": 16, "center_lat": 10.789048374768335, "center_lon": 106.66577439223836, "avg_edge_len": 72.603347395920736, "cell_area": 7917.2594477236271, "cell_perimeter": 363.01673697960371, "code": "770", "name": "Quận 3", "name_en": "District 3", "level": "Quận", "prov_code": "79", "prov_name": "Thành phố Hồ Chí Minh", "region": "Đông Nam Bộ", "pop_2019": 190375.0, "pop_dens": 38852.0, "area": 4.92 }, "geometry": { "type": "Polygon", "coordinates": [ [ [ 106.666077512038783, 10.788848238775495 ], [ 106.666333504717386, 10.789475274321241 ], [ 106.665698433469743, 10.789502839604385 ], [ 106.665258383256628, 10.788992799668089 ], [ 106.665561965255165, 10.788423707059504 ], [ 106.666077512038783, 10.788848238775495 ] ] ] } },
{ "type": "Feature", "properties": { "a5": "7a94097a38000000", "resolution": 16, "center_lat": 10.78997196591701, "center_lon": 106.66615555601429, "avg_edge_len": 72.84902267543778, "cell_area": 7917.2613295428455, "cell_perimeter": 364.24511337718889, "code": "770", "name": "Quận 3", "name_en": "District 3", "level": "Quận", "prov_code": "79", "prov_name": "Thành phố Hồ Chí Minh", "region": "Đông Nam Bộ", "pop_2019": 190375.0, "pop_dens": 38852.0, "area": 4.92 }, "geometry": { "type": "Polygon", "coordinates": [ [ [ 106.66628591484448, 10.790671405051103 ], [ 106.665845863220056, 10.790161366717799 ], [ 106.665698433469743, 10.789502839604385 ], [ 106.666333504717386, 10.789475274321227 ], [ 106.666589497821064, 10.790102309686109 ], [ 106.66628591484448, 10.790671405051103 ] ] ] } },
{ "type": "Feature", "properties": { "a5": "7a94097b78000000", "resolution": 16, "center_lat": 10.787369767102003, "center_lon": 106.66474686409188, "avg_edge_len": 72.603432255328315, "cell_area": 7917.2594648003578, "cell_perimeter": 363.01716127664156, "code": "770", "name": "Quận 3", "name_en": "District 3", "level": "Quận", "prov_code": "79", "prov_name": "Thành phố Hồ Chí Minh", "region": "Đông Nam Bộ", "pop_2019": 190375.0, "pop_dens": 38852.0, "area": 4.92 }, "geometry": { "type": "Polygon", "coordinates": [ [ [ 106.665049982659866, 10.787169633524524 ], [ 106.665305973745149, 10.787796670382484 ], [ 106.664670905351613, 10.787824230963198 ], [ 106.66423085748329, 10.787314188252331 ], [ 106.664534438503097, 10.786745098399697 ], [ 106.665049982659866, 10.787169633524524 ] ] ] } },
{ "type": "Feature", "properties": { "a5": "7a94097be8000000", "resolution": 16, "center_lat": 10.78829336021351, "center_lon": 106.6651280255022, "avg_edge_len": 72.849063465655817, "cell_area": 7917.2613144479692, "cell_perimeter": 364.2453173282791, "code": "770", "name": "Quận 3", "name_en": "District 3", "level": "Quận", "prov_code": "79", "prov_name": "Thành phố Hồ Chí Minh", "region": "Đông Nam Bộ", "pop_2019": 190375.0, "pop_dens": 38852.0, "area": 4.92 }, "geometry": { "type": "Polygon", "coordinates": [ [ [ 106.665258383256628, 10.788992799668089 ], [ 106.664818333977564, 10.788482758560223 ], [ 106.664670905351613, 10.787824230963198 ], [ 106.665305973745149, 10.787796670382484 ], [ 106.665561965255165, 10.788423707059504 ], [ 106.665258383256628, 10.788992799668089 ] ] ] } },
{ "type": "Feature", "properties": { "a5": "7a94097e98000000", "resolution": 16, "center_lat": 10.786614748476989, "center_lon": 106.66410050080354, "avg_edge_len": 72.849104275449704, "cell_area": 7917.2613669224083, "cell_perimeter": 364.24552137724851, "code": "770", "name": "Quận 3", "name_en": "District 3", "level": "Quận", "prov_code": "79", "prov_name": "Thành phố Hồ Chí Minh", "region": "Đông Nam Bộ", "pop_2019": 190375.0, "pop_dens": 38852.0, "area": 4.92 }, "geometry": { "type": "Polygon", "coordinates": [ [ [ 106.66423085748329, 10.787314188252331 ], [ 106.663790810548676, 10.78680414436989 ], [ 106.663643383046178, 10.786145616289017 ], [ 106.664278448585833, 10.786118060410363 ], [ 106.664534438503097, 10.786745098399697 ], [ 106.66423085748329, 10.787314188252331 ] ] ] } },
{ "type": "Feature", "properties": { "a5": "7a94097a28000000", "resolution": 16, "center_lat": 10.789692240011318, "center_lon": 106.66538874145961, "avg_edge_len": 72.849043735080315, "cell_area": 7917.2595939673483, "cell_perimeter": 364.24521867540159, "code": "770", "name": "Quận 3", "name_en": "District 3", "level": "Quận", "prov_code": "79", "prov_name": "Thành phố Hồ Chí Minh", "region": "Đông Nam Bộ", "pop_2019": 190375.0, "pop_dens": 38852.0, "area": 4.92 }, "geometry": { "type": "Polygon", "coordinates": [ [ [ 106.665258383256628, 10.788992799668089 ], [ 106.665698433469743, 10.789502839604385 ], [ 106.665845863220056, 10.790161366717799 ], [ 106.665210792394305, 10.790188932496477 ], [ 106.664954801115869, 10.789561893735421 ], [ 106.665258383256628, 10.788992799668089 ] ] ] } },
{ "type": "Feature", "properties": { "a5": "7a94097bf8000000", "resolution": 16, "center_lat": 10.788937223785362, "center_lon": 106.66474237556608, "avg_edge_len": 72.603413861122931, "cell_area": 7917.2615037485957, "cell_perimeter": 363.01706930561465, "code": "770", "name": "Quận 3", "name_en": "District 3", "level": "Quận", "prov_code": "79", "prov_name": "Thành phố Hồ Chí Minh", "region": "Đông Nam Bộ", "pop_2019": 190375.0, "pop_dens": 38852.0, "area": 4.92 }, "geometry": { "type": "Polygon", "coordinates": [ [ [ 106.664439256115429, 10.789137359528372 ], [ 106.664183266005693, 10.788510319636266 ], [ 106.664818333977564, 10.788482758560223 ], [ 106.665258383256628, 10.788992799668089 ], [ 106.664954801115869, 10.789561893735421 ], [ 106.664439256115429, 10.789137359528372 ] ] ] } },
{ "type": "Feature", "properties": { "a5": "7a94097a08000000", "resolution": 16, "center_lat": 10.789762030401191, "center_lon": 106.66465168180774, "avg_edge_len": 72.603365759028875, "cell_area": 7917.2594460621476, "cell_perimeter": 363.01682879514436, "code": "770", "name": "Quận 3", "name_en": "District 3", "level": "Quận", "prov_code": "79", "prov_name": "Thành phố Hồ Chí Minh", "region": "Đông Nam Bộ", "pop_2019": 190375.0, "pop_dens": 38852.0, "area": 4.92 }, "geometry": { "type": "Polygon", "coordinates": [ [ [ 106.664954801115869, 10.789561893735421 ], [ 106.665210792394305, 10.790188932496489 ], [ 106.664575722662676, 10.790216497327574 ], [ 106.664135674154068, 10.789706454562898 ], [ 106.664439256115429, 10.789137359528372 ], [ 106.664954801115869, 10.789561893735421 ] ] ] } }
]
}
