{
"type": "FeatureCollection",
"name": "h3_10",
"crs": { "type": "name", "properties": { "name": "urn:ogc:def:crs:OGC:1.3:CRS84" } },
"features": [
{ "type": "Feature", "properties": { "h3": "8a65b5663717fff", "resolution": 10, "center_lat": 10.783786764038217, "center_lon": 106.68099199521048, "avg_edge_len": 81.383362554859929, "cell_area": 17207.04505908303, "cell_perimeter": 488.30017532915957, "code": "770", "name": "Quận 3", "name_en": "District 3", "level": "Quận", "prov_code": "79", "prov_name": "Thành phố Hồ Chí Minh", "region": "Đông Nam Bộ", "pop_2019": 190375.0, "pop_dens": 38852.0, "area": 4.92 }, "geometry": { "type": "Polygon", "coordinates": [ [ [ 106.681590106893722, 10.783349552880965 ], [ 106.681669054787861, 10.784084547266247 ], [ 106.681070943578831, 10.784521759792204 ], [ 106.680393882529245, 10.784223975779176 ], [ 106.680314936879142, 10.783488978209165 ], [ 106.680913050034547, 10.783051767836884 ], [ 106.681590106893722, 10.783349552880965 ] ] ] } },
{ "type": "Feature", "properties": { "h3": "8a65b566356ffff", "resolution": 10, "center_lat": 10.779991306635559, "center_lon": 106.68509973234426, "avg_edge_len": 81.381880000494476, "cell_area": 17206.416740937158, "cell_perimeter": 488.29128000296686, "code": "770", "name": "Quận 3", "name_en": "District 3", "level": "Quận", "prov_code": "79", "prov_name": "Thành phố Hồ Chí Minh", "region": "Đông Nam Bộ", "pop_2019": 190375.0, "pop_dens": 38852.0, "area": 4.92 }, "geometry": { "type": "Polygon", "coordinates": [ [ [ 106.685697815979765, 10.779554099635192 ], [ 106.685776770281578, 10.780289085664103 ], [ 106.685178687120981, 10.7807262940338 ], [ 106.684501647711102, 10.780428514220095 ], [ 106.68442269565287, 10.779693525005257 ], [ 106.685020780760922, 10.779256318790027 ], [ 106.685697815979765, 10.779554099635192 ] ] ] } },
{ "type": "Feature", "properties": { "h3": "8a65b5663c0ffff", "resolution": 10, "center_lat": 10.776195886731488, "center_lon": 106.68920726672118, "avg_edge_len": 81.380396362338885, "cell_area": 17205.787976754829, "cell_perimeter": 488.28237817403328, "code": "770", "name": "Quận 3", "name_en": "District 3", "level": "Quận", "prov_code": "79", "prov_name": "Thành phố Hồ Chí Minh", "region": "Đông Nam Bộ", "pop_2019": 190375.0, "pop_dens": 38852.0, "area": 4.92 }, "geometry": { "type": "Polygon", "coordinates": [ [ [ 106.689805322304835, 10.775758683899886 ], [ 106.689884283012802, 10.776493661563183 ], [ 106.689286227904745, 10.776930865764733 ], [ 106.688609210140214, 10.776633090147707 ], [ 106.688530251675431, 10.775898109297291 ], [ 106.689128308731981, 10.775460907250997 ], [ 106.689805322304835, 10.775758683899886 ] ] ] } },
{ "type": "Feature", "properties": { "h3": "8a65b5663caffff", "resolution": 10, "center_lat": 10.778261383111021, "center_lon": 106.69071921974745, "avg_edge_len": 81.379770871716985, "cell_area": 17205.522719312459, "cell_perimeter": 488.27862523030188, "code": "770", "name": "Quận 3", "name_en": "District 3", "level": "Quận", "prov_code": "79", "prov_name": "Thành phố Hồ Chí Minh", "region": "Đông Nam Bộ", "pop_2019": 190375.0, "pop_dens": 38852.0, "area": 4.92 }, "geometry": { "type": "Polygon", "coordinates": [ [ [ 106.691317271433718, 10.777824175969302 ], [ 106.691396235348378, 10.778559148587233 ], [ 106.690798184137961, 10.778996357098958 ], [ 106.69012116706395, 10.778698590837696 ], [ 106.690042205392345, 10.777963615032334 ], [ 106.690640258551682, 10.777526408675644 ], [ 106.691317271433718, 10.777824175969302 ] ] ] } },
{ "type": "Feature", "properties": { "h3": "8a65b5645d6ffff", "resolution": 10, "center_lat": 10.789172750180837, "center_lon": 106.67253911237147, "avg_edge_len": 81.386466360912081, "cell_area": 17208.360650843009, "cell_perimeter": 488.31879816547251, "code": "770", "name": "Quận 3", "name_en": "District 3", "level": "Quận", "prov_code": "79", "prov_name": "Thành phố Hồ Chí Minh", "region": "Đông Nam Bộ", "pop_2019": 190375.0, "pop_dens": 38852.0, "area": 4.92 }, "geometry": { "type": "Polygon", "coordinates": [ [ [ 106.673137277252337, 10.788735534584296 ], [ 106.673216211362913, 10.789470547523832 ], [ 106.672618046954838, 10.789907764487909 ], [ 106.671940946492001, 10.789609966360015 ], [ 106.671862014626328, 10.788874950238117 ], [ 106.672460180978575, 10.788437735426458 ], [ 106.673137277252337, 10.788735534584296 ] ] ] } },
{ "type": "Feature", "properties": { "h3": "8a65b564484ffff", "resolution": 10, "center_lat": 10.790876574259956, "center_lon": 106.68755921562688, "avg_edge_len": 81.380687455498332, "cell_area": 17205.910680236295, "cell_perimeter": 488.28412473298999, "code": "770", "name": "Quận 3", "name_en": "District 3", "level": "Quận", "prov_code": "79", "prov_name": "Thành phố Hồ Chí Minh", "region": "Đông Nam Bộ", "pop_2019": 190375.0, "pop_dens": 38852.0, "area": 4.92 }, "geometry": { "type": "Polygon", "coordinates": [ [ [ 106.68815730690072, 10.7904393475678 ], [ 106.688236268264433, 10.79117432108189 ], [ 106.687638177465956, 10.791611549143092 ], [ 106.686961123355488, 10.79131380153718 ], [ 106.686882164235271, 10.790578824836929 ], [ 106.687480256981985, 10.790141598928727 ], [ 106.68815730690072, 10.7904393475678 ] ] ] } },
{ "type": "Feature", "properties": { "h3": "8a65b5663b07fff", "resolution": 10, "center_lat": 10.767318874884953, "center_lon": 106.67857821240389, "avg_edge_len": 81.384660641069502, "cell_area": 17207.596097305417, "cell_perimeter": 488.30796384641701, "code": "770", "name": "Quận 3", "name_en": "District 3", "level": "Quận", "prov_code": "79", "prov_name": "Thành phố Hồ Chí Minh", "region": "Đông Nam Bộ", "pop_2019": 190375.0, "pop_dens": 38852.0, "area": 4.92 }, "geometry": { "type": "Polygon", "coordinates": [ [ [ 106.679176305843328, 10.766881692827852 ], [ 106.679255245388674, 10.767616702720469 ], [ 106.678657152423057, 10.76805388614684 ], [ 106.677980117966527, 10.767756057524597 ], [ 106.677901180665202, 10.767021044447269 ], [ 106.678499275576357, 10.766583863176875 ], [ 106.679176305843328, 10.766881692827852 ] ] ] } },
{ "type": "Feature", "properties": { "h3": "8a65b56637b7fff", "resolution": 10, "center_lat": 10.785852310644932, "center_lon": 106.68250400918555, "avg_edge_len": 81.382736892055604, "cell_area": 17206.779768645763, "cell_perimeter": 488.29642135233365, "code": "770", "name": "Quận 3", "name_en": "District 3", "level": "Quận", "prov_code": "79", "prov_name": "Thành phố Hồ Chí Minh", "region": "Đông Nam Bộ", "pop_2019": 190375.0, "pop_dens": 38852.0, "area": 4.92 }, "geometry": { "type": "Polygon", "coordinates": [ [ [ 106.683102116975633, 10.785415095180706 ], [ 106.683181068077346, 10.786150084516247 ], [ 106.682582960761735, 10.786587301349234 ], [ 106.681905900397567, 10.786289526693196 ], [ 106.68182695153979, 10.785554534172606 ], [ 106.682425060802203, 10.785117319493084 ], [ 106.683102116975633, 10.785415095180706 ] ] ] } },
{ "type": "Feature", "properties": { "h3": "8a65b56634cffff", "resolution": 10, "center_lat": 10.78688507314242, "center_lon": 106.68326001806435, "avg_edge_len": 81.38242397436801, "cell_area": 17206.64698975347, "cell_perimeter": 488.29454384620806, "code": "770", "name": "Quận 3", "name_en": "District 3", "level": "Quận", "prov_code": "79", "prov_name": "Thành phố Hồ Chí Minh", "region": "Đông Nam Bộ", "pop_2019": 190375.0, "pop_dens": 38852.0, "area": 4.92 }, "geometry": { "type": "Polygon", "coordinates": [ [ [ 106.683858123907527, 10.786447855524875 ], [ 106.683937076612978, 10.787182842334611 ], [ 106.68333897124441, 10.78762006132094 ], [ 106.682661911223306, 10.787322291344168 ], [ 106.682582960761735, 10.786587301349234 ], [ 106.683181068077346, 10.786150084516247 ], [ 106.683858123907527, 10.786447855524875 ] ] ] } },
{ "type": "Feature", "properties": { "h3": "8a65b566360ffff", "resolution": 10, "center_lat": 10.785377243075256, "center_lon": 106.67664723570438, "avg_edge_len": 81.384985695016269, "cell_area": 17207.733052812517, "cell_perimeter": 488.30991417009761, "code": "770", "name": "Quận 3", "name_en": "District 3", "level": "Quận", "prov_code": "79", "prov_name": "Thành phố Hồ Chí Minh", "region": "Đông Nam Bộ", "pop_2019": 190375.0, "pop_dens": 38852.0, "area": 4.92 }, "geometry": { "type": "Polygon", "coordinates": [ [ [ 106.677245372546381, 10.784940031615315 ], [ 106.6773243130677, 10.785675036213592 ], [ 106.676726176699191, 10.786112249041699 ], [ 106.676049097864095, 10.785814455118304 ], [ 106.675970159587237, 10.785079447336472 ], [ 106.676568297900985, 10.784642236661568 ], [ 106.677245372546381, 10.784940031615315 ] ] ] } },
{ "type": "Feature", "properties": { "h3": "8a65b5663467fff", "resolution": 10, "center_lat": 10.782335701176684, "center_lon": 106.68406145949375, "avg_edge_len": 81.382222934964872, "cell_area": 17206.562038101256, "cell_perimeter": 488.29333760978926, "code": "770", "name": "Quận 3", "name_en": "District 3", "level": "Quận", "prov_code": "79", "prov_name": "Thành phố Hồ Chí Minh", "region": "Đông Nam Bộ", "pop_2019": 190375.0, "pop_dens": 38852.0, "area": 4.92 }, "geometry": { "type": "Polygon", "coordinates": [ [ [ 106.684659552791189, 10.781898490788921 ], [ 106.684738505813044, 10.782633478142417 ], [ 106.684140412990359, 10.783070689899283 ], [ 106.683463365198591, 10.78277291214857 ], [ 106.683384414420445, 10.782037921609497 ], [ 106.683982509190329, 10.781600712006696 ], [ 106.684659552791189, 10.781898490788921 ] ] ] } },
{ "type": "Feature", "properties": { "h3": "8a65b5663d4ffff", "resolution": 10, "center_lat": 10.77295817962437, "center_lon": 106.68821441959192, "avg_edge_len": 81.380849770806734, "cell_area": 17205.980352291837, "cell_perimeter": 488.28509862484043, "code": "770", "name": "Quận 3", "name_en": "District 3", "level": "Quận", "prov_code": "79", "prov_name": "Thành phố Hồ Chí Minh", "region": "Đông Nam Bộ", "pop_2019": 190375.0, "pop_dens": 38852.0, "area": 4.92 }, "geometry": { "type": "Polygon", "coordinates": [ [ [ 106.688812474240962, 10.772520982801058 ], [ 106.688891432381908, 10.773255964840738 ], [ 106.6882933782083, 10.773693163034055 ], [ 106.687616363945551, 10.773395377031999 ], [ 106.687537408047817, 10.77266039180534 ], [ 106.688135464169605, 10.772223195767697 ], [ 106.688812474240962, 10.772520982801058 ] ] ] } },
{ "type": "Feature", "properties": { "h3": "8a65b5663677fff", "resolution": 10, "center_lat": 10.784344438846128, "center_lon": 106.67589122019659, "avg_edge_len": 81.385298394528249, "cell_area": 17207.865737488493, "cell_perimeter": 488.31179036716952, "code": "770", "name": "Quận 3", "name_en": "District 3", "level": "Quận", "prov_code": "79", "prov_name": "Thành phố Hồ Chí Minh", "region": "Đông Nam Bộ", "pop_2019": 190375.0, "pop_dens": 38852.0, "area": 4.92 }, "geometry": { "type": "Polygon", "coordinates": [ [ [ 106.676489358983687, 10.783907229539359 ], [ 106.676568297900985, 10.784642236661568 ], [ 106.675970159587237, 10.785079447336472 ], [ 106.675293080411151, 10.784781648735834 ], [ 106.675214143738359, 10.784046638430226 ], [ 106.675812283997132, 10.783609429908635 ], [ 106.676489358983687, 10.783907229539359 ] ] ] } },
{ "type": "Feature", "properties": { "h3": "8a65b5663ba7fff", "resolution": 10, "center_lat": 10.76938454175097, "center_lon": 106.68009015649761, "avg_edge_len": 81.384036337034658, "cell_area": 17207.33130290173, "cell_perimeter": 488.30421802220792, "code": "770", "name": "Quận 3", "name_en": "District 3", "level": "Quận", "prov_code": "79", "prov_name": "Thành phố Hồ Chí Minh", "region": "Đông Nam Bộ", "pop_2019": 190375.0, "pop_dens": 38852.0, "area": 4.92 }, "geometry": { "type": "Polygon", "coordinates": [ [ [ 106.680688246045548, 10.768947355382307 ], [ 106.680767188798328, 10.769682360241754 ], [ 106.680169099724452, 10.770119547979744 ], [ 106.679492065951777, 10.76982172870251 ], [ 106.679413125442892, 10.769086720658043 ], [ 106.680011216462745, 10.768649535075808 ], [ 106.680688246045548, 10.768947355382307 ] ] ] } },
{ "type": "Feature", "properties": { "h3": "8a65b5663117fff", "resolution": 10, "center_lat": 10.77558136975208, "center_lon": 106.68462601904588, "avg_edge_len": 81.38216204980661, "cell_area": 17206.536479076371, "cell_perimeter": 488.29297229883969, "code": "770", "name": "Quận 3", "name_en": "District 3", "level": "Quận", "prov_code": "79", "prov_name": "Thành phố Hồ Chí Minh", "region": "Đông Nam Bộ", "pop_2019": 190375.0, "pop_dens": 38852.0, "area": 4.92 }, "geometry": { "type": "Polygon", "coordinates": [ [ [ 106.685224096914268, 10.775144170451382 ], [ 106.685303049288834, 10.775879160196308 ], [ 106.684704971895286, 10.776316360866502 ], [ 106.684027940179874, 10.776018569636658 ], [ 106.683948990048876, 10.775283576705773 ], [ 106.68454706938968, 10.774846378190668 ], [ 106.685224096914268, 10.775144170451382 ] ] ] } },
{ "type": "Feature", "properties": { "h3": "8a65b5663857fff", "resolution": 10, "center_lat": 10.7691057998105, "center_lon": 106.68264037732881, "avg_edge_len": 81.383068015983852, "cell_area": 17206.920853434131, "cell_perimeter": 488.29840809590314, "code": "770", "name": "Quận 3", "name_en": "District 3", "level": "Quận", "prov_code": "79", "prov_name": "Thành phố Hồ Chí Minh", "region": "Đông Nam Bộ", "pop_2019": 190375.0, "pop_dens": 38852.0, "area": 4.92 }, "geometry": { "type": "Polygon", "coordinates": [ [ [ 106.683238453323753, 10.76866861252549 ], [ 106.683317400564007, 10.769403611013892 ], [ 106.682719325043536, 10.769840799668515 ], [ 106.682042300336121, 10.769542987678776 ], [ 106.681963355339533, 10.768807986004681 ], [ 106.682561432806665, 10.768370799505998 ], [ 106.683238453323753, 10.76866861252549 ] ] ] } },
{ "type": "Feature", "properties": { "h3": "8a65b566381ffff", "resolution": 10, "center_lat": 10.769999224848238, "center_lon": 106.6846714378499, "avg_edge_len": 81.382271459402574, "cell_area": 17206.583117907867, "cell_perimeter": 488.29362875641544, "code": "770", "name": "Quận 3", "name_en": "District 3", "level": "Quận", "prov_code": "79", "prov_name": "Thành phố Hồ Chí Minh", "region": "Đông Nam Bộ", "pop_2019": 190375.0, "pop_dens": 38852.0, "area": 4.92 }, "geometry": { "type": "Polygon", "coordinates": [ [ [ 106.685269505120559, 10.769562034949653 ], [ 106.685348456207876, 10.770297027734044 ], [ 106.684750389412059, 10.77073421900241 ], [ 106.684073369581682, 10.770436415330446 ], [ 106.683994420737861, 10.769701419359878 ], [ 106.684592489480892, 10.76926423024743 ], [ 106.685269505120559, 10.769562034949653 ] ] ] } },
{ "type": "Feature", "properties": { "h3": "8a65b5645917fff", "resolution": 10, "center_lat": 10.784762651796717, "center_lon": 106.67206552022429, "avg_edge_len": 81.386749710908504, "cell_area": 17208.480921426788, "cell_perimeter": 488.32049826545102, "code": "770", "name": "Quận 3", "name_en": "District 3", "level": "Quận", "prov_code": "79", "prov_name": "Thành phố Hồ Chí Minh", "region": "Đông Nam Bộ", "pop_2019": 190375.0, "pop_dens": 38852.0, "area": 4.92 }, "geometry": { "type": "Polygon", "coordinates": [ [ [ 106.672663679334093, 10.784325443881237 ], [ 106.672742611517478, 10.785060460552646 ], [ 106.672144452880403, 10.785497669835838 ], [ 106.671467360115898, 10.785199860294554 ], [ 106.671388430177387, 10.784464840440744 ], [ 106.671986590758465, 10.784027633310597 ], [ 106.672663679334093, 10.784325443881237 ] ] ] } },
{ "type": "Feature", "properties": { "h3": "8a65b56636affff", "resolution": 10, "center_lat": 10.787442829927771, "center_lon": 106.6781592705082, "avg_edge_len": 81.384360123803233, "cell_area": 17207.467781856656, "cell_perimeter": 488.30616074281943, "code": "770", "name": "Quận 3", "name_en": "District 3", "level": "Quận", "prov_code": "79", "prov_name": "Thành phố Hồ Chí Minh", "region": "Đông Nam Bộ", "pop_2019": 190375.0, "pop_dens": 38852.0, "area": 4.92 }, "geometry": { "type": "Polygon", "coordinates": [ [ [ 106.678757403459343, 10.787005614161806 ], [ 106.678836347188621, 10.787740613710344 ], [ 106.678238214711229, 10.788177830844528 ], [ 106.677561136558865, 10.787880046277172 ], [ 106.677482195073935, 10.787145043544765 ], [ 106.678080329497007, 10.786707828563562 ], [ 106.678757403459343, 10.787005614161806 ] ] ] } },
{ "type": "Feature", "properties": { "h3": "8a65b5663507fff", "resolution": 10, "center_lat": 10.781777938666204, "center_lon": 106.68916192695124, "avg_edge_len": 81.380285696199223, "cell_area": 17205.740790817887, "cell_perimeter": 488.28171417719534, "code": "770", "name": "Quận 3", "name_en": "District 3", "level": "Quận", "prov_code": "79", "prov_name": "Thành phố Hồ Chí Minh", "region": "Đông Nam Bộ", "pop_2019": 190375.0, "pop_dens": 38852.0, "area": 4.92 }, "geometry": { "type": "Polygon", "coordinates": [ [ [ 106.689759993132313, 10.781340726437453 ], [ 106.689838955127854, 10.782075701045343 ], [ 106.689240889422408, 10.782512914643762 ], [ 106.688563859772842, 10.782215151479843 ], [ 106.688484900020526, 10.781480173685052 ], [ 106.689082967674537, 10.78104296224106 ], [ 106.689759993132313, 10.781340726437453 ] ] ] } },
{ "type": "Feature", "properties": { "h3": "8a65b5644b37fff", "resolution": 10, "center_lat": 10.78984384742536, "center_lon": 106.68680320399994, "avg_edge_len": 81.381000628568188, "cell_area": 17206.043499855325, "cell_perimeter": 488.28600377140913, "code": "770", "name": "Quận 3", "name_en": "District 3", "level": "Quận", "prov_code": "79", "prov_name": "Thành phố Hồ Chí Minh", "region": "Đông Nam Bộ", "pop_2019": 190375.0, "pop_dens": 38852.0, "area": 4.92 }, "geometry": { "type": "Polygon", "coordinates": [ [ [ 106.687401297221882, 10.789406622886167 ], [ 106.687480256981985, 10.790141598928727 ], [ 106.686882164235271, 10.790578824836929 ], [ 106.686205109780374, 10.790281072549448 ], [ 106.686126152263824, 10.789546093320887 ], [ 106.686724246958576, 10.789108869565792 ], [ 106.687401297221882, 10.789406622886167 ] ] ] } },
{ "type": "Feature", "properties": { "h3": "8a65b5663c47fff", "resolution": 10, "center_lat": 10.775302545849291, "center_lon": 106.68717621239331, "avg_edge_len": 81.381193418018483, "cell_area": 17206.125927930698, "cell_perimeter": 488.2871605081109, "code": "770", "name": "Quận 3", "name_en": "District 3", "level": "Quận", "prov_code": "79", "prov_name": "Thành phố Hồ Chí Minh", "region": "Đông Nam Bộ", "pop_2019": 190375.0, "pop_dens": 38852.0, "area": 4.92 }, "geometry": { "type": "Polygon", "coordinates": [ [ [ 106.687774276704644, 10.774865345631152 ], [ 106.687853233565988, 10.775600329003158 ], [ 106.687255169729951, 10.776037530591077 ], [ 106.686578147084575, 10.775739746651698 ], [ 106.686499192466556, 10.77500476009307 ], [ 106.687097258250532, 10.774567560660422 ], [ 106.687774276704644, 10.774865345631152 ] ] ] } },
{ "type": "Feature", "properties": { "h3": "8a65b56631b7fff", "resolution": 10, "center_lat": 10.777646921523061, "center_lon": 106.68613798331079, "avg_edge_len": 81.381536827855641, "cell_area": 17206.271374311298, "cell_perimeter": 488.28922096713382, "code": "770", "name": "Quận 3", "name_en": "District 3", "level": "Quận", "prov_code": "79", "prov_name": "Thành phố Hồ Chí Minh", "region": "Đông Nam Bộ", "pop_2019": 190375.0, "pop_dens": 38852.0, "area": 4.92 }, "geometry": { "type": "Polygon", "coordinates": [ [ [ 106.68673605728425, 10.777209717912568 ], [ 106.686815012865878, 10.777944702614315 ], [ 106.686216939367512, 10.77838190759436 ], [ 106.685539908339763, 10.778084125717768 ], [ 106.685460955001574, 10.777349137829745 ], [ 106.686059030447652, 10.77691193500457 ], [ 106.68673605728425, 10.777209717912568 ] ] ] } },
{ "type": "Feature", "properties": { "h3": "8a65b56630dffff", "resolution": 10, "center_lat": 10.780688390115914, "center_lon": 106.67872398370804, "avg_edge_len": 81.38430061928581, "cell_area": 17207.442874364555, "cell_perimeter": 488.30580371571489, "code": "770", "name": "Quận 3", "name_en": "District 3", "level": "Quận", "prov_code": "79", "prov_name": "Thành phố Hồ Chí Minh", "region": "Đông Nam Bộ", "pop_2019": 190375.0, "pop_dens": 38852.0, "area": 4.92 }, "geometry": { "type": "Polygon", "coordinates": [ [ [ 106.679322101229417, 10.780251185419944 ], [ 106.679401044312044, 10.780986187375147 ], [ 106.678802927264528, 10.781423393439733 ], [ 106.678125865188576, 10.781125595395084 ], [ 106.678046924350141, 10.780390590255619 ], [ 106.678645043343408, 10.779953386345046 ], [ 106.679322101229417, 10.780251185419944 ] ] ] } },
{ "type": "Feature", "properties": { "h3": "8a65b56638f7fff", "resolution": 10, "center_lat": 10.771171410598903, "center_lon": 106.68415231731079, "avg_edge_len": 81.38244337938346, "cell_area": 17206.655981255695, "cell_perimeter": 488.29466027630076, "code": "770", "name": "Quận 3", "name_en": "District 3", "level": "Quận", "prov_code": "79", "prov_name": "Thành phố Hồ Chí Minh", "region": "Đông Nam Bộ", "pop_2019": 190375.0, "pop_dens": 38852.0, "area": 4.92 }, "geometry": { "type": "Polygon", "coordinates": [ [ [ 106.684750389412059, 10.77073421900241 ], [ 106.684829339859434, 10.771469212454512 ], [ 106.684231268232892, 10.771906405420678 ], [ 106.683554244211891, 10.771608602778999 ], [ 106.683475296008069, 10.770873606140894 ], [ 106.684073369581682, 10.770436415330446 ], [ 106.684750389412059, 10.77073421900241 ] ] ] } },
{ "type": "Feature", "properties": { "h3": "8a65b56459b7fff", "resolution": 10, "center_lat": 10.786828294033832, "center_lon": 106.67357756621476, "avg_edge_len": 81.386124409513727, "cell_area": 17208.215770972893, "cell_perimeter": 488.31674645708233, "code": "770", "name": "Quận 3", "name_en": "District 3", "level": "Quận", "prov_code": "79", "prov_name": "Thành phố Hồ Chí Minh", "region": "Đông Nam Bộ", "pop_2019": 190375.0, "pop_dens": 38852.0, "area": 4.92 }, "geometry": { "type": "Polygon", "coordinates": [ [ [ 106.674175721436143, 10.786391081812656 ], [ 106.674254656827884, 10.787126093436518 ], [ 106.673656502079439, 10.787563307025456 ], [ 106.672979409994809, 10.787265506837697 ], [ 106.672900476847843, 10.786530492031121 ], [ 106.673498633540717, 10.786093280595001 ], [ 106.674175721436143, 10.786391081812656 ] ] ] } },
{ "type": "Feature", "properties": { "h3": "8a65b566374ffff", "resolution": 10, "center_lat": 10.782139409910128, "center_lon": 106.67565440825683, "avg_edge_len": 81.385439794033246, "cell_area": 17207.925766730681, "cell_perimeter": 488.31263876419951, "code": "770", "name": "Quận 3", "name_en": "District 3", "level": "Quận", "prov_code": "79", "prov_name": "Thành phố Hồ Chí Minh", "region": "Đông Nam Bộ", "pop_2019": 190375.0, "pop_dens": 38852.0, "area": 4.92 }, "geometry": { "type": "Polygon", "coordinates": [ [ [ 106.676252544158984, 10.781702204447114 ], [ 106.676331482112687, 10.782437213431889 ], [ 106.67573334668387, 10.782874420263123 ], [ 106.675056271356382, 10.782576615955936 ], [ 106.674977335647185, 10.781841603787742 ], [ 106.675575473020942, 10.781404399110134 ], [ 106.676252544158984, 10.781702204447114 ] ] ] } },
{ "type": "Feature", "properties": { "h3": "8a65b566222ffff", "resolution": 10, "center_lat": 10.782252819397121, "center_lon": 106.69501819321165, "avg_edge_len": 81.378034569819022, "cell_area": 17204.78650431335, "cell_perimeter": 488.26820741891413, "code": "770", "name": "Quận 3", "name_en": "District 3", "level": "Quận", "prov_code": "79", "prov_name": "Thành phố Hồ Chí Minh", "region": "Đông Nam Bộ", "pop_2019": 190375.0, "pop_dens": 38852.0, "area": 4.92 }, "geometry": { "type": "Polygon", "coordinates": [ [ [ 106.695616230318393, 10.781815603177948 ], [ 106.695695202888857, 10.782550562509256 ], [ 106.695097166258719, 10.782987780098692 ], [ 106.694420155107949, 10.782690036202114 ], [ 106.694341184780157, 10.781955073682418 ], [ 106.694939223360436, 10.781517858247664 ], [ 106.695616230318393, 10.781815603177948 ] ] ] } },
{ "type": "Feature", "properties": { "h3": "8a65b564580ffff", "resolution": 10, "center_lat": 10.786353063540711, "center_lon": 106.66772046019578, "avg_edge_len": 81.388371529181057, "cell_area": 17209.16841782257, "cell_perimeter": 488.33022917508634, "code": "770", "name": "Quận 3", "name_en": "District 3", "level": "Quận", "prov_code": "79", "prov_name": "Thành phố Hồ Chí Minh", "region": "Đông Nam Bộ", "pop_2019": 190375.0, "pop_dens": 38852.0, "area": 4.92 }, "geometry": { "type": "Polygon", "coordinates": [ [ [ 106.668318644452825, 10.785915855332316 ], [ 106.668397569260392, 10.786650882208502 ], [ 106.66779938547532, 10.787088091784067 ], [ 106.667122274939814, 10.786790272330865 ], [ 106.667043352377561, 10.786055242273452 ], [ 106.667641538105485, 10.785618034850449 ], [ 106.668318644452825, 10.785915855332316 ] ] ] } },
{ "type": "Feature", "properties": { "h3": "8a65b56635a7fff", "resolution": 10, "center_lat": 10.783843404020132, "center_lon": 106.6906739063227, "avg_edge_len": 81.379659786758154, "cell_area": 17205.475352091715, "cell_perimeter": 488.2779587205489, "code": "770", "name": "Quận 3", "name_en": "District 3", "level": "Quận", "prov_code": "79", "prov_name": "Thành phố Hồ Chí Minh", "region": "Đông Nam Bộ", "pop_2019": 190375.0, "pop_dens": 38852.0, "area": 4.92 }, "geometry": { "type": "Polygon", "coordinates": [ [ [ 106.691271968606273, 10.783406187482912 ], [ 106.691350933808621, 10.784141157040121 ], [ 106.690752872000942, 10.784578374947065 ], [ 106.690075843041868, 10.784280621142569 ], [ 106.689996880082631, 10.783545648398146 ], [ 106.690594943839315, 10.78310843264541 ], [ 106.691271968606273, 10.783406187482912 ] ] ] } },
{ "type": "Feature", "properties": { "h3": "8a65b5644a2ffff", "resolution": 10, "center_lat": 10.791434456818042, "center_lon": 106.68245854996037, "avg_edge_len": 81.38262423265013, "cell_area": 17206.731714410707, "cell_perimeter": 488.29574539590078, "code": "770", "name": "Quận 3", "name_en": "District 3", "level": "Quận", "prov_code": "79", "prov_name": "Thành phố Hồ Chí Minh", "region": "Đông Nam Bộ", "pop_2019": 190375.0, "pop_dens": 38852.0, "area": 4.92 }, "geometry": { "type": "Polygon", "coordinates": [ [ [ 106.683056668349593, 10.790997231977618 ], [ 106.683135620738511, 10.791732218234348 ], [ 106.682537502823777, 10.792169444443251 ], [ 106.681860430573209, 10.791871682242768 ], [ 106.68178148042827, 10.79113669280121 ], [ 106.682379600289877, 10.790699468744942 ], [ 106.683056668349593, 10.790997231977618 ] ] ] } },
{ "type": "Feature", "properties": { "h3": "8a65b5663ce7fff", "resolution": 10, "center_lat": 10.777368070293031, "center_lon": 106.68868816748972, "avg_edge_len": 81.380568093282378, "cell_area": 17205.860708577558, "cell_perimeter": 488.28340855969429, "code": "770", "name": "Quận 3", "name_en": "District 3", "level": "Quận", "prov_code": "79", "prov_name": "Thành phố Hồ Chí Minh", "region": "Đông Nam Bộ", "pop_2019": 190375.0, "pop_dens": 38852.0, "area": 4.92 }, "geometry": { "type": "Polygon", "coordinates": [ [ [ 106.689286227904745, 10.776930865764733 ], [ 106.689365187972953, 10.777665844092935 ], [ 106.688767128033447, 10.778103049991067 ], [ 106.688090106077325, 10.77780527540593 ], [ 106.688011148252329, 10.777070293890791 ], [ 106.688609210140214, 10.776633090147707 ], [ 106.689286227904745, 10.776930865764733 ] ] ] } },
{ "type": "Feature", "properties": { "h3": "8a65b56630affff", "resolution": 10, "center_lat": 10.779237367134387, "center_lon": 106.68179347237694, "avg_edge_len": 81.383161059843403, "cell_area": 17206.959834398702, "cell_perimeter": 488.29896635906039, "code": "770", "name": "Quận 3", "name_en": "District 3", "level": "Quận", "prov_code": "79", "prov_name": "Thành phố Hồ Chí Minh", "region": "Đông Nam Bộ", "pop_2019": 190375.0, "pop_dens": 38852.0, "area": 4.92 }, "geometry": { "type": "Polygon", "coordinates": [ [ [ 106.682391571514927, 10.778800163209056 ], [ 106.682470519725726, 10.779535158132008 ], [ 106.68187242106211, 10.779972363426353 ], [ 106.681195372241106, 10.779674571643332 ], [ 106.681116426274215, 10.778939573535277 ], [ 106.681714526884363, 10.778502370395326 ], [ 106.682391571514927, 10.778800163209056 ] ] ] } },
{ "type": "Feature", "properties": { "h3": "8a65b566342ffff", "resolution": 10, "center_lat": 10.783229023488552, "center_lon": 106.68609258926476, "avg_edge_len": 81.381425856888896, "cell_area": 17206.224063336849, "cell_perimeter": 488.28855514133335, "code": "770", "name": "Quận 3", "name_en": "District 3", "level": "Quận", "prov_code": "79", "prov_name": "Thành phố Hồ Chí Minh", "region": "Đông Nam Bộ", "pop_2019": 190375.0, "pop_dens": 38852.0, "area": 4.92 }, "geometry": { "type": "Polygon", "coordinates": [ [ [ 106.686690673836225, 10.782791810486032 ], [ 106.686769630705285, 10.78352679212907 ], [ 106.686171546608904, 10.783964006500858 ], [ 106.685494503695708, 10.783666237075543 ], [ 106.6854155490702, 10.782931252246449 ], [ 106.686013635114321, 10.7824940400287 ], [ 106.686690673836225, 10.782791810486032 ] ] ] } },
{ "type": "Feature", "properties": { "h3": "8a65b56622cffff", "resolution": 10, "center_lat": 10.785908840550137, "center_lon": 106.69218589072553, "avg_edge_len": 81.37903364759498, "cell_area": 17205.209839200601, "cell_perimeter": 488.27420188556988, "code": "770", "name": "Quận 3", "name_en": "District 3", "level": "Quận", "prov_code": "79", "prov_name": "Thành phố Hồ Chí Minh", "region": "Đông Nam Bộ", "pop_2019": 190375.0, "pop_dens": 38852.0, "area": 4.92 }, "geometry": { "type": "Polygon", "coordinates": [ [ [ 106.692783949110705, 10.785471619704888 ], [ 106.69286291751979, 10.786206584208919 ], [ 106.692264859610717, 10.786643806423942 ], [ 106.691587831343114, 10.786346061980931 ], [ 106.691508865177042, 10.785611094289377 ], [ 106.692106925035532, 10.785173874228338 ], [ 106.692783949110705, 10.785471619704888 ] ] ] } },
{ "type": "Feature", "properties": { "h3": "8a65b56458affff", "resolution": 10, "center_lat": 10.788418746010306, "center_lon": 106.66923252697997, "avg_edge_len": 81.387746319465919, "cell_area": 17208.903303908184, "cell_perimeter": 488.32647791679551, "code": "770", "name": "Quận 3", "name_en": "District 3", "level": "Quận", "prov_code": "79", "prov_name": "Thành phố Hồ Chí Minh", "region": "Đông Nam Bộ", "pop_2019": 190375.0, "pop_dens": 38852.0, "area": 4.92 }, "geometry": { "type": "Polygon", "coordinates": [ [ [ 106.669830707350926, 10.787981533497167 ], [ 106.669909635367247, 10.788716555325806 ], [ 106.669311455468531, 10.789153769206171 ], [ 106.668634345610187, 10.788855959105538 ], [ 106.668555419839066, 10.788120934095357 ], [ 106.66915360168106, 10.787683722367333 ], [ 106.669830707350926, 10.787981533497167 ] ] ] } },
{ "type": "Feature", "properties": { "h3": "8a65b5663647fff", "resolution": 10, "center_lat": 10.78448384727356, "center_lon": 106.67461599817652, "avg_edge_len": 81.385782220622545, "cell_area": 17208.070782626048, "cell_perimeter": 488.31469332373524, "code": "770", "name": "Quận 3", "name_en": "District 3", "level": "Quận", "prov_code": "79", "prov_name": "Thành phố Hồ Chí Minh", "region": "Đông Nam Bộ", "pop_2019": 190375.0, "pop_dens": 38852.0, "area": 4.92 }, "geometry": { "type": "Polygon", "coordinates": [ [ [ 106.675214143738359, 10.784046638430226 ], [ 106.675293080411151, 10.784781648735834 ], [ 106.674694935322449, 10.785218858947159 ], [ 106.67401785161627, 10.784921056699634 ], [ 106.673938917188124, 10.78418604321096 ], [ 106.674537064221497, 10.783748835152856 ], [ 106.675214143738359, 10.784046638430226 ] ] ] } },
{ "type": "Feature", "properties": { "h3": "8a65b566349ffff", "resolution": 10, "center_lat": 10.788671646132819, "center_lon": 106.68732233634657, "avg_edge_len": 81.380829467349258, "cell_area": 17205.971020307392, "cell_perimeter": 488.28497680409555, "code": "770", "name": "Quận 3", "name_en": "District 3", "level": "Quận", "prov_code": "79", "prov_name": "Thành phố Hồ Chí Minh", "region": "Đông Nam Bộ", "pop_2019": 190375.0, "pop_dens": 38852.0, "area": 4.92 }, "geometry": { "type": "Polygon", "coordinates": [ [ [ 106.687920424736987, 10.788234423284775 ], [ 106.687999385137005, 10.788969398668995 ], [ 106.687401297221882, 10.789406622886167 ], [ 106.686724246958576, 10.789108869565792 ], [ 106.686645288802069, 10.788373890995395 ], [ 106.687243378665343, 10.787936668931525 ], [ 106.687920424736987, 10.788234423284775 ] ] ] } },
{ "type": "Feature", "properties": { "h3": "8a65b5663a37fff", "resolution": 10, "center_lat": 10.769663267282578, "center_lon": 106.67753989043372, "avg_edge_len": 81.385004444245439, "cell_area": 17207.741778498515, "cell_perimeter": 488.31002666547261, "code": "770", "name": "Quận 3", "name_en": "District 3", "level": "Quận", "prov_code": "79", "prov_name": "Thành phố Hồ Chí Minh", "region": "Đông Nam Bộ", "pop_2019": 190375.0, "pop_dens": 38852.0, "area": 4.92 }, "geometry": { "type": "Polygon", "coordinates": [ [ [ 106.678137993532701, 10.769226081831567 ], [ 106.678216931797522, 10.769961093060726 ], [ 106.677618829172204, 10.770398279880782 ], [ 106.676941786336727, 10.770100453316083 ], [ 106.676862850316041, 10.769365438902568 ], [ 106.677460954886641, 10.768928254238087 ], [ 106.678137993532701, 10.769226081831567 ] ] ] } },
{ "type": "Feature", "properties": { "h3": "8a65b566388ffff", "resolution": 10, "center_lat": 10.772204205204014, "center_lon": 106.68490828919198, "avg_edge_len": 81.382130975460086, "cell_area": 17206.523436199874, "cell_perimeter": 488.29278585276052, "code": "770", "name": "Quận 3", "name_en": "District 3", "level": "Quận", "prov_code": "79", "prov_name": "Thành phố Hồ Chí Minh", "region": "Đông Nam Bộ", "pop_2019": 190375.0, "pop_dens": 38852.0, "area": 4.92 }, "geometry": { "type": "Polygon", "coordinates": [ [ [ 106.685506359346093, 10.771767011451942 ], [ 106.685585311397006, 10.772502002384963 ], [ 106.684987241717778, 10.772939197506728 ], [ 106.684310218040309, 10.772641399539854 ], [ 106.684231268232892, 10.771906405420678 ], [ 106.684829339859434, 10.771469212454512 ], [ 106.685506359346093, 10.771767011451942 ] ] ] } },
{ "type": "Feature", "properties": { "h3": "8a65b566225ffff", "resolution": 10, "center_lat": 10.783703939457883, "center_lon": 106.69194899030838, "avg_edge_len": 81.379175290807311, "cell_area": 17205.269956262782, "cell_perimeter": 488.27505174484389, "code": "770", "name": "Quận 3", "name_en": "District 3", "level": "Quận", "prov_code": "79", "prov_name": "Thành phố Hồ Chí Minh", "region": "Đông Nam Bộ", "pop_2019": 190375.0, "pop_dens": 38852.0, "area": 4.92 }, "geometry": { "type": "Polygon", "coordinates": [ [ [ 106.692547045810883, 10.783266722461043 ], [ 106.692626013256259, 10.784001688830708 ], [ 106.692027958229801, 10.784438907197405 ], [ 106.691350933808621, 10.784141157040121 ], [ 106.691271968606273, 10.783406187482912 ], [ 106.691870025582048, 10.78296897127051 ], [ 106.692547045810883, 10.783266722461043 ] ] ] } },
{ "type": "Feature", "properties": { "h3": "8a65b566236ffff", "resolution": 10, "center_lat": 10.779015217309793, "center_lon": 106.69402530524424, "avg_edge_len": 81.37848888032552, "cell_area": 17204.979226019233, "cell_perimeter": 488.27093328195315, "code": "770", "name": "Quận 3", "name_en": "District 3", "level": "Quận", "prov_code": "79", "prov_name": "Thành phố Hồ Chí Minh", "region": "Đông Nam Bộ", "pop_2019": 190375.0, "pop_dens": 38852.0, "area": 4.92 }, "geometry": { "type": "Polygon", "coordinates": [ [ [ 106.694623341418705, 10.778578007096964 ], [ 106.69470231142229, 10.779312970815109 ], [ 106.694104275724229, 10.779750182398253 ], [ 106.693427268072739, 10.779452428108128 ], [ 106.693348300311911, 10.778717461201735 ], [ 106.693946337959801, 10.778280251773694 ], [ 106.694623341418705, 10.778578007096964 ] ] ] } },
{ "type": "Feature", "properties": { "h3": "8a65b56636e7fff", "resolution": 10, "center_lat": 10.786549462191088, "center_lon": 106.67612803502711, "avg_edge_len": 81.385156815442613, "cell_area": 17207.805597040802, "cell_perimeter": 488.31094089265571, "code": "770", "name": "Quận 3", "name_en": "District 3", "level": "Quận", "prov_code": "79", "prov_name": "Thành phố Hồ Chí Minh", "region": "Đông Nam Bộ", "pop_2019": 190375.0, "pop_dens": 38852.0, "area": 4.92 }, "geometry": { "type": "Polygon", "coordinates": [ [ [ 106.676726176699191, 10.786112249041699 ], [ 106.676805116580098, 10.786847254299133 ], [ 106.676206975381405, 10.787284468816569 ], [ 106.675529892356693, 10.786986675923556 ], [ 106.675450954720304, 10.786251667482743 ], [ 106.676049097864095, 10.785814455118304 ], [ 106.676726176699191, 10.786112249041699 ] ] ] } },
{ "type": "Feature", "properties": { "h3": "8a65b5644b6ffff", "resolution": 10, "center_lat": 10.788196728713382, "center_lon": 106.68146568162507, "avg_edge_len": 81.383079233206601, "cell_area": 17206.924739234149, "cell_perimeter": 488.29847539923958, "code": "770", "name": "Quận 3", "name_en": "District 3", "level": "Quận", "prov_code": "79", "prov_name": "Thành phố Hồ Chí Minh", "region": "Đông Nam Bộ", "pop_2019": 190375.0, "pop_dens": 38852.0, "area": 4.92 }, "geometry": { "type": "Polygon", "coordinates": [ [ [ 106.682063799076786, 10.787759509867948 ], [ 106.682142748898229, 10.788494500521631 ], [ 106.681544631920815, 10.788931720735597 ], [ 106.680867563175369, 10.788633948142802 ], [ 106.680788615597976, 10.787898954304431 ], [ 106.681386734521951, 10.78746173624352 ], [ 106.682063799076786, 10.787759509867948 ] ] ] } },
{ "type": "Feature", "properties": { "h3": "8a65b5663787fff", "resolution": 10, "center_lat": 10.785991749174515, "center_lon": 106.68122883697232, "avg_edge_len": 81.383220983838513, "cell_area": 17206.984959097579, "cell_perimeter": 488.2993259030311, "code": "770", "name": "Quận 3", "name_en": "District 3", "level": "Quận", "prov_code": "79", "prov_name": "Thành phố Hồ Chí Minh", "region": "Đông Nam Bộ", "pop_2019": 190375.0, "pop_dens": 38852.0, "area": 4.92 }, "geometry": { "type": "Polygon", "coordinates": [ [ [ 106.68182695153979, 10.785554534172606 ], [ 106.681905900397567, 10.786289526693196 ], [ 106.681307786304359, 10.786726743063719 ], [ 106.680630721406857, 10.786428964760274 ], [ 106.680551774793102, 10.785693969054975 ], [ 106.681149890832799, 10.785256754837816 ], [ 106.68182695153979, 10.785554534172606 ] ] ] } },
{ "type": "Feature", "properties": { "h3": "8a65b5662267fff", "resolution": 10, "center_lat": 10.781359573666272, "center_lon": 106.69298715871956, "avg_edge_len": 81.378832204518687, "cell_area": 17205.124636400491, "cell_perimeter": 488.27299322711212, "code": "770", "name": "Quận 3", "name_en": "District 3", "level": "Quận", "prov_code": "79", "prov_name": "Thành phố Hồ Chí Minh", "region": "Đông Nam Bộ", "pop_2019": 190375.0, "pop_dens": 38852.0, "area": 4.92 }, "geometry": { "type": "Polygon", "coordinates": [ [ [ 106.693585204558104, 10.780922360060202 ], [ 106.693664173282642, 10.781657325105396 ], [ 106.693066127920332, 10.782094540081554 ], [ 106.69238911188387, 10.781796787857797 ], [ 106.692310145402217, 10.781061819624709 ], [ 106.692908192714114, 10.780624606803249 ], [ 106.693585204558104, 10.780922360060202 ] ] ] } },
{ "type": "Feature", "properties": { "h3": "8a65b5663437fff", "resolution": 10, "center_lat": 10.784122320823448, "center_lon": 106.68812370439703, "avg_edge_len": 81.380628616258022, "cell_area": 17205.886059800163, "cell_perimeter": 488.2837716975481, "code": "770", "name": "Quận 3", "name_en": "District 3", "level": "Quận", "prov_code": "79", "prov_name": "Thành phố Hồ Chí Minh", "region": "Đông Nam Bộ", "pop_2019": 190375.0, "pop_dens": 38852.0, "area": 4.92 }, "geometry": { "type": "Polygon", "coordinates": [ [ [ 106.688721780241124, 10.783685105206427 ], [ 106.688800740957106, 10.784420081137734 ], [ 106.688202665588435, 10.784857298124193 ], [ 106.687525627555459, 10.784559537025295 ], [ 106.687446669082846, 10.78382455790744 ], [ 106.688044746399811, 10.78338734307501 ], [ 106.688721780241124, 10.783685105206427 ] ] ] } },
{ "type": "Feature", "properties": { "h3": "8a65b5644a67fff", "resolution": 10, "center_lat": 10.790541156175074, "center_lon": 106.6804273321806, "avg_edge_len": 81.383421336423723, "cell_area": 17207.069678343832, "cell_perimeter": 488.30052801854231, "code": "770", "name": "Quận 3", "name_en": "District 3", "level": "Quận", "prov_code": "79", "prov_name": "Thành phố Hồ Chí Minh", "region": "Đông Nam Bộ", "pop_2019": 190375.0, "pop_dens": 38852.0, "area": 4.92 }, "geometry": { "type": "Polygon", "coordinates": [ [ [ 106.681025459293807, 10.790103933950908 ], [ 106.681104407834866, 10.790838925920147 ], [ 106.680506281195775, 10.791276149512619 ], [ 106.679829204069293, 10.790978378983175 ], [ 106.679750257772412, 10.790243383829596 ], [ 106.680348386357807, 10.789806162389777 ], [ 106.681025459293807, 10.790103933950908 ] ] ] } },
{ "type": "Feature", "properties": { "h3": "8a65b5663c77fff", "resolution": 10, "center_lat": 10.77516312774233, "center_lon": 106.68845129209539, "avg_edge_len": 81.380709021879014, "cell_area": 17205.920536095276, "cell_perimeter": 488.28425413127411, "code": "770", "name": "Quận 3", "name_en": "District 3", "level": "Quận", "prov_code": "79", "prov_name": "Thành phố Hồ Chí Minh", "region": "Đông Nam Bộ", "pop_2019": 190375.0, "pop_dens": 38852.0, "area": 4.92 }, "geometry": { "type": "Polygon", "coordinates": [ [ [ 106.68904934962741, 10.774725927065953 ], [ 106.689128308731981, 10.775460907250997 ], [ 106.688530251675431, 10.775898109297291 ], [ 106.687853233565988, 10.775600329003158 ], [ 106.687774276704644, 10.774865345631152 ], [ 106.688372335709474, 10.774428145740226 ], [ 106.68904934962741, 10.774725927065953 ] ] ] } },
{ "type": "Feature", "properties": { "h3": "8a65b56458e7fff", "resolution": 10, "center_lat": 10.787525301678992, "center_lon": 106.66720119638926, "avg_edge_len": 81.388542455069299, "cell_area": 17209.240880997851, "cell_perimeter": 488.33125473041582, "code": "770", "name": "Quận 3", "name_en": "District 3", "level": "Quận", "prov_code": "79", "prov_name": "Thành phố Hồ Chí Minh", "region": "Đông Nam Bộ", "pop_2019": 190375.0, "pop_dens": 38852.0, "area": 4.92 }, "geometry": { "type": "Polygon", "coordinates": [ [ [ 106.66779938547532, 10.787088091784067 ], [ 106.66787830964202, 10.787823119318178 ], [ 106.667280121027872, 10.788260330580158 ], [ 106.666603006304257, 10.787962512155639 ], [ 106.666524084382942, 10.787227481440484 ], [ 106.667122274939814, 10.786790272330865 ], [ 106.66779938547532, 10.787088091784067 ] ] ] } },
{ "type": "Feature", "properties": { "h3": "8a65b56634d7fff", "resolution": 10, "center_lat": 10.787778372129534, "center_lon": 106.68529118452406, "avg_edge_len": 81.381626802430446, "cell_area": 17206.309037601575, "cell_perimeter": 488.28976081458268, "code": "770", "name": "Quận 3", "name_en": "District 3", "level": "Quận", "prov_code": "79", "prov_name": "Thành phố Hồ Chí Minh", "region": "Đông Nam Bộ", "pop_2019": 190375.0, "pop_dens": 38852.0, "area": 4.92 }, "geometry": { "type": "Polygon", "coordinates": [ [ [ 106.685889281641579, 10.787341151896614 ], [ 106.685968238194434, 10.788076132994226 ], [ 106.685370141551886, 10.788513354596104 ], [ 106.68469308640887, 10.78821559294702 ], [ 106.684614132099682, 10.787480608663721 ], [ 106.685212230689828, 10.787043389215169 ], [ 106.685889281641579, 10.787341151896614 ] ] ] } },
{ "type": "Feature", "properties": { "h3": "8a65b5644b67fff", "resolution": 10, "center_lat": 10.788057280629197, "center_lon": 106.68274086057026, "avg_edge_len": 81.382595143278024, "cell_area": 17206.719561634585, "cell_perimeter": 488.29557085966815, "code": "770", "name": "Quận 3", "name_en": "District 3", "level": "Quận", "prov_code": "79", "prov_name": "Thành phố Hồ Chí Minh", "region": "Đông Nam Bộ", "pop_2019": 190375.0, "pop_dens": 38852.0, "area": 4.92 }, "geometry": { "type": "Polygon", "coordinates": [ [ [ 106.68333897124441, 10.78762006132094 ], [ 106.683417923309761, 10.788355048789599 ], [ 106.682819813110143, 10.788792269466526 ], [ 106.682142748898229, 10.788494500521631 ], [ 106.682063799076786, 10.787759509867948 ], [ 106.682661911223306, 10.787322291344168 ], [ 106.68333897124441, 10.78762006132094 ] ] ] } },
{ "type": "Feature", "properties": { "h3": "8a65b5644b07fff", "resolution": 10, "center_lat": 10.789983317397727, "center_lon": 106.68552805226263, "avg_edge_len": 81.381484876868569, "cell_area": 17206.248783195391, "cell_perimeter": 488.28890926121142, "code": "770", "name": "Quận 3", "name_en": "District 3", "level": "Quận", "prov_code": "79", "prov_name": "Thành phố Hồ Chí Minh", "region": "Đông Nam Bộ", "pop_2019": 190375.0, "pop_dens": 38852.0, "area": 4.92 }, "geometry": { "type": "Polygon", "coordinates": [ [ [ 106.686126152263824, 10.789546093320887 ], [ 106.686205109780374, 10.790281072549448 ], [ 106.685607010254202, 10.790718297995157 ], [ 106.684929951263754, 10.79042054205927 ], [ 106.684850995990899, 10.789685559645042 ], [ 106.685449097464755, 10.789248336352351 ], [ 106.686126152263824, 10.789546093320887 ] ] ] } },
{ "type": "Feature", "properties": { "h3": "8a65b5663c17fff", "resolution": 10, "center_lat": 10.777089202645859, "center_lon": 106.69123830640348, "avg_edge_len": 81.379599143986496, "cell_area": 17205.449989242479, "cell_perimeter": 488.27759486391898, "code": "770", "name": "Quận 3", "name_en": "District 3", "level": "Quận", "prov_code": "79", "prov_name": "Thành phố Hồ Chí Minh", "region": "Đông Nam Bộ", "pop_2019": 190375.0, "pop_dens": 38852.0, "area": 4.92 }, "geometry": { "type": "Polygon", "coordinates": [ [ [ 106.691836353258083, 10.776651997201057 ], [ 106.691915317812374, 10.77738696915438 ], [ 106.691317271433718, 10.777824175969302 ], [ 106.690640258551682, 10.777526408675644 ], [ 106.690561296240375, 10.776791433534713 ], [ 106.691159344568078, 10.776354228875027 ], [ 106.691836353258083, 10.776651997201057 ] ] ] } },
{ "type": "Feature", "properties": { "h3": "8a65b5663537fff", "resolution": 10, "center_lat": 10.781638487772087, "center_lon": 106.69043701552587, "avg_edge_len": 81.379801252390664, "cell_area": 17205.535422274843, "cell_perimeter": 488.27880751434401, "code": "770", "name": "Quận 3", "name_en": "District 3", "level": "Quận", "prov_code": "79", "prov_name": "Thành phố Hồ Chí Minh", "region": "Đông Nam Bộ", "pop_2019": 190375.0, "pop_dens": 38852.0, "area": 4.92 }, "geometry": { "type": "Polygon", "coordinates": [ [ [ 106.691035074926575, 10.781201275083896 ], [ 106.691114039165242, 10.781936246504555 ], [ 106.690515980240349, 10.782373460562546 ], [ 106.689838955127854, 10.782075701045343 ], [ 106.689759993132313, 10.781340726437453 ], [ 106.690358054006126, 10.780903514533978 ], [ 106.691035074926575, 10.781201275083896 ] ] ] } },
{ "type": "Feature", "properties": { "h3": "8a65b5663187fff", "resolution": 10, "center_lat": 10.777786340980846, "center_lon": 106.68486287424963, "avg_edge_len": 81.38202111473511, "cell_area": 17206.476657420397, "cell_perimeter": 488.29212668841069, "code": "770", "name": "Quận 3", "name_en": "District 3", "level": "Quận", "prov_code": "79", "prov_name": "Thành phố Hồ Chí Minh", "region": "Đông Nam Bộ", "pop_2019": 190375.0, "pop_dens": 38852.0, "area": 4.92 }, "geometry": { "type": "Polygon", "coordinates": [ [ [ 106.685460955001574, 10.777349137829745 ], [ 106.685539908339763, 10.778084125717768 ], [ 106.684941828062691, 10.778521330238277 ], [ 106.684264792500059, 10.778223544715965 ], [ 106.684185841405451, 10.777488553642 ], [ 106.68478392362988, 10.777051351276269 ], [ 106.685460955001574, 10.777349137829745 ] ] ] } },
{ "type": "Feature", "properties": { "h3": "8a65b56638c7fff", "resolution": 10, "center_lat": 10.771310797279193, "center_lon": 106.68287721712939, "avg_edge_len": 81.382927618300002, "cell_area": 17206.861253155395, "cell_perimeter": 488.29756570979998, "code": "770", "name": "Quận 3", "name_en": "District 3", "level": "Quận", "prov_code": "79", "prov_name": "Thành phố Hồ Chí Minh", "region": "Đông Nam Bộ", "pop_2019": 190375.0, "pop_dens": 38852.0, "area": 4.92 }, "geometry": { "type": "Polygon", "coordinates": [ [ [ 106.683475296008069, 10.770873606140894 ], [ 106.683554244211891, 10.771608602778999 ], [ 106.682956165807724, 10.772045795286825 ], [ 106.682279137252976, 10.771747989000904 ], [ 106.682200191292836, 10.77101298917713 ], [ 106.682798271643748, 10.770575798824924 ], [ 106.683475296008069, 10.770873606140894 ] ] ] } },
{ "type": "Feature", "properties": { "h3": "8a65b5645987fff", "resolution": 10, "center_lat": 10.786967703787694, "center_lon": 106.67230231485252, "avg_edge_len": 81.386608125700931, "cell_area": 17208.420819595456, "cell_perimeter": 488.31964875420562, "code": "770", "name": "Quận 3", "name_en": "District 3", "level": "Quận", "prov_code": "79", "prov_name": "Thành phố Hồ Chí Minh", "region": "Đông Nam Bộ", "pop_2019": 190375.0, "pop_dens": 38852.0, "area": 4.92 }, "geometry": { "type": "Polygon", "coordinates": [ [ [ 106.672900476847843, 10.786530492031121 ], [ 106.672979409994809, 10.787265506837697 ], [ 106.672381248472234, 10.787702719961898 ], [ 106.671704151858577, 10.787404916126773 ], [ 106.6716252209565, 10.786669898137813 ], [ 106.672223384423148, 10.786232687166342 ], [ 106.672900476847843, 10.786530492031121 ] ] ] } },
{ "type": "Feature", "properties": { "h3": "8a65b566371ffff", "resolution": 10, "center_lat": 10.783926188904283, "center_lon": 106.67971681841918, "avg_edge_len": 81.3838465954708, "cell_area": 17207.250279087573, "cell_perimeter": 488.3030795728248, "code": "770", "name": "Quận 3", "name_en": "District 3", "level": "Quận", "prov_code": "79", "prov_name": "Thành phố Hồ Chí Minh", "region": "Đông Nam Bộ", "pop_2019": 190375.0, "pop_dens": 38852.0, "area": 4.92 }, "geometry": { "type": "Polygon", "coordinates": [ [ [ 106.680314936879142, 10.783488978209165 ], [ 106.680393882529245, 10.784223975779176 ], [ 106.6797957645433, 10.784661187842861 ], [ 106.679118698961162, 10.784363400182921 ], [ 106.679039755555195, 10.783628399428508 ], [ 106.679637875487188, 10.783191189518414 ], [ 106.680314936879142, 10.783488978209165 ] ] ] } },
{ "type": "Feature", "properties": { "h3": "8a65b5663577fff", "resolution": 10, "center_lat": 10.780884635137841, "center_lon": 106.68713083696827, "avg_edge_len": 81.381082929256763, "cell_area": 17206.078804276884, "cell_perimeter": 488.28649757554058, "code": "770", "name": "Quận 3", "name_en": "District 3", "level": "Quận", "prov_code": "79", "prov_name": "Thành phố Hồ Chí Minh", "region": "Đông Nam Bộ", "pop_2019": 190375.0, "pop_dens": 38852.0, "area": 4.92 }, "geometry": { "type": "Polygon", "coordinates": [ [ [ 106.687728911877244, 10.780447425523155 ], [ 106.687807870026063, 10.781182405842191 ], [ 106.687209795592338, 10.781619616826376 ], [ 106.686532761061798, 10.781321845337054 ], [ 106.686453805156404, 10.780586861831605 ], [ 106.68705188153811, 10.780149653001867 ], [ 106.687728911877244, 10.780447425523155 ] ] ] } },
{ "type": "Feature", "properties": { "h3": "8a65b56636dffff", "resolution": 10, "center_lat": 10.788893907465097, "center_lon": 106.67508961726091, "avg_edge_len": 81.385498878602263, "cell_area": 17207.950472086668, "cell_perimeter": 488.31299327161361, "code": "770", "name": "Quận 3", "name_en": "District 3", "level": "Quận", "prov_code": "79", "prov_name": "Thành phố Hồ Chí Minh", "region": "Đông Nam Bộ", "pop_2019": 190375.0, "pop_dens": 38852.0, "area": 4.92 }, "geometry": { "type": "Polygon", "coordinates": [ [ [ 106.67568776859305, 10.78845669093867 ], [ 106.675766707193048, 10.789191697512482 ], [ 106.675168556334114, 10.789628915406729 ], [ 106.674491464930298, 10.789331124574545 ], [ 106.674412528574948, 10.788596114817707 ], [ 106.675010681378751, 10.788158899076059 ], [ 106.67568776859305, 10.78845669093867 ] ] ] } },
{ "type": "Feature", "properties": { "h3": "8a65b5663cb7fff", "resolution": 10, "center_lat": 10.779154670956617, "center_lon": 106.69275025735583, "avg_edge_len": 81.378973486508244, "cell_area": 17205.184689313173, "cell_perimeter": 488.27384091904946, "code": "770", "name": "Quận 3", "name_en": "District 3", "level": "Quận", "prov_code": "79", "prov_name": "Thành phố Hồ Chí Minh", "region": "Đông Nam Bộ", "pop_2019": 190375.0, "pop_dens": 38852.0, "area": 4.92 }, "geometry": { "type": "Polygon", "coordinates": [ [ [ 106.693348300311911, 10.778717461201735 ], [ 106.693427268072739, 10.779452428108128 ], [ 106.692829225592845, 10.779889639233188 ], [ 106.692152213402608, 10.779591881296815 ], [ 106.692073247884622, 10.778856911202503 ], [ 106.692671292314017, 10.778419702232458 ], [ 106.693348300311911, 10.778717461201735 ] ] ] } },
{ "type": "Feature", "properties": { "h3": "8a65b5663887fff", "resolution": 10, "center_lat": 10.772064807590972, "center_lon": 106.68618337577034, "avg_edge_len": 81.381646656681554, "cell_area": 17206.318165207282, "cell_perimeter": 488.28987994008935, "code": "770", "name": "Quận 3", "name_en": "District 3", "level": "Quận", "prov_code": "79", "prov_name": "Thành phố Hồ Chí Minh", "region": "Đông Nam Bộ", "pop_2019": 190375.0, "pop_dens": 38852.0, "area": 4.92 }, "geometry": { "type": "Polygon", "coordinates": [ [ [ 106.686781439146188, 10.771627613380939 ], [ 106.686860393440469, 10.772362601127469 ], [ 106.686262330539719, 10.772799796707337 ], [ 106.685585311397006, 10.772502002384963 ], [ 106.685506359346093, 10.771767011451942 ], [ 106.686104424194497, 10.77132981802777 ], [ 106.686781439146188, 10.771627613380939 ] ] ] } },
{ "type": "Feature", "properties": { "h3": "8a65b5663b0ffff", "resolution": 10, "center_lat": 10.767458226045889, "center_lon": 106.67730308045076, "avg_edge_len": 81.385144669677956, "cell_area": 17207.801249852404, "cell_perimeter": 488.31086801806771, "code": "770", "name": "Quận 3", "name_en": "District 3", "level": "Quận", "prov_code": "79", "prov_name": "Thành phố Hồ Chí Minh", "region": "Đông Nam Bộ", "pop_2019": 190375.0, "pop_dens": 38852.0, "area": 4.92 }, "geometry": { "type": "Polygon", "coordinates": [ [ [ 106.677901180665202, 10.767021044447269 ], [ 106.677980117966527, 10.767756057524597 ], [ 106.677382018225629, 10.768193240492344 ], [ 106.676704979238181, 10.76789540822686 ], [ 106.676626044181006, 10.767160391965161 ], [ 106.6772241458671, 10.766723211153295 ], [ 106.677901180665202, 10.767021044447269 ] ] ] } },
{ "type": "Feature", "properties": { "h3": "8a65b5663617fff", "resolution": 10, "center_lat": 10.786270613903794, "center_lon": 106.67867845861593, "avg_edge_len": 81.38418900703131, "cell_area": 17207.395271619782, "cell_perimeter": 488.30513404218789, "code": "770", "name": "Quận 3", "name_en": "District 3", "level": "Quận", "prov_code": "79", "prov_name": "Thành phố Hồ Chí Minh", "region": "Đông Nam Bộ", "pop_2019": 190375.0, "pop_dens": 38852.0, "area": 4.92 }, "geometry": { "type": "Polygon", "coordinates": [ [ [ 106.679276586736705, 10.785833399827494 ], [ 106.679355531106282, 10.786568398717169 ], [ 106.678757403459343, 10.787005614161806 ], [ 106.678080329497007, 10.786707828563562 ], [ 106.678001387371694, 10.785972826489841 ], [ 106.678599516964425, 10.785535613198389 ], [ 106.679276586736705, 10.785833399827494 ] ] ] } },
{ "type": "Feature", "properties": { "h3": "8a65b566346ffff", "resolution": 10, "center_lat": 10.782475131536206, "center_lon": 106.68278631434514, "avg_edge_len": 81.382707110436115, "cell_area": 17206.767251746729, "cell_perimeter": 488.29624266261669, "code": "770", "name": "Quận 3", "name_en": "District 3", "level": "Quận", "prov_code": "79", "prov_name": "Thành phố Hồ Chí Minh", "region": "Đông Nam Bộ", "pop_2019": 190375.0, "pop_dens": 38852.0, "area": 4.92 }, "geometry": { "type": "Polygon", "coordinates": [ [ [ 106.683384414420445, 10.782037921609497 ], [ 106.683463365198591, 10.78277291214857 ], [ 106.682865265597826, 10.783210123444233 ], [ 106.682188213272042, 10.78291234204683 ], [ 106.682109264737761, 10.782177348322524 ], [ 106.682707366285371, 10.781740139180831 ], [ 106.683384414420445, 10.782037921609497 ] ] ] } },
{ "type": "Feature", "properties": { "h3": "8a65b5663a2ffff", "resolution": 10, "center_lat": 10.768769773571901, "center_lon": 106.67550876090397, "avg_edge_len": 81.38580051985258, "cell_area": 17208.079251574352, "cell_perimeter": 488.31480311911548, "code": "770", "name": "Quận 3", "name_en": "District 3", "level": "Quận", "prov_code": "79", "prov_name": "Thành phố Hồ Chí Minh", "region": "Đông Nam Bộ", "pop_2019": 190375.0, "pop_dens": 38852.0, "area": 4.92 }, "geometry": { "type": "Polygon", "coordinates": [ [ [ 106.676106872722499, 10.76833259073566 ], [ 106.676185807139305, 10.769067607665603 ], [ 106.675587695794064, 10.769504791870718 ], [ 106.674910648087263, 10.769206956990278 ], [ 106.674831715914792, 10.76847193687647 ], [ 106.675429829204745, 10.768034754826941 ], [ 106.676106872722499, 10.76833259073566 ] ] ] } },
{ "type": "Feature", "properties": { "h3": "8a65b5663baffff", "resolution": 10, "center_lat": 10.769523906568047, "center_lon": 106.67881502911922, "avg_edge_len": 81.384520417138617, "cell_area": 17207.536537164822, "cell_perimeter": 488.3071225028317, "code": "770", "name": "Quận 3", "name_en": "District 3", "level": "Quận", "prov_code": "79", "prov_name": "Thành phố Hồ Chí Minh", "region": "Đông Nam Bộ", "pop_2019": 190375.0, "pop_dens": 38852.0, "area": 4.92 }, "geometry": { "type": "Polygon", "coordinates": [ [ [ 106.679413125442892, 10.769086720658043 ], [ 106.679492065951777, 10.76982172870251 ], [ 106.67889397010191, 10.770258915981696 ], [ 106.678216931797522, 10.769961093060726 ], [ 106.678137993532701, 10.769226081831567 ], [ 106.678736091328176, 10.768788896708049 ], [ 106.679413125442892, 10.769086720658043 ] ] ] } },
{ "type": "Feature", "properties": { "h3": "8a65b566311ffff", "resolution": 10, "center_lat": 10.77572077554726, "center_lon": 106.6833509054027, "avg_edge_len": 81.382646284867207, "cell_area": 17206.741811133921, "cell_perimeter": 488.29587770920324, "code": "770", "name": "Quận 3", "name_en": "District 3", "level": "Quận", "prov_code": "79", "prov_name": "Thành phố Hồ Chí Minh", "region": "Đông Nam Bộ", "pop_2019": 190375.0, "pop_dens": 38852.0, "area": 4.92 }, "geometry": { "type": "Polygon", "coordinates": [ [ [ 106.683948990048876, 10.775283576705773 ], [ 106.684027940179874, 10.776018569636658 ], [ 106.683429856008317, 10.776455769847503 ], [ 106.682752819758804, 10.776157974972437 ], [ 106.682673871871515, 10.775422978855921 ], [ 106.683271957990002, 10.77498578080008 ], [ 106.683948990048876, 10.775283576705773 ] ] ] } },
{ "type": "Feature", "properties": { "h3": "8a65b5663a07fff", "resolution": 10, "center_lat": 10.769802623894263, "center_lon": 106.67626474044232, "avg_edge_len": 81.385488417090713, "cell_area": 17207.9469245933, "cell_perimeter": 488.31293050254425, "code": "770", "name": "Quận 3", "name_en": "District 3", "level": "Quận", "prov_code": "79", "prov_name": "Thành phố Hồ Chí Minh", "region": "Đông Nam Bộ", "pop_2019": 190375.0, "pop_dens": 38852.0, "area": 4.92 }, "geometry": { "type": "Polygon", "coordinates": [ [ [ 106.676862850316041, 10.769365438902568 ], [ 106.676941786336727, 10.770100453316083 ], [ 106.676343676936426, 10.770537639676679 ], [ 106.675666629570472, 10.770239809468258 ], [ 106.675587695794064, 10.769504791870718 ], [ 106.676185807139305, 10.769067607665603 ], [ 106.676862850316041, 10.769365438902568 ] ] ] } },
{ "type": "Feature", "properties": { "h3": "8a65b5663147fff", "resolution": 10, "center_lat": 10.773794569358156, "center_lon": 106.68056381206385, "avg_edge_len": 81.383755354933967, "cell_area": 17207.212011398748, "cell_perimeter": 488.30253212960378, "code": "770", "name": "Quận 3", "name_en": "District 3", "level": "Quận", "prov_code": "79", "prov_name": "Thành phố Hồ Chí Minh", "region": "Đông Nam Bộ", "pop_2019": 190375.0, "pop_dens": 38852.0, "area": 4.92 }, "geometry": { "type": "Polygon", "coordinates": [ [ [ 106.681161907380016, 10.773357375286073 ], [ 106.681240852059929, 10.774092376442638 ], [ 106.68064275721791, 10.774529571883875 ], [ 106.679965715749802, 10.774231764013395 ], [ 106.679886773313839, 10.773496759671847 ], [ 106.680484870102021, 10.77305956638574 ], [ 106.681161907380016, 10.773357375286073 ] ] ] } },
{ "type": "Feature", "properties": { "h3": "8a65b566385ffff", "resolution": 10, "center_lat": 10.769245172831686, "center_lon": 106.68136527256785, "avg_edge_len": 81.383552203492911, "cell_area": 17207.126103874296, "cell_perimeter": 488.30131322095747, "code": "770", "name": "Quận 3", "name_en": "District 3", "level": "Quận", "prov_code": "79", "prov_name": "Thành phố Hồ Chí Minh", "region": "Đông Nam Bộ", "pop_2019": 190375.0, "pop_dens": 38852.0, "area": 4.92 }, "geometry": { "type": "Polygon", "coordinates": [ [ [ 106.681963355339533, 10.768807986004681 ], [ 106.682042300336121, 10.769542987678776 ], [ 106.681444218038692, 10.769980175875245 ], [ 106.680767188798328, 10.769682360241754 ], [ 106.680688246045548, 10.768947355382307 ], [ 106.681286330289296, 10.768510169341685 ], [ 106.681963355339533, 10.768807986004681 ] ] ] } },
{ "type": "Feature", "properties": { "h3": "8a65b564591ffff", "resolution": 10, "center_lat": 10.784902047891807, "center_lon": 106.67079026429437, "avg_edge_len": 81.387233375453235, "cell_area": 17208.68601578474, "cell_perimeter": 488.32340025271941, "code": "770", "name": "Quận 3", "name_en": "District 3", "level": "Quận", "prov_code": "79", "prov_name": "Thành phố Hồ Chí Minh", "region": "Đông Nam Bộ", "pop_2019": 190375.0, "pop_dens": 38852.0, "area": 4.92 }, "geometry": { "type": "Polygon", "coordinates": [ [ [ 106.671388430177387, 10.784464840440744 ], [ 106.671467360115898, 10.785199860294554 ], [ 106.670869194705361, 10.785637069113188 ], [ 106.670192097412638, 10.785339255925038 ], [ 106.670113169719116, 10.784604232889158 ], [ 106.670711337073314, 10.784167026223475 ], [ 106.671388430177387, 10.784464840440744 ] ] ] } },
{ "type": "Feature", "properties": { "h3": "8a65b56636b7fff", "resolution": 10, "center_lat": 10.788336172686714, "center_lon": 106.6801904913692, "avg_edge_len": 81.3835632694324, "cell_area": 17207.129925413057, "cell_perimeter": 488.30137961659443, "code": "770", "name": "Quận 3", "name_en": "District 3", "level": "Quận", "prov_code": "79", "prov_name": "Thành phố Hồ Chí Minh", "region": "Đông Nam Bộ", "pop_2019": 190375.0, "pop_dens": 38852.0, "area": 4.92 }, "geometry": { "type": "Polygon", "coordinates": [ [ [ 106.680788615597976, 10.787898954304431 ], [ 106.680867563175369, 10.788633948142802 ], [ 106.68026943942067, 10.789071167893477 ], [ 106.679592366142316, 10.788773391652796 ], [ 106.679513420809087, 10.788038394630064 ], [ 106.680111546510034, 10.787601177032354 ], [ 106.680788615597976, 10.787898954304431 ] ] ] } },
{ "type": "Feature", "properties": { "h3": "8a65b566350ffff", "resolution": 10, "center_lat": 10.781917385454053, "center_lon": 106.68788682705966, "avg_edge_len": 81.380770086569882, "cell_area": 17205.94614322111, "cell_perimeter": 488.28462051941926, "code": "770", "name": "Quận 3", "name_en": "District 3", "level": "Quận", "prov_code": "79", "prov_name": "Thành phố Hồ Chí Minh", "region": "Đông Nam Bộ", "pop_2019": 190375.0, "pop_dens": 38852.0, "area": 4.92 }, "geometry": { "type": "Polygon", "coordinates": [ [ [ 106.688484900020526, 10.781480173685052 ], [ 106.688563859772842, 10.782215151479843 ], [ 106.687965787287339, 10.782652364618363 ], [ 106.687288753101285, 10.782354597807734 ], [ 106.687209795592338, 10.781619616826376 ], [ 106.687807870026063, 10.781182405842191 ], [ 106.688484900020526, 10.781480173685052 ] ] ] } },
{ "type": "Feature", "properties": { "h3": "8a65b5663c4ffff", "resolution": 10, "center_lat": 10.775441959852653, "center_lon": 106.68590112137647, "avg_edge_len": 81.381677760719782, "cell_area": 17206.33123941347, "cell_perimeter": 488.29006656431869, "code": "770", "name": "Quận 3", "name_en": "District 3", "level": "Quận", "prov_code": "79", "prov_name": "Thành phố Hồ Chí Minh", "region": "Đông Nam Bộ", "pop_2019": 190375.0, "pop_dens": 38852.0, "area": 4.92 }, "geometry": { "type": "Polygon", "coordinates": [ [ [ 106.686499192466556, 10.77500476009307 ], [ 106.686578147084575, 10.775739746651698 ], [ 106.685980076469534, 10.77617694778092 ], [ 106.685303049288834, 10.775879160196308 ], [ 106.685224096914268, 10.775144170451382 ], [ 106.685822169476907, 10.774706971477343 ], [ 106.686499192466556, 10.77500476009307 ] ] ] } },
{ "type": "Feature", "properties": { "h3": "8a65b5663017fff", "resolution": 10, "center_lat": 10.778065167580353, "center_lon": 106.6823126221896, "avg_edge_len": 81.382989527739099, "cell_area": 17206.887185735628, "cell_perimeter": 488.29793716643456, "code": "770", "name": "Quận 3", "name_en": "District 3", "level": "Quận", "prov_code": "79", "prov_name": "Thành phố Hồ Chí Minh", "region": "Đông Nam Bộ", "pop_2019": 190375.0, "pop_dens": 38852.0, "area": 4.92 }, "geometry": { "type": "Polygon", "coordinates": [ [ [ 106.682910716497005, 10.777627965349017 ], [ 106.68298966534789, 10.778362959608593 ], [ 106.682391571514927, 10.778800163209056 ], [ 106.681714526884363, 10.778502370395326 ], [ 106.681635580277302, 10.777767372950475 ], [ 106.682233676056939, 10.777330171504605 ], [ 106.682910716497005, 10.777627965349017 ] ] ] } },
{ "type": "Feature", "properties": { "h3": "8a65b5663757fff", "resolution": 10, "center_lat": 10.78303281189226, "center_lon": 106.67768562064731, "avg_edge_len": 81.384643276029578, "cell_area": 17207.587973119691, "cell_perimeter": 488.30785965617747, "code": "770", "name": "Quận 3", "name_en": "District 3", "level": "Quận", "prov_code": "79", "prov_name": "Thành phố Hồ Chí Minh", "region": "Đông Nam Bộ", "pop_2019": 190375.0, "pop_dens": 38852.0, "area": 4.92 }, "geometry": { "type": "Polygon", "coordinates": [ [ [ 106.678283747829056, 10.782595603813068 ], [ 106.678362689631086, 10.783330607091095 ], [ 106.677764562923002, 10.783767816538681 ], [ 106.677087492467365, 10.783470020554612 ], [ 106.677008552909655, 10.782735014092669 ], [ 106.677606681563233, 10.782297806798695 ], [ 106.678283747829056, 10.782595603813068 ] ] ] } },
{ "type": "Feature", "properties": { "h3": "8a65b5662237fff", "resolution": 10, "center_lat": 10.783146040145672, "center_lon": 106.6970492130437, "avg_edge_len": 81.377236773240568, "cell_area": 17204.44824937731, "cell_perimeter": 488.26342063944344, "code": "770", "name": "Quận 3", "name_en": "District 3", "level": "Quận", "prov_code": "79", "prov_name": "Thành phố Hồ Chí Minh", "region": "Đông Nam Bộ", "pop_2019": 190375.0, "pop_dens": 38852.0, "area": 4.92 }, "geometry": { "type": "Polygon", "coordinates": [ [ [ 106.697647241417229, 10.782708821313648 ], [ 106.697726217833392, 10.783443774929802 ], [ 106.697128189936819, 10.783880995132256 ], [ 106.696451183673346, 10.783583259563875 ], [ 106.6963722094997, 10.782848302758845 ], [ 106.696970239346967, 10.78241108471105 ], [ 106.697647241417229, 10.782708821313648 ] ] ] } },
{ "type": "Feature", "properties": { "h3": "8a65b5645817fff", "resolution": 10, "center_lat": 10.787246510958814, "center_lon": 106.66975177822151, "avg_edge_len": 81.387575397819958, "cell_area": 17208.830884288996, "cell_perimeter": 488.32545238691972, "code": "770", "name": "Quận 3", "name_en": "District 3", "level": "Quận", "prov_code": "79", "prov_name": "Thành phố Hồ Chí Minh", "region": "Đông Nam Bộ", "pop_2019": 190375.0, "pop_dens": 38852.0, "area": 4.92 }, "geometry": { "type": "Polygon", "coordinates": [ [ [ 106.670349953763207, 10.786809300132417 ], [ 106.670428882420282, 10.787544321303423 ], [ 106.669830707350926, 10.787981533497167 ], [ 106.66915360168106, 10.787683722367333 ], [ 106.669074675269115, 10.786948698014607 ], [ 106.669672852281877, 10.786511487973412 ], [ 106.670349953763207, 10.786809300132417 ] ] ] } },
{ "type": "Feature", "properties": { "h3": "8a65b56635affff", "resolution": 10, "center_lat": 10.783982864475428, "center_lon": 106.68939881101856, "avg_edge_len": 81.380144228183028, "cell_area": 17205.68073987402, "cell_perimeter": 488.28086536909814, "code": "770", "name": "Quận 3", "name_en": "District 3", "level": "Quận", "prov_code": "79", "prov_name": "Thành phố Hồ Chí Minh", "region": "Đông Nam Bộ", "pop_2019": 190375.0, "pop_dens": 38852.0, "area": 4.92 }, "geometry": { "type": "Polygon", "coordinates": [ [ [ 106.689996880082631, 10.783545648398146 ], [ 106.690075843041868, 10.784280621142569 ], [ 106.689477774453451, 10.784717838589433 ], [ 106.688800740957106, 10.784420081137734 ], [ 106.688721780241124, 10.783685105206427 ], [ 106.68931985077819, 10.783247889913683 ], [ 106.689996880082631, 10.783545648398146 ] ] ] } },
{ "type": "Feature", "properties": { "h3": "8a65b5663407fff", "resolution": 10, "center_lat": 10.784261773063863, "center_lon": 106.68684858645922, "avg_edge_len": 81.381112950894945, "cell_area": 17206.0913852714, "cell_perimeter": 488.2866777053697, "code": "770", "name": "Quận 3", "name_en": "District 3", "level": "Quận", "prov_code": "79", "prov_name": "Thành phố Hồ Chí Minh", "region": "Đông Nam Bộ", "pop_2019": 190375.0, "pop_dens": 38852.0, "area": 4.92 }, "geometry": { "type": "Polygon", "coordinates": [ [ [ 106.687446669082846, 10.78382455790744 ], [ 106.687525627555459, 10.784559537025295 ], [ 106.686927545407059, 10.784996753551017 ], [ 106.686250502838035, 10.784698988804928 ], [ 106.686171546608904, 10.783964006500858 ], [ 106.686769630705285, 10.78352679212907 ], [ 106.687446669082846, 10.78382455790744 ] ] ] } },
{ "type": "Feature", "properties": { "h3": "8a65b5663497fff", "resolution": 10, "center_lat": 10.788532174774222, "center_lon": 106.688597467745, "avg_edge_len": 81.380345136391426, "cell_area": 17205.765696596354, "cell_perimeter": 488.28207081834853, "code": "770", "name": "Quận 3", "name_en": "District 3", "level": "Quận", "prov_code": "79", "prov_name": "Thành phố Hồ Chí Minh", "region": "Đông Nam Bộ", "pop_2019": 190375.0, "pop_dens": 38852.0, "area": 4.92 }, "geometry": { "type": "Polygon", "coordinates": [ [ [ 106.689195549355517, 10.788094951464567 ], [ 106.689274511998903, 10.788829923662277 ], [ 106.688676430863907, 10.789267148341203 ], [ 106.687999385137005, 10.788969398668995 ], [ 106.687920424736987, 10.788234423284775 ], [ 106.68851850782049, 10.787797200759247 ], [ 106.689195549355517, 10.788094951464567 ] ] ] } },
{ "type": "Feature", "properties": { "h3": "8a65b5644a37fff", "resolution": 10, "center_lat": 10.792327732473371, "center_lon": 106.68448975310932, "avg_edge_len": 81.381826965850777, "cell_area": 17206.393707087263, "cell_perimeter": 488.29096179510464, "code": "770", "name": "Quận 3", "name_en": "District 3", "level": "Quận", "prov_code": "79", "prov_name": "Thành phố Hồ Chí Minh", "region": "Đông Nam Bộ", "pop_2019": 190375.0, "pop_dens": 38852.0, "area": 4.92 }, "geometry": { "type": "Polygon", "coordinates": [ [ [ 106.685087862773159, 10.791890505016937 ], [ 106.685166819009723, 10.792625485559887 ], [ 106.684568709820738, 10.793062714384964 ], [ 106.683891642447733, 10.792764960514459 ], [ 106.683812688454992, 10.792029976786196 ], [ 106.684410799591404, 10.791592750113731 ], [ 106.685087862773159, 10.791890505016937 ] ] ] } },
{ "type": "Feature", "properties": { "h3": "8a65b5663ceffff", "resolution": 10, "center_lat": 10.77750749796035, "center_lon": 106.68741308105783, "avg_edge_len": 81.38105248756743, "cell_area": 17206.066082987934, "cell_perimeter": 488.28631492540455, "code": "770", "name": "Quận 3", "name_en": "District 3", "level": "Quận", "prov_code": "79", "prov_name": "Thành phố Hồ Chí Minh", "region": "Đông Nam Bộ", "pop_2019": 190375.0, "pop_dens": 38852.0, "area": 4.92 }, "geometry": { "type": "Polygon", "coordinates": [ [ [ 106.688011148252329, 10.777070293890791 ], [ 106.688090106077325, 10.77780527540593 ], [ 106.687492039358133, 10.778242480845185 ], [ 106.686815012865878, 10.777944702614315 ], [ 106.68673605728425, 10.777209717912568 ], [ 106.687334125951466, 10.776772514628275 ], [ 106.688011148252329, 10.777070293890791 ] ] ] } },
{ "type": "Feature", "properties": { "h3": "8a65b56630b7fff", "resolution": 10, "center_lat": 10.780130731545398, "center_lon": 106.6838246052392, "avg_edge_len": 81.382364231111239, "cell_area": 17206.621982242912, "cell_perimeter": 488.29418538666744, "code": "770", "name": "Quận 3", "name_en": "District 3", "level": "Quận", "prov_code": "79", "prov_name": "Thành phố Hồ Chí Minh", "region": "Đông Nam Bộ", "pop_2019": 190375.0, "pop_dens": 38852.0, "area": 4.92 }, "geometry": { "type": "Polygon", "coordinates": [ [ [ 106.68442269565287, 10.779693525005257 ], [ 106.684501647711102, 10.780428514220095 ], [ 106.683903557772126, 10.780865722129418 ], [ 106.683226513827805, 10.78056793866951 ], [ 106.683147564013282, 10.779832946269083 ], [ 106.683745655899358, 10.779395740514136 ], [ 106.68442269565287, 10.779693525005257 ] ] ] } },
{ "type": "Feature", "properties": { "h3": "8a65b566364ffff", "resolution": 10, "center_lat": 10.784623251590526, "center_lon": 106.67334076485209, "avg_edge_len": 81.386265992719856, "cell_area": 17208.275867402554, "cell_perimeter": 488.31759595631911, "code": "770", "name": "Quận 3", "name_en": "District 3", "level": "Quận", "prov_code": "79", "prov_name": "Thành phố Hồ Chí Minh", "region": "Đông Nam Bộ", "pop_2019": 190375.0, "pop_dens": 38852.0, "area": 4.92 }, "geometry": { "type": "Polygon", "coordinates": [ [ [ 106.673938917188124, 10.78418604321096 ], [ 106.67401785161627, 10.784921056699634 ], [ 106.67341969975314, 10.785358266447052 ], [ 106.672742611517478, 10.785060460552646 ], [ 106.672663679334093, 10.784325443881237 ], [ 106.673261833141567, 10.78388823628695 ], [ 106.673938917188124, 10.78418604321096 ] ] ] } },
{ "type": "Feature", "properties": { "h3": "8a65b56622c7fff", "resolution": 10, "center_lat": 10.785769362318133, "center_lon": 106.69346097012041, "avg_edge_len": 81.378549100354249, "cell_area": 17205.00444579497, "cell_perimeter": 488.27129460212552, "code": "770", "name": "Quận 3", "name_en": "District 3", "level": "Quận", "prov_code": "79", "prov_name": "Thành phố Hồ Chí Minh", "region": "Đông Nam Bộ", "pop_2019": 190375.0, "pop_dens": 38852.0, "area": 4.92 }, "geometry": { "type": "Polygon", "coordinates": [ [ [ 106.694059021723888, 10.785332141013093 ], [ 106.694137992375857, 10.786067102329261 ], [ 106.693539941248702, 10.786504325004222 ], [ 106.69286291751979, 10.786206584208919 ], [ 106.692783949110705, 10.785471619704888 ], [ 106.693382002187619, 10.785034399184005 ], [ 106.694059021723888, 10.785332141013093 ] ] ] } },
{ "type": "Feature", "properties": { "h3": "8a65b56634a7fff", "resolution": 10, "center_lat": 10.786327250599046, "center_lon": 106.68836058462547, "avg_edge_len": 81.380486966424144, "cell_area": 17205.82590543665, "cell_perimeter": 488.28292179854486, "code": "770", "name": "Quận 3", "name_en": "District 3", "level": "Quận", "prov_code": "79", "prov_name": "Thành phố Hồ Chí Minh", "region": "Đông Nam Bộ", "pop_2019": 190375.0, "pop_dens": 38852.0, "area": 4.92 }, "geometry": { "type": "Polygon", "coordinates": [ [ [ 106.688958663352778, 10.785890031135141 ], [ 106.689037625032455, 10.786625005200754 ], [ 106.688439546780614, 10.787062226034012 ], [ 106.687762504900689, 10.786764470647922 ], [ 106.687683545464381, 10.78602949339578 ], [ 106.688281625664615, 10.785592274716237 ], [ 106.688958663352778, 10.785890031135141 ] ] ] } },
{ "type": "Feature", "properties": { "h3": "8a65b5663d8ffff", "resolution": 10, "center_lat": 10.776949762666643, "center_lon": 106.69251335888313, "avg_edge_len": 81.379114589358267, "cell_area": 17205.244514619932, "cell_perimeter": 488.2746875361496, "code": "770", "name": "Quận 3", "name_en": "District 3", "level": "Quận", "prov_code": "79", "prov_name": "Thành phố Hồ Chí Minh", "region": "Đông Nam Bộ", "pop_2019": 190375.0, "pop_dens": 38852.0, "area": 4.92 }, "geometry": { "type": "Polygon", "coordinates": [ [ [ 106.693111398956802, 10.776512556764079 ], [ 106.693190365753935, 10.777247525529463 ], [ 106.692592326156458, 10.777684732802289 ], [ 106.691915317812374, 10.77738696915438 ], [ 106.691836353258083, 10.776651997201057 ], [ 106.692434394804991, 10.776214792083559 ], [ 106.693111398956802, 10.776512556764079 ] ] ] } },
{ "type": "Feature", "properties": { "h3": "8a65b5663897fff", "resolution": 10, "center_lat": 10.773097588170929, "center_lon": 106.6869393466197, "avg_edge_len": 81.381334168859368, "cell_area": 17206.18566304259, "cell_perimeter": 488.28800501315624, "code": "770", "name": "Quận 3", "name_en": "District 3", "level": "Quận", "prov_code": "79", "prov_name": "Thành phố Hồ Chí Minh", "region": "Đông Nam Bộ", "pop_2019": 190375.0, "pop_dens": 38852.0, "area": 4.92 }, "geometry": { "type": "Polygon", "coordinates": [ [ [ 106.687537408047817, 10.77266039180534 ], [ 106.687616363945551, 10.773395377031999 ], [ 106.687018302992655, 10.773832574767454 ], [ 106.686341284194128, 10.77353478512064 ], [ 106.686262330539719, 10.772799796707337 ], [ 106.686860393440469, 10.772362601127469 ], [ 106.687537408047817, 10.77266039180534 ] ] ] } },
{ "type": "Feature", "properties": { "h3": "8a65b56636effff", "resolution": 10, "center_lat": 10.786688880168187, "center_lon": 106.67485280627329, "avg_edge_len": 81.385640639711653, "cell_area": 17208.010681528598, "cell_perimeter": 488.31384383826992, "code": "770", "name": "Quận 3", "name_en": "District 3", "level": "Quận", "prov_code": "79", "prov_name": "Thành phố Hồ Chí Minh", "region": "Đông Nam Bộ", "pop_2019": 190375.0, "pop_dens": 38852.0, "area": 4.92 }, "geometry": { "type": "Polygon", "coordinates": [ [ [ 106.675450954720304, 10.786251667482743 ], [ 106.675529892356693, 10.786986675923556 ], [ 106.674931744382889, 10.787423889976912 ], [ 106.674254656827884, 10.787126093436518 ], [ 106.674175721436143, 10.786391081812656 ], [ 106.674773871354731, 10.785953869912218 ], [ 106.675450954720304, 10.786251667482743 ] ] ] } },
{ "type": "Feature", "properties": { "h3": "8a65b5663547fff", "resolution": 10, "center_lat": 10.7810240709863, "center_lon": 106.68585572346842, "avg_edge_len": 81.381567240353206, "cell_area": 17206.2841084674, "cell_perimeter": 488.28940344211924, "code": "770", "name": "Quận 3", "name_en": "District 3", "level": "Quận", "prov_code": "79", "prov_name": "Thành phố Hồ Chí Minh", "region": "Đông Nam Bộ", "pop_2019": 190375.0, "pop_dens": 38852.0, "area": 4.92 }, "geometry": { "type": "Polygon", "coordinates": [ [ [ 106.686453805156404, 10.780586861831605 ], [ 106.686532761061798, 10.781321845337054 ], [ 106.685934679848856, 10.781759055861105 ], [ 106.685257640782851, 10.781461280725329 ], [ 106.685178687120981, 10.7807262940338 ], [ 106.685776770281578, 10.780289085664103 ], [ 106.686453805156404, 10.780586861831605 ] ] ] } },
{ "type": "Feature", "properties": { "h3": "8a65b5645167fff", "resolution": 10, "center_lat": 10.790009179603537, "center_lon": 106.66488732646903, "avg_edge_len": 81.389367520386898, "cell_area": 17209.590501910076, "cell_perimeter": 488.33620512232142, "code": "770", "name": "Quận 3", "name_en": "District 3", "level": "Quận", "prov_code": "79", "prov_name": "Thành phố Hồ Chí Minh", "region": "Đông Nam Bộ", "pop_2019": 190375.0, "pop_dens": 38852.0, "area": 4.92 }, "geometry": { "type": "Polygon", "coordinates": [ [ [ 106.665485531984132, 10.789571966804493 ], [ 106.665564452623499, 10.790306998833213 ], [ 106.66496624757994, 10.79074421299895 ], [ 106.664289119954816, 10.790446392984073 ], [ 106.664210201561062, 10.789711357774983 ], [ 106.664808408546776, 10.789274145761118 ], [ 106.665485531984132, 10.789571966804493 ] ] ] } },
{ "type": "Feature", "properties": { "h3": "8a65b5644b77fff", "resolution": 10, "center_lat": 10.789090035547853, "center_lon": 106.68349687426038, "avg_edge_len": 81.382282136476746, "cell_area": 17206.586803955957, "cell_perimeter": 488.29369281886045, "code": "770", "name": "Quận 3", "name_en": "District 3", "level": "Quận", "prov_code": "79", "prov_name": "Thành phố Hồ Chí Minh", "region": "Đông Nam Bộ", "pop_2019": 190375.0, "pop_dens": 38852.0, "area": 4.92 }, "geometry": { "type": "Polygon", "coordinates": [ [ [ 106.684094982987546, 10.788652814086591 ], [ 106.684173936656663, 10.789387799028344 ], [ 106.683575828404159, 10.789825021858311 ], [ 106.682898764535395, 10.789527257593463 ], [ 106.682819813110143, 10.788792269466526 ], [ 106.683417923309761, 10.788355048789599 ], [ 106.684094982987546, 10.788652814086591 ] ] ] } },
{ "type": "Feature", "properties": { "h3": "8a65b5663c87fff", "resolution": 10, "center_lat": 10.779294120499118, "center_lon": 106.69147519814739, "avg_edge_len": 81.379458039753032, "cell_area": 17205.390040650964, "cell_perimeter": 488.27674823851822, "code": "770", "name": "Quận 3", "name_en": "District 3", "level": "Quận", "prov_code": "79", "prov_name": "Thành phố Hồ Chí Minh", "region": "Đông Nam Bộ", "pop_2019": 190375.0, "pop_dens": 38852.0, "area": 4.92 }, "geometry": { "type": "Polygon", "coordinates": [ [ [ 106.692073247884622, 10.778856911202503 ], [ 106.692152213402608, 10.779591881296815 ], [ 106.691554164141351, 10.780029091963462 ], [ 106.690877147412948, 10.779731330380853 ], [ 106.690798184137961, 10.778996357098958 ], [ 106.691396235348378, 10.778559148587233 ], [ 106.692073247884622, 10.778856911202503 ] ] ] } },
{ "type": "Feature", "properties": { "h3": "8a65b56630a7fff", "resolution": 10, "center_lat": 10.779097953162408, "center_lon": 106.68306861308415, "avg_edge_len": 81.382676907882953, "cell_area": 17206.754613930359, "cell_perimeter": 488.29606144729769, "code": "770", "name": "Quận 3", "name_en": "District 3", "level": "Quận", "prov_code": "79", "prov_name": "Thành phố Hồ Chí Minh", "region": "Đông Nam Bộ", "pop_2019": 190375.0, "pop_dens": 38852.0, "area": 4.92 }, "geometry": { "type": "Polygon", "coordinates": [ [ [ 106.683666705444793, 10.778660748776614 ], [ 106.683745655899358, 10.779395740514136 ], [ 106.683147564013282, 10.779832946269083 ], [ 106.682470519725726, 10.779535158132008 ], [ 106.682391571514927, 10.778800163209056 ], [ 106.68298966534789, 10.778362959608593 ], [ 106.683666705444793, 10.778660748776614 ] ] ] } },
{ "type": "Feature", "properties": { "h3": "8a65b5663b37fff", "resolution": 10, "center_lat": 10.767179519622479, "center_lon": 106.6798533330504, "avg_edge_len": 81.384176558552269, "cell_area": 17207.390813684091, "cell_perimeter": 488.30505935131362, "code": "770", "name": "Quận 3", "name_en": "District 3", "level": "Quận", "prov_code": "79", "prov_name": "Thành phố Hồ Chí Minh", "region": "Đông Nam Bộ", "pop_2019": 190375.0, "pop_dens": 38852.0, "area": 4.92 }, "geometry": { "type": "Polygon", "coordinates": [ [ [ 106.680451419714259, 10.766742337107223 ], [ 106.680530361503514, 10.767477343814798 ], [ 106.679932275313675, 10.767914527699466 ], [ 106.679255245388674, 10.767616702720469 ], [ 106.679176305843328, 10.766881692827852 ], [ 106.679774393979045, 10.766444511099252 ], [ 106.680451419714259, 10.766742337107223 ] ] ] } },
{ "type": "Feature", "properties": { "h3": "8a65b5663cdffff", "resolution": 10, "center_lat": 10.779712444497475, "center_lon": 106.68764995261326, "avg_edge_len": 81.380911376741309, "cell_area": 17206.00613136217, "cell_perimeter": 488.28546826044789, "code": "770", "name": "Quận 3", "name_en": "District 3", "level": "Quận", "prov_code": "79", "prov_name": "Thành phố Hồ Chí Minh", "region": "Đông Nam Bộ", "pop_2019": 190375.0, "pop_dens": 38852.0, "area": 4.92 }, "geometry": { "type": "Polygon", "coordinates": [ [ [ 106.688248022690956, 10.779275236577634 ], [ 106.688326981479591, 10.780010216233698 ], [ 106.687728911877244, 10.780447425523155 ], [ 106.68705188153811, 10.780149653001867 ], [ 106.686972924992816, 10.779414670159213 ], [ 106.687570996543286, 10.778977463024408 ], [ 106.688248022690956, 10.779275236577634 ] ] ] } },
{ "type": "Feature", "properties": { "h3": "8a65b5644a27fff", "resolution": 10, "center_lat": 10.791294992346014, "center_lon": 106.68373373334749, "avg_edge_len": 81.382140118769428, "cell_area": 17206.526496235281, "cell_perimeter": 488.29284071261657, "code": "770", "name": "Quận 3", "name_en": "District 3", "level": "Quận", "prov_code": "79", "prov_name": "Thành phố Hồ Chí Minh", "region": "Đông Nam Bộ", "pop_2019": 190375.0, "pop_dens": 38852.0, "area": 4.92 }, "geometry": { "type": "Polygon", "coordinates": [ [ [ 106.684331844958592, 10.79085776704216 ], [ 106.684410799591404, 10.791592750113731 ], [ 106.683812688454992, 10.792029976786196 ], [ 106.683135620738511, 10.791732218234348 ], [ 106.683056668349593, 10.790997231977618 ], [ 106.683654781433205, 10.790560007457875 ], [ 106.684331844958592, 10.79085776704216 ] ] ] } },
{ "type": "Feature", "properties": { "h3": "8a65b566378ffff", "resolution": 10, "center_lat": 10.786131183594245, "center_lon": 106.67995365344871, "avg_edge_len": 81.383705022477443, "cell_area": 17207.190131451935, "cell_perimeter": 488.30223013486466, "code": "770", "name": "Quận 3", "name_en": "District 3", "level": "Quận", "prov_code": "79", "prov_name": "Thành phố Hồ Chí Minh", "region": "Đông Nam Bộ", "pop_2019": 190375.0, "pop_dens": 38852.0, "area": 4.92 }, "geometry": { "type": "Polygon", "coordinates": [ [ [ 106.680551774793102, 10.785693969054975 ], [ 106.680630721406857, 10.786428964760274 ], [ 106.680032600536521, 10.786866180668017 ], [ 106.679355531106282, 10.786568398717169 ], [ 106.679276586736705, 10.785833399827494 ], [ 106.679874709553161, 10.785396186073024 ], [ 106.680551774793102, 10.785693969054975 ] ] ] } },
{ "type": "Feature", "properties": { "h3": "8a65b566226ffff", "resolution": 10, "center_lat": 10.781499032771999, "center_lon": 106.69171209278234, "avg_edge_len": 81.37931675534999, "cell_area": 17205.330066841096, "cell_perimeter": 488.27590053209997, "code": "770", "name": "Quận 3", "name_en": "District 3", "level": "Quận", "prov_code": "79", "prov_name": "Thành phố Hồ Chí Minh", "region": "Đông Nam Bộ", "pop_2019": 190375.0, "pop_dens": 38852.0, "area": 4.92 }, "geometry": { "type": "Polygon", "coordinates": [ [ [ 106.692310145402217, 10.781061819624709 ], [ 106.69238911188387, 10.781796787857797 ], [ 106.691791059740027, 10.782234002375038 ], [ 106.691114039165242, 10.781936246504555 ], [ 106.691035074926575, 10.781201275083896 ], [ 106.691633129019664, 10.780764062721268 ], [ 106.692310145402217, 10.781061819624709 ] ] ] } },
{ "type": "Feature", "properties": { "h3": "8a65b5644a6ffff", "resolution": 10, "center_lat": 10.790680605589779, "center_lon": 106.67915212388242, "avg_edge_len": 81.383905317533731, "cell_area": 17207.274886714295, "cell_perimeter": 488.30343190520239, "code": "770", "name": "Quận 3", "name_en": "District 3", "level": "Quận", "prov_code": "79", "prov_name": "Thành phố Hồ Chí Minh", "region": "Đông Nam Bộ", "pop_2019": 190375.0, "pop_dens": 38852.0, "area": 4.92 }, "geometry": { "type": "Polygon", "coordinates": [ [ [ 106.679750257772412, 10.790243383829596 ], [ 106.679829204069293, 10.790978378983175 ], [ 106.679231070653216, 10.791415602111522 ], [ 106.678553988994253, 10.791117827933704 ], [ 106.678475044941678, 10.790382829596121 ], [ 106.679073180303718, 10.789945608620332 ], [ 106.679750257772412, 10.790243383829596 ] ] ] } },
{ "type": "Feature", "properties": { "h3": "8a65b5663297fff", "resolution": 10, "center_lat": 10.782278808787826, "center_lon": 106.67437919297049, "avg_edge_len": 81.385923621922942, "cell_area": 17208.13085719198, "cell_perimeter": 488.31554173153762, "code": "770", "name": "Quận 3", "name_en": "District 3", "level": "Quận", "prov_code": "79", "prov_name": "Thành phố Hồ Chí Minh", "region": "Đông Nam Bộ", "pop_2019": 190375.0, "pop_dens": 38852.0, "area": 4.92 }, "geometry": { "type": "Polygon", "coordinates": [ [ [ 106.674977335647185, 10.781841603787742 ], [ 106.675056271356382, 10.782576615955936 ], [ 106.674458129152811, 10.783013822324099 ], [ 106.673781049295414, 10.782716014370516 ], [ 106.673702115830821, 10.781980999019234 ], [ 106.674300259978992, 10.781543794804604 ], [ 106.674977335647185, 10.781841603787742 ] ] ] } },
{ "type": "Feature", "properties": { "h3": "8a65b566359ffff", "resolution": 10, "center_lat": 10.786187784690913, "center_lon": 106.68963569797694, "avg_edge_len": 81.380002580321147, "cell_area": 17205.620582478121, "cell_perimeter": 488.28001548192685, "code": "770", "name": "Quận 3", "name_en": "District 3", "level": "Quận", "prov_code": "79", "prov_name": "Thành phố Hồ Chí Minh", "region": "Đông Nam Bộ", "pop_2019": 190375.0, "pop_dens": 38852.0, "area": 4.92 }, "geometry": { "type": "Polygon", "coordinates": [ [ [ 106.690233769924035, 10.785750564766236 ], [ 106.690312733846966, 10.786485535644985 ], [ 106.689714662375565, 10.786922756939155 ], [ 106.689037625032455, 10.786625005200754 ], [ 106.688958663352778, 10.785890031135141 ], [ 106.689556736772914, 10.785452811994773 ], [ 106.690233769924035, 10.785750564766236 ] ] ] } },
{ "type": "Feature", "properties": { "h3": "8a65b56458effff", "resolution": 10, "center_lat": 10.787664690869168, "center_lon": 106.66592588852546, "avg_edge_len": 81.38902590297802, "cell_area": 17209.445785541087, "cell_perimeter": 488.33415541786815, "code": "770", "name": "Quận 3", "name_en": "District 3", "level": "Quận", "prov_code": "79", "prov_name": "Thành phố Hồ Chí Minh", "region": "Đông Nam Bộ", "pop_2019": 190375.0, "pop_dens": 38852.0, "area": 4.92 }, "geometry": { "type": "Polygon", "coordinates": [ [ [ 106.666524084382942, 10.787227481440484 ], [ 106.666603006304257, 10.787962512155639 ], [ 106.666004810918466, 10.788399722951247 ], [ 106.665327691668921, 10.788101900879401 ], [ 106.665248771993078, 10.78736686698352 ], [ 106.665846969321265, 10.786929658340187 ], [ 106.666524084382942, 10.787227481440484 ] ] ] } },
{ "type": "Feature", "properties": { "h3": "8a65b5663687fff", "resolution": 10, "center_lat": 10.788475612548874, "center_lon": 106.6789152898037, "avg_edge_len": 81.384047251984825, "cell_area": 17207.335101174191, "cell_perimeter": 488.30428351190892, "code": "770", "name": "Quận 3", "name_en": "District 3", "level": "Quận", "prov_code": "79", "prov_name": "Thành phố Hồ Chí Minh", "region": "Đông Nam Bộ", "pop_2019": 190375.0, "pop_dens": 38852.0, "area": 4.92 }, "geometry": { "type": "Polygon", "coordinates": [ [ [ 106.679513420809087, 10.788038394630064 ], [ 106.679592366142316, 10.788773391652796 ], [ 106.678994235610801, 10.789210610939852 ], [ 106.678317157800166, 10.788912831051283 ], [ 106.678238214711229, 10.788177830844528 ], [ 106.678836347188621, 10.787740613710344 ], [ 106.679513420809087, 10.788038394630064 ] ] ] } },
{ "type": "Feature", "properties": { "h3": "8a65b5645807fff", "resolution": 10, "center_lat": 10.786213672952668, "center_lon": 106.66899574774416, "avg_edge_len": 81.387887999878984, "cell_area": 17208.96347422339, "cell_perimeter": 488.3273279992739, "code": "770", "name": "Quận 3", "name_en": "District 3", "level": "Quận", "prov_code": "79", "prov_name": "Thành phố Hồ Chí Minh", "region": "Đông Nam Bộ", "pop_2019": 190375.0, "pop_dens": 38852.0, "area": 4.92 }, "geometry": { "type": "Polygon", "coordinates": [ [ [ 106.669593925229137, 10.785776464278788 ], [ 106.669672852281877, 10.786511487973412 ], [ 106.669074675269115, 10.786948698014607 ], [ 106.668397569260392, 10.786650882208502 ], [ 106.668318644452825, 10.785915855332316 ], [ 106.668916823408779, 10.785478647443776 ], [ 106.669593925229137, 10.785776464278788 ] ] ] } },
{ "type": "Feature", "properties": { "h3": "8a65b56634dffff", "resolution": 10, "center_lat": 10.787917828434479, "center_lon": 106.68401602820363, "avg_edge_len": 81.382110999088212, "cell_area": 17206.514333250001, "cell_perimeter": 488.29266599452927, "code": "770", "name": "Quận 3", "name_en": "District 3", "level": "Quận", "prov_code": "79", "prov_name": "Thành phố Hồ Chí Minh", "region": "Đông Nam Bộ", "pop_2019": 190375.0, "pop_dens": 38852.0, "area": 4.92 }, "geometry": { "type": "Polygon", "coordinates": [ [ [ 106.684614132099682, 10.787480608663721 ], [ 106.68469308640887, 10.78821559294702 ], [ 106.684094982987546, 10.788652814086591 ], [ 106.683417923309761, 10.788355048789599 ], [ 106.68333897124441, 10.78762006132094 ], [ 106.683937076612978, 10.787182842334611 ], [ 106.684614132099682, 10.787480608663721 ] ] ] } },
{ "type": "Feature", "properties": { "h3": "8a65b5662227fff", "resolution": 10, "center_lat": 10.782113345245858, "center_lon": 106.69629323420982, "avg_edge_len": 81.377549885892918, "cell_area": 17204.581082591787, "cell_perimeter": 488.26529931535754, "code": "770", "name": "Quận 3", "name_en": "District 3", "level": "Quận", "prov_code": "79", "prov_name": "Thành phố Hồ Chí Minh", "region": "Đông Nam Bộ", "pop_2019": 190375.0, "pop_dens": 38852.0, "area": 4.92 }, "geometry": { "type": "Polygon", "coordinates": [ [ [ 106.696891264533903, 10.781676128568463 ], [ 106.696970239346967, 10.78241108471105 ], [ 106.6963722094997, 10.782848302758845 ], [ 106.695695202888857, 10.782550562509256 ], [ 106.695616230318393, 10.781815603177948 ], [ 106.696214262116129, 10.781378387284926 ], [ 106.696891264533903, 10.781676128568463 ] ] ] } },
{ "type": "Feature", "properties": { "h3": "8a65b5663747fff", "resolution": 10, "center_lat": 10.782000006923289, "center_lon": 106.67692961223803, "avg_edge_len": 81.38495591273508, "cell_area": 17207.720656454563, "cell_perimeter": 488.30973547641048, "code": "770", "name": "Quận 3", "name_en": "District 3", "level": "Quận", "prov_code": "79", "prov_name": "Thành phố Hồ Chí Minh", "region": "Đông Nam Bộ", "pop_2019": 190375.0, "pop_dens": 38852.0, "area": 4.92 }, "geometry": { "type": "Polygon", "coordinates": [ [ [ 106.677527741365125, 10.781562800997669 ], [ 106.677606681563233, 10.782297806798695 ], [ 106.677008552909655, 10.782735014092669 ], [ 106.676331482112687, 10.782437213431889 ], [ 106.676252544158984, 10.781702204447114 ], [ 106.67685067475783, 10.781264999306851 ], [ 106.677527741365125, 10.781562800997669 ] ] ] } },
{ "type": "Feature", "properties": { "h3": "8a65b5644b0ffff", "resolution": 10, "center_lat": 10.7901227832592, "center_lon": 106.68425288921095, "avg_edge_len": 81.381969073201148, "cell_area": 17206.454028295353, "cell_perimeter": 488.29181443920686, "code": "770", "name": "Quận 3", "name_en": "District 3", "level": "Quận", "prov_code": "79", "prov_name": "Thành phố Hồ Chí Minh", "region": "Đông Nam Bộ", "pop_2019": 190375.0, "pop_dens": 38852.0, "area": 4.92 }, "geometry": { "type": "Polygon", "coordinates": [ [ [ 106.684850995990899, 10.789685559645042 ], [ 106.684929951263754, 10.79042054205927 ], [ 106.684331844958592, 10.79085776704216 ], [ 106.683654781433205, 10.790560007457875 ], [ 106.683575828404159, 10.789825021858311 ], [ 106.684173936656663, 10.789387799028344 ], [ 106.684850995990899, 10.789685559645042 ] ] ] } },
{ "type": "Feature", "properties": { "h3": "8a65b5644967fff", "resolution": 10, "center_lat": 10.787081028962822, "center_lon": 106.69166679639351, "avg_edge_len": 81.379205011337021, "cell_area": 17205.282420078292, "cell_perimeter": 488.27523006802215, "code": "770", "name": "Quận 3", "name_en": "District 3", "level": "Quận", "prov_code": "79", "prov_name": "Thành phố Hồ Chí Minh", "region": "Đông Nam Bộ", "pop_2019": 190375.0, "pop_dens": 38852.0, "area": 4.92 }, "geometry": { "type": "Polygon", "coordinates": [ [ [ 106.692264859610717, 10.786643806423942 ], [ 106.692343827380171, 10.787378771588127 ], [ 106.691745764638981, 10.787815995496674 ], [ 106.691068732179005, 10.787518252087226 ], [ 106.690989766652621, 10.786783283735694 ], [ 106.691587831343114, 10.786346061980931 ], [ 106.692264859610717, 10.786643806423942 ] ] ] } },
{ "type": "Feature", "properties": { "h3": "8a65b56459affff", "resolution": 10, "center_lat": 10.785934879439711, "center_lon": 106.6715462889411, "avg_edge_len": 81.386920779314138, "cell_area": 17208.553390407935, "cell_perimeter": 488.3215246758848, "code": "770", "name": "Quận 3", "name_en": "District 3", "level": "Quận", "prov_code": "79", "prov_name": "Thành phố Hồ Chí Minh", "region": "Đông Nam Bộ", "pop_2019": 190375.0, "pop_dens": 38852.0, "area": 4.92 }, "geometry": { "type": "Polygon", "coordinates": [ [ [ 106.672144452880403, 10.785497669835838 ], [ 106.672223384423148, 10.786232687166342 ], [ 106.6716252209565, 10.786669898137813 ], [ 106.670948124003175, 10.786372089625919 ], [ 106.670869194705361, 10.785637069113188 ], [ 106.671467360115898, 10.785199860294554 ], [ 106.672144452880403, 10.785497669835838 ] ] ] } },
{ "type": "Feature", "properties": { "h3": "8a65b5663c1ffff", "resolution": 10, "center_lat": 10.777228638521432, "center_lon": 106.6899632426053, "avg_edge_len": 81.380083645647389, "cell_area": 17205.655346300453, "cell_perimeter": 488.2805018738843, "code": "770", "name": "Quận 3", "name_en": "District 3", "level": "Quận", "prov_code": "79", "prov_name": "Thành phố Hồ Chí Minh", "region": "Đông Nam Bộ", "pop_2019": 190375.0, "pop_dens": 38852.0, "area": 4.92 }, "geometry": { "type": "Polygon", "coordinates": [ [ [ 106.690561296240375, 10.776791433534713 ], [ 106.690640258551682, 10.777526408675644 ], [ 106.690042205392345, 10.777963615032334 ], [ 106.689365187972953, 10.777665844092935 ], [ 106.689286227904745, 10.776930865764733 ], [ 106.689884283012802, 10.776493661563183 ], [ 106.690561296240375, 10.776791433534713 ] ] ] } },
{ "type": "Feature", "properties": { "h3": "8a65b566318ffff", "resolution": 10, "center_lat": 10.777925756333385, "center_lon": 106.68358775387556, "avg_edge_len": 81.38250534758852, "cell_area": 17206.681941132993, "cell_perimeter": 488.29503208553109, "code": "770", "name": "Quận 3", "name_en": "District 3", "level": "Quận", "prov_code": "79", "prov_name": "Thành phố Hồ Chí Minh", "region": "Đông Nam Bộ", "pop_2019": 190375.0, "pop_dens": 38852.0, "area": 4.92 }, "geometry": { "type": "Polygon", "coordinates": [ [ [ 106.684185841405451, 10.777488553642 ], [ 106.684264792500059, 10.778223544715965 ], [ 106.683666705444793, 10.778660748776614 ], [ 106.68298966534789, 10.778362959608593 ], [ 106.682910716497005, 10.777627965349017 ], [ 106.683508805499272, 10.777190763443054 ], [ 106.684185841405451, 10.777488553642 ] ] ] } },
{ "type": "Feature", "properties": { "h3": "8a65b56638effff", "resolution": 10, "center_lat": 10.770277988651221, "center_lon": 106.68212124421821, "avg_edge_len": 81.383239939501379, "cell_area": 17206.99366302602, "cell_perimeter": 488.29943963700828, "code": "770", "name": "Quận 3", "name_en": "District 3", "level": "Quận", "prov_code": "79", "prov_name": "Thành phố Hồ Chí Minh", "region": "Đông Nam Bộ", "pop_2019": 190375.0, "pop_dens": 38852.0, "area": 4.92 }, "geometry": { "type": "Polygon", "coordinates": [ [ [ 106.682719325043536, 10.769840799668515 ], [ 106.682798271643748, 10.770575798824924 ], [ 106.682200191292836, 10.77101298917713 ], [ 106.681523162395166, 10.770715178217165 ], [ 106.681444218038692, 10.769980175875245 ], [ 106.682042300336121, 10.769542987678776 ], [ 106.682719325043536, 10.769840799668515 ] ] ] } },
{ "type": "Feature", "properties": { "h3": "8a65b56638cffff", "resolution": 10, "center_lat": 10.77145017985691, "center_lon": 106.68160210563723, "avg_edge_len": 81.38341180416063, "cell_area": 17207.066494403407, "cell_perimeter": 488.30047082496378, "code": "770", "name": "Quận 3", "name_en": "District 3", "level": "Quận", "prov_code": "79", "prov_name": "Thành phố Hồ Chí Minh", "region": "Đông Nam Bộ", "pop_2019": 190375.0, "pop_dens": 38852.0, "area": 4.92 }, "geometry": { "type": "Polygon", "coordinates": [ [ [ 106.682200191292836, 10.77101298917713 ], [ 106.682279137252976, 10.771747989000904 ], [ 106.681681052071667, 10.77218518105007 ], [ 106.681004018983799, 10.771887371119909 ], [ 106.680925075267453, 10.771152368110799 ], [ 106.681523162395166, 10.770715178217165 ], [ 106.682200191292836, 10.77101298917713 ] ] ] } },
{ "type": "Feature", "properties": { "h3": "8a65b564598ffff", "resolution": 10, "center_lat": 10.787107109429465, "center_lon": 106.67102705218774, "avg_edge_len": 81.387091789126501, "cell_area": 17208.62586520426, "cell_perimeter": 488.32255073475903, "code": "770", "name": "Quận 3", "name_en": "District 3", "level": "Quận", "prov_code": "79", "prov_name": "Thành phố Hồ Chí Minh", "region": "Đông Nam Bộ", "pop_2019": 190375.0, "pop_dens": 38852.0, "area": 4.92 }, "geometry": { "type": "Polygon", "coordinates": [ [ [ 106.6716252209565, 10.786669898137813 ], [ 106.671704151858577, 10.787404916126773 ], [ 106.671105983562356, 10.787842128785906 ], [ 106.670428882420282, 10.787544321303423 ], [ 106.670349953763207, 10.786809300132417 ], [ 106.670948124003175, 10.786372089625919 ], [ 106.6716252209565, 10.786669898137813 ] ] ] } },
{ "type": "Feature", "properties": { "h3": "8a65b5663727fff", "resolution": 10, "center_lat": 10.78158177331111, "center_lon": 106.68075515633949, "avg_edge_len": 81.383503946506153, "cell_area": 17207.105088941753, "cell_perimeter": 488.30102367903692, "code": "770", "name": "Quận 3", "name_en": "District 3", "level": "Quận", "prov_code": "79", "prov_name": "Thành phố Hồ Chí Minh", "region": "Đông Nam Bộ", "pop_2019": 190375.0, "pop_dens": 38852.0, "area": 4.92 }, "geometry": { "type": "Polygon", "coordinates": [ [ [ 106.68135326513854, 10.781144565999647 ], [ 106.681432212069055, 10.781879562247418 ], [ 106.680834103744218, 10.782316770927672 ], [ 106.680157046542519, 10.782018981206139 ], [ 106.680078101856026, 10.781283981773619 ], [ 106.680676212127167, 10.780846775247355 ], [ 106.68135326513854, 10.781144565999647 ] ] ] } },
{ "type": "Feature", "properties": { "h3": "8a65b5662207fff", "resolution": 10, "center_lat": 10.783285521132562, "center_lon": 106.69577417434317, "avg_edge_len": 81.377721483678854, "cell_area": 17204.653739921749, "cell_perimeter": 488.26632890207316, "code": "770", "name": "Quận 3", "name_en": "District 3", "level": "Quận", "prov_code": "79", "prov_name": "Thành phố Hồ Chí Minh", "region": "Đông Nam Bộ", "pop_2019": 190375.0, "pop_dens": 38852.0, "area": 4.92 }, "geometry": { "type": "Polygon", "coordinates": [ [ [ 106.6963722094997, 10.782848302758845 ], [ 106.696451183673346, 10.783583259563875 ], [ 106.695853148993564, 10.784020479307882 ], [ 106.695176138189737, 10.783722740092264 ], [ 106.695097166258719, 10.782987780098692 ], [ 106.695695202888857, 10.782550562509256 ], [ 106.6963722094997, 10.782848302758845 ] ] ] } },
{ "type": "Feature", "properties": { "h3": "8a65b5644baffff", "resolution": 10, "center_lat": 10.792188257055418, "center_lon": 106.68576492289232, "avg_edge_len": 81.38134277307806, "cell_area": 17206.188443062827, "cell_perimeter": 488.28805663846833, "code": "770", "name": "Quận 3", "name_en": "District 3", "level": "Quận", "prov_code": "79", "prov_name": "Thành phố Hồ Chí Minh", "region": "Đông Nam Bộ", "pop_2019": 190375.0, "pop_dens": 38852.0, "area": 4.92 }, "geometry": { "type": "Polygon", "coordinates": [ [ [ 106.686363025777183, 10.791751029135796 ], [ 106.686441984257456, 10.792486006493096 ], [ 106.685843881847617, 10.792923235781501 ], [ 106.685166819009723, 10.792625485559887 ], [ 106.685087862773159, 10.791890505016937 ], [ 106.685685967130766, 10.791453277881233 ], [ 106.686363025777183, 10.791751029135796 ] ] ] } },
{ "type": "Feature", "properties": { "h3": "8a65b5663b17fff", "resolution": 10, "center_lat": 10.768351711912397, "center_lon": 106.67933418381989, "avg_edge_len": 81.384348517509906, "cell_area": 17207.463757289574, "cell_perimeter": 488.30609110505941, "code": "770", "name": "Quận 3", "name_en": "District 3", "level": "Quận", "prov_code": "79", "prov_name": "Thành phố Hồ Chí Minh", "region": "Đông Nam Bộ", "pop_2019": 190375.0, "pop_dens": 38852.0, "area": 4.92 }, "geometry": { "type": "Polygon", "coordinates": [ [ [ 106.679932275313675, 10.767914527699466 ], [ 106.680011216462745, 10.768649535075808 ], [ 106.679413125442892, 10.769086720658043 ], [ 106.678736091328176, 10.768788896708049 ], [ 106.678657152423057, 10.76805388614684 ], [ 106.679255245388674, 10.767616702720469 ], [ 106.679932275313675, 10.767914527699466 ] ] ] } },
{ "type": "Feature", "properties": { "h3": "8a65b5663087fff", "resolution": 10, "center_lat": 10.780270152348674, "center_lon": 106.68254946682195, "avg_edge_len": 81.382848408907435, "cell_area": 17206.827272474766, "cell_perimeter": 488.29709045344464, "code": "770", "name": "Quận 3", "name_en": "District 3", "level": "Quận", "prov_code": "79", "prov_name": "Thành phố Hồ Chí Minh", "region": "Đông Nam Bộ", "pop_2019": 190375.0, "pop_dens": 38852.0, "area": 4.92 }, "geometry": { "type": "Polygon", "coordinates": [ [ [ 106.683147564013282, 10.779832946269083 ], [ 106.683226513827805, 10.78056793866951 ], [ 106.682628417110948, 10.78100514611814 ], [ 106.681951368632781, 10.780707359012039 ], [ 106.68187242106211, 10.779972363426353 ], [ 106.682470519725726, 10.779535158132008 ], [ 106.683147564013282, 10.779832946269083 ] ] ] } },
{ "type": "Feature", "properties": { "h3": "8a65b56631affff", "resolution": 10, "center_lat": 10.776753561862852, "center_lon": 106.68410688919613, "avg_edge_len": 81.382333728376821, "cell_area": 17206.609213139862, "cell_perimeter": 488.29400237026096, "code": "770", "name": "Quận 3", "name_en": "District 3", "level": "Quận", "prov_code": "79", "prov_name": "Thành phố Hồ Chí Minh", "region": "Đông Nam Bộ", "pop_2019": 190375.0, "pop_dens": 38852.0, "area": 4.92 }, "geometry": { "type": "Polygon", "coordinates": [ [ [ 106.684704971895286, 10.776316360866502 ], [ 106.68478392362988, 10.777051351276269 ], [ 106.684185841405451, 10.777488553642 ], [ 106.683508805499272, 10.777190763443054 ], [ 106.683429856008317, 10.776455769847503 ], [ 106.684027940179874, 10.776018569636658 ], [ 106.684704971895286, 10.776316360866502 ] ] ] } },
{ "type": "Feature", "properties": { "h3": "8a65b566361ffff", "resolution": 10, "center_lat": 10.786410040102854, "center_lon": 106.67740325247502, "avg_edge_len": 81.384672938294372, "cell_area": 17207.600470488891, "cell_perimeter": 488.3080376297662, "code": "770", "name": "Quận 3", "name_en": "District 3", "level": "Quận", "prov_code": "79", "prov_name": "Thành phố Hồ Chí Minh", "region": "Đông Nam Bộ", "pop_2019": 190375.0, "pop_dens": 38852.0, "area": 4.92 }, "geometry": { "type": "Polygon", "coordinates": [ [ [ 106.678001387371694, 10.785972826489841 ], [ 106.678080329497007, 10.786707828563562 ], [ 106.677482195073935, 10.787145043544765 ], [ 106.676805116580098, 10.786847254299133 ], [ 106.676726176699191, 10.786112249041699 ], [ 106.6773243130677, 10.785675036213592 ], [ 106.678001387371694, 10.785972826489841 ] ] ] } },
{ "type": "Feature", "properties": { "h3": "8a65b5663477fff", "resolution": 10, "center_lat": 10.783368464788138, "center_lon": 106.68481745772004, "avg_edge_len": 81.381910112075502, "cell_area": 17206.429361067712, "cell_perimeter": 488.29146067245301, "code": "770", "name": "Quận 3", "name_en": "District 3", "level": "Quận", "prov_code": "79", "prov_name": "Thành phố Hồ Chí Minh", "region": "Đông Nam Bộ", "pop_2019": 190375.0, "pop_dens": 38852.0, "area": 4.92 }, "geometry": { "type": "Polygon", "coordinates": [ [ [ 106.6854155490702, 10.782931252246449 ], [ 106.685494503695708, 10.783666237075543 ], [ 106.684896412820422, 10.784103450986363 ], [ 106.684219365372201, 10.783805677914112 ], [ 106.684140412990359, 10.783070689899283 ], [ 106.684738505813044, 10.782633478142417 ], [ 106.6854155490702, 10.782931252246449 ] ] ] } },
{ "type": "Feature", "properties": { "h3": "8a65b5663d5ffff", "resolution": 10, "center_lat": 10.773990946176891, "center_lon": 106.68897038940752, "avg_edge_len": 81.380537199938615, "cell_area": 17205.847758764401, "cell_perimeter": 488.28322319963166, "code": "770", "name": "Quận 3", "name_en": "District 3", "level": "Quận", "prov_code": "79", "prov_name": "Thành phố Hồ Chí Minh", "region": "Đông Nam Bộ", "pop_2019": 190375.0, "pop_dens": 38852.0, "area": 4.92 }, "geometry": { "type": "Polygon", "coordinates": [ [ [ 106.689568442108268, 10.773553747198038 ], [ 106.689647401852582, 10.774288726717067 ], [ 106.68904934962741, 10.774725927065953 ], [ 106.688372335709474, 10.774428145740226 ], [ 106.6882933782083, 10.773693163034055 ], [ 106.688891432381908, 10.773255964840738 ], [ 106.689568442108268, 10.773553747198038 ] ] ] } },
{ "type": "Feature", "properties": { "h3": "8a65b5644b2ffff", "resolution": 10, "center_lat": 10.788950576519955, "center_lon": 106.68477203960315, "avg_edge_len": 81.381797967039105, "cell_area": 17206.381527567282, "cell_perimeter": 488.29078780223466, "code": "770", "name": "Quận 3", "name_en": "District 3", "level": "Quận", "prov_code": "79", "prov_name": "Thành phố Hồ Chí Minh", "region": "Đông Nam Bộ", "pop_2019": 190375.0, "pop_dens": 38852.0, "area": 4.92 }, "geometry": { "type": "Polygon", "coordinates": [ [ [ 106.685370141551886, 10.788513354596104 ], [ 106.685449097464755, 10.789248336352351 ], [ 106.684850995990899, 10.789685559645042 ], [ 106.684173936656663, 10.789387799028344 ], [ 106.684094982987546, 10.788652814086591 ], [ 106.68469308640887, 10.78821559294702 ], [ 106.685370141551886, 10.788513354596104 ] ] ] } },
{ "type": "Feature", "properties": { "h3": "8a65b5663bb7fff", "resolution": 10, "center_lat": 10.770417364399524, "center_lon": 106.68084613043679, "avg_edge_len": 81.383724099437856, "cell_area": 17207.198920093477, "cell_perimeter": 488.30234459662711, "code": "770", "name": "Quận 3", "name_en": "District 3", "level": "Quận", "prov_code": "79", "prov_name": "Thành phố Hồ Chí Minh", "region": "Đông Nam Bộ", "pop_2019": 190375.0, "pop_dens": 38852.0, "area": 4.92 }, "geometry": { "type": "Polygon", "coordinates": [ [ [ 106.681444218038692, 10.769980175875245 ], [ 106.681523162395166, 10.770715178217165 ], [ 106.680925075267453, 10.771152368110799 ], [ 106.680248041837061, 10.770854553506847 ], [ 106.680169099724452, 10.770119547979744 ], [ 106.680767188798328, 10.769682360241754 ], [ 106.681444218038692, 10.769980175875245 ] ] ] } },
{ "type": "Feature", "properties": { "h3": "8a65b5663127fff", "resolution": 10, "center_lat": 10.773376392955893, "center_lon": 106.68438916673294, "avg_edge_len": 81.382302804268107, "cell_area": 17206.59626080282, "cell_perimeter": 488.29381682560864, "code": "770", "name": "Quận 3", "name_en": "District 3", "level": "Quận", "prov_code": "79", "prov_name": "Thành phố Hồ Chí Minh", "region": "Đông Nam Bộ", "pop_2019": 190375.0, "pop_dens": 38852.0, "area": 4.92 }, "geometry": { "type": "Polygon", "coordinates": [ [ [ 106.684987241717778, 10.772939197506728 ], [ 106.685066193128733, 10.773674189106348 ], [ 106.684468118618696, 10.774111385925092 ], [ 106.683791090750489, 10.773813588988794 ], [ 106.683712141583101, 10.773078594203195 ], [ 106.684310218040309, 10.772641399539854 ], [ 106.684987241717778, 10.772939197506728 ] ] ] } },
{ "type": "Feature", "properties": { "h3": "8a65b5663867fff", "resolution": 10, "center_lat": 10.766900796794195, "center_lon": 106.68240354041887, "avg_edge_len": 81.383208233351425, "cell_area": 17206.980434507132, "cell_perimeter": 488.29924940010858, "code": "770", "name": "Quận 3", "name_en": "District 3", "level": "Quận", "prov_code": "79", "prov_name": "Thành phố Hồ Chí Minh", "region": "Đông Nam Bộ", "pop_2019": 190375.0, "pop_dens": 38852.0, "area": 4.92 }, "geometry": { "type": "Polygon", "coordinates": [ [ [ 106.683001613530109, 10.766463613363607 ], [ 106.683080559806811, 10.767198613700101 ], [ 106.682482487170006, 10.767635798500384 ], [ 106.681805466309925, 10.767337980807902 ], [ 106.68172652227689, 10.7666029772857 ], [ 106.682324596860241, 10.766165794641667 ], [ 106.683001613530109, 10.766463613363607 ] ] ] } },
{ "type": "Feature", "properties": { "h3": "8a65b5662347fff", "resolution": 10, "center_lat": 10.780047933826776, "center_lon": 106.69478128030984, "avg_edge_len": 81.378175939773698, "cell_area": 17204.846517862752, "cell_perimeter": 488.26905563864216, "code": "770", "name": "Quận 3", "name_en": "District 3", "level": "Quận", "prov_code": "79", "prov_name": "Thành phố Hồ Chí Minh", "region": "Đông Nam Bộ", "pop_2019": 190375.0, "pop_dens": 38852.0, "area": 4.92 }, "geometry": { "type": "Polygon", "coordinates": [ [ [ 106.695379314534392, 10.779610721458981 ], [ 106.695458286141161, 10.780345682652568 ], [ 106.694860252393141, 10.780782896390701 ], [ 106.694183245088311, 10.78048514678024 ], [ 106.694104275724229, 10.779750182398253 ], [ 106.69470231142229, 10.779312970815109 ], [ 106.695379314534392, 10.779610721458981 ] ] ] } },
{ "type": "Feature", "properties": { "h3": "8a65b5663517fff", "resolution": 10, "center_lat": 10.782810674945592, "center_lon": 106.68991791600796, "avg_edge_len": 81.379972770407079, "cell_area": 17205.608133247122, "cell_perimeter": 488.27983662244247, "code": "770", "name": "Quận 3", "name_en": "District 3", "level": "Quận", "prov_code": "79", "prov_name": "Thành phố Hồ Chí Minh", "region": "Đông Nam Bộ", "pop_2019": 190375.0, "pop_dens": 38852.0, "area": 4.92 }, "geometry": { "type": "Polygon", "coordinates": [ [ [ 106.690515980240349, 10.782373460562546 ], [ 106.690594943839315, 10.78310843264541 ], [ 106.689996880082631, 10.783545648398146 ], [ 106.68931985077819, 10.783247889913683 ], [ 106.689240889422408, 10.782512914643762 ], [ 106.689838955127854, 10.782075701045343 ], [ 106.690515980240349, 10.782373460562546 ] ] ] } },
{ "type": "Feature", "properties": { "h3": "8a65b5644b47fff", "resolution": 10, "center_lat": 10.789229490464878, "center_lon": 106.6822216976051, "avg_edge_len": 81.38276625203558, "cell_area": 17206.792036266997, "cell_perimeter": 488.29659751221351, "code": "770", "name": "Quận 3", "name_en": "District 3", "level": "Quận", "prov_code": "79", "prov_name": "Thành phố Hồ Chí Minh", "region": "Đông Nam Bộ", "pop_2019": 190375.0, "pop_dens": 38852.0, "area": 4.92 }, "geometry": { "type": "Polygon", "coordinates": [ [ [ 106.682819813110143, 10.788792269466526 ], [ 106.682898764535395, 10.789527257593463 ], [ 106.682300649504768, 10.789964479960371 ], [ 106.681623581102087, 10.78966671204738 ], [ 106.681544631920815, 10.788931720735597 ], [ 106.682142748898229, 10.788494500521631 ], [ 106.682819813110143, 10.788792269466526 ] ] ] } },
{ "type": "Feature", "properties": { "h3": "8a65b56636a7fff", "resolution": 10, "center_lat": 10.787303396897368, "center_lon": 106.67943447436166, "avg_edge_len": 81.383876167175217, "cell_area": 17207.262681011111, "cell_perimeter": 488.30325700305127, "code": "770", "name": "Quận 3", "name_en": "District 3", "level": "Quận", "prov_code": "79", "prov_name": "Thành phố Hồ Chí Minh", "region": "Đông Nam Bộ", "pop_2019": 190375.0, "pop_dens": 38852.0, "area": 4.92 }, "geometry": { "type": "Polygon", "coordinates": [ [ [ 106.680032600536521, 10.786866180668017 ], [ 106.680111546510034, 10.787601177032354 ], [ 106.679513420809087, 10.788038394630064 ], [ 106.678836347188621, 10.787740613710344 ], [ 106.678757403459343, 10.787005614161806 ], [ 106.679355531106282, 10.786568398717169 ], [ 106.680032600536521, 10.786866180668017 ] ] ] } },
{ "type": "Feature", "properties": { "h3": "8a65b5663c57fff", "resolution": 10, "center_lat": 10.776335311670566, "center_lon": 106.68793218931215, "avg_edge_len": 81.380880784343574, "cell_area": 17205.993257440627, "cell_perimeter": 488.28528470606147, "code": "770", "name": "Quận 3", "name_en": "District 3", "level": "Quận", "prov_code": "79", "prov_name": "Thành phố Hồ Chí Minh", "region": "Đông Nam Bộ", "pop_2019": 190375.0, "pop_dens": 38852.0, "area": 4.92 }, "geometry": { "type": "Polygon", "coordinates": [ [ [ 106.688530251675431, 10.775898109297291 ], [ 106.688609210140214, 10.776633090147707 ], [ 106.688011148252329, 10.777070293890791 ], [ 106.687334125951466, 10.776772514628275 ], [ 106.687255169729951, 10.776037530591077 ], [ 106.687853233565988, 10.775600329003158 ], [ 106.688530251675431, 10.775898109297291 ] ] ] } },
{ "type": "Feature", "properties": { "h3": "8a65b566301ffff", "resolution": 10, "center_lat": 10.778204574721437, "center_lon": 106.6810374791929, "avg_edge_len": 81.383473653245858, "cell_area": 17207.092384034768, "cell_perimeter": 488.30084191947515, "code": "770", "name": "Quận 3", "name_en": "District 3", "level": "Quận", "prov_code": "79", "prov_name": "Thành phố Hồ Chí Minh", "region": "Đông Nam Bộ", "pop_2019": 190375.0, "pop_dens": 38852.0, "area": 4.92 }, "geometry": { "type": "Polygon", "coordinates": [ [ [ 106.681635580277302, 10.777767372950475 ], [ 106.681714526884363, 10.778502370395326 ], [ 106.681116426274215, 10.778939573535277 ], [ 106.680439377110616, 10.778641777075851 ], [ 106.680360432747491, 10.777906776446052 ], [ 106.680958535304001, 10.777469575460605 ], [ 106.681635580277302, 10.777767372950475 ] ] ] } },
{ "type": "Feature", "properties": { "h3": "8a65b566384ffff", "resolution": 10, "center_lat": 10.768212349821725, "center_lon": 106.68060930217847, "avg_edge_len": 81.383864409745058, "cell_area": 17207.258535178378, "cell_perimeter": 488.30318645847035, "code": "770", "name": "Quận 3", "name_en": "District 3", "level": "Quận", "prov_code": "79", "prov_name": "Thành phố Hồ Chí Minh", "region": "Đông Nam Bộ", "pop_2019": 190375.0, "pop_dens": 38852.0, "area": 4.92 }, "geometry": { "type": "Polygon", "coordinates": [ [ [ 106.681207386896361, 10.767775165150539 ], [ 106.681286330289296, 10.768510169341685 ], [ 106.680688246045548, 10.768947355382307 ], [ 106.680011216462745, 10.768649535075808 ], [ 106.679932275313675, 10.767914527699466 ], [ 106.680530361503514, 10.767477343814798 ], [ 106.681207386896361, 10.767775165150539 ] ] ] } },
{ "type": "Feature", "properties": { "h3": "8a65b566375ffff", "resolution": 10, "center_lat": 10.783172221709174, "center_lon": 106.67641041895254, "avg_edge_len": 81.385127183369676, "cell_area": 17207.793130636215, "cell_perimeter": 488.31076310021808, "code": "770", "name": "Quận 3", "name_en": "District 3", "level": "Quận", "prov_code": "79", "prov_name": "Thành phố Hồ Chí Minh", "region": "Đông Nam Bộ", "pop_2019": 190375.0, "pop_dens": 38852.0, "area": 4.92 }, "geometry": { "type": "Polygon", "coordinates": [ [ [ 106.677008552909655, 10.782735014092669 ], [ 106.677087492467365, 10.783470020554612 ], [ 106.676489358983687, 10.783907229539359 ], [ 106.675812283997132, 10.783609429908635 ], [ 106.67573334668387, 10.782874420263123 ], [ 106.676331482112687, 10.782437213431889 ], [ 106.677008552909655, 10.782735014092669 ] ] ] } },
{ "type": "Feature", "properties": { "h3": "8a65b564581ffff", "resolution": 10, "center_lat": 10.78738590837543, "center_lon": 106.66847649295501, "avg_edge_len": 81.388058953104846, "cell_area": 17209.035902664065, "cell_perimeter": 488.32835371862905, "code": "770", "name": "Quận 3", "name_en": "District 3", "level": "Quận", "prov_code": "79", "prov_name": "Thành phố Hồ Chí Minh", "region": "Đông Nam Bộ", "pop_2019": 190375.0, "pop_dens": 38852.0, "area": 4.92 }, "geometry": { "type": "Polygon", "coordinates": [ [ [ 106.669074675269115, 10.786948698014607 ], [ 106.66915360168106, 10.787683722367333 ], [ 106.668555419839066, 10.788120934095357 ], [ 106.66787830964202, 10.787823119318178 ], [ 106.66779938547532, 10.787088091784067 ], [ 106.668397569260392, 10.786650882208502 ], [ 106.669074675269115, 10.786948698014607 ] ] ] } },
{ "type": "Feature", "properties": { "h3": "8a65b56635b7fff", "resolution": 10, "center_lat": 10.784876125888696, "center_lon": 106.69142989789533, "avg_edge_len": 81.379346745252221, "cell_area": 17205.342639140785, "cell_perimeter": 488.2760804715133, "code": "770", "name": "Quận 3", "name_en": "District 3", "level": "Quận", "prov_code": "79", "prov_name": "Thành phố Hồ Chí Minh", "region": "Đông Nam Bộ", "pop_2019": 190375.0, "pop_dens": 38852.0, "area": 4.92 }, "geometry": { "type": "Polygon", "coordinates": [ [ [ 106.692027958229801, 10.784438907197405 ], [ 106.692106925035532, 10.785173874228338 ], [ 106.691508865177042, 10.785611094289377 ], [ 106.690831836563603, 10.785313345165365 ], [ 106.690752872000942, 10.784578374947065 ], [ 106.691350933808621, 10.784141157040121 ], [ 106.692027958229801, 10.784438907197405 ] ] ] } },
{ "type": "Feature", "properties": { "h3": "8a65b566340ffff", "resolution": 10, "center_lat": 10.784401221196363, "center_lon": 106.68557345720626, "avg_edge_len": 81.381597231741068, "cell_area": 17206.296649092808, "cell_perimeter": 488.28958339044641, "code": "770", "name": "Quận 3", "name_en": "District 3", "level": "Quận", "prov_code": "79", "prov_name": "Thành phố Hồ Chí Minh", "region": "Đông Nam Bộ", "pop_2019": 190375.0, "pop_dens": 38852.0, "area": 4.92 }, "geometry": { "type": "Polygon", "coordinates": [ [ [ 106.686171546608904, 10.783964006500858 ], [ 106.686250502838035, 10.784698988804928 ], [ 106.68565241391039, 10.785136204869591 ], [ 106.684975366805944, 10.784838436476319 ], [ 106.684896412820422, 10.784103450986363 ], [ 106.685494503695708, 10.783666237075543 ], [ 106.686171546608904, 10.783964006500858 ] ] ] } },
{ "type": "Feature", "properties": { "h3": "8a65b5663cf7fff", "resolution": 10, "center_lat": 10.778400821715545, "center_lon": 106.68944414692577, "avg_edge_len": 81.380255344599718, "cell_area": 17205.728089107201, "cell_perimeter": 488.28153206759833, "code": "770", "name": "Quận 3", "name_en": "District 3", "level": "Quận", "prov_code": "79", "prov_name": "Thành phố Hồ Chí Minh", "region": "Đông Nam Bộ", "pop_2019": 190375.0, "pop_dens": 38852.0, "area": 4.92 }, "geometry": { "type": "Polygon", "coordinates": [ [ [ 106.690042205392345, 10.777963615032334 ], [ 106.69012116706395, 10.778698590837696 ], [ 106.689523109073036, 10.779135798890774 ], [ 106.688846087461897, 10.778838028983525 ], [ 106.688767128033447, 10.778103049991067 ], [ 106.689365187972953, 10.777665844092935 ], [ 106.690042205392345, 10.777963615032334 ] ] ] } },
{ "type": "Feature", "properties": { "h3": "8a65b56622dffff", "resolution": 10, "center_lat": 10.786941548003316, "center_lon": 106.69294188481301, "avg_edge_len": 81.378720491816054, "cell_area": 17205.077044773847, "cell_perimeter": 488.27232295089635, "code": "770", "name": "Quận 3", "name_en": "District 3", "level": "Quận", "prov_code": "79", "prov_name": "Thành phố Hồ Chí Minh", "region": "Đông Nam Bộ", "pop_2019": 190375.0, "pop_dens": 38852.0, "area": 4.92 }, "geometry": { "type": "Polygon", "coordinates": [ [ [ 106.693539941248702, 10.786504325004222 ], [ 106.693618911261112, 10.787239286980723 ], [ 106.693020855301668, 10.787676511349623 ], [ 106.692343827380171, 10.787378771588127 ], [ 106.692264859610717, 10.786643806423942 ], [ 106.69286291751979, 10.786206584208919 ], [ 106.693539941248702, 10.786504325004222 ] ] ] } },
{ "type": "Feature", "properties": { "h3": "8a65b5663657fff", "resolution": 10, "center_lat": 10.785516658332888, "center_lon": 106.67537201597015, "avg_edge_len": 81.385469546769798, "cell_area": 17207.938169531524, "cell_perimeter": 488.31281728061879, "code": "770", "name": "Quận 3", "name_en": "District 3", "level": "Quận", "prov_code": "79", "prov_name": "Thành phố Hồ Chí Minh", "region": "Đông Nam Bộ", "pop_2019": 190375.0, "pop_dens": 38852.0, "area": 4.92 }, "geometry": { "type": "Polygon", "coordinates": [ [ [ 106.675970159587237, 10.785079447336472 ], [ 106.676049097864095, 10.785814455118304 ], [ 106.675450954720304, 10.786251667482743 ], [ 106.674773871354731, 10.785953869912218 ], [ 106.674694935322449, 10.785218858947159 ], [ 106.675293080411151, 10.784781648735834 ], [ 106.675970159587237, 10.785079447336472 ] ] ] } },
{ "type": "Feature", "properties": { "h3": "8a65b56634affff", "resolution": 10, "center_lat": 10.786466712398585, "center_lon": 106.68708545995736, "avg_edge_len": 81.380971299030378, "cell_area": 17206.031229836866, "cell_perimeter": 488.2858277941823, "code": "770", "name": "Quận 3", "name_en": "District 3", "level": "Quận", "prov_code": "79", "prov_name": "Thành phố Hồ Chí Minh", "region": "Đông Nam Bộ", "pop_2019": 190375.0, "pop_dens": 38852.0, "area": 4.92 }, "geometry": { "type": "Polygon", "coordinates": [ [ [ 106.687683545464381, 10.78602949339578 ], [ 106.687762504900689, 10.786764470647922 ], [ 106.687164419868921, 10.787201691019936 ], [ 106.686487373452778, 10.786903931986167 ], [ 106.686408416259965, 10.786168951547827 ], [ 106.687006503239786, 10.785731733329435 ], [ 106.687683545464381, 10.78602949339578 ] ] ] } },
{ "type": "Feature", "properties": { "h3": "8a65b566310ffff", "resolution": 10, "center_lat": 10.774687982035212, "center_lon": 106.68259492286968, "avg_edge_len": 81.382958783294939, "cell_area": 17206.87429224886, "cell_perimeter": 488.2977526997696, "code": "770", "name": "Quận 3", "name_en": "District 3", "level": "Quận", "prov_code": "79", "prov_name": "Thành phố Hồ Chí Minh", "region": "Đông Nam Bộ", "pop_2019": 190375.0, "pop_dens": 38852.0, "area": 4.92 }, "geometry": { "type": "Polygon", "coordinates": [ [ [ 106.683193009462641, 10.774250785348697 ], [ 106.683271957990002, 10.77498578080008 ], [ 106.682673871871515, 10.775422978855921 ], [ 106.681996835278952, 10.775125179305249 ], [ 106.681917888995343, 10.774390180668398 ], [ 106.682515977060518, 10.773952984767666 ], [ 106.683193009462641, 10.774250785348697 ] ] ] } },
{ "type": "Feature", "properties": { "h3": "8a65b5663b9ffff", "resolution": 10, "center_lat": 10.771728932703349, "center_lon": 106.67905184872508, "avg_edge_len": 81.384380014480158, "cell_area": 17207.476948523894, "cell_perimeter": 488.30628008688097, "code": "770", "name": "Quận 3", "name_en": "District 3", "level": "Quận", "prov_code": "79", "prov_name": "Thành phố Hồ Chí Minh", "region": "Đông Nam Bộ", "pop_2019": 190375.0, "pop_dens": 38852.0, "area": 4.92 }, "geometry": { "type": "Polygon", "coordinates": [ [ [ 106.679649947933058, 10.771291742941582 ], [ 106.679728889405467, 10.772026749135696 ], [ 106.679130790671366, 10.772463940266562 ], [ 106.678453748519104, 10.772166123047942 ], [ 106.67837480929073, 10.771431113669161 ], [ 106.678972909970554, 10.770993924693645 ], [ 106.679649947933058, 10.771291742941582 ] ] ] } },
{ "type": "Feature", "properties": { "h3": "8a65b566389ffff", "resolution": 10, "center_lat": 10.773236992614882, "center_lon": 106.68566426233301, "avg_edge_len": 81.38181851370922, "cell_area": 17206.390978435054, "cell_perimeter": 488.29091108225532, "code": "770", "name": "Quận 3", "name_en": "District 3", "level": "Quận", "prov_code": "79", "prov_name": "Thành phố Hồ Chí Minh", "region": "Đông Nam Bộ", "pop_2019": 190375.0, "pop_dens": 38852.0, "area": 4.92 }, "geometry": { "type": "Polygon", "coordinates": [ [ [ 106.686262330539719, 10.772799796707337 ], [ 106.686341284194128, 10.77353478512064 ], [ 106.685743216462399, 10.773971982397908 ], [ 106.685066193128733, 10.773674189106348 ], [ 106.684987241717778, 10.772939197506728 ], [ 106.685585311397006, 10.772502002384963 ], [ 106.686262330539719, 10.772799796707337 ] ] ] } },
{ "type": "Feature", "properties": { "h3": "8a65b56636f7fff", "resolution": 10, "center_lat": 10.787582258847017, "center_lon": 106.67688405534707, "avg_edge_len": 81.384844026699525, "cell_area": 17207.672909788787, "cell_perimeter": 488.30906416019718, "code": "770", "name": "Quận 3", "name_en": "District 3", "level": "Quận", "prov_code": "79", "prov_name": "Thành phố Hồ Chí Minh", "region": "Đông Nam Bộ", "pop_2019": 190375.0, "pop_dens": 38852.0, "area": 4.92 }, "geometry": { "type": "Polygon", "coordinates": [ [ [ 106.677482195073935, 10.787145043544765 ], [ 106.677561136558865, 10.787880046277172 ], [ 106.676962997305523, 10.788317262947503 ], [ 106.676285914621886, 10.788019474732513 ], [ 106.676206975381405, 10.787284468816569 ], [ 106.676805116580098, 10.786847254299133 ], [ 106.677482195073935, 10.787145043544765 ] ] ] } },
{ "type": "Feature", "properties": { "h3": "8a65b566354ffff", "resolution": 10, "center_lat": 10.781163502728178, "center_lon": 106.68458059865451, "avg_edge_len": 81.382051497629419, "cell_area": 17206.489374982193, "cell_perimeter": 488.29230898577651, "code": "770", "name": "Quận 3", "name_en": "District 3", "level": "Quận", "prov_code": "79", "prov_name": "Thành phố Hồ Chí Minh", "region": "Đông Nam Bộ", "pop_2019": 190375.0, "pop_dens": 38852.0, "area": 4.92 }, "geometry": { "type": "Polygon", "coordinates": [ [ [ 106.685178687120981, 10.7807262940338 ], [ 106.685257640782851, 10.781461280725329 ], [ 106.684659552791189, 10.781898490788921 ], [ 106.683982509190329, 10.781600712006696 ], [ 106.683903557772126, 10.780865722129418 ], [ 106.684501647711102, 10.780428514220095 ], [ 106.685178687120981, 10.7807262940338 ] ] ] } },
{ "type": "Feature", "properties": { "h3": "8a65b566345ffff", "resolution": 10, "center_lat": 10.784680105136328, "center_lon": 106.68302316475928, "avg_edge_len": 81.382565632354272, "cell_area": 17206.707150841132, "cell_perimeter": 488.29539379412563, "code": "770", "name": "Quận 3", "name_en": "District 3", "level": "Quận", "prov_code": "79", "prov_name": "Thành phố Hồ Chí Minh", "region": "Đông Nam Bộ", "pop_2019": 190375.0, "pop_dens": 38852.0, "area": 4.92 }, "geometry": { "type": "Polygon", "coordinates": [ [ [ 106.683621267718507, 10.784242891363636 ], [ 106.683700219460306, 10.784977880039142 ], [ 106.683102116975633, 10.785415095180706 ], [ 106.682425060802203, 10.785117319493084 ], [ 106.68234611130427, 10.784382327632354 ], [ 106.682944215735887, 10.783945114644451 ], [ 106.683621267718507, 10.784242891363636 ] ] ] } },
{ "type": "Feature", "properties": { "h3": "8a65b5663c8ffff", "resolution": 10, "center_lat": 10.779433565936975, "center_lon": 106.69020012762009, "avg_edge_len": 81.379942539059712, "cell_area": 17205.595392400399, "cell_perimeter": 488.2796552343583, "code": "770", "name": "Quận 3", "name_en": "District 3", "level": "Quận", "prov_code": "79", "prov_name": "Thành phố Hồ Chí Minh", "region": "Đông Nam Bộ", "pop_2019": 190375.0, "pop_dens": 38852.0, "area": 4.92 }, "geometry": { "type": "Polygon", "coordinates": [ [ [ 106.690798184137961, 10.778996357098958 ], [ 106.690877147412948, 10.779731330380853 ], [ 106.69027909137084, 10.780168540588763 ], [ 106.689602070104911, 10.779870775359921 ], [ 106.689523109073036, 10.779135798890774 ], [ 106.69012116706395, 10.778698590837696 ], [ 106.690798184137961, 10.778996357098958 ] ] ] } },
{ "type": "Feature", "properties": { "h3": "8a65b5663607fff", "resolution": 10, "center_lat": 10.785237823707149, "center_lon": 106.67792244413232, "avg_edge_len": 81.384501789765807, "cell_area": 17207.527952633798, "cell_perimeter": 488.30701073859484, "code": "770", "name": "Quận 3", "name_en": "District 3", "level": "Quận", "prov_code": "79", "prov_name": "Thành phố Hồ Chí Minh", "region": "Đông Nam Bộ", "pop_2019": 190375.0, "pop_dens": 38852.0, "area": 4.92 }, "geometry": { "type": "Polygon", "coordinates": [ [ [ 106.678520574198771, 10.784800611784004 ], [ 106.678599516964425, 10.785535613198389 ], [ 106.678001387371694, 10.785972826489841 ], [ 106.6773243130677, 10.785675036213592 ], [ 106.677245372546381, 10.784940031615315 ], [ 106.677843504084706, 10.784502820477156 ], [ 106.678520574198771, 10.784800611784004 ] ] ] } },
{ "type": "Feature", "properties": { "h3": "8a65b5663797fff", "resolution": 10, "center_lat": 10.787024518504371, "center_lon": 106.6819848481408, "avg_edge_len": 81.382908092163277, "cell_area": 17206.852232750505, "cell_perimeter": 488.29744855297963, "code": "770", "name": "Quận 3", "name_en": "District 3", "level": "Quận", "prov_code": "79", "prov_name": "Thành phố Hồ Chí Minh", "region": "Đông Nam Bộ", "pop_2019": 190375.0, "pop_dens": 38852.0, "area": 4.92 }, "geometry": { "type": "Polygon", "coordinates": [ [ [ 106.682582960761735, 10.786587301349234 ], [ 106.682661911223306, 10.787322291344168 ], [ 106.682063799076786, 10.787759509867948 ], [ 106.681386734521951, 10.78746173624352 ], [ 106.681307786304359, 10.786726743063719 ], [ 106.681905900397567, 10.786289526693196 ], [ 106.682582960761735, 10.786587301349234 ] ] ] } },
{ "type": "Feature", "properties": { "h3": "8a65b5662277fff", "resolution": 10, "center_lat": 10.782392289443051, "center_lon": 106.69374314089124, "avg_edge_len": 81.378519200895255, "cell_area": 17204.991942938417, "cell_perimeter": 488.27111520537153, "code": "770", "name": "Quận 3", "name_en": "District 3", "level": "Quận", "prov_code": "79", "prov_name": "Thành phố Hồ Chí Minh", "region": "Đông Nam Bộ", "pop_2019": 190375.0, "pop_dens": 38852.0, "area": 4.92 }, "geometry": { "type": "Polygon", "coordinates": [ [ [ 106.694341184780157, 10.781955073682418 ], [ 106.694420155107949, 10.782690036202114 ], [ 106.693822111695425, 10.783127253332863 ], [ 106.693145096005296, 10.782829505789307 ], [ 106.693066127920332, 10.782094540081554 ], [ 106.693664173282642, 10.781657325105396 ], [ 106.694341184780157, 10.781955073682418 ] ] ] } },
{ "type": "Feature", "properties": { "h3": "8a65b5645857fff", "resolution": 10, "center_lat": 10.786492450016038, "center_lon": 106.6664451613489, "avg_edge_len": 81.388855005368683, "cell_area": 17209.373408988118, "cell_perimeter": 488.33313003221213, "code": "770", "name": "Quận 3", "name_en": "District 3", "level": "Quận", "prov_code": "79", "prov_name": "Thành phố Hồ Chí Minh", "region": "Đông Nam Bộ", "pop_2019": 190375.0, "pop_dens": 38852.0, "area": 4.92 }, "geometry": { "type": "Polygon", "coordinates": [ [ [ 106.667043352377561, 10.786055242273452 ], [ 106.667122274939814, 10.786790272330865 ], [ 106.666524084382942, 10.787227481440484 ], [ 106.665846969321265, 10.786929658340187 ], [ 106.665768049004456, 10.786194625101878 ], [ 106.666366241503823, 10.785757418144737 ], [ 106.667043352377561, 10.786055242273452 ] ] ] } },
{ "type": "Feature", "properties": { "h3": "8a65b56637affff", "resolution": 10, "center_lat": 10.784958972640775, "center_lon": 106.680472827065, "avg_edge_len": 81.383533818039055, "cell_area": 17207.117577692494, "cell_perimeter": 488.30120290823436, "code": "770", "name": "Quận 3", "name_en": "District 3", "level": "Quận", "prov_code": "79", "prov_name": "Thành phố Hồ Chí Minh", "region": "Đông Nam Bộ", "pop_2019": 190375.0, "pop_dens": 38852.0, "area": 4.92 }, "geometry": { "type": "Polygon", "coordinates": [ [ [ 106.681070943578831, 10.784521759792204 ], [ 106.681149890832799, 10.785256754837816 ], [ 106.680551774793102, 10.785693969054975 ], [ 106.679874709553161, 10.785396186073024 ], [ 106.6797957645433, 10.784661187842861 ], [ 106.680393882529245, 10.784223975779176 ], [ 106.681070943578831, 10.784521759792204 ] ] ] } },
{ "type": "Feature", "properties": { "h3": "8a65b5663447fff", "resolution": 10, "center_lat": 10.783507901979823, "center_lon": 106.68354231486201, "avg_edge_len": 81.382394313000461, "cell_area": 17206.63462606445, "cell_perimeter": 488.29436587800274, "code": "770", "name": "Quận 3", "name_en": "District 3", "level": "Quận", "prov_code": "79", "prov_name": "Thành phố Hồ Chí Minh", "region": "Đông Nam Bộ", "pop_2019": 190375.0, "pop_dens": 38852.0, "area": 4.92 }, "geometry": { "type": "Polygon", "coordinates": [ [ [ 106.684140412990359, 10.783070689899283 ], [ 106.684219365372201, 10.783805677914112 ], [ 106.683621267718507, 10.784242891363636 ], [ 106.682944215735887, 10.783945114644451 ], [ 106.682865265597826, 10.783210123444233 ], [ 106.683463365198591, 10.78277291214857 ], [ 106.684140412990359, 10.783070689899283 ] ] ] } },
{ "type": "Feature", "properties": { "h3": "8a65b5661497fff", "resolution": 10, "center_lat": 10.765867973063418, "center_lon": 106.68164757712945, "avg_edge_len": 81.38352037662078, "cell_area": 17207.112744025886, "cell_perimeter": 488.30112225972465, "code": "770", "name": "Quận 3", "name_en": "District 3", "level": "Quận", "prov_code": "79", "prov_name": "Thành phố Hồ Chí Minh", "region": "Đông Nam Bộ", "pop_2019": 190375.0, "pop_dens": 38852.0, "area": 4.92 }, "geometry": { "type": "Polygon", "coordinates": [ [ [ 106.68224565218712, 10.765430791789054 ], [ 106.682324596860241, 10.766165794641667 ], [ 106.68172652227689, 10.7666029772857 ], [ 106.681049501074042, 10.76630515492074 ], [ 106.680970558644631, 10.765570148882581 ], [ 106.68156863517433, 10.765132968394905 ], [ 106.68224565218712, 10.765430791789054 ] ] ] } },
{ "type": "Feature", "properties": { "h3": "8a65b566329ffff", "resolution": 10, "center_lat": 10.782418203556066, "center_lon": 106.6731039663801, "avg_edge_len": 81.386407395727275, "cell_area": 17208.335951957852, "cell_perimeter": 488.31844437436365, "code": "770", "name": "Quận 3", "name_en": "District 3", "level": "Quận", "prov_code": "79", "prov_name": "Thành phố Hồ Chí Minh", "region": "Đông Nam Bộ", "pop_2019": 190375.0, "pop_dens": 38852.0, "area": 4.92 }, "geometry": { "type": "Polygon", "coordinates": [ [ [ 106.673702115830821, 10.781980999019234 ], [ 106.673781049295414, 10.782716014370516 ], [ 106.67318290031757, 10.783153220275283 ], [ 106.67250581593089, 10.782855408675303 ], [ 106.672426884711058, 10.782120390141271 ], [ 106.673025035633131, 10.781683186389946 ], [ 106.673702115830821, 10.781980999019234 ] ] ] } },
{ "type": "Feature", "properties": { "h3": "8a65b5663b87fff", "resolution": 10, "center_lat": 10.770556736045267, "center_lon": 106.67957100534647, "avg_edge_len": 81.384208205407234, "cell_area": 17207.40413582325, "cell_perimeter": 488.30524923244337, "code": "770", "name": "Quận 3", "name_en": "District 3", "level": "Quận", "prov_code": "79", "prov_name": "Thành phố Hồ Chí Minh", "region": "Đông Nam Bộ", "pop_2019": 190375.0, "pop_dens": 38852.0, "area": 4.92 }, "geometry": { "type": "Polygon", "coordinates": [ [ [ 106.680169099724452, 10.770119547979744 ], [ 106.680248041837061, 10.770854553506847 ], [ 106.679649947933058, 10.771291742941582 ], [ 106.678972909970554, 10.770993924693645 ], [ 106.67889397010191, 10.770258915981696 ], [ 106.679492065951777, 10.76982172870251 ], [ 106.680169099724452, 10.770119547979744 ] ] ] } },
{ "type": "Feature", "properties": { "h3": "8a65b56630f7fff", "resolution": 10, "center_lat": 10.779376776999822, "center_lon": 106.68051832035941, "avg_edge_len": 81.383645157630454, "cell_area": 17207.165066929534, "cell_perimeter": 488.3018709457827, "code": "770", "name": "Quận 3", "name_en": "District 3", "level": "Quận", "prov_code": "79", "prov_name": "Thành phố Hồ Chí Minh", "region": "Đông Nam Bộ", "pop_2019": 190375.0, "pop_dens": 38852.0, "area": 4.92 }, "geometry": { "type": "Polygon", "coordinates": [ [ [ 106.681116426274215, 10.778939573535277 ], [ 106.681195372241106, 10.779674571643332 ], [ 106.680597266800447, 10.780111776476746 ], [ 106.679920213446636, 10.779813981047782 ], [ 106.679841269723752, 10.779078979754958 ], [ 106.680439377110616, 10.778641777075851 ], [ 106.681116426274215, 10.778939573535277 ] ] ] } },
{ "type": "Feature", "properties": { "h3": "8a65b56458f7fff", "resolution": 10, "center_lat": 10.788558146142501, "center_lon": 106.66795723269583, "avg_edge_len": 81.388229847324951, "cell_area": 17209.108257563785, "cell_perimeter": 488.32937908394973, "code": "770", "name": "Quận 3", "name_en": "District 3", "level": "Quận", "prov_code": "79", "prov_name": "Thành phố Hồ Chí Minh", "region": "Đông Nam Bộ", "pop_2019": 190375.0, "pop_dens": 38852.0, "area": 4.92 }, "geometry": { "type": "Polygon", "coordinates": [ [ [ 106.668555419839066, 10.788120934095357 ], [ 106.668634345610187, 10.788855959105538 ], [ 106.668036158938975, 10.789293172519768 ], [ 106.667359044553677, 10.788995358771544 ], [ 106.667280121027872, 10.788260330580158 ], [ 106.66787830964202, 10.787823119318178 ], [ 106.668555419839066, 10.788120934095357 ] ] ] } },
{ "type": "Feature", "properties": { "h3": "8a65b566368ffff", "resolution": 10, "center_lat": 10.788615048299537, "center_lon": 106.67764007692975, "avg_edge_len": 81.384531181128892, "cell_area": 17207.540274681523, "cell_perimeter": 488.30718708677335, "code": "770", "name": "Quận 3", "name_en": "District 3", "level": "Quận", "prov_code": "79", "prov_name": "Thành phố Hồ Chí Minh", "region": "Đông Nam Bộ", "pop_2019": 190375.0, "pop_dens": 38852.0, "area": 4.92 }, "geometry": { "type": "Polygon", "coordinates": [ [ [ 106.678238214711229, 10.788177830844528 ], [ 106.678317157800166, 10.788912831051283 ], [ 106.677719020492361, 10.7893500498744 ], [ 106.677041938150026, 10.789052266337954 ], [ 106.676962997305523, 10.788317262947503 ], [ 106.677561136558865, 10.787880046277172 ], [ 106.678238214711229, 10.788177830844528 ] ] ] } },
{ "type": "Feature", "properties": { "h3": "8a65b5645d67fff", "resolution": 10, "center_lat": 10.789033330879354, "center_lon": 106.67381437046819, "avg_edge_len": 81.385982646579023, "cell_area": 17208.155583584681, "cell_perimeter": 488.31589587947411, "code": "770", "name": "Quận 3", "name_en": "District 3", "level": "Quận", "prov_code": "79", "prov_name": "Thành phố Hồ Chí Minh", "region": "Đông Nam Bộ", "pop_2019": 190375.0, "pop_dens": 38852.0, "area": 4.92 }, "geometry": { "type": "Polygon", "coordinates": [ [ [ 106.674412528574948, 10.788596114817707 ], [ 106.674491464930298, 10.789331124574545 ], [ 106.673893307296552, 10.789768342003875 ], [ 106.673216211362913, 10.789470547523832 ], [ 106.673137277252337, 10.788735534584296 ], [ 106.673735436830611, 10.788298319307479 ], [ 106.674412528574948, 10.788596114817707 ] ] ] } },
{ "type": "Feature", "properties": { "h3": "8a65b56634e7fff", "resolution": 10, "center_lat": 10.785573421257464, "center_lon": 106.68505431967654, "avg_edge_len": 81.381768546969923, "cell_area": 17206.369213858619, "cell_perimeter": 488.29061128181951, "code": "770", "name": "Quận 3", "name_en": "District 3", "level": "Quận", "prov_code": "79", "prov_name": "Thành phố Hồ Chí Minh", "region": "Đông Nam Bộ", "pop_2019": 190375.0, "pop_dens": 38852.0, "area": 4.92 }, "geometry": { "type": "Polygon", "coordinates": [ [ [ 106.68565241391039, 10.785136204869591 ], [ 106.68573136949955, 10.785871187834049 ], [ 106.685133275740654, 10.786308405590967 ], [ 106.684456224445029, 10.786010638229762 ], [ 106.684377271099535, 10.785275652079591 ], [ 106.684975366805944, 10.784838436476319 ], [ 106.68565241391039, 10.785136204869591 ] ] ] } },
{ "type": "Feature", "properties": { "h3": "8a65b5663ca7fff", "resolution": 10, "center_lat": 10.778121940402183, "center_lon": 106.69199428125098, "avg_edge_len": 81.379286343926097, "cell_area": 17205.317328181118, "cell_perimeter": 488.27571806355655, "code": "770", "name": "Quận 3", "name_en": "District 3", "level": "Quận", "prov_code": "79", "prov_name": "Thành phố Hồ Chí Minh", "region": "Đông Nam Bộ", "pop_2019": 190375.0, "pop_dens": 38852.0, "area": 4.92 }, "geometry": { "type": "Polygon", "coordinates": [ [ [ 106.692592326156458, 10.777684732802289 ], [ 106.692671292314017, 10.778419702232458 ], [ 106.692073247884622, 10.778856911202503 ], [ 106.691396235348378, 10.778559148587233 ], [ 106.691317271433718, 10.777824175969302 ], [ 106.691915317812374, 10.77738696915438 ], [ 106.692592326156458, 10.777684732802289 ] ] ] } },
{ "type": "Feature", "properties": { "h3": "8a65b5644b17fff", "resolution": 10, "center_lat": 10.791016051066645, "center_lon": 106.68628406618187, "avg_edge_len": 81.381171730164127, "cell_area": 17206.11600651592, "cell_perimeter": 488.28703038098479, "code": "770", "name": "Quận 3", "name_en": "District 3", "level": "Quận", "prov_code": "79", "prov_name": "Thành phố Hồ Chí Minh", "region": "Đông Nam Bộ", "pop_2019": 190375.0, "pop_dens": 38852.0, "area": 4.92 }, "geometry": { "type": "Polygon", "coordinates": [ [ [ 106.686882164235271, 10.790578824836929 ], [ 106.686961123355488, 10.79131380153718 ], [ 106.686363025777183, 10.791751029135796 ], [ 106.685685967130766, 10.791453277881233 ], [ 106.685607010254202, 10.790718297995157 ], [ 106.686205109780374, 10.790281072549448 ], [ 106.686882164235271, 10.790578824836929 ] ] ] } },
{ "type": "Feature", "properties": { "h3": "8a65b564496ffff", "resolution": 10, "center_lat": 10.787220505814036, "center_lon": 106.69039169665434, "avg_edge_len": 81.379689476125876, "cell_area": 17205.487796600908, "cell_perimeter": 488.27813685675528, "code": "770", "name": "Quận 3", "name_en": "District 3", "level": "Quận", "prov_code": "79", "prov_name": "Thành phố Hồ Chí Minh", "region": "Đông Nam Bộ", "pop_2019": 190375.0, "pop_dens": 38852.0, "area": 4.92 }, "geometry": { "type": "Polygon", "coordinates": [ [ [ 106.690989766652621, 10.786783283735694 ], [ 106.691068732179005, 10.787518252087226 ], [ 106.690470662656551, 10.787955475535092 ], [ 106.689793625658737, 10.78765772847771 ], [ 106.689714662375565, 10.786922756939155 ], [ 106.690312733846966, 10.786485535644985 ], [ 106.690989766652621, 10.786783283735694 ] ] ] } },
{ "type": "Feature", "properties": { "h3": "8a65b5663197fff", "resolution": 10, "center_lat": 10.778819112900102, "center_lon": 106.68561886056303, "avg_edge_len": 81.381708443324797, "cell_area": 17206.344054574147, "cell_perimeter": 488.29025065994875, "code": "770", "name": "Quận 3", "name_en": "District 3", "level": "Quận", "prov_code": "79", "prov_name": "Thành phố Hồ Chí Minh", "region": "Đông Nam Bộ", "pop_2019": 190375.0, "pop_dens": 38852.0, "area": 4.92 }, "geometry": { "type": "Polygon", "coordinates": [ [ [ 106.686216939367512, 10.77838190759436 ], [ 106.686295894309254, 10.779116892960014 ], [ 106.685697815979765, 10.779554099635192 ], [ 106.685020780760922, 10.779256318790027 ], [ 106.684941828062691, 10.778521330238277 ], [ 106.685539908339763, 10.778084125717768 ], [ 106.686216939367512, 10.77838190759436 ] ] ] } },
{ "type": "Feature", "properties": { "h3": "8a65b56638d7fff", "resolution": 10, "center_lat": 10.772343598714466, "center_lon": 106.68363319130104, "avg_edge_len": 81.382615240036017, "cell_area": 17206.72876608558, "cell_perimeter": 488.2956914402161, "code": "770", "name": "Quận 3", "name_en": "District 3", "level": "Quận", "prov_code": "79", "prov_name": "Thành phố Hồ Chí Minh", "region": "Đông Nam Bộ", "pop_2019": 190375.0, "pop_dens": 38852.0, "area": 4.92 }, "geometry": { "type": "Polygon", "coordinates": [ [ [ 106.684231268232892, 10.771906405420678 ], [ 106.684310218040309, 10.772641399539854 ], [ 106.683712141583101, 10.773078594203195 ], [ 106.683035113371503, 10.772780792591828 ], [ 106.682956165807724, 10.772045795286825 ], [ 106.683554244211891, 10.771608602778999 ], [ 106.684231268232892, 10.771906405420678 ] ] ] } },
{ "type": "Feature", "properties": { "h3": "8a65b5645997fff", "resolution": 10, "center_lat": 10.788000520934622, "center_lon": 106.67305834202828, "avg_edge_len": 81.386295415112471, "cell_area": 17208.288191171363, "cell_perimeter": 488.31777249067483, "code": "770", "name": "Quận 3", "name_en": "District 3", "level": "Quận", "prov_code": "79", "prov_name": "Thành phố Hồ Chí Minh", "region": "Đông Nam Bộ", "pop_2019": 190375.0, "pop_dens": 38852.0, "area": 4.92 }, "geometry": { "type": "Polygon", "coordinates": [ [ [ 106.673656502079439, 10.787563307025456 ], [ 106.673735436830611, 10.788298319307479 ], [ 106.673137277252337, 10.788735534584296 ], [ 106.672460180978575, 10.788437735426458 ], [ 106.672381248472234, 10.787702719961898 ], [ 106.672979409994809, 10.787265506837697 ], [ 106.673656502079439, 10.787563307025456 ] ] ] } },
{ "type": "Feature", "properties": { "h3": "8a65b566372ffff", "resolution": 10, "center_lat": 10.781721188623459, "center_lon": 106.67947998628048, "avg_edge_len": 81.383987988647846, "cell_area": 17207.310289690271, "cell_perimeter": 488.30392793188707, "code": "770", "name": "Quận 3", "name_en": "District 3", "level": "Quận", "prov_code": "79", "prov_name": "Thành phố Hồ Chí Minh", "region": "Đông Nam Bộ", "pop_2019": 190375.0, "pop_dens": 38852.0, "area": 4.92 }, "geometry": { "type": "Polygon", "coordinates": [ [ [ 106.680078101856026, 10.781283981773619 ], [ 106.680157046542519, 10.782018981206139 ], [ 106.679558931440951, 10.782456189424627 ], [ 106.678881869706885, 10.782158396056673 ], [ 106.678802927264528, 10.781423393439733 ], [ 106.679401044312044, 10.780986187375147 ], [ 106.680078101856026, 10.781283981773619 ] ] ] } },
{ "type": "Feature", "properties": { "h3": "8a65b566220ffff", "resolution": 10, "center_lat": 10.783424998013775, "center_lon": 106.69449912431971, "avg_edge_len": 81.378206139590944, "cell_area": 17204.859185965732, "cell_perimeter": 488.26923683754569, "code": "770", "name": "Quận 3", "name_en": "District 3", "level": "Quận", "prov_code": "79", "prov_name": "Thành phố Hồ Chí Minh", "region": "Đông Nam Bộ", "pop_2019": 190375.0, "pop_dens": 38852.0, "area": 4.92 }, "geometry": { "type": "Polygon", "coordinates": [ [ [ 106.695097166258719, 10.782987780098692 ], [ 106.695176138189737, 10.783722740092264 ], [ 106.694578096727227, 10.784159959377494 ], [ 106.693901081383657, 10.783862216514647 ], [ 106.693822111695425, 10.783127253332863 ], [ 106.694420155107949, 10.782690036202114 ], [ 106.695097166258719, 10.782987780098692 ] ] ] } },
{ "type": "Feature", "properties": { "h3": "8a65b5663587fff", "resolution": 10, "center_lat": 10.785015593178324, "center_lon": 106.69015480488561, "avg_edge_len": 81.379831213395292, "cell_area": 17205.547983394936, "cell_perimeter": 488.27898728037178, "code": "770", "name": "Quận 3", "name_en": "District 3", "level": "Quận", "prov_code": "79", "prov_name": "Thành phố Hồ Chí Minh", "region": "Đông Nam Bộ", "pop_2019": 190375.0, "pop_dens": 38852.0, "area": 4.92 }, "geometry": { "type": "Polygon", "coordinates": [ [ [ 106.690752872000942, 10.784578374947065 ], [ 106.690831836563603, 10.785313345165365 ], [ 106.690233769924035, 10.785750564766236 ], [ 106.689556736772914, 10.785452811994773 ], [ 106.689477774453451, 10.784717838589433 ], [ 106.690075843041868, 10.784280621142569 ], [ 106.690752872000942, 10.784578374947065 ] ] ] } },
{ "type": "Feature", "properties": { "h3": "8a65b5663567fff", "resolution": 10, "center_lat": 10.77985187761948, "center_lon": 106.686374848136, "avg_edge_len": 81.381395715145871, "cell_area": 17206.211450712755, "cell_perimeter": 488.28837429087525, "code": "770", "name": "Quận 3", "name_en": "District 3", "level": "Quận", "prov_code": "79", "prov_name": "Thành phố Hồ Chí Minh", "region": "Đông Nam Bộ", "pop_2019": 190375.0, "pop_dens": 38852.0, "area": 4.92 }, "geometry": { "type": "Polygon", "coordinates": [ [ [ 106.686972924992816, 10.779414670159213 ], [ 106.68705188153811, 10.780149653001867 ], [ 106.686453805156404, 10.780586861831605 ], [ 106.685776770281578, 10.780289085664103 ], [ 106.685697815979765, 10.779554099635192 ], [ 106.686295894309254, 10.779116892960014 ], [ 106.686972924992816, 10.779414670159213 ] ] ] } },
{ "type": "Feature", "properties": { "h3": "8a65b5663cc7fff", "resolution": 10, "center_lat": 10.778540256215454, "center_lon": 106.68816906278708, "avg_edge_len": 81.380739764985464, "cell_area": 17205.933445390314, "cell_perimeter": 488.28443858991278, "code": "770", "name": "Quận 3", "name_en": "District 3", "level": "Quận", "prov_code": "79", "prov_name": "Thành phố Hồ Chí Minh", "region": "Đông Nam Bộ", "pop_2019": 190375.0, "pop_dens": 38852.0, "area": 4.92 }, "geometry": { "type": "Polygon", "coordinates": [ [ [ 106.688767128033447, 10.778103049991067 ], [ 106.688846087461897, 10.778838028983525 ], [ 106.688248022690956, 10.779275236577634 ], [ 106.687570996543286, 10.778977463024408 ], [ 106.687492039358133, 10.778242480845185 ], [ 106.688090106077325, 10.77780527540593 ], [ 106.688767128033447, 10.778103049991067 ] ] ] } },
{ "type": "Feature", "properties": { "h3": "8a65b5644867fff", "resolution": 10, "center_lat": 10.789564895149226, "center_lon": 106.68935347352686, "avg_edge_len": 81.38003196953629, "cell_area": 17205.632860269397, "cell_perimeter": 488.28019181721777, "code": "770", "name": "Quận 3", "name_en": "District 3", "level": "Quận", "prov_code": "79", "prov_name": "Thành phố Hồ Chí Minh", "region": "Đông Nam Bộ", "pop_2019": 190375.0, "pop_dens": 38852.0, "area": 4.92 }, "geometry": { "type": "Polygon", "coordinates": [ [ [ 106.68995155318882, 10.789127669686309 ], [ 106.690030517435716, 10.789862639355865 ], [ 106.689432438249412, 10.79029986618808 ], [ 106.688755392867478, 10.790002121197428 ], [ 106.688676430863907, 10.789267148341203 ], [ 106.689274511998903, 10.788829923662277 ], [ 106.68995155318882, 10.789127669686309 ] ] ] } },
{ "type": "Feature", "properties": { "h3": "8a65b5663b1ffff", "resolution": 10, "center_lat": 10.768491069901208, "center_lon": 106.67805905415386, "avg_edge_len": 81.384832572630742, "cell_area": 17207.668957224116, "cell_perimeter": 488.30899543578448, "code": "770", "name": "Quận 3", "name_en": "District 3", "level": "Quận", "prov_code": "79", "prov_name": "Thành phố Hồ Chí Minh", "region": "Đông Nam Bộ", "pop_2019": 190375.0, "pop_dens": 38852.0, "area": 4.92 }, "geometry": { "type": "Polygon", "coordinates": [ [ [ 106.678657152423057, 10.76805388614684 ], [ 106.678736091328176, 10.768788896708049 ], [ 106.678137993532701, 10.769226081831567 ], [ 106.677460954886641, 10.768928254238087 ], [ 106.677382018225629, 10.768193240492344 ], [ 106.677980117966527, 10.767756057524597 ], [ 106.678657152423057, 10.76805388614684 ] ] ] } },
{ "type": "Feature", "properties": { "h3": "8a65b566308ffff", "resolution": 10, "center_lat": 10.780409569045061, "center_lon": 106.68127431709358, "avg_edge_len": 81.38333253261851, "cell_area": 17207.032486200333, "cell_perimeter": 488.29999519571106, "code": "770", "name": "Quận 3", "name_en": "District 3", "level": "Quận", "prov_code": "79", "prov_name": "Thành phố Hồ Chí Minh", "region": "Đông Nam Bộ", "pop_2019": 190375.0, "pop_dens": 38852.0, "area": 4.92 }, "geometry": { "type": "Polygon", "coordinates": [ [ [ 106.68187242106211, 10.779972363426353 ], [ 106.681951368632781, 10.780707359012039 ], [ 106.68135326513854, 10.781144565999647 ], [ 106.680676212127167, 10.780846775247355 ], [ 106.680597266800447, 10.780111776476746 ], [ 106.681195372241106, 10.779674571643332 ], [ 106.68187242106211, 10.779972363426353 ] ] ] } },
{ "type": "Feature", "properties": { "h3": "8a65b566370ffff", "resolution": 10, "center_lat": 10.782893397966186, "center_lon": 106.67896081103505, "avg_edge_len": 81.384159315310271, "cell_area": 17207.382901197299, "cell_perimeter": 488.3049558918616, "code": "770", "name": "Quận 3", "name_en": "District 3", "level": "Quận", "prov_code": "79", "prov_name": "Thành phố Hồ Chí Minh", "region": "Đông Nam Bộ", "pop_2019": 190375.0, "pop_dens": 38852.0, "area": 4.92 }, "geometry": { "type": "Polygon", "coordinates": [ [ [ 106.679558931440951, 10.782456189424627 ], [ 106.679637875487188, 10.783191189518414 ], [ 106.679039755555195, 10.783628399428508 ], [ 106.678362689631086, 10.783330607091095 ], [ 106.678283747829056, 10.782595603813068 ], [ 106.678881869706885, 10.782158396056673 ], [ 106.679558931440951, 10.782456189424627 ] ] ] } },
{ "type": "Feature", "properties": { "h3": "8a65b5663627fff", "resolution": 10, "center_lat": 10.784065609661171, "center_lon": 106.67844163031903, "avg_edge_len": 81.384330582261342, "cell_area": 17207.455386295915, "cell_perimeter": 488.30598349356802, "code": "770", "name": "Quận 3", "name_en": "District 3", "level": "Quận", "prov_code": "79", "prov_name": "Thành phố Hồ Chí Minh", "region": "Đông Nam Bộ", "pop_2019": 190375.0, "pop_dens": 38852.0, "area": 4.92 }, "geometry": { "type": "Polygon", "coordinates": [ [ [ 106.679039755555195, 10.783628399428508 ], [ 106.679118698961162, 10.784363400182921 ], [ 106.678520574198771, 10.784800611784004 ], [ 106.677843504084706, 10.784502820477156 ], [ 106.677764562923002, 10.783767816538681 ], [ 106.678362689631086, 10.783330607091095 ], [ 106.679039755555195, 10.783628399428508 ] ] ] } },
{ "type": "Feature", "properties": { "h3": "8a65b56638b7fff", "resolution": 10, "center_lat": 10.77192540587566, "center_lon": 106.68745845103496, "avg_edge_len": 81.381162284171012, "cell_area": 17206.112805133685, "cell_perimeter": 488.28697370502607, "code": "770", "name": "Quận 3", "name_en": "District 3", "level": "Quận", "prov_code": "79", "prov_name": "Thành phố Hồ Chí Minh", "region": "Đông Nam Bộ", "pop_2019": 190375.0, "pop_dens": 38852.0, "area": 4.92 }, "geometry": { "type": "Polygon", "coordinates": [ [ [ 106.688056507632055, 10.771488211207991 ], [ 106.688135464169605, 10.772223195767697 ], [ 106.687537408047817, 10.77266039180534 ], [ 106.686860393440469, 10.772362601127469 ], [ 106.686781439146188, 10.771627613380939 ], [ 106.687379497215943, 10.771190419499085 ], [ 106.688056507632055, 10.771488211207991 ] ] ] } },
{ "type": "Feature", "properties": { "h3": "8a65b566312ffff", "resolution": 10, "center_lat": 10.773515789193658, "center_lon": 106.68311405982067, "avg_edge_len": 81.382787040977064, "cell_area": 17206.801569646224, "cell_perimeter": 488.29672224586238, "code": "770", "name": "Quận 3", "name_en": "District 3", "level": "Quận", "prov_code": "79", "prov_name": "Thành phố Hồ Chí Minh", "region": "Đông Nam Bộ", "pop_2019": 190375.0, "pop_dens": 38852.0, "area": 4.92 }, "geometry": { "type": "Polygon", "coordinates": [ [ [ 106.683712141583101, 10.773078594203195 ], [ 106.683791090750489, 10.773813588988794 ], [ 106.683193009462641, 10.774250785348697 ], [ 106.682515977060518, 10.773952984767666 ], [ 106.682437030136825, 10.773217986796416 ], [ 106.683035113371503, 10.772780792591828 ], [ 106.683712141583101, 10.773078594203195 ] ] ] } },
{ "type": "Feature", "properties": { "h3": "8a65b5663a17fff", "resolution": 10, "center_lat": 10.770835467027817, "center_lon": 106.67702072124355, "avg_edge_len": 81.385176256443131, "cell_area": 17207.814474379644, "cell_perimeter": 488.31105753865882, "code": "770", "name": "Quận 3", "name_en": "District 3", "level": "Quận", "prov_code": "79", "prov_name": "Thành phố Hồ Chí Minh", "region": "Đông Nam Bộ", "pop_2019": 190375.0, "pop_dens": 38852.0, "area": 4.92 }, "geometry": { "type": "Polygon", "coordinates": [ [ [ 106.677618829172204, 10.770398279880782 ], [ 106.67769776679674, 10.771133291777243 ], [ 106.677099659341621, 10.77157048029321 ], [ 106.676422612316756, 10.771272654757324 ], [ 106.676343676936426, 10.770537639676679 ], [ 106.676941786336727, 10.770100453316083 ], [ 106.677618829172204, 10.770398279880782 ] ] ] } },
{ "type": "Feature", "properties": { "h3": "8a65b566386ffff", "resolution": 10, "center_lat": 10.767040160258784, "center_lon": 106.6811284423891, "avg_edge_len": 81.383692422744446, "cell_area": 17207.185652418062, "cell_perimeter": 488.30215453646667, "code": "770", "name": "Quận 3", "name_en": "District 3", "level": "Quận", "prov_code": "79", "prov_name": "Thành phố Hồ Chí Minh", "region": "Đông Nam Bộ", "pop_2019": 190375.0, "pop_dens": 38852.0, "area": 4.92 }, "geometry": { "type": "Polygon", "coordinates": [ [ [ 106.68172652227689, 10.7666029772857 ], [ 106.681805466309925, 10.767337980807902 ], [ 106.681207386896361, 10.767775165150539 ], [ 106.680530361503514, 10.767477343814798 ], [ 106.680451419714259, 10.766742337107223 ], [ 106.681049501074042, 10.76630515492074 ], [ 106.68172652227689, 10.7666029772857 ] ] ] } },
{ "type": "Feature", "properties": { "h3": "8a65b566234ffff", "resolution": 10, "center_lat": 10.780187394308008, "center_lon": 106.69350623471769, "avg_edge_len": 81.378660571645199, "cell_area": 17205.051976200193, "cell_perimeter": 488.27196342987122, "code": "770", "name": "Quận 3", "name_en": "District 3", "level": "Quận", "prov_code": "79", "prov_name": "Thành phố Hồ Chí Minh", "region": "Đông Nam Bộ", "pop_2019": 190375.0, "pop_dens": 38852.0, "area": 4.92 }, "geometry": { "type": "Polygon", "coordinates": [ [ [ 106.694104275724229, 10.779750182398253 ], [ 106.694183245088311, 10.78048514678024 ], [ 106.693585204558104, 10.780922360060202 ], [ 106.692908192714114, 10.780624606803249 ], [ 106.692829225592845, 10.779889639233188 ], [ 106.693427268072739, 10.779452428108128 ], [ 106.694104275724229, 10.779750182398253 ] ] ] } },
{ "type": "Feature", "properties": { "h3": "8a65b56636c7fff", "resolution": 10, "center_lat": 10.787721683654791, "center_lon": 106.67560882887929, "avg_edge_len": 81.385327876569363, "cell_area": 17207.878061907366, "cell_perimeter": 488.31196725941618, "code": "770", "name": "Quận 3", "name_en": "District 3", "level": "Quận", "prov_code": "79", "prov_name": "Thành phố Hồ Chí Minh", "region": "Đông Nam Bộ", "pop_2019": 190375.0, "pop_dens": 38852.0, "area": 4.92 }, "geometry": { "type": "Polygon", "coordinates": [ [ [ 106.676206975381405, 10.787284468816569 ], [ 106.676285914621886, 10.788019474732513 ], [ 106.67568776859305, 10.78845669093867 ], [ 106.675010681378751, 10.788158899076059 ], [ 106.674931744382889, 10.787423889976912 ], [ 106.675529892356693, 10.786986675923556 ], [ 106.676206975381405, 10.787284468816569 ] ] ] } },
{ "type": "Feature", "properties": { "h3": "8a65b566351ffff", "resolution": 10, "center_lat": 10.782950128566959, "center_lon": 106.68864281840983, "avg_edge_len": 81.380457185672512, "cell_area": 17205.813448976725, "cell_perimeter": 488.2827431140351, "code": "770", "name": "Quận 3", "name_en": "District 3", "level": "Quận", "prov_code": "79", "prov_name": "Thành phố Hồ Chí Minh", "region": "Đông Nam Bộ", "pop_2019": 190375.0, "pop_dens": 38852.0, "area": 4.92 }, "geometry": { "type": "Polygon", "coordinates": [ [ [ 106.689240889422408, 10.782512914643762 ], [ 106.68931985077819, 10.783247889913683 ], [ 106.688721780241124, 10.783685105206427 ], [ 106.688044746399811, 10.78338734307501 ], [ 106.687965787287339, 10.782652364618363 ], [ 106.688563859772842, 10.782215151479843 ], [ 106.689240889422408, 10.782512914643762 ] ] ] } },
{ "type": "Feature", "properties": { "h3": "8a65b5644b4ffff", "resolution": 10, "center_lat": 10.789368941270707, "center_lon": 106.68094650963832, "avg_edge_len": 81.383250314832779, "cell_area": 17206.997222108766, "cell_perimeter": 488.29950188899664, "code": "770", "name": "Quận 3", "name_en": "District 3", "level": "Quận", "prov_code": "79", "prov_name": "Thành phố Hồ Chí Minh", "region": "Đông Nam Bộ", "pop_2019": 190375.0, "pop_dens": 38852.0, "area": 4.92 }, "geometry": { "type": "Polygon", "coordinates": [ [ [ 106.681544631920815, 10.788931720735597 ], [ 106.681623581102087, 10.78966671204738 ], [ 106.681025459293807, 10.790103933950908 ], [ 106.680348386357807, 10.789806162389777 ], [ 106.68026943942067, 10.789071167893477 ], [ 106.680867563175369, 10.788633948142802 ], [ 106.681544631920815, 10.788931720735597 ] ] ] } },
{ "type": "Feature", "properties": { "h3": "8a65b5663177fff", "resolution": 10, "center_lat": 10.773655181327847, "center_lon": 106.68183894159729, "avg_edge_len": 81.383271225012692, "cell_area": 17207.006792198867, "cell_perimeter": 488.29962735007615, "code": "770", "name": "Quận 3", "name_en": "District 3", "level": "Quận", "prov_code": "79", "prov_name": "Thành phố Hồ Chí Minh", "region": "Đông Nam Bộ", "pop_2019": 190375.0, "pop_dens": 38852.0, "area": 4.92 }, "geometry": { "type": "Polygon", "coordinates": [ [ [ 106.682437030136825, 10.773217986796416 ], [ 106.682515977060518, 10.773952984767666 ], [ 106.681917888995343, 10.774390180668398 ], [ 106.681240852059929, 10.774092376442638 ], [ 106.681161907380016, 10.773357375286073 ], [ 106.681759997391708, 10.772920181540563 ], [ 106.682437030136825, 10.773217986796416 ] ] ] } },
{ "type": "Feature", "properties": { "h3": "8a65b5663c07fff", "resolution": 10, "center_lat": 10.776056457688771, "center_lon": 106.69048233281354, "avg_edge_len": 81.379911886690323, "cell_area": 17205.582553874701, "cell_perimeter": 488.27947132014197, "code": "770", "name": "Quận 3", "name_en": "District 3", "level": "Quận", "prov_code": "79", "prov_name": "Thành phố Hồ Chí Minh", "region": "Đông Nam Bộ", "pop_2019": 190375.0, "pop_dens": 38852.0, "area": 4.92 }, "geometry": { "type": "Polygon", "coordinates": [ [ [ 106.691080381617098, 10.775619254399178 ], [ 106.691159344568078, 10.776354228875027 ], [ 106.690561296240375, 10.776791433534713 ], [ 106.689884283012802, 10.776493661563183 ], [ 106.689805322304835, 10.775758683899886 ], [ 106.6904033725814, 10.775321481395544 ], [ 106.691080381617098, 10.775619254399178 ] ] ] } },
{ "type": "Feature", "properties": { "h3": "8a65b5663c5ffff", "resolution": 10, "center_lat": 10.776474732505704, "center_lon": 106.68665710058755, "avg_edge_len": 81.381365152763081, "cell_area": 17206.198562214151, "cell_perimeter": 488.28819091657851, "code": "770", "name": "Quận 3", "name_en": "District 3", "level": "Quận", "prov_code": "79", "prov_name": "Thành phố Hồ Chí Minh", "region": "Đông Nam Bộ", "pop_2019": 190375.0, "pop_dens": 38852.0, "area": 4.92 }, "geometry": { "type": "Polygon", "coordinates": [ [ [ 106.687255169729951, 10.776037530591077 ], [ 106.687334125951466, 10.776772514628275 ], [ 106.68673605728425, 10.777209717912568 ], [ 106.686059030447652, 10.77691193500457 ], [ 106.685980076469534, 10.77617694778092 ], [ 106.686578147084575, 10.775739746651698 ], [ 106.687255169729951, 10.776037530591077 ] ] ] } },
{ "type": "Feature", "properties": { "h3": "8a65b564494ffff", "resolution": 10, "center_lat": 10.788392699306034, "center_lon": 106.68987258782644, "avg_edge_len": 81.379860752672059, "cell_area": 17205.56034418568, "cell_perimeter": 488.27916451603232, "code": "770", "name": "Quận 3", "name_en": "District 3", "level": "Quận", "prov_code": "79", "prov_name": "Thành phố Hồ Chí Minh", "region": "Đông Nam Bộ", "pop_2019": 190375.0, "pop_dens": 38852.0, "area": 4.92 }, "geometry": { "type": "Polygon", "coordinates": [ [ [ 106.690470662656551, 10.787955475535092 ], [ 106.690549627543206, 10.788690444545958 ], [ 106.68995155318882, 10.789127669686309 ], [ 106.689274511998903, 10.788829923662277 ], [ 106.689195549355517, 10.788094951464567 ], [ 106.689793625658737, 10.78765772847771 ], [ 106.690470662656551, 10.787955475535092 ] ] ] } },
{ "type": "Feature", "properties": { "h3": "8a65b5663767fff", "resolution": 10, "center_lat": 10.780827794489729, "center_lon": 106.67744880005309, "avg_edge_len": 81.384784582741574, "cell_area": 17207.648025268689, "cell_perimeter": 488.30870749644941, "code": "770", "name": "Quận 3", "name_en": "District 3", "level": "Quận", "prov_code": "79", "prov_name": "Thành phố Hồ Chí Minh", "region": "Đông Nam Bộ", "pop_2019": 190375.0, "pop_dens": 38852.0, "area": 4.92 }, "geometry": { "type": "Polygon", "coordinates": [ [ [ 106.678046924350141, 10.780390590255619 ], [ 106.678125865188576, 10.781125595395084 ], [ 106.677527741365125, 10.781562800997669 ], [ 106.67685067475783, 10.781264999306851 ], [ 106.676771736163701, 10.780529990983464 ], [ 106.677369861932547, 10.780092787534794 ], [ 106.678046924350141, 10.780390590255619 ] ] ] } },
{ "type": "Feature", "properties": { "h3": "8a65b5662247fff", "resolution": 10, "center_lat": 10.782531755383316, "center_lon": 106.69246807724977, "avg_edge_len": 81.379003777533185, "cell_area": 17205.197339557111, "cell_perimeter": 488.27402266519908, "code": "770", "name": "Quận 3", "name_en": "District 3", "level": "Quận", "prov_code": "79", "prov_name": "Thành phố Hồ Chí Minh", "region": "Đông Nam Bộ", "pop_2019": 190375.0, "pop_dens": 38852.0, "area": 4.92 }, "geometry": { "type": "Polygon", "coordinates": [ [ [ 106.693066127920332, 10.782094540081554 ], [ 106.693145096005296, 10.782829505789307 ], [ 106.692547045810883, 10.783266722461043 ], [ 106.691870025582048, 10.78296897127051 ], [ 106.691791059740027, 10.782234002375038 ], [ 106.69238911188387, 10.781796787857797 ], [ 106.693066127920332, 10.782094540081554 ] ] ] } },
{ "type": "Feature", "properties": { "h3": "8a65b5645827fff", "resolution": 10, "center_lat": 10.785041439875481, "center_lon": 106.66951499706332, "avg_edge_len": 81.387716987501051, "cell_area": 17208.890968751162, "cell_perimeter": 488.32630192500631, "code": "770", "name": "Quận 3", "name_en": "District 3", "level": "Quận", "prov_code": "79", "prov_name": "Thành phố Hồ Chí Minh", "region": "Đông Nam Bộ", "pop_2019": 190375.0, "pop_dens": 38852.0, "area": 4.92 }, "geometry": { "type": "Polygon", "coordinates": [ [ [ 106.670113169719116, 10.784604232889158 ], [ 106.670192097412638, 10.785339255925038 ], [ 106.669593925229137, 10.785776464278788 ], [ 106.668916823408779, 10.785478647443776 ], [ 106.668837897960387, 10.784743621226161 ], [ 106.669436072087194, 10.78430641502527 ], [ 106.670113169719116, 10.784604232889158 ] ] ] } },
{ "type": "Feature", "properties": { "h3": "8a65b5663417fff", "resolution": 10, "center_lat": 10.78529451543441, "center_lon": 106.68760458491288, "avg_edge_len": 81.380799987044057, "cell_area": 17205.958628680557, "cell_perimeter": 488.28479992226431, "code": "770", "name": "Quận 3", "name_en": "District 3", "level": "Quận", "prov_code": "79", "prov_name": "Thành phố Hồ Chí Minh", "region": "Đông Nam Bộ", "pop_2019": 190375.0, "pop_dens": 38852.0, "area": 4.92 }, "geometry": { "type": "Polygon", "coordinates": [ [ [ 106.688202665588435, 10.784857298124193 ], [ 106.688281625664615, 10.785592274716237 ], [ 106.687683545464381, 10.78602949339578 ], [ 106.687006503239786, 10.785731733329435 ], [ 106.686927545407059, 10.784996753551017 ], [ 106.687525627555459, 10.784559537025295 ], [ 106.688202665588435, 10.784857298124193 ] ] ] } },
{ "type": "Feature", "properties": { "h3": "8a65b56634c7fff", "resolution": 10, "center_lat": 10.786745623670589, "center_lon": 106.68453517667568, "avg_edge_len": 81.38193980295803, "cell_area": 17206.441787395626, "cell_perimeter": 488.29163881774821, "code": "770", "name": "Quận 3", "name_en": "District 3", "level": "Quận", "prov_code": "79", "prov_name": "Thành phố Hồ Chí Minh", "region": "Đông Nam Bộ", "pop_2019": 190375.0, "pop_dens": 38852.0, "area": 4.92 }, "geometry": { "type": "Polygon", "coordinates": [ [ [ 106.685133275740654, 10.786308405590967 ], [ 106.685212230689828, 10.787043389215169 ], [ 106.684614132099682, 10.787480608663721 ], [ 106.683937076612978, 10.787182842334611 ], [ 106.683858123907527, 10.786447855524875 ], [ 106.684456224445029, 10.786010638229762 ], [ 106.685133275740654, 10.786308405590967 ] ] ] } },
{ "type": "Feature", "properties": { "h3": "8a65b5663b57fff", "resolution": 10, "center_lat": 10.767597573104974, "center_lon": 106.67602793719195, "avg_edge_len": 81.385628644554288, "cell_area": 17208.006429310888, "cell_perimeter": 488.31377186732573, "code": "770", "name": "Quận 3", "name_en": "District 3", "level": "Quận", "prov_code": "79", "prov_name": "Thành phố Hồ Chí Minh", "region": "Đông Nam Bộ", "pop_2019": 190375.0, "pop_dens": 38852.0, "area": 4.92 }, "geometry": { "type": "Polygon", "coordinates": [ [ [ 106.676626044181006, 10.767160391965161 ], [ 106.676704979238181, 10.76789540822686 ], [ 106.676106872722499, 10.76833259073566 ], [ 106.675429829204745, 10.768034754826941 ], [ 106.675350896391848, 10.767299735381195 ], [ 106.675949004852384, 10.76686255502819 ], [ 106.676626044181006, 10.767160391965161 ] ] ] } },
{ "type": "Feature", "properties": { "h3": "8a65b56630c7fff", "resolution": 10, "center_lat": 10.779516182758385, "center_lon": 106.67924315703259, "avg_edge_len": 81.384129202449984, "cell_area": 17207.370262999088, "cell_perimeter": 488.30477521469993, "code": "770", "name": "Quận 3", "name_en": "District 3", "level": "Quận", "prov_code": "79", "prov_name": "Thành phố Hồ Chí Minh", "region": "Đông Nam Bộ", "pop_2019": 190375.0, "pop_dens": 38852.0, "area": 4.92 }, "geometry": { "type": "Polygon", "coordinates": [ [ [ 106.679841269723752, 10.779078979754958 ], [ 106.679920213446636, 10.779813981047782 ], [ 106.679322101229417, 10.780251185419944 ], [ 106.678645043343408, 10.779953386345046 ], [ 106.678566101864646, 10.779218381867782 ], [ 106.679164216027729, 10.77878117964984 ], [ 106.679841269723752, 10.779078979754958 ] ] ] } },
{ "type": "Feature", "properties": { "h3": "8a65b56622e7fff", "resolution": 10, "center_lat": 10.784597178987864, "center_lon": 106.69398004995597, "avg_edge_len": 81.378377649798779, "cell_area": 17204.931847281754, "cell_perimeter": 488.27026589879267, "code": "770", "name": "Quận 3", "name_en": "District 3", "level": "Quận", "prov_code": "79", "prov_name": "Thành phố Hồ Chí Minh", "region": "Đông Nam Bộ", "pop_2019": 190375.0, "pop_dens": 38852.0, "area": 4.92 }, "geometry": { "type": "Polygon", "coordinates": [ [ [ 106.694578096727227, 10.784159959377494 ], [ 106.694657068018728, 10.784894920032686 ], [ 106.694059021723888, 10.785332141013093 ], [ 106.693382002187619, 10.785034399184005 ], [ 106.693303033138932, 10.784299435340778 ], [ 106.693901081383657, 10.783862216514647 ], [ 106.694578096727227, 10.784159959377494 ] ] ] } },
{ "type": "Feature", "properties": { "h3": "8a65b56458c7fff", "resolution": 10, "center_lat": 10.788697542160978, "center_lon": 106.66668192711286, "avg_edge_len": 81.388713321363753, "cell_area": 17209.313222698867, "cell_perimeter": 488.33227992818252, "code": "770", "name": "Quận 3", "name_en": "District 3", "level": "Quận", "prov_code": "79", "prov_name": "Thành phố Hồ Chí Minh", "region": "Đông Nam Bộ", "pop_2019": 190375.0, "pop_dens": 38852.0, "area": 4.92 }, "geometry": { "type": "Polygon", "coordinates": [ [ [ 106.667280121027872, 10.788260330580158 ], [ 106.667359044553677, 10.788995358771544 ], [ 106.666760851110467, 10.789432571719313 ], [ 106.666083732198828, 10.789134754323511 ], [ 106.666004810918466, 10.788399722951247 ], [ 106.666603006304257, 10.787962512155639 ], [ 106.667280121027872, 10.788260330580158 ] ] ] } },
{ "type": "Feature", "properties": { "h3": "8a65b566365ffff", "resolution": 10, "center_lat": 10.785656069479721, "center_lon": 106.67409678493084, "avg_edge_len": 81.38595334467351, "cell_area": 17208.143293712288, "cell_perimeter": 488.31572006804106, "code": "770", "name": "Quận 3", "name_en": "District 3", "level": "Quận", "prov_code": "79", "prov_name": "Thành phố Hồ Chí Minh", "region": "Đông Nam Bộ", "pop_2019": 190375.0, "pop_dens": 38852.0, "area": 4.92 }, "geometry": { "type": "Polygon", "coordinates": [ [ [ 106.674694935322449, 10.785218858947159 ], [ 106.674773871354731, 10.785953869912218 ], [ 106.674175721436143, 10.786391081812656 ], [ 106.673498633540717, 10.786093280595001 ], [ 106.67341969975314, 10.785358266447052 ], [ 106.67401785161627, 10.784921056699634 ], [ 106.674694935322449, 10.785218858947159 ] ] ] } },
{ "type": "Feature", "properties": { "h3": "8a65b566366ffff", "resolution": 10, "center_lat": 10.783451029014238, "center_lon": 106.6738599816464, "avg_edge_len": 81.386094836911994, "cell_area": 17208.203365877271, "cell_perimeter": 488.31656902147199, "code": "770", "name": "Quận 3", "name_en": "District 3", "level": "Quận", "prov_code": "79", "prov_name": "Thành phố Hồ Chí Minh", "region": "Đông Nam Bộ", "pop_2019": 190375.0, "pop_dens": 38852.0, "area": 4.92 }, "geometry": { "type": "Polygon", "coordinates": [ [ [ 106.674458129152811, 10.783013822324099 ], [ 106.674537064221497, 10.783748835152856 ], [ 106.673938917188124, 10.78418604321096 ], [ 106.673261833141567, 10.78388823628695 ], [ 106.67318290031757, 10.783153220275283 ], [ 106.673781049295414, 10.782716014370516 ], [ 106.674458129152811, 10.783013822324099 ] ] ] } },
{ "type": "Feature", "properties": { "h3": "8a65b56634b7fff", "resolution": 10, "center_lat": 10.787359978556632, "center_lon": 106.68911658559672, "avg_edge_len": 81.380173888153152, "cell_area": 17205.693149005994, "cell_perimeter": 488.28104332891888, "code": "770", "name": "Quận 3", "name_en": "District 3", "level": "Quận", "prov_code": "79", "prov_name": "Thành phố Hồ Chí Minh", "region": "Đông Nam Bộ", "pop_2019": 190375.0, "pop_dens": 38852.0, "area": 4.92 }, "geometry": { "type": "Polygon", "coordinates": [ [ [ 106.689714662375565, 10.786922756939155 ], [ 106.689793625658737, 10.78765772847771 ], [ 106.689195549355517, 10.788094951464567 ], [ 106.68851850782049, 10.787797200759247 ], [ 106.688439546780614, 10.787062226034012 ], [ 106.689037625032455, 10.786625005200754 ], [ 106.689714662375565, 10.786922756939155 ] ] ] } },
{ "type": "Feature", "properties": { "h3": "8a65b5663d9ffff", "resolution": 10, "center_lat": 10.77798249358937, "center_lon": 106.69326933143526, "avg_edge_len": 81.378801763226534, "cell_area": 17205.111903931946, "cell_perimeter": 488.2728105793592, "code": "770", "name": "Quận 3", "name_en": "District 3", "level": "Quận", "prov_code": "79", "prov_name": "Thành phố Hồ Chí Minh", "region": "Đông Nam Bộ", "pop_2019": 190375.0, "pop_dens": 38852.0, "area": 4.92 }, "geometry": { "type": "Polygon", "coordinates": [ [ [ 106.693867369559413, 10.777545285531618 ], [ 106.693946337959801, 10.778280251773694 ], [ 106.693348300311911, 10.778717461201735 ], [ 106.692671292314017, 10.778419702232458 ], [ 106.692592326156458, 10.777684732802289 ], [ 106.693190365753935, 10.777247525529463 ], [ 106.693867369559413, 10.777545285531618 ] ] ] } },
{ "type": "Feature", "properties": { "h3": "8a65b5663167fff", "resolution": 10, "center_lat": 10.772622373426312, "center_lon": 106.68108296158576, "avg_edge_len": 81.383583609138313, "cell_area": 17207.139234017581, "cell_perimeter": 488.30150165482991, "code": "770", "name": "Quận 3", "name_en": "District 3", "level": "Quận", "prov_code": "79", "prov_name": "Thành phố Hồ Chí Minh", "region": "Đông Nam Bộ", "pop_2019": 190375.0, "pop_dens": 38852.0, "area": 4.92 }, "geometry": { "type": "Polygon", "coordinates": [ [ [ 106.681681052071667, 10.77218518105007 ], [ 106.681759997391708, 10.772920181540563 ], [ 106.681161907380016, 10.773357375286073 ], [ 106.680484870102021, 10.77305956638574 ], [ 106.680405927025845, 10.772324562710089 ], [ 106.681004018983799, 10.771887371119909 ], [ 106.681681052071667, 10.77218518105007 ] ] ] } },
{ "type": "Feature", "properties": { "h3": "8a65b56622f7fff", "resolution": 10, "center_lat": 10.785629879978817, "center_lon": 106.69473603819418, "avg_edge_len": 81.378064499499189, "cell_area": 17204.799080027267, "cell_perimeter": 488.2683869969951, "code": "770", "name": "Quận 3", "name_en": "District 3", "level": "Quận", "prov_code": "79", "prov_name": "Thành phố Hồ Chí Minh", "region": "Đông Nam Bộ", "pop_2019": 190375.0, "pop_dens": 38852.0, "area": 4.92 }, "geometry": { "type": "Polygon", "coordinates": [ [ [ 106.695334083015481, 10.785192658214305 ], [ 106.695413055910223, 10.785927616342285 ], [ 106.694815011565481, 10.786364839476857 ], [ 106.694137992375857, 10.786067102329261 ], [ 106.694059021723888, 10.785332141013093 ], [ 106.694657068018728, 10.784894920032686 ], [ 106.695334083015481, 10.785192658214305 ] ] ] } },
{ "type": "Feature", "properties": { "h3": "8a65b56638a7fff", "resolution": 10, "center_lat": 10.77089262493188, "center_lon": 106.68670248373688, "avg_edge_len": 81.381474740178064, "cell_area": 17206.245344629511, "cell_perimeter": 488.28884844106835, "code": "770", "name": "Quận 3", "name_en": "District 3", "level": "Quận", "prov_code": "79", "prov_name": "Thành phố Hồ Chí Minh", "region": "Đông Nam Bộ", "pop_2019": 190375.0, "pop_dens": 38852.0, "area": 4.92 }, "geometry": { "type": "Polygon", "coordinates": [ [ [ 106.687300542281832, 10.770455432419975 ], [ 106.687379497215943, 10.771190419499085 ], [ 106.686781439146188, 10.771627613380939 ], [ 106.686104424194497, 10.77132981802777 ], [ 106.686025471503683, 10.770594827761999 ], [ 106.686623531521207, 10.770157636036039 ], [ 106.687300542281832, 10.770455432419975 ] ] ] } },
{ "type": "Feature", "properties": { "h3": "8a65b5663557fff", "resolution": 10, "center_lat": 10.782056828135287, "center_lon": 106.68661171585211, "avg_edge_len": 81.381254423031621, "cell_area": 17206.151450708508, "cell_perimeter": 488.2875265381897, "code": "770", "name": "Quận 3", "name_en": "District 3", "level": "Quận", "prov_code": "79", "prov_name": "Thành phố Hồ Chí Minh", "region": "Đông Nam Bộ", "pop_2019": 190375.0, "pop_dens": 38852.0, "area": 4.92 }, "geometry": { "type": "Polygon", "coordinates": [ [ [ 106.687209795592338, 10.781619616826376 ], [ 106.687288753101285, 10.782354597807734 ], [ 106.686690673836225, 10.782791810486032 ], [ 106.686013635114321, 10.7824940400287 ], [ 106.685934679848856, 10.781759055861105 ], [ 106.686532761061798, 10.781321845337054 ], [ 106.687209795592338, 10.781619616826376 ] ] ] } },
{ "type": "Feature", "properties": { "h3": "8a65b5663c97fff", "resolution": 10, "center_lat": 10.780326850684581, "center_lon": 106.69223117780483, "avg_edge_len": 81.379145150755676, "cell_area": 17205.257387969643, "cell_perimeter": 488.27487090453405, "code": "770", "name": "Quận 3", "name_en": "District 3", "level": "Quận", "prov_code": "79", "prov_name": "Thành phố Hồ Chí Minh", "region": "Đông Nam Bộ", "pop_2019": 190375.0, "pop_dens": 38852.0, "area": 4.92 }, "geometry": { "type": "Polygon", "coordinates": [ [ [ 106.692829225592845, 10.779889639233188 ], [ 106.692908192714114, 10.780624606803249 ], [ 106.692310145402217, 10.781061819624709 ], [ 106.691633129019664, 10.780764062721268 ], [ 106.691554164141351, 10.780029091963462 ], [ 106.692152213402608, 10.779591881296815 ], [ 106.692829225592845, 10.779889639233188 ] ] ] } },
{ "type": "Feature", "properties": { "h3": "8a65b56630d7fff", "resolution": 10, "center_lat": 10.780548981634249, "center_lon": 106.67999915605523, "avg_edge_len": 81.383816603362547, "cell_area": 17207.237652624026, "cell_perimeter": 488.30289962017525, "code": "770", "name": "Quận 3", "name_en": "District 3", "level": "Quận", "prov_code": "79", "prov_name": "Thành phố Hồ Chí Minh", "region": "Đông Nam Bộ", "pop_2019": 190375.0, "pop_dens": 38852.0, "area": 4.92 }, "geometry": { "type": "Polygon", "coordinates": [ [ [ 106.680597266800447, 10.780111776476746 ], [ 106.680676212127167, 10.780846775247355 ], [ 106.680078101856026, 10.781283981773619 ], [ 106.679401044312044, 10.780986187375147 ], [ 106.679322101229417, 10.780251185419944 ], [ 106.679920213446636, 10.779813981047782 ], [ 106.680597266800447, 10.780111776476746 ] ] ] } },
{ "type": "Feature", "properties": { "h3": "8a65b566379ffff", "resolution": 10, "center_lat": 10.787163959756125, "center_lon": 106.68070966690621, "avg_edge_len": 81.383392156079637, "cell_area": 17207.057446442544, "cell_perimeter": 488.30035293647779, "code": "770", "name": "Quận 3", "name_en": "District 3", "level": "Quận", "prov_code": "79", "prov_name": "Thành phố Hồ Chí Minh", "region": "Đông Nam Bộ", "pop_2019": 190375.0, "pop_dens": 38852.0, "area": 4.92 }, "geometry": { "type": "Polygon", "coordinates": [ [ [ 106.681307786304359, 10.786726743063719 ], [ 106.681386734521951, 10.78746173624352 ], [ 106.680788615597976, 10.787898954304431 ], [ 106.680111546510034, 10.787601177032354 ], [ 106.680032600536521, 10.786866180668017 ], [ 106.680630721406857, 10.786428964760274 ], [ 106.681307786304359, 10.786726743063719 ] ] ] } },
{ "type": "Feature", "properties": { "h3": "8a65b566344ffff", "resolution": 10, "center_lat": 10.783647335063289, "center_lon": 106.68226716069177, "avg_edge_len": 81.382878460810929, "cell_area": 17206.839852413163, "cell_perimeter": 488.29727076486557, "code": "770", "name": "Quận 3", "name_en": "District 3", "level": "Quận", "prov_code": "79", "prov_name": "Thành phố Hồ Chí Minh", "region": "Đông Nam Bộ", "pop_2019": 190375.0, "pop_dens": 38852.0, "area": 4.92 }, "geometry": { "type": "Polygon", "coordinates": [ [ [ 106.682865265597826, 10.783210123444233 ], [ 106.682944215735887, 10.783945114644451 ], [ 106.68234611130427, 10.784382327632354 ], [ 106.681669054787861, 10.784084547266247 ], [ 106.681590106893722, 10.783349552880965 ], [ 106.682188213272042, 10.78291234204683 ], [ 106.682865265597826, 10.783210123444233 ] ] ] } },
{ "type": "Feature", "properties": { "h3": "8a65b566149ffff", "resolution": 10, "center_lat": 10.766007329699535, "center_lon": 106.68037247681075, "avg_edge_len": 81.38400454020713, "cell_area": 17207.317972367629, "cell_perimeter": 488.30402724124281, "code": "770", "name": "Quận 3", "name_en": "District 3", "level": "Quận", "prov_code": "79", "prov_name": "Thành phố Hồ Chí Minh", "region": "Đông Nam Bộ", "pop_2019": 190375.0, "pop_dens": 38852.0, "area": 4.92 }, "geometry": { "type": "Polygon", "coordinates": [ [ [ 106.680970558644631, 10.765570148882581 ], [ 106.681049501074042, 10.76630515492074 ], [ 106.680451419714259, 10.766742337107223 ], [ 106.679774393979045, 10.766444511099252 ], [ 106.679695453793471, 10.76570950187587 ], [ 106.680293537099274, 10.765272321845659 ], [ 106.680970558644631, 10.765570148882581 ] ] ] } },
{ "type": "Feature", "properties": { "h3": "8a65b5663427fff", "resolution": 10, "center_lat": 10.783089578081384, "center_lon": 106.68736770949506, "avg_edge_len": 81.380941548323037, "cell_area": 17206.018756495789, "cell_perimeter": 488.28564928993819, "code": "770", "name": "Quận 3", "name_en": "District 3", "level": "Quận", "prov_code": "79", "prov_name": "Thành phố Hồ Chí Minh", "region": "Đông Nam Bộ", "pop_2019": 190375.0, "pop_dens": 38852.0, "area": 4.92 }, "geometry": { "type": "Polygon", "coordinates": [ [ [ 106.687965787287339, 10.782652364618363 ], [ 106.688044746399811, 10.78338734307501 ], [ 106.687446669082846, 10.78382455790744 ], [ 106.686769630705285, 10.78352679212907 ], [ 106.686690673836225, 10.782791810486032 ], [ 106.687288753101285, 10.782354597807734 ], [ 106.687965787287339, 10.782652364618363 ] ] ] } },
{ "type": "Feature", "properties": { "h3": "8a65b5663b8ffff", "resolution": 10, "center_lat": 10.770696103588138, "center_lon": 106.67829586894834, "avg_edge_len": 81.384692257820589, "cell_area": 17207.609337296337, "cell_perimeter": 488.30815354692356, "code": "770", "name": "Quận 3", "name_en": "District 3", "level": "Quận", "prov_code": "79", "prov_name": "Thành phố Hồ Chí Minh", "region": "Đông Nam Bộ", "pop_2019": 190375.0, "pop_dens": 38852.0, "area": 4.92 }, "geometry": { "type": "Polygon", "coordinates": [ [ [ 106.67889397010191, 10.770258915981696 ], [ 106.678972909970554, 10.770993924693645 ], [ 106.67837480929073, 10.771431113669161 ], [ 106.67769776679674, 10.771133291777243 ], [ 106.677618829172204, 10.770398279880782 ], [ 106.678216931797522, 10.769961093060726 ], [ 106.67889397010191, 10.770258915981696 ] ] ] } },
{ "type": "Feature", "properties": { "h3": "8a65b5663697fff", "resolution": 10, "center_lat": 10.789508387965018, "center_lon": 106.67967131036124, "avg_edge_len": 81.383734323397505, "cell_area": 17207.202392540872, "cell_perimeter": 488.30240594038503, "code": "770", "name": "Quận 3", "name_en": "District 3", "level": "Quận", "prov_code": "79", "prov_name": "Thành phố Hồ Chí Minh", "region": "Đông Nam Bộ", "pop_2019": 190375.0, "pop_dens": 38852.0, "area": 4.92 }, "geometry": { "type": "Polygon", "coordinates": [ [ [ 106.68026943942067, 10.789071167893477 ], [ 106.680348386357807, 10.789806162389777 ], [ 106.679750257772412, 10.790243383829596 ], [ 106.679073180303718, 10.789945608620332 ], [ 106.678994235610801, 10.789210610939852 ], [ 106.679592366142316, 10.788773391652796 ], [ 106.68026943942067, 10.789071167893477 ] ] ] } },
{ "type": "Feature", "properties": { "h3": "8a65b56634effff", "resolution": 10, "center_lat": 10.785712868005804, "center_lon": 106.68377917008733, "avg_edge_len": 81.382252745864164, "cell_area": 17206.574479687959, "cell_perimeter": 488.29351647518502, "code": "770", "name": "Quận 3", "name_en": "District 3", "level": "Quận", "prov_code": "79", "prov_name": "Thành phố Hồ Chí Minh", "region": "Đông Nam Bộ", "pop_2019": 190375.0, "pop_dens": 38852.0, "area": 4.92 }, "geometry": { "type": "Polygon", "coordinates": [ [ [ 106.684377271099535, 10.785275652079591 ], [ 106.684456224445029, 10.786010638229762 ], [ 106.683858123907527, 10.786447855524875 ], [ 106.683181068077346, 10.786150084516247 ], [ 106.683102116975633, 10.785415095180706 ], [ 106.683700219460306, 10.784977880039142 ], [ 106.684377271099535, 10.785275652079591 ] ] ] } },
{ "type": "Feature", "properties": { "h3": "8a65b5644b1ffff", "resolution": 10, "center_lat": 10.791155523762104, "center_lon": 106.68500890542168, "avg_edge_len": 81.381655951568078, "cell_area": 17206.3212444745, "cell_perimeter": 488.28993570940844, "code": "770", "name": "Quận 3", "name_en": "District 3", "level": "Quận", "prov_code": "79", "prov_name": "Thành phố Hồ Chí Minh", "region": "Đông Nam Bộ", "pop_2019": 190375.0, "pop_dens": 38852.0, "area": 4.92 }, "geometry": { "type": "Polygon", "coordinates": [ [ [ 106.685607010254202, 10.790718297995157 ], [ 106.685685967130766, 10.791453277881233 ], [ 106.685087862773159, 10.791890505016937 ], [ 106.684410799591404, 10.791592750113731 ], [ 106.684331844958592, 10.79085776704216 ], [ 106.684929951263754, 10.79042054205927 ], [ 106.685607010254202, 10.790718297995157 ] ] ] } },
{ "type": "Feature", "properties": { "h3": "8a65b5663c2ffff", "resolution": 10, "center_lat": 10.775023705532071, "center_lon": 106.68972636048149, "avg_edge_len": 81.380224571831192, "cell_area": 17205.715210594237, "cell_perimeter": 488.28134743098718, "code": "770", "name": "Quận 3", "name_en": "District 3", "level": "Quận", "prov_code": "79", "prov_name": "Thành phố Hồ Chí Minh", "region": "Đông Nam Bộ", "pop_2019": 190375.0, "pop_dens": 38852.0, "area": 4.92 }, "geometry": { "type": "Polygon", "coordinates": [ [ [ 106.690324411233746, 10.774586504397792 ], [ 106.6904033725814, 10.775321481395544 ], [ 106.689805322304835, 10.775758683899886 ], [ 106.689128308731981, 10.775460907250997 ], [ 106.68904934962741, 10.774725927065953 ], [ 106.689647401852582, 10.774288726717067 ], [ 106.690324411233746, 10.774586504397792 ] ] ] } },
{ "type": "Feature", "properties": { "h3": "8a65b566319ffff", "resolution": 10, "center_lat": 10.778958535084207, "center_lon": 106.68434374247985, "avg_edge_len": 81.382192702896205, "cell_area": 17206.54935031943, "cell_perimeter": 488.29315621737726, "code": "770", "name": "Quận 3", "name_en": "District 3", "level": "Quận", "prov_code": "79", "prov_name": "Thành phố Hồ Chí Minh", "region": "Đông Nam Bộ", "pop_2019": 190375.0, "pop_dens": 38852.0, "area": 4.92 }, "geometry": { "type": "Polygon", "coordinates": [ [ [ 106.684941828062691, 10.778521330238277 ], [ 106.685020780760922, 10.779256318790027 ], [ 106.68442269565287, 10.779693525005257 ], [ 106.683745655899358, 10.779395740514136 ], [ 106.683666705444793, 10.778660748776614 ], [ 106.684264792500059, 10.778223544715965 ], [ 106.684941828062691, 10.778521330238277 ] ] ] } },
{ "type": "Feature", "properties": { "h3": "8a65b5645837fff", "resolution": 10, "center_lat": 10.786074278252229, "center_lon": 106.670271023993, "avg_edge_len": 81.38740441660967, "cell_area": 17208.758460147306, "cell_perimeter": 488.32442649965799, "code": "770", "name": "Quận 3", "name_en": "District 3", "level": "Quận", "prov_code": "79", "prov_name": "Thành phố Hồ Chí Minh", "region": "Đông Nam Bộ", "pop_2019": 190375.0, "pop_dens": 38852.0, "area": 4.92 }, "geometry": { "type": "Polygon", "coordinates": [ [ [ 106.670869194705361, 10.785637069113188 ], [ 106.670948124003175, 10.786372089625919 ], [ 106.670349953763207, 10.786809300132417 ], [ 106.669672852281877, 10.786511487973412 ], [ 106.669593925229137, 10.785776464278788 ], [ 106.670192097412638, 10.785339255925038 ], [ 106.670869194705361, 10.785637069113188 ] ] ] } },
{ "type": "Feature", "properties": { "h3": "8a65b5662257fff", "resolution": 10, "center_lat": 10.783564470788987, "center_lon": 106.69322406297439, "avg_edge_len": 81.37869074238867, "cell_area": 17205.064577607438, "cell_perimeter": 488.27214445433202, "code": "770", "name": "Quận 3", "name_en": "District 3", "level": "Quận", "prov_code": "79", "prov_name": "Thành phố Hồ Chí Minh", "region": "Đông Nam Bộ", "pop_2019": 190375.0, "pop_dens": 38852.0, "area": 4.92 }, "geometry": { "type": "Polygon", "coordinates": [ [ [ 106.693822111695425, 10.783127253332863 ], [ 106.693901081383657, 10.783862216514647 ], [ 106.693303033138932, 10.784299435340778 ], [ 106.692626013256259, 10.784001688830708 ], [ 106.692547045810883, 10.783266722461043 ], [ 106.693145096005296, 10.782829505789307 ], [ 106.693822111695425, 10.783127253332863 ] ] ] } },
{ "type": "Feature", "properties": { "h3": "8a65b56638dffff", "resolution": 10, "center_lat": 10.772482988122006, "center_lon": 106.68235808209859, "avg_edge_len": 81.383099451203222, "cell_area": 17206.934040313587, "cell_perimeter": 488.29859670721936, "code": "770", "name": "Quận 3", "name_en": "District 3", "level": "Quận", "prov_code": "79", "prov_name": "Thành phố Hồ Chí Minh", "region": "Đông Nam Bộ", "pop_2019": 190375.0, "pop_dens": 38852.0, "area": 4.92 }, "geometry": { "type": "Polygon", "coordinates": [ [ [ 106.682956165807724, 10.772045795286825 ], [ 106.683035113371503, 10.772780792591828 ], [ 106.682437030136825, 10.773217986796416 ], [ 106.681759997391708, 10.772920181540563 ], [ 106.681681052071667, 10.77218518105007 ], [ 106.682279137252976, 10.771747989000904 ], [ 106.682956165807724, 10.772045795286825 ] ] ] } },
{ "type": "Feature", "properties": { "h3": "8a65b5663777fff", "resolution": 10, "center_lat": 10.781860599827622, "center_lon": 106.67820480491294, "avg_edge_len": 81.384471977969199, "cell_area": 17207.515449222177, "cell_perimeter": 488.30683186781516, "code": "770", "name": "Quận 3", "name_en": "District 3", "level": "Quận", "prov_code": "79", "prov_name": "Thành phố Hồ Chí Minh", "region": "Đông Nam Bộ", "pop_2019": 190375.0, "pop_dens": 38852.0, "area": 4.92 }, "geometry": { "type": "Polygon", "coordinates": [ [ [ 106.678802927264528, 10.781423393439733 ], [ 106.678881869706885, 10.782158396056673 ], [ 106.678283747829056, 10.782595603813068 ], [ 106.677606681563233, 10.782297806798695 ], [ 106.677527741365125, 10.781562800997669 ], [ 106.678125865188576, 10.781125595395084 ], [ 106.678802927264528, 10.781423393439733 ] ] ] } },
{ "type": "Feature", "properties": { "h3": "8a65b564599ffff", "resolution": 10, "center_lat": 10.788139933406047, "center_lon": 106.67178308164735, "avg_edge_len": 81.386779103491861, "cell_area": 17208.49327150546, "cell_perimeter": 488.32067462095114, "code": "770", "name": "Quận 3", "name_en": "District 3", "level": "Quận", "prov_code": "79", "prov_name": "Thành phố Hồ Chí Minh", "region": "Đông Nam Bộ", "pop_2019": 190375.0, "pop_dens": 38852.0, "area": 4.92 }, "geometry": { "type": "Polygon", "coordinates": [ [ [ 106.672381248472234, 10.787702719961898 ], [ 106.672460180978575, 10.788437735426458 ], [ 106.671862014626328, 10.788874950238117 ], [ 106.671184913823751, 10.788577147432671 ], [ 106.671105983562356, 10.787842128785906 ], [ 106.671704151858577, 10.787404916126773 ], [ 106.672381248472234, 10.787702719961898 ] ] ] } },
{ "type": "Feature", "properties": { "h3": "8a65b5663737fff", "resolution": 10, "center_lat": 10.782614557787838, "center_lon": 106.6815111578851, "avg_edge_len": 81.383191232057683, "cell_area": 17206.97248136811, "cell_perimeter": 488.29914739234607, "code": "770", "name": "Quận 3", "name_en": "District 3", "level": "Quận", "prov_code": "79", "prov_name": "Thành phố Hồ Chí Minh", "region": "Đông Nam Bộ", "pop_2019": 190375.0, "pop_dens": 38852.0, "area": 4.92 }, "geometry": { "type": "Polygon", "coordinates": [ [ [ 106.682109264737761, 10.782177348322524 ], [ 106.682188213272042, 10.78291234204683 ], [ 106.681590106893722, 10.783349552880965 ], [ 106.680913050034547, 10.783051767836884 ], [ 106.680834103744218, 10.782316770927672 ], [ 106.681432212069055, 10.781879562247418 ], [ 106.682109264737761, 10.782177348322524 ] ] ] } },
{ "type": "Feature", "properties": { "h3": "8a65b566358ffff", "resolution": 10, "center_lat": 10.785155056360333, "center_lon": 106.68887970055775, "avg_edge_len": 81.380315627159248, "cell_area": 17205.753339484334, "cell_perimeter": 488.28189376295546, "code": "770", "name": "Quận 3", "name_en": "District 3", "level": "Quận", "prov_code": "79", "prov_name": "Thành phố Hồ Chí Minh", "region": "Đông Nam Bộ", "pop_2019": 190375.0, "pop_dens": 38852.0, "area": 4.92 }, "geometry": { "type": "Polygon", "coordinates": [ [ [ 106.689477774453451, 10.784717838589433 ], [ 106.689556736772914, 10.785452811994773 ], [ 106.688958663352778, 10.785890031135141 ], [ 106.688281625664615, 10.785592274716237 ], [ 106.688202665588435, 10.784857298124193 ], [ 106.688800740957106, 10.784420081137734 ], [ 106.689477774453451, 10.784717838589433 ] ] ] } },
{ "type": "Feature", "properties": { "h3": "8a65b5663ccffff", "resolution": 10, "center_lat": 10.778679686610408, "center_lon": 106.68689396733247, "avg_edge_len": 81.381224131344922, "cell_area": 17206.138763433322, "cell_perimeter": 488.2873447880695, "code": "770", "name": "Quận 3", "name_en": "District 3", "level": "Quận", "prov_code": "79", "prov_name": "Thành phố Hồ Chí Minh", "region": "Đông Nam Bộ", "pop_2019": 190375.0, "pop_dens": 38852.0, "area": 4.92 }, "geometry": { "type": "Polygon", "coordinates": [ [ [ 106.687492039358133, 10.778242480845185 ], [ 106.687570996543286, 10.778977463024408 ], [ 106.686972924992816, 10.779414670159213 ], [ 106.686295894309254, 10.779116892960014 ], [ 106.686216939367512, 10.77838190759436 ], [ 106.686815012865878, 10.777944702614315 ], [ 106.687492039358133, 10.778242480845185 ] ] ] } },
{ "type": "Feature", "properties": { "h3": "8a65b564486ffff", "resolution": 10, "center_lat": 10.78970437334242, "center_lon": 106.68807834442171, "avg_edge_len": 81.380516326094792, "cell_area": 17205.838228834793, "cell_perimeter": 488.28309795656872, "code": "770", "name": "Quận 3", "name_en": "District 3", "level": "Quận", "prov_code": "79", "prov_name": "Thành phố Hồ Chí Minh", "region": "Đông Nam Bộ", "pop_2019": 190375.0, "pop_dens": 38852.0, "area": 4.92 }, "geometry": { "type": "Polygon", "coordinates": [ [ [ 106.688676430863907, 10.789267148341203 ], [ 106.688755392867478, 10.790002121197428 ], [ 106.68815730690072, 10.7904393475678 ], [ 106.687480256981985, 10.790141598928727 ], [ 106.687401297221882, 10.789406622886167 ], [ 106.687999385137005, 10.788969398668995 ], [ 106.688676430863907, 10.789267148341203 ] ] ] } },
{ "type": "Feature", "properties": { "h3": "8a65b5663097fff", "resolution": 10, "center_lat": 10.781302930363152, "center_lon": 106.68330546252766, "avg_edge_len": 81.382535700349919, "cell_area": 17206.69463916868, "cell_perimeter": 488.29521420209949, "code": "770", "name": "Quận 3", "name_en": "District 3", "level": "Quận", "prov_code": "79", "prov_name": "Thành phố Hồ Chí Minh", "region": "Đông Nam Bộ", "pop_2019": 190375.0, "pop_dens": 38852.0, "area": 4.92 }, "geometry": { "type": "Polygon", "coordinates": [ [ [ 106.683903557772126, 10.780865722129418 ], [ 106.683982509190329, 10.781600712006696 ], [ 106.683384414420445, 10.782037921609497 ], [ 106.682707366285371, 10.781740139180831 ], [ 106.682628417110948, 10.78100514611814 ], [ 106.683226513827805, 10.78056793866951 ], [ 106.683903557772126, 10.780865722129418 ] ] ] } },
{ "type": "Feature", "properties": { "h3": "8a65b5663037fff", "resolution": 10, "center_lat": 10.776892970384223, "center_lon": 106.68283176653151, "avg_edge_len": 81.382817935776558, "cell_area": 17206.814458986744, "cell_perimeter": 488.29690761465935, "code": "770", "name": "Quận 3", "name_en": "District 3", "level": "Quận", "prov_code": "79", "prov_name": "Thành phố Hồ Chí Minh", "region": "Đông Nam Bộ", "pop_2019": 190375.0, "pop_dens": 38852.0, "area": 4.92 }, "geometry": { "type": "Polygon", "coordinates": [ [ [ 106.683429856008317, 10.776455769847503 ], [ 106.683508805499272, 10.777190763443054 ], [ 106.682910716497005, 10.777627965349017 ], [ 106.682233676056939, 10.777330171504605 ], [ 106.682154728809735, 10.776595174723601 ], [ 106.682752819758804, 10.776157974972437 ], [ 106.683429856008317, 10.776455769847503 ] ] ] } },
{ "type": "Feature", "properties": { "h3": "8a65b566362ffff", "resolution": 10, "center_lat": 10.784205026308559, "center_lon": 106.6771664309111, "avg_edge_len": 81.384814515407882, "cell_area": 17207.66060692817, "cell_perimeter": 488.30888709244732, "code": "770", "name": "Quận 3", "name_en": "District 3", "level": "Quận", "prov_code": "79", "prov_name": "Thành phố Hồ Chí Minh", "region": "Đông Nam Bộ", "pop_2019": 190375.0, "pop_dens": 38852.0, "area": 4.92 }, "geometry": { "type": "Polygon", "coordinates": [ [ [ 106.677764562923002, 10.783767816538681 ], [ 106.677843504084706, 10.784502820477156 ], [ 106.677245372546381, 10.784940031615315 ], [ 106.676568297900985, 10.784642236661568 ], [ 106.676489358983687, 10.783907229539359 ], [ 106.677087492467365, 10.783470020554612 ], [ 106.677764562923002, 10.783767816538681 ] ] ] } },
{ "type": "Feature", "properties": { "h3": "8a65b5663487fff", "resolution": 10, "center_lat": 10.787499447190296, "center_lon": 106.68784146322174, "avg_edge_len": 81.380658246536541, "cell_area": 17205.89844259806, "cell_perimeter": 488.28394947921925, "code": "770", "name": "Quận 3", "name_en": "District 3", "level": "Quận", "prov_code": "79", "prov_name": "Thành phố Hồ Chí Minh", "region": "Đông Nam Bộ", "pop_2019": 190375.0, "pop_dens": 38852.0, "area": 4.92 }, "geometry": { "type": "Polygon", "coordinates": [ [ [ 106.688439546780614, 10.787062226034012 ], [ 106.68851850782049, 10.787797200759247 ], [ 106.687920424736987, 10.788234423284775 ], [ 106.687243378665343, 10.787936668931525 ], [ 106.687164419868921, 10.787201691019936 ], [ 106.687762504900689, 10.786764470647922 ], [ 106.688439546780614, 10.787062226034012 ] ] ] } },
{ "type": "Feature", "properties": { "h3": "8a65b5645d2ffff", "resolution": 10, "center_lat": 10.789926703375682, "center_lon": 106.67584564467921, "avg_edge_len": 81.385186026434653, "cell_area": 17207.8178333994, "cell_perimeter": 488.31111615860789, "code": "770", "name": "Quận 3", "name_en": "District 3", "level": "Quận", "prov_code": "79", "prov_name": "Thành phố Hồ Chí Minh", "region": "Đông Nam Bộ", "pop_2019": 190375.0, "pop_dens": 38852.0, "area": 4.92 }, "geometry": { "type": "Polygon", "coordinates": [ [ [ 106.676443794066415, 10.789489484696798 ], [ 106.676522734270506, 10.790224488744645 ], [ 106.67592458535664, 10.790661708791385 ], [ 106.6752474942936, 10.790363922637763 ], [ 106.675168556334114, 10.789628915406729 ], [ 106.675766707193048, 10.789191697512482 ], [ 106.676443794066415, 10.789489484696798 ] ] ] } },
{ "type": "Feature", "properties": { "h3": "8a65b5663c6ffff", "resolution": 10, "center_lat": 10.774269772830346, "center_lon": 106.68642023673353, "avg_edge_len": 81.381505994601028, "cell_area": 17206.258394323289, "cell_perimeter": 488.2890359676062, "code": "770", "name": "Quận 3", "name_en": "District 3", "level": "Quận", "prov_code": "79", "prov_name": "Thành phố Hồ Chí Minh", "region": "Đông Nam Bộ", "pop_2019": 190375.0, "pop_dens": 38852.0, "area": 4.92 }, "geometry": { "type": "Polygon", "coordinates": [ [ [ 106.687018302992655, 10.773832574767454 ], [ 106.687097258250532, 10.774567560660422 ], [ 106.686499192466556, 10.77500476009307 ], [ 106.685822169476907, 10.774706971477343 ], [ 106.685743216462399, 10.773971982397908 ], [ 106.686341284194128, 10.77353478512064 ], [ 106.687018302992655, 10.773832574767454 ] ] ] } },
{ "type": "Feature", "properties": { "h3": "8a65b5663137fff", "resolution": 10, "center_lat": 10.774409180002339, "center_lon": 106.68514514342483, "avg_edge_len": 81.381990311201676, "cell_area": 17206.463766377419, "cell_perimeter": 488.29194186721003, "code": "770", "name": "Quận 3", "name_en": "District 3", "level": "Quận", "prov_code": "79", "prov_name": "Thành phố Hồ Chí Minh", "region": "Đông Nam Bộ", "pop_2019": 190375.0, "pop_dens": 38852.0, "area": 4.92 }, "geometry": { "type": "Polygon", "coordinates": [ [ [ 106.685743216462399, 10.773971982397908 ], [ 106.685822169476907, 10.774706971477343 ], [ 106.685224096914268, 10.775144170451382 ], [ 106.68454706938968, 10.774846378190668 ], [ 106.684468118618696, 10.774111385925092 ], [ 106.685066193128733, 10.773674189106348 ], [ 106.685743216462399, 10.773971982397908 ] ] ] } },
{ "type": "Feature", "properties": { "h3": "8a65b5663877fff", "resolution": 10, "center_lat": 10.767933613336012, "center_lon": 106.68315950496891, "avg_edge_len": 81.382896032960502, "cell_area": 17206.847963284701, "cell_perimeter": 488.29737619776301, "code": "770", "name": "Quận 3", "name_en": "District 3", "level": "Quận", "prov_code": "79", "prov_name": "Thành phố Hồ Chí Minh", "region": "Đông Nam Bộ", "pop_2019": 190375.0, "pop_dens": 38852.0, "area": 4.92 }, "geometry": { "type": "Polygon", "coordinates": [ [ [ 106.683757576133516, 10.767496427749315 ], [ 106.68383652401377, 10.76823142556907 ], [ 106.683238453323753, 10.76866861252549 ], [ 106.682561432806665, 10.768370799505998 ], [ 106.682482487170006, 10.767635798500384 ], [ 106.683080559806811, 10.767198613700101 ], [ 106.683757576133516, 10.767496427749315 ] ] ] } },
{ "type": "Feature", "properties": { "h3": "8a65b5662357fff", "resolution": 10, "center_lat": 10.781080643139175, "center_lon": 106.69553725663179, "avg_edge_len": 81.377862941306049, "cell_area": 17204.713788680732, "cell_perimeter": 488.26717764783626, "code": "770", "name": "Quận 3", "name_en": "District 3", "level": "Quận", "prov_code": "79", "prov_name": "Thành phố Hồ Chí Minh", "region": "Đông Nam Bộ", "pop_2019": 190375.0, "pop_dens": 38852.0, "area": 4.92 }, "geometry": { "type": "Polygon", "coordinates": [ [ [ 106.696135288906206, 10.780643428616527 ], [ 106.696214262116129, 10.781378387284926 ], [ 106.695616230318393, 10.781815603177948 ], [ 106.694939223360436, 10.781517858247664 ], [ 106.694860252393141, 10.780782896390701 ], [ 106.695458286141161, 10.780345682652568 ], [ 106.696135288906206, 10.780643428616527 ] ] ] } },
{ "type": "Feature", "properties": { "h3": "8a65b5644b5ffff", "resolution": 10, "center_lat": 10.790401702648193, "center_lon": 106.6817025291688, "avg_edge_len": 81.38293730240531, "cell_area": 17206.864477025345, "cell_perimeter": 488.29762381443186, "code": "770", "name": "Quận 3", "name_en": "District 3", "level": "Quận", "prov_code": "79", "prov_name": "Thành phố Hồ Chí Minh", "region": "Đông Nam Bộ", "pop_2019": 190375.0, "pop_dens": 38852.0, "area": 4.92 }, "geometry": { "type": "Polygon", "coordinates": [ [ [ 106.682300649504768, 10.789964479960371 ], [ 106.682379600289877, 10.790699468744942 ], [ 106.68178148042827, 10.79113669280121 ], [ 106.681104407834866, 10.790838925920147 ], [ 106.681025459293807, 10.790103933950908 ], [ 106.681623581102087, 10.78966671204738 ], [ 106.682300649504768, 10.789964479960371 ] ] ] } },
{ "type": "Feature", "properties": { "h3": "8a65b5645937fff", "resolution": 10, "center_lat": 10.783590426501743, "center_lon": 106.67258474603729, "avg_edge_len": 81.386578583232506, "cell_area": 17208.408471537754, "cell_perimeter": 488.31947149939504, "code": "770", "name": "Quận 3", "name_en": "District 3", "level": "Quận", "prov_code": "79", "prov_name": "Thành phố Hồ Chí Minh", "region": "Đông Nam Bộ", "pop_2019": 190375.0, "pop_dens": 38852.0, "area": 4.92 }, "geometry": { "type": "Polygon", "coordinates": [ [ [ 106.67318290031757, 10.783153220275283 ], [ 106.673261833141567, 10.78388823628695 ], [ 106.672663679334093, 10.784325443881237 ], [ 106.671986590758465, 10.784027633310597 ], [ 106.671907660179286, 10.78329261411635 ], [ 106.67250581593089, 10.782855408675303 ], [ 106.67318290031757, 10.783153220275283 ] ] ] } },
{ "type": "Feature", "properties": { "h3": "8a65b56636cffff", "resolution": 10, "center_lat": 10.787861104350762, "center_lon": 106.67433359110598, "avg_edge_len": 81.385811673001243, "cell_area": 17208.083133943379, "cell_perimeter": 488.31487003800743, "code": "770", "name": "Quận 3", "name_en": "District 3", "level": "Quận", "prov_code": "79", "prov_name": "Thành phố Hồ Chí Minh", "region": "Đông Nam Bộ", "pop_2019": 190375.0, "pop_dens": 38852.0, "area": 4.92 }, "geometry": { "type": "Polygon", "coordinates": [ [ [ 106.674931744382889, 10.787423889976912 ], [ 106.675010681378751, 10.788158899076059 ], [ 106.674412528574948, 10.788596114817707 ], [ 106.673735436830611, 10.788298319307479 ], [ 106.673656502079439, 10.787563307025456 ], [ 106.674254656827884, 10.787126093436518 ], [ 106.674931744382889, 10.787423889976912 ] ] ] } },
{ "type": "Feature", "properties": { "h3": "8a65b5663527fff", "resolution": 10, "center_lat": 10.78060575112246, "center_lon": 106.68968103002136, "avg_edge_len": 81.380114147543679, "cell_area": 17205.66819357127, "cell_perimeter": 488.28068488526208, "code": "770", "name": "Quận 3", "name_en": "District 3", "level": "Quận", "prov_code": "79", "prov_name": "Thành phố Hồ Chí Minh", "region": "Đông Nam Bộ", "pop_2019": 190375.0, "pop_dens": 38852.0, "area": 4.92 }, "geometry": { "type": "Polygon", "coordinates": [ [ [ 106.69027909137084, 10.780168540588763 ], [ 106.690358054006126, 10.780903514533978 ], [ 106.689759993132313, 10.781340726437453 ], [ 106.689082967674537, 10.78104296224106 ], [ 106.689004007282435, 10.780307985108767 ], [ 106.689602070104911, 10.779870775359921 ], [ 106.69027909137084, 10.780168540588763 ] ] ] } },
{ "type": "Feature", "properties": { "h3": "8a65b5644b57fff", "resolution": 10, "center_lat": 10.790262245009467, "center_lon": 106.68297771484598, "avg_edge_len": 81.382453213830956, "cell_area": 17206.659267798066, "cell_perimeter": 488.29471928298574, "code": "770", "name": "Quận 3", "name_en": "District 3", "level": "Quận", "prov_code": "79", "prov_name": "Thành phố Hồ Chí Minh", "region": "Đông Nam Bộ", "pop_2019": 190375.0, "pop_dens": 38852.0, "area": 4.92 }, "geometry": { "type": "Polygon", "coordinates": [ [ [ 106.683575828404159, 10.789825021858311 ], [ 106.683654781433205, 10.790560007457875 ], [ 106.683056668349593, 10.790997231977618 ], [ 106.682379600289877, 10.790699468744942 ], [ 106.682300649504768, 10.789964479960371 ], [ 106.682898764535395, 10.789527257593463 ], [ 106.683575828404159, 10.789825021858311 ] ] ] } },
{ "type": "Feature", "properties": { "h3": "8a65b566352ffff", "resolution": 10, "center_lat": 10.780745195183119, "center_lon": 106.68840593915296, "avg_edge_len": 81.380598565280778, "cell_area": 17205.873465362936, "cell_perimeter": 488.28359139168469, "code": "770", "name": "Quận 3", "name_en": "District 3", "level": "Quận", "prov_code": "79", "prov_name": "Thành phố Hồ Chí Minh", "region": "Đông Nam Bộ", "pop_2019": 190375.0, "pop_dens": 38852.0, "area": 4.92 }, "geometry": { "type": "Polygon", "coordinates": [ [ [ 106.689004007282435, 10.780307985108767 ], [ 106.689082967674537, 10.78104296224106 ], [ 106.688484900020526, 10.781480173685052 ], [ 106.687807870026063, 10.781182405842191 ], [ 106.687728911877244, 10.780447425523155 ], [ 106.688326981479591, 10.780010216233698 ], [ 106.689004007282435, 10.780307985108767 ] ] ] } },
{ "type": "Feature", "properties": { "h3": "8a65b5663c67fff", "resolution": 10, "center_lat": 10.7741303615551, "center_lon": 106.68769531872815, "avg_edge_len": 81.381021624091758, "cell_area": 17206.053119745106, "cell_perimeter": 488.28612974455058, "code": "770", "name": "Quận 3", "name_en": "District 3", "level": "Quận", "prov_code": "79", "prov_name": "Thành phố Hồ Chí Minh", "region": "Đông Nam Bộ", "pop_2019": 190375.0, "pop_dens": 38852.0, "area": 4.92 }, "geometry": { "type": "Polygon", "coordinates": [ [ [ 106.6882933782083, 10.773693163034055 ], [ 106.688372335709474, 10.774428145740226 ], [ 106.687774276704644, 10.774865345631152 ], [ 106.687097258250532, 10.774567560660422 ], [ 106.687018302992655, 10.773832574767454 ], [ 106.687616363945551, 10.773395377031999 ], [ 106.6882933782083, 10.773693163034055 ] ] ] } },
{ "type": "Feature", "properties": { "h3": "8a65b5645d27fff", "resolution": 10, "center_lat": 10.789787269017831, "center_lon": 106.67712087788058, "avg_edge_len": 81.384702179183932, "cell_area": 17207.612695718184, "cell_perimeter": 488.30821307510359, "code": "770", "name": "Quận 3", "name_en": "District 3", "level": "Quận", "prov_code": "79", "prov_name": "Thành phố Hồ Chí Minh", "region": "Đông Nam Bộ", "pop_2019": 190375.0, "pop_dens": 38852.0, "area": 4.92 }, "geometry": { "type": "Polygon", "coordinates": [ [ [ 106.677719020492361, 10.7893500498744 ], [ 106.677797962940915, 10.79008505073873 ], [ 106.677199820802713, 10.790522271250154 ], [ 106.676522734270506, 10.790224488744645 ], [ 106.676443794066415, 10.789489484696798 ], [ 106.677041938150026, 10.789052266337954 ], [ 106.677719020492361, 10.7893500498744 ] ] ] } },
{ "type": "Feature", "properties": { "h3": "8a65b566376ffff", "resolution": 10, "center_lat": 10.780967194755387, "center_lon": 106.67617360509146, "avg_edge_len": 81.385268491495225, "cell_area": 17207.853161921725, "cell_perimeter": 488.31161094897135, "code": "770", "name": "Quận 3", "name_en": "District 3", "level": "Quận", "prov_code": "79", "prov_name": "Thành phố Hồ Chí Minh", "region": "Đông Nam Bộ", "pop_2019": 190375.0, "pop_dens": 38852.0, "area": 4.92 }, "geometry": { "type": "Polygon", "coordinates": [ [ [ 106.676771736163701, 10.780529990983464 ], [ 106.67685067475783, 10.781264999306851 ], [ 106.676252544158984, 10.781702204447114 ], [ 106.675575473020942, 10.781404399110134 ], [ 106.675496536671261, 10.780669387603147 ], [ 106.676094669215146, 10.780232184616715 ], [ 106.676771736163701, 10.780529990983464 ] ] ] } },
{ "type": "Feature", "properties": { "h3": "8a65b56636d7fff", "resolution": 10, "center_lat": 10.788754479938378, "center_lon": 106.67636485274843, "avg_edge_len": 81.385015056246232, "cell_area": 17207.745378067717, "cell_perimeter": 488.31009033747739, "code": "770", "name": "Quận 3", "name_en": "District 3", "level": "Quận", "prov_code": "79", "prov_name": "Thành phố Hồ Chí Minh", "region": "Đông Nam Bộ", "pop_2019": 190375.0, "pop_dens": 38852.0, "area": 4.92 }, "geometry": { "type": "Polygon", "coordinates": [ [ [ 106.676962997305523, 10.788317262947503 ], [ 106.677041938150026, 10.789052266337954 ], [ 106.676443794066415, 10.789489484696798 ], [ 106.675766707193048, 10.789191697512482 ], [ 106.67568776859305, 10.78845669093867 ], [ 106.676285914621886, 10.788019474732513 ], [ 106.676962997305523, 10.788317262947503 ] ] ] } },
{ "type": "Feature", "properties": { "h3": "8a65b566224ffff", "resolution": 10, "center_lat": 10.782671217217603, "center_lon": 106.69119300228829, "avg_edge_len": 81.379488300586175, "cell_area": 17205.40270906128, "cell_perimeter": 488.27692980351708, "code": "770", "name": "Quận 3", "name_en": "District 3", "level": "Quận", "prov_code": "79", "prov_name": "Thành phố Hồ Chí Minh", "region": "Đông Nam Bộ", "pop_2019": 190375.0, "pop_dens": 38852.0, "area": 4.92 }, "geometry": { "type": "Polygon", "coordinates": [ [ [ 106.691791059740027, 10.782234002375038 ], [ 106.691870025582048, 10.78296897127051 ], [ 106.691271968606273, 10.783406187482912 ], [ 106.690594943839315, 10.78310843264541 ], [ 106.690515980240349, 10.782373460562546 ], [ 106.691114039165242, 10.781936246504555 ], [ 106.691791059740027, 10.782234002375038 ] ] ] } },
{ "type": "Feature", "properties": { "h3": "8a65b564582ffff", "resolution": 10, "center_lat": 10.785180827747412, "center_lon": 106.66823971853236, "avg_edge_len": 81.388200544228383, "cell_area": 17209.095982946455, "cell_perimeter": 488.32920326537032, "code": "770", "name": "Quận 3", "name_en": "District 3", "level": "Quận", "prov_code": "79", "prov_name": "Thành phố Hồ Chí Minh", "region": "Đông Nam Bộ", "pop_2019": 190375.0, "pop_dens": 38852.0, "area": 4.92 }, "geometry": { "type": "Polygon", "coordinates": [ [ [ 106.668837897960387, 10.784743621226161 ], [ 106.668916823408779, 10.785478647443776 ], [ 106.668318644452825, 10.785915855332316 ], [ 106.667641538105485, 10.785618034850449 ], [ 106.667562614902323, 10.78488300545143 ], [ 106.668160795801256, 10.784445799715655 ], [ 106.668837897960387, 10.784743621226161 ] ] ] } },
{ "type": "Feature", "properties": { "h3": "8a65b566341ffff", "resolution": 10, "center_lat": 10.785433970400225, "center_lon": 106.6863294579521, "avg_edge_len": 81.381284294108397, "cell_area": 17206.163973262534, "cell_perimeter": 488.28770576465035, "code": "770", "name": "Quận 3", "name_en": "District 3", "level": "Quận", "prov_code": "79", "prov_name": "Thành phố Hồ Chí Minh", "region": "Đông Nam Bộ", "pop_2019": 190375.0, "pop_dens": 38852.0, "area": 4.92 }, "geometry": { "type": "Polygon", "coordinates": [ [ [ 106.686927545407059, 10.784996753551017 ], [ 106.687006503239786, 10.785731733329435 ], [ 106.686408416259965, 10.786168951547827 ], [ 106.68573136949955, 10.785871187834049 ], [ 106.68565241391039, 10.785136204869591 ], [ 106.686250502838035, 10.784698988804928 ], [ 106.686927545407059, 10.784996753551017 ] ] ] } },
{ "type": "Feature", "properties": { "h3": "8a65b566235ffff", "resolution": 10, "center_lat": 10.781220110455225, "center_lon": 106.6942622133364, "avg_edge_len": 81.378347599925519, "cell_area": 17204.919261800125, "cell_perimeter": 488.27008559955311, "code": "770", "name": "Quận 3", "name_en": "District 3", "level": "Quận", "prov_code": "79", "prov_name": "Thành phố Hồ Chí Minh", "region": "Đông Nam Bộ", "pop_2019": 190375.0, "pop_dens": 38852.0, "area": 4.92 }, "geometry": { "type": "Polygon", "coordinates": [ [ [ 106.694860252393141, 10.780782896390701 ], [ 106.694939223360436, 10.781517858247664 ], [ 106.694341184780157, 10.781955073682418 ], [ 106.693664173282642, 10.781657325105396 ], [ 106.693585204558104, 10.780922360060202 ], [ 106.694183245088311, 10.78048514678024 ], [ 106.694860252393141, 10.780782896390701 ] ] ] } },
{ "type": "Feature", "properties": { "h3": "8a65b5663b5ffff", "resolution": 10, "center_lat": 10.767736916061878, "center_lon": 106.67475278262874, "avg_edge_len": 81.386112565433791, "cell_area": 17208.21158169955, "cell_perimeter": 488.31667539260275, "code": "770", "name": "Quận 3", "name_en": "District 3", "level": "Quận", "prov_code": "79", "prov_name": "Thành phố Hồ Chí Minh", "region": "Đông Nam Bộ", "pop_2019": 190375.0, "pop_dens": 38852.0, "area": 4.92 }, "geometry": { "type": "Polygon", "coordinates": [ [ [ 106.675350896391848, 10.767299735381195 ], [ 106.675429829204745, 10.768034754826941 ], [ 106.674831715914792, 10.76847193687647 ], [ 106.674154667867356, 10.768174097324522 ], [ 106.67407573729885, 10.767439074695062 ], [ 106.674673852533331, 10.767001894801245 ], [ 106.675350896391848, 10.767299735381195 ] ] ] } },
{ "type": "Feature", "properties": { "h3": "8a65b566380ffff", "resolution": 10, "center_lat": 10.768966422687747, "center_lon": 106.68391547077935, "avg_edge_len": 81.382583775065925, "cell_area": 17206.715586263686, "cell_perimeter": 488.29550265039558, "code": "770", "name": "Quận 3", "name_en": "District 3", "level": "Quận", "prov_code": "79", "prov_name": "Thành phố Hồ Chí Minh", "region": "Đông Nam Bộ", "pop_2019": 190375.0, "pop_dens": 38852.0, "area": 4.92 }, "geometry": { "type": "Polygon", "coordinates": [ [ [ 106.684513539997084, 10.768529234945046 ], [ 106.684592489480892, 10.76926423024743 ], [ 106.683994420737861, 10.769701419359878 ], [ 106.683317400564007, 10.769403611013892 ], [ 106.683238453323753, 10.76866861252549 ], [ 106.68383652401377, 10.76823142556907 ], [ 106.684513539997084, 10.768529234945046 ] ] ] } },
{ "type": "Feature", "properties": { "h3": "8a65b56622effff", "resolution": 10, "center_lat": 10.78473665449177, "center_lon": 106.69270497958581, "avg_edge_len": 81.378862224494512, "cell_area": 17205.137277809903, "cell_perimeter": 488.27317334696704, "code": "770", "name": "Quận 3", "name_en": "District 3", "level": "Quận", "prov_code": "79", "prov_name": "Thành phố Hồ Chí Minh", "region": "Đông Nam Bộ", "pop_2019": 190375.0, "pop_dens": 38852.0, "area": 4.92 }, "geometry": { "type": "Polygon", "coordinates": [ [ [ 106.693303033138932, 10.784299435340778 ], [ 106.693382002187619, 10.785034399184005 ], [ 106.692783949110705, 10.785471619704888 ], [ 106.692106925035532, 10.785173874228338 ], [ 106.692027958229801, 10.784438907197405 ], [ 106.692626013256259, 10.784001688830708 ], [ 106.693303033138932, 10.784299435340778 ] ] ] } },
{ "type": "Feature", "properties": { "h3": "8a65b56458cffff", "resolution": 10, "center_lat": 10.788836934065424, "center_lon": 106.66540661023218, "avg_edge_len": 81.389196741288302, "cell_area": 17209.518200520426, "cell_perimeter": 488.33518044772978, "code": "770", "name": "Quận 3", "name_en": "District 3", "level": "Quận", "prov_code": "79", "prov_name": "Thành phố Hồ Chí Minh", "region": "Đông Nam Bộ", "pop_2019": 190375.0, "pop_dens": 38852.0, "area": 4.92 }, "geometry": { "type": "Polygon", "coordinates": [ [ [ 106.666004810918466, 10.788399722951247 ], [ 106.666083732198828, 10.789134754323511 ], [ 106.665485531984132, 10.789571966804493 ], [ 106.664808408546776, 10.789274145761118 ], [ 106.664729489511956, 10.788539111208312 ], [ 106.665327691668921, 10.788101900879401 ], [ 106.666004810918466, 10.788399722951247 ] ] ] } },
{ "type": "Feature", "properties": { "h3": "8a65b5663667fff", "resolution": 10, "center_lat": 10.783311627416607, "center_lon": 106.67513520595189, "avg_edge_len": 81.385611036712874, "cell_area": 17207.998314667493, "cell_perimeter": 488.31366622027724, "code": "770", "name": "Quận 3", "name_en": "District 3", "level": "Quận", "prov_code": "79", "prov_name": "Thành phố Hồ Chí Minh", "region": "Đông Nam Bộ", "pop_2019": 190375.0, "pop_dens": 38852.0, "area": 4.92 }, "geometry": { "type": "Polygon", "coordinates": [ [ [ 106.67573334668387, 10.782874420263123 ], [ 106.675812283997132, 10.783609429908635 ], [ 106.675214143738359, 10.784046638430226 ], [ 106.674537064221497, 10.783748835152856 ], [ 106.674458129152811, 10.783013822324099 ], [ 106.675056271356382, 10.782576615955936 ], [ 106.67573334668387, 10.782874420263123 ] ] ] } },
{ "type": "Feature", "properties": { "h3": "8a65b5663a27fff", "resolution": 10, "center_lat": 10.768630423787812, "center_lon": 106.67678391318151, "avg_edge_len": 81.385316572901786, "cell_area": 17207.874121081084, "cell_perimeter": 488.31189943741072, "code": "770", "name": "Quận 3", "name_en": "District 3", "level": "Quận", "prov_code": "79", "prov_name": "Thành phố Hồ Chí Minh", "region": "Đông Nam Bộ", "pop_2019": 190375.0, "pop_dens": 38852.0, "area": 4.92 }, "geometry": { "type": "Polygon", "coordinates": [ [ [ 106.677382018225629, 10.768193240492344 ], [ 106.677460954886641, 10.768928254238087 ], [ 106.676862850316041, 10.769365438902568 ], [ 106.676185807139305, 10.769067607665603 ], [ 106.676106872722499, 10.76833259073566 ], [ 106.676704979238181, 10.76789540822686 ], [ 106.677382018225629, 10.768193240492344 ] ] ] } },
{ "type": "Feature", "properties": { "h3": "8a65b5644947fff", "resolution": 10, "center_lat": 10.788253219728563, "center_lon": 106.69114769658971, "avg_edge_len": 81.379376315044041, "cell_area": 17205.354986485094, "cell_perimeter": 488.27625789026422, "code": "770", "name": "Quận 3", "name_en": "District 3", "level": "Quận", "prov_code": "79", "prov_name": "Thành phố Hồ Chí Minh", "region": "Đông Nam Bộ", "pop_2019": 190375.0, "pop_dens": 38852.0, "area": 4.92 }, "geometry": { "type": "Polygon", "coordinates": [ [ [ 106.691745764638981, 10.787815995496674 ], [ 106.691824731768776, 10.788550961320365 ], [ 106.691226664195497, 10.788988186921811 ], [ 106.690549627543206, 10.788690444545958 ], [ 106.690470662656551, 10.787955475535092 ], [ 106.691068732179005, 10.787518252087226 ], [ 106.691745764638981, 10.787815995496674 ] ] ] } },
{ "type": "Feature", "properties": { "h3": "8a65b566316ffff", "resolution": 10, "center_lat": 10.772761754627068, "center_lon": 106.67980782976366, "avg_edge_len": 81.384067713606214, "cell_area": 17207.344501836225, "cell_perimeter": 488.30440628163728, "code": "770", "name": "Quận 3", "name_en": "District 3", "level": "Quận", "prov_code": "79", "prov_name": "Thành phố Hồ Chí Minh", "region": "Đông Nam Bộ", "pop_2019": 190375.0, "pop_dens": 38852.0, "area": 4.92 }, "geometry": { "type": "Polygon", "coordinates": [ [ [ 106.680405927025845, 10.772324562710089 ], [ 106.680484870102021, 10.77305956638574 ], [ 106.679886773313839, 10.773496759671847 ], [ 106.679209731503548, 10.773198947127041 ], [ 106.679130790671366, 10.772463940266562 ], [ 106.679728889405467, 10.772026749135696 ], [ 106.680405927025845, 10.772324562710089 ] ] ] } },
{ "type": "Feature", "properties": { "h3": "8a65b56638affff", "resolution": 10, "center_lat": 10.771032019816362, "center_lon": 106.68542740618034, "avg_edge_len": 81.381959086676375, "cell_area": 17206.450692974031, "cell_perimeter": 488.29175452005825, "code": "770", "name": "Quận 3", "name_en": "District 3", "level": "Quận", "prov_code": "79", "prov_name": "Thành phố Hồ Chí Minh", "region": "Đông Nam Bộ", "pop_2019": 190375.0, "pop_dens": 38852.0, "area": 4.92 }, "geometry": { "type": "Polygon", "coordinates": [ [ [ 106.686025471503683, 10.770594827761999 ], [ 106.686104424194497, 10.77132981802777 ], [ 106.685506359346093, 10.771767011451942 ], [ 106.684829339859434, 10.771469212454512 ], [ 106.684750389412059, 10.77073421900241 ], [ 106.685348456207876, 10.770297027734044 ], [ 106.686025471503683, 10.770594827761999 ] ] ] } },
{ "type": "Feature", "properties": { "h3": "8a65b5663707fff", "resolution": 10, "center_lat": 10.782753979931275, "center_lon": 106.68023599011471, "avg_edge_len": 81.383675300711872, "cell_area": 17207.177685851231, "cell_perimeter": 488.30205180427123, "code": "770", "name": "Quận 3", "name_en": "District 3", "level": "Quận", "prov_code": "79", "prov_name": "Thành phố Hồ Chí Minh", "region": "Đông Nam Bộ", "pop_2019": 190375.0, "pop_dens": 38852.0, "area": 4.92 }, "geometry": { "type": "Polygon", "coordinates": [ [ [ 106.680834103744218, 10.782316770927672 ], [ 106.680913050034547, 10.783051767836884 ], [ 106.680314936879142, 10.783488978209165 ], [ 106.679637875487188, 10.783191189518414 ], [ 106.679558931440951, 10.782456189424627 ], [ 106.680157046542519, 10.782018981206139 ], [ 106.680834103744218, 10.782316770927672 ] ] ] } },
{ "type": "Feature", "properties": { "h3": "8a65b566355ffff", "resolution": 10, "center_lat": 10.782196266709612, "center_lon": 106.68533659332978, "avg_edge_len": 81.381738705761435, "cell_area": 17206.356723185629, "cell_perimeter": 488.29043223456858, "code": "770", "name": "Quận 3", "name_en": "District 3", "level": "Quận", "prov_code": "79", "prov_name": "Thành phố Hồ Chí Minh", "region": "Đông Nam Bộ", "pop_2019": 190375.0, "pop_dens": 38852.0, "area": 4.92 }, "geometry": { "type": "Polygon", "coordinates": [ [ [ 106.685934679848856, 10.781759055861105 ], [ 106.686013635114321, 10.7824940400287 ], [ 106.6854155490702, 10.782931252246449 ], [ 106.684738505813044, 10.782633478142417 ], [ 106.684659552791189, 10.781898490788921 ], [ 106.685257640782851, 10.781461280725329 ], [ 106.685934679848856, 10.781759055861105 ] ] ] } },
{ "type": "Feature", "properties": { "h3": "8a65b5663c9ffff", "resolution": 10, "center_lat": 10.780466302956167, "center_lon": 106.69095610957234, "avg_edge_len": 81.37962967525111, "cell_area": 17205.462771680206, "cell_perimeter": 488.27777805150663, "code": "770", "name": "Quận 3", "name_en": "District 3", "level": "Quận", "prov_code": "79", "prov_name": "Thành phố Hồ Chí Minh", "region": "Đông Nam Bộ", "pop_2019": 190375.0, "pop_dens": 38852.0, "area": 4.92 }, "geometry": { "type": "Polygon", "coordinates": [ [ [ 106.691554164141351, 10.780029091963462 ], [ 106.691633129019664, 10.780764062721268 ], [ 106.691035074926575, 10.781201275083896 ], [ 106.690358054006126, 10.780903514533978 ], [ 106.69027909137084, 10.780168540588763 ], [ 106.690877147412948, 10.779731330380853 ], [ 106.691554164141351, 10.780029091963462 ] ] ] } },
{ "type": "Feature", "properties": { "h3": "8a65b566348ffff", "resolution": 10, "center_lat": 10.787638911714701, "center_lon": 106.68656632953049, "avg_edge_len": 81.381142551040895, "cell_area": 17206.103756420314, "cell_perimeter": 488.28685530624534, "code": "770", "name": "Quận 3", "name_en": "District 3", "level": "Quận", "prov_code": "79", "prov_name": "Thành phố Hồ Chí Minh", "region": "Đông Nam Bộ", "pop_2019": 190375.0, "pop_dens": 38852.0, "area": 4.92 }, "geometry": { "type": "Polygon", "coordinates": [ [ [ 106.687164419868921, 10.787201691019936 ], [ 106.687243378665343, 10.787936668931525 ], [ 106.686645288802069, 10.788373890995395 ], [ 106.685968238194434, 10.788076132994226 ], [ 106.685889281641579, 10.787341151896614 ], [ 106.686487373452778, 10.786903931986167 ], [ 106.687164419868921, 10.787201691019936 ] ] ] } },
{ "type": "Feature", "properties": { "h3": "8a65b56637a7fff", "resolution": 10, "center_lat": 10.784819540943152, "center_lon": 106.6817480015675, "avg_edge_len": 81.383049751827699, "cell_area": 17206.912420058623, "cell_perimeter": 488.29829851096622, "code": "770", "name": "Quận 3", "name_en": "District 3", "level": "Quận", "prov_code": "79", "prov_name": "Thành phố Hồ Chí Minh", "region": "Đông Nam Bộ", "pop_2019": 190375.0, "pop_dens": 38852.0, "area": 4.92 }, "geometry": { "type": "Polygon", "coordinates": [ [ [ 106.68234611130427, 10.784382327632354 ], [ 106.682425060802203, 10.785117319493084 ], [ 106.68182695153979, 10.785554534172606 ], [ 106.681149890832799, 10.785256754837816 ], [ 106.681070943578831, 10.784521759792204 ], [ 106.681669054787861, 10.784084547266247 ], [ 106.68234611130427, 10.784382327632354 ] ] ] } },
{ "type": "Feature", "properties": { "h3": "8a65b5663637fff", "resolution": 10, "center_lat": 10.785098400228879, "center_lon": 106.6791976412529, "avg_edge_len": 81.384017831077273, "cell_area": 17207.322822086513, "cell_perimeter": 488.30410698646364, "code": "770", "name": "Quận 3", "name_en": "District 3", "level": "Quận", "prov_code": "79", "prov_name": "Thành phố Hồ Chí Minh", "region": "Đông Nam Bộ", "pop_2019": 190375.0, "pop_dens": 38852.0, "area": 4.92 }, "geometry": { "type": "Polygon", "coordinates": [ [ [ 106.6797957645433, 10.784661187842861 ], [ 106.679874709553161, 10.785396186073024 ], [ 106.679276586736705, 10.785833399827494 ], [ 106.678599516964425, 10.785535613198389 ], [ 106.678520574198771, 10.784800611784004 ], [ 106.679118698961162, 10.784363400182921 ], [ 106.6797957645433, 10.784661187842861 ] ] ] } },
{ "type": "Feature", "properties": { "h3": "8a65b5663457fff", "resolution": 10, "center_lat": 10.784540665220625, "center_lon": 106.68429831663926, "avg_edge_len": 81.382081458384206, "cell_area": 17206.501939278096, "cell_perimeter": 488.29248875030521, "code": "770", "name": "Quận 3", "name_en": "District 3", "level": "Quận", "prov_code": "79", "prov_name": "Thành phố Hồ Chí Minh", "region": "Đông Nam Bộ", "pop_2019": 190375.0, "pop_dens": 38852.0, "area": 4.92 }, "geometry": { "type": "Polygon", "coordinates": [ [ [ 106.684896412820422, 10.784103450986363 ], [ 106.684975366805944, 10.784838436476319 ], [ 106.684377271099535, 10.785275652079591 ], [ 106.683700219460306, 10.784977880039142 ], [ 106.683621267718507, 10.784242891363636 ], [ 106.684219365372201, 10.783805677914112 ], [ 106.684896412820422, 10.784103450986363 ] ] ] } },
{ "type": "Feature", "properties": { "h3": "8a65b5663b97fff", "resolution": 10, "center_lat": 10.77158955833174, "center_lon": 106.6803269828354, "avg_edge_len": 81.383895936054159, "cell_area": 17207.271702166647, "cell_perimeter": 488.30337561632496, "code": "770", "name": "Quận 3", "name_en": "District 3", "level": "Quận", "prov_code": "79", "prov_name": "Thành phố Hồ Chí Minh", "region": "Đông Nam Bộ", "pop_2019": 190375.0, "pop_dens": 38852.0, "area": 4.92 }, "geometry": { "type": "Polygon", "coordinates": [ [ [ 106.680925075267453, 10.771152368110799 ], [ 106.681004018983799, 10.771887371119909 ], [ 106.680405927025845, 10.772324562710089 ], [ 106.679728889405467, 10.772026749135696 ], [ 106.679649947933058, 10.771291742941582 ], [ 106.680248041837061, 10.770854553506847 ], [ 106.680925075267453, 10.771152368110799 ] ] ] } },
{ "type": "Feature", "properties": { "h3": "8a65b5663107fff", "resolution": 10, "center_lat": 10.774548583070727, "center_lon": 106.68387003880318, "avg_edge_len": 81.3824745736583, "cell_area": 17206.669021254405, "cell_perimeter": 488.2948474419498, "code": "770", "name": "Quận 3", "name_en": "District 3", "level": "Quận", "prov_code": "79", "prov_name": "Thành phố Hồ Chí Minh", "region": "Đông Nam Bộ", "pop_2019": 190375.0, "pop_dens": 38852.0, "area": 4.92 }, "geometry": { "type": "Polygon", "coordinates": [ [ [ 106.684468118618696, 10.774111385925092 ], [ 106.68454706938968, 10.774846378190668 ], [ 106.683948990048876, 10.775283576705773 ], [ 106.683271957990002, 10.77498578080008 ], [ 106.683193009462641, 10.774250785348697 ], [ 106.683791090750489, 10.773813588988794 ], [ 106.684468118618696, 10.774111385925092 ] ] ] } },
{ "type": "Feature", "properties": { "h3": "8a65b5663847fff", "resolution": 10, "center_lat": 10.768072983629487, "center_lon": 106.68188440922853, "avg_edge_len": 81.383380247660142, "cell_area": 17207.053248792887, "cell_perimeter": 488.30028148596085, "code": "770", "name": "Quận 3", "name_en": "District 3", "level": "Quận", "prov_code": "79", "prov_name": "Thành phố Hồ Chí Minh", "region": "Đông Nam Bộ", "pop_2019": 190375.0, "pop_dens": 38852.0, "area": 4.92 }, "geometry": { "type": "Polygon", "coordinates": [ [ [ 106.682482487170006, 10.767635798500384 ], [ 106.682561432806665, 10.768370799505998 ], [ 106.681963355339533, 10.768807986004681 ], [ 106.681286330289296, 10.768510169341685 ], [ 106.681207386896361, 10.767775165150539 ], [ 106.681805466309925, 10.767337980807902 ], [ 106.682482487170006, 10.767635798500384 ] ] ] } },
{ "type": "Feature", "properties": { "h3": "8a65b5645907fff", "resolution": 10, "center_lat": 10.783729819878817, "center_lon": 106.67130949912563, "avg_edge_len": 81.387062275526276, "cell_area": 17208.613540263847, "cell_perimeter": 488.32237365315763, "code": "770", "name": "Quận 3", "name_en": "District 3", "level": "Quận", "prov_code": "79", "prov_name": "Thành phố Hồ Chí Minh", "region": "Đông Nam Bộ", "pop_2019": 190375.0, "pop_dens": 38852.0, "area": 4.92 }, "geometry": { "type": "Polygon", "coordinates": [ [ [ 106.671907660179286, 10.78329261411635 ], [ 106.671986590758465, 10.784027633310597 ], [ 106.671388430177387, 10.784464840440744 ], [ 106.670711337073314, 10.784167026223475 ], [ 106.670632408739067, 10.783432003846984 ], [ 106.671230571263933, 10.782994798869987 ], [ 106.671907660179286, 10.78329261411635 ] ] ] } },
{ "type": "Feature", "properties": { "h3": "8a65b566369ffff", "resolution": 10, "center_lat": 10.789647830547503, "center_lon": 106.67839609977497, "avg_edge_len": 81.384218277642404, "cell_area": 17207.407521413639, "cell_perimeter": 488.30530966585445, "code": "770", "name": "Quận 3", "name_en": "District 3", "level": "Quận", "prov_code": "79", "prov_name": "Thành phố Hồ Chí Minh", "region": "Đông Nam Bộ", "pop_2019": 190375.0, "pop_dens": 38852.0, "area": 4.92 }, "geometry": { "type": "Polygon", "coordinates": [ [ [ 106.678994235610801, 10.789210610939852 ], [ 106.679073180303718, 10.789945608620332 ], [ 106.678475044941678, 10.790382829596121 ], [ 106.677797962940915, 10.79008505073873 ], [ 106.677719020492361, 10.7893500498744 ], [ 106.678317157800166, 10.788912831051283 ], [ 106.678994235610801, 10.789210610939852 ] ] ] } },
{ "type": "Feature", "properties": { "h3": "8a65b56634f7fff", "resolution": 10, "center_lat": 10.786606170089208, "center_lon": 106.68581032397374, "avg_edge_len": 81.381455577551563, "cell_area": 17206.236537909135, "cell_perimeter": 488.28873346530941, "code": "770", "name": "Quận 3", "name_en": "District 3", "level": "Quận", "prov_code": "79", "prov_name": "Thành phố Hồ Chí Minh", "region": "Đông Nam Bộ", "pop_2019": 190375.0, "pop_dens": 38852.0, "area": 4.92 }, "geometry": { "type": "Polygon", "coordinates": [ [ [ 106.686408416259965, 10.786168951547827 ], [ 106.686487373452778, 10.786903931986167 ], [ 106.685889281641579, 10.787341151896614 ], [ 106.685212230689828, 10.787043389215169 ], [ 106.685133275740654, 10.786308405590967 ], [ 106.68573136949955, 10.785871187834049 ], [ 106.686408416259965, 10.786168951547827 ] ] ] } },
{ "type": "Feature", "properties": { "h3": "8a65b5644b27fff", "resolution": 10, "center_lat": 10.788811113381508, "center_lon": 106.68604719363226, "avg_edge_len": 81.381313743869057, "cell_area": 17206.1763040144, "cell_perimeter": 488.28788246321437, "code": "770", "name": "Quận 3", "name_en": "District 3", "level": "Quận", "prov_code": "79", "prov_name": "Thành phố Hồ Chí Minh", "region": "Đông Nam Bộ", "pop_2019": 190375.0, "pop_dens": 38852.0, "area": 4.92 }, "geometry": { "type": "Polygon", "coordinates": [ [ [ 106.686645288802069, 10.788373890995395 ], [ 106.686724246958576, 10.789108869565792 ], [ 106.686126152263824, 10.789546093320887 ], [ 106.685449097464755, 10.789248336352351 ], [ 106.685370141551886, 10.788513354596104 ], [ 106.685968238194434, 10.788076132994226 ], [ 106.686645288802069, 10.788373890995395 ] ] ] } },
{ "type": "Feature", "properties": { "h3": "8a65b56631a7fff", "resolution": 10, "center_lat": 10.776614149236572, "center_lon": 106.6853820005485, "avg_edge_len": 81.381849467303795, "cell_area": 17206.403927136213, "cell_perimeter": 488.29109680382277, "code": "770", "name": "Quận 3", "name_en": "District 3", "level": "Quận", "prov_code": "79", "prov_name": "Thành phố Hồ Chí Minh", "region": "Đông Nam Bộ", "pop_2019": 190375.0, "pop_dens": 38852.0, "area": 4.92 }, "geometry": { "type": "Polygon", "coordinates": [ [ [ 106.685980076469534, 10.77617694778092 ], [ 106.686059030447652, 10.77691193500457 ], [ 106.685460955001574, 10.777349137829745 ], [ 106.68478392362988, 10.777051351276269 ], [ 106.684704971895286, 10.776316360866502 ], [ 106.685303049288834, 10.775879160196308 ], [ 106.685980076469534, 10.77617694778092 ] ] ] } },
{ "type": "Feature", "properties": { "h3": "8a65b566309ffff", "resolution": 10, "center_lat": 10.781442353890903, "center_lon": 106.68203031508894, "avg_edge_len": 81.383019850426436, "cell_area": 17206.899858105928, "cell_perimeter": 488.29811910255859, "code": "770", "name": "Quận 3", "name_en": "District 3", "level": "Quận", "prov_code": "79", "prov_name": "Thành phố Hồ Chí Minh", "region": "Đông Nam Bộ", "pop_2019": 190375.0, "pop_dens": 38852.0, "area": 4.92 }, "geometry": { "type": "Polygon", "coordinates": [ [ [ 106.682628417110948, 10.78100514611814 ], [ 106.682707366285371, 10.781740139180831 ], [ 106.682109264737761, 10.782177348322524 ], [ 106.681432212069055, 10.781879562247418 ], [ 106.68135326513854, 10.781144565999647 ], [ 106.681951368632781, 10.780707359012039 ], [ 106.682628417110948, 10.78100514611814 ] ] ] } },
{ "type": "Feature", "properties": { "h3": "8a65b56638e7fff", "resolution": 10, "center_lat": 10.770138608800686, "center_lon": 106.68339634668962, "avg_edge_len": 81.382755726244554, "cell_area": 17206.788416769356, "cell_perimeter": 488.29653435746729, "code": "770", "name": "Quận 3", "name_en": "District 3", "level": "Quận", "prov_code": "79", "prov_name": "Thành phố Hồ Chí Minh", "region": "Đông Nam Bộ", "pop_2019": 190375.0, "pop_dens": 38852.0, "area": 4.92 }, "geometry": { "type": "Polygon", "coordinates": [ [ [ 106.683994420737861, 10.769701419359878 ], [ 106.684073369581682, 10.770436415330446 ], [ 106.683475296008069, 10.770873606140894 ], [ 106.682798271643748, 10.770575798824924 ], [ 106.682719325043536, 10.769840799668515 ], [ 106.683317400564007, 10.769403611013892 ], [ 106.683994420737861, 10.769701419359878 ] ] ] } },
{ "type": "Feature", "properties": { "h3": "8a65b56459a7fff", "resolution": 10, "center_lat": 10.785795476515435, "center_lon": 106.67282154258743, "avg_edge_len": 81.386437089021669, "cell_area": 17208.348408691585, "cell_perimeter": 488.31862253412999, "code": "770", "name": "Quận 3", "name_en": "District 3", "level": "Quận", "prov_code": "79", "prov_name": "Thành phố Hồ Chí Minh", "region": "Đông Nam Bộ", "pop_2019": 190375.0, "pop_dens": 38852.0, "area": 4.92 }, "geometry": { "type": "Polygon", "coordinates": [ [ [ 106.67341969975314, 10.785358266447052 ], [ 106.673498633540717, 10.786093280595001 ], [ 106.672900476847843, 10.786530492031121 ], [ 106.672223384423148, 10.786232687166342 ], [ 106.672144452880403, 10.785497669835838 ], [ 106.672742611517478, 10.785060460552646 ], [ 106.67341969975314, 10.785358266447052 ] ] ] } },
{ "type": "Feature", "properties": { "h3": "8a65b566221ffff", "resolution": 10, "center_lat": 10.784457699377302, "center_lon": 106.69525510900462, "avg_edge_len": 81.377893021459514, "cell_area": 17204.726360710338, "cell_perimeter": 488.26735812875705, "code": "770", "name": "Quận 3", "name_en": "District 3", "level": "Quận", "prov_code": "79", "prov_name": "Thành phố Hồ Chí Minh", "region": "Đông Nam Bộ", "pop_2019": 190375.0, "pop_dens": 38852.0, "area": 4.92 }, "geometry": { "type": "Polygon", "coordinates": [ [ [ 106.695853148993564, 10.784020479307882 ], [ 106.695932122527765, 10.784755436774708 ], [ 106.695334083015481, 10.785192658214305 ], [ 106.694657068018728, 10.784894920032686 ], [ 106.694578096727227, 10.784159959377494 ], [ 106.695176138189737, 10.783722740092264 ], [ 106.695853148993564, 10.784020479307882 ] ] ] } },
{ "type": "Feature", "properties": { "h3": "8a65b5663597fff", "resolution": 10, "center_lat": 10.786048314674501, "center_lon": 106.69091080001064, "avg_edge_len": 81.379518140427152, "cell_area": 17205.415269970894, "cell_perimeter": 488.27710884256288, "code": "770", "name": "Quận 3", "name_en": "District 3", "level": "Quận", "prov_code": "79", "prov_name": "Thành phố Hồ Chí Minh", "region": "Đông Nam Bộ", "pop_2019": 190375.0, "pop_dens": 38852.0, "area": 4.92 }, "geometry": { "type": "Polygon", "coordinates": [ [ [ 106.691508865177042, 10.785611094289377 ], [ 106.691587831343114, 10.786346061980931 ], [ 106.690989766652621, 10.786783283735694 ], [ 106.690312733846966, 10.786485535644985 ], [ 106.690233769924035, 10.785750564766236 ], [ 106.690831836563603, 10.785313345165365 ], [ 106.691508865177042, 10.785611094289377 ] ] ] } },
{ "type": "Feature", "properties": { "h3": "8a65b5663cd7fff", "resolution": 10, "center_lat": 10.779573007269869, "center_lon": 106.68892504577499, "avg_edge_len": 81.380426984663714, "cell_area": 17205.800772141665, "cell_perimeter": 488.28256190798226, "code": "770", "name": "Quận 3", "name_en": "District 3", "level": "Quận", "prov_code": "79", "prov_name": "Thành phố Hồ Chí Minh", "region": "Đông Nam Bộ", "pop_2019": 190375.0, "pop_dens": 38852.0, "area": 4.92 }, "geometry": { "type": "Polygon", "coordinates": [ [ [ 106.689523109073036, 10.779135798890774 ], [ 106.689602070104911, 10.779870775359921 ], [ 106.689004007282435, 10.780307985108767 ], [ 106.688326981479591, 10.780010216233698 ], [ 106.688248022690956, 10.779275236577634 ], [ 106.688846087461897, 10.778838028983525 ], [ 106.689523109073036, 10.779135798890774 ] ] ] } }
]
}
