{
"type": "FeatureCollection",
"name": "s2_17",
"crs": { "type": "name", "properties": { "name": "urn:ogc:def:crs:OGC:1.3:CRS84" } },
"features": [
{ "type": "Feature", "properties": { "s2": "317528cd34", "resolution": 17, "center_lat": 10.79005356781116, "center_lon": 106.68992661507956, "avg_edge_len": 78.016006324235931, "cell_area": 6069.7027382753849, "cell_perimeter": 312.06402529694373, "code": "770", "name": "Quận 3", "name_en": "District 3", "level": "Quận", "prov_code": "79", "prov_name": "Thành phố Hồ Chí Minh", "region": "Đông Nam Bộ", "pop_2019": 190375.0, "pop_dens": 38852.0, "area": 4.92 }, "geometry": { "type": "Polygon", "coordinates": [ [ [ 106.689558101859888, 10.789733499846557 ], [ 106.690295128739791, 10.789692863129195 ], [ 106.690295128739791, 10.790373634530699 ], [ 106.689558101859902, 10.790414273689612 ], [ 106.689558101859888, 10.789733499846557 ] ] ] } },
{ "type": "Feature", "properties": { "s2": "317528cd4c", "resolution": 17, "center_lat": 10.790094204803811, "center_lon": 106.68918958943719, "avg_edge_len": 78.015995098216294, "cell_area": 6069.7033224500656, "cell_perimeter": 312.06398039286518, "code": "770", "name": "Quận 3", "name_en": "District 3", "level": "Quận", "prov_code": "79", "prov_name": "Thành phố Hồ Chí Minh", "region": "Đông Nam Bộ", "pop_2019": 190375.0, "pop_dens": 38852.0, "area": 4.92 }, "geometry": { "type": "Polygon", "coordinates": [ [ [ 106.688821077455017, 10.789774134673007 ], [ 106.689558101859888, 10.789733499846557 ], [ 106.689558101859902, 10.790414273689612 ], [ 106.688821077455017, 10.790454910957493 ], [ 106.688821077455017, 10.789774134673007 ] ] ] } },
{ "type": "Feature", "properties": { "s2": "317528cd54", "resolution": 17, "center_lat": 10.790134839905486, "center_lon": 106.68845256627002, "avg_edge_len": 78.01598384435799, "cell_area": 6069.7039050459862, "cell_perimeter": 312.06393537743196, "code": "770", "name": "Quận 3", "name_en": "District 3", "level": "Quận", "prov_code": "79", "prov_name": "Thành phố Hồ Chí Minh", "region": "Đông Nam Bộ", "pop_2019": 190375.0, "pop_dens": 38852.0, "area": 4.92 }, "geometry": { "type": "Polygon", "coordinates": [ [ [ 106.688084055525536, 10.789814767608535 ], [ 106.688821077455017, 10.789774134673007 ], [ 106.688821077455017, 10.790454910957493 ], [ 106.688084055525536, 10.790495546334341 ], [ 106.688084055525536, 10.789814767608535 ] ] ] } },
{ "type": "Feature", "properties": { "s2": "317528cd5c", "resolution": 17, "center_lat": 10.790815619979128, "center_lon": 106.68845256627, "avg_edge_len": 78.016186595125731, "cell_area": 6069.7363169193268, "cell_perimeter": 312.06474638050292, "code": "770", "name": "Quận 3", "name_en": "District 3", "level": "Quận", "prov_code": "79", "prov_name": "Thành phố Hồ Chí Minh", "region": "Đông Nam Bộ", "pop_2019": 190375.0, "pop_dens": 38852.0, "area": 4.92 }, "geometry": { "type": "Polygon", "coordinates": [ [ [ 106.688084055525536, 10.790495546334341 ], [ 106.688821077455017, 10.790454910957493 ], [ 106.688821077455017, 10.791135692378973 ], [ 106.688084055525536, 10.791176330197136 ], [ 106.688084055525536, 10.790495546334341 ] ] ] } },
{ "type": "Feature", "properties": { "s2": "317528d28c", "resolution": 17, "center_lat": 10.792258474714259, "center_lon": 106.68697852736278, "avg_edge_len": 78.016569441231326, "cell_area": 6069.802274748683, "cell_perimeter": 312.0662777649253, "code": "770", "name": "Quận 3", "name_en": "District 3", "level": "Quận", "prov_code": "79", "prov_name": "Thành phố Hồ Chí Minh", "region": "Đông Nam Bộ", "pop_2019": 190375.0, "pop_dens": 38852.0, "area": 4.92 }, "geometry": { "type": "Polygon", "coordinates": [ [ [ 106.686610019094218, 10.791938394041752 ], [ 106.687347036071813, 10.791897757564833 ], [ 106.687347036071813, 10.792578554141945 ], [ 106.686610019094218, 10.79261919305994 ], [ 106.686610019094218, 10.791938394041752 ] ] ] } },
{ "type": "Feature", "properties": { "s2": "317528d294", "resolution": 17, "center_lat": 10.791577679484819, "center_lon": 106.6869785273628, "avg_edge_len": 78.016366735409818, "cell_area": 6069.7698721587658, "cell_perimeter": 312.06546694163927, "code": "770", "name": "Quận 3", "name_en": "District 3", "level": "Quận", "prov_code": "79", "prov_name": "Thành phố Hồ Chí Minh", "region": "Đông Nam Bộ", "pop_2019": 190375.0, "pop_dens": 38852.0, "area": 4.92 }, "geometry": { "type": "Polygon", "coordinates": [ [ [ 106.686610019094218, 10.791257600159977 ], [ 106.687347036071813, 10.791216966124139 ], [ 106.687347036071813, 10.791897757564833 ], [ 106.686610019094218, 10.791938394041752 ], [ 106.686610019094218, 10.791257600159977 ] ] ] } },
{ "type": "Feature", "properties": { "s2": "317528d29c", "resolution": 17, "center_lat": 10.791537043282828, "center_lon": 106.68771554557841, "avg_edge_len": 78.016378043164835, "cell_area": 6069.7692956924438, "cell_perimeter": 312.06551217265934, "code": "770", "name": "Quận 3", "name_en": "District 3", "level": "Quận", "prov_code": "79", "prov_name": "Thành phố Hồ Chí Minh", "region": "Đông Nam Bộ", "pop_2019": 190375.0, "pop_dens": 38852.0, "area": 4.92 }, "geometry": { "type": "Polygon", "coordinates": [ [ [ 106.687347036071813, 10.791216966124139 ], [ 106.688084055525536, 10.791176330197136 ], [ 106.688084055525536, 10.791857119196633 ], [ 106.687347036071813, 10.791897757564833 ], [ 106.687347036071813, 10.791216966124139 ] ] ] } },
{ "type": "Feature", "properties": { "s2": "317528d2a4", "resolution": 17, "center_lat": 10.790856255631084, "center_lon": 106.68771554557846, "avg_edge_len": 78.016175315068864, "cell_area": 6069.7368906736374, "cell_perimeter": 312.06470126027546, "code": "770", "name": "Quận 3", "name_en": "District 3", "level": "Quận", "prov_code": "79", "prov_name": "Thành phố Hồ Chí Minh", "region": "Đông Nam Bộ", "pop_2019": 190375.0, "pop_dens": 38852.0, "area": 4.92 }, "geometry": { "type": "Polygon", "coordinates": [ [ [ 106.687347036071813, 10.790536179820146 ], [ 106.688084055525536, 10.790495546334341 ], [ 106.688084055525536, 10.791176330197136 ], [ 106.687347036071813, 10.791216966124139 ], [ 106.687347036071813, 10.790536179820146 ] ] ] } },
{ "type": "Feature", "properties": { "s2": "317528d2ac", "resolution": 17, "center_lat": 10.790175473116177, "center_lon": 106.68771554557841, "avg_edge_len": 78.015972565395955, "cell_area": 6069.7044835984707, "cell_perimeter": 312.06389026158382, "code": "770", "name": "Quận 3", "name_en": "District 3", "level": "Quận", "prov_code": "79", "prov_name": "Thành phố Hồ Chí Minh", "region": "Đông Nam Bộ", "pop_2019": 190375.0, "pop_dens": 38852.0, "area": 4.92 }, "geometry": { "type": "Polygon", "coordinates": [ [ [ 106.687347036071813, 10.789855398653133 ], [ 106.688084055525536, 10.789814767608535 ], [ 106.688084055525536, 10.790495546334341 ], [ 106.687347036071813, 10.790536179820146 ], [ 106.687347036071813, 10.789855398653133 ] ] ] } },
{ "type": "Feature", "properties": { "s2": "317528d2b4", "resolution": 17, "center_lat": 10.790216104435881, "center_lon": 106.6869785273628, "avg_edge_len": 78.015961260888844, "cell_area": 6069.705054923892, "cell_perimeter": 312.06384504355538, "code": "770", "name": "Quận 3", "name_en": "District 3", "level": "Quận", "prov_code": "79", "prov_name": "Thành phố Hồ Chí Minh", "region": "Đông Nam Bộ", "pop_2019": 190375.0, "pop_dens": 38852.0, "area": 4.92 }, "geometry": { "type": "Polygon", "coordinates": [ [ [ 106.686610019094218, 10.789896027806794 ], [ 106.687347036071813, 10.789855398653133 ], [ 106.687347036071813, 10.790536179820146 ], [ 106.686610019094218, 10.790576811414896 ], [ 106.686610019094218, 10.789896027806794 ] ] ] } },
{ "type": "Feature", "properties": { "s2": "317528d2bc", "resolution": 17, "center_lat": 10.790896889391934, "center_lon": 106.6869785273628, "avg_edge_len": 78.016164008937693, "cell_area": 6069.7374648451805, "cell_perimeter": 312.06465603575077, "code": "770", "name": "Quận 3", "name_en": "District 3", "level": "Quận", "prov_code": "79", "prov_name": "Thành phố Hồ Chí Minh", "region": "Đông Nam Bộ", "pop_2019": 190375.0, "pop_dens": 38852.0, "area": 4.92 }, "geometry": { "type": "Polygon", "coordinates": [ [ [ 106.686610019094218, 10.790576811414896 ], [ 106.687347036071813, 10.790536179820146 ], [ 106.687347036071813, 10.791216966124139 ], [ 106.686610019094218, 10.791257600159977 ], [ 106.686610019094218, 10.790576811414896 ] ] ] } },
{ "type": "Feature", "properties": { "s2": "317528d2c4", "resolution": 17, "center_lat": 10.790937521261666, "center_lon": 106.68624151162345, "avg_edge_len": 78.016152676820724, "cell_area": 6069.738035723567, "cell_perimeter": 312.0646107072829, "code": "770", "name": "Quận 3", "name_en": "District 3", "level": "Quận", "prov_code": "79", "prov_name": "Thành phố Hồ Chí Minh", "region": "Đông Nam Bộ", "pop_2019": 190375.0, "pop_dens": 38852.0, "area": 4.92 }, "geometry": { "type": "Polygon", "coordinates": [ [ [ 106.685873004593105, 10.790617441118588 ], [ 106.686610019094218, 10.790576811414896 ], [ 106.686610019094218, 10.791257600159977 ], [ 106.685873004593105, 10.791298232304639 ], [ 106.685873004593105, 10.790617441118588 ] ] ] } },
{ "type": "Feature", "properties": { "s2": "317528d2cc", "resolution": 17, "center_lat": 10.790256733864588, "center_lon": 106.68624151162346, "avg_edge_len": 78.015949929866267, "cell_area": 6069.7056229710579, "cell_perimeter": 312.06379971946507, "code": "770", "name": "Quận 3", "name_en": "District 3", "level": "Quận", "prov_code": "79", "prov_name": "Thành phố Hồ Chí Minh", "region": "Đông Nam Bộ", "pop_2019": 190375.0, "pop_dens": 38852.0, "area": 4.92 }, "geometry": { "type": "Polygon", "coordinates": [ [ [ 106.685873004593105, 10.789936655069512 ], [ 106.686610019094218, 10.789896027806794 ], [ 106.686610019094218, 10.790576811414896 ], [ 106.685873004593105, 10.790617441118588 ], [ 106.685873004593105, 10.789936655069512 ] ] ] } },
{ "type": "Feature", "properties": { "s2": "317528d2d4", "resolution": 17, "center_lat": 10.790297361402283, "center_lon": 106.68550449836076, "avg_edge_len": 78.015938573166409, "cell_area": 6069.7061922848225, "cell_perimeter": 312.06375429266564, "code": "770", "name": "Quận 3", "name_en": "District 3", "level": "Quận", "prov_code": "79", "prov_name": "Thành phố Hồ Chí Minh", "region": "Đông Nam Bộ", "pop_2019": 190375.0, "pop_dens": 38852.0, "area": 4.92 }, "geometry": { "type": "Polygon", "coordinates": [ [ [ 106.68513599256886, 10.789977280441276 ], [ 106.685873004593105, 10.789936655069512 ], [ 106.685873004593105, 10.790617441118588 ], [ 106.68513599256886, 10.790658068931213 ], [ 106.68513599256886, 10.789977280441276 ] ] ] } },
{ "type": "Feature", "properties": { "s2": "317528d2dc", "resolution": 17, "center_lat": 10.79097815124028, "center_lon": 106.68550449836079, "avg_edge_len": 78.016141318717274, "cell_area": 6069.7385985702276, "cell_perimeter": 312.0645652748691, "code": "770", "name": "Quận 3", "name_en": "District 3", "level": "Quận", "prov_code": "79", "prov_name": "Thành phố Hồ Chí Minh", "region": "Đông Nam Bộ", "pop_2019": 190375.0, "pop_dens": 38852.0, "area": 4.92 }, "geometry": { "type": "Polygon", "coordinates": [ [ [ 106.68513599256886, 10.790658068931213 ], [ 106.685873004593105, 10.790617441118588 ], [ 106.685873004593105, 10.791298232304639 ], [ 106.68513599256886, 10.791338862558119 ], [ 106.68513599256886, 10.790658068931213 ] ] ] } },
{ "type": "Feature", "properties": { "s2": "317528d2e4", "resolution": 17, "center_lat": 10.791658946215099, "center_lon": 106.68550449836079, "avg_edge_len": 78.016344042999847, "cell_area": 6069.7710053622723, "cell_perimeter": 312.06537617199939, "code": "770", "name": "Quận 3", "name_en": "District 3", "level": "Quận", "prov_code": "79", "prov_name": "Thành phố Hồ Chí Minh", "region": "Đông Nam Bộ", "pop_2019": 190375.0, "pop_dens": 38852.0, "area": 4.92 }, "geometry": { "type": "Polygon", "coordinates": [ [ [ 106.68513599256886, 10.791338862558119 ], [ 106.685873004593105, 10.791298232304639 ], [ 106.685873004593105, 10.791979028627379 ], [ 106.68513599256886, 10.792019661321712 ], [ 106.68513599256886, 10.791338862558119 ] ] ] } },
{ "type": "Feature", "properties": { "s2": "317528d2ec", "resolution": 17, "center_lat": 10.791618313795576, "center_lon": 106.68624151162344, "avg_edge_len": 78.016355402638936, "cell_area": 6069.7704404294491, "cell_perimeter": 312.06542161055575, "code": "770", "name": "Quận 3", "name_en": "District 3", "level": "Quận", "prov_code": "79", "prov_name": "Thành phố Hồ Chí Minh", "region": "Đông Nam Bộ", "pop_2019": 190375.0, "pop_dens": 38852.0, "area": 4.92 }, "geometry": { "type": "Polygon", "coordinates": [ [ [ 106.685873004593105, 10.791298232304639 ], [ 106.686610019094218, 10.791257600159977 ], [ 106.686610019094218, 10.791938394041752 ], [ 106.685873004593105, 10.791979028627379 ], [ 106.685873004593105, 10.791298232304639 ] ] ] } },
{ "type": "Feature", "properties": { "s2": "317528d2f4", "resolution": 17, "center_lat": 10.792299111466043, "center_lon": 106.68624151162346, "avg_edge_len": 78.016558107145485, "cell_area": 6069.802838370204, "cell_perimeter": 312.06623242858194, "code": "770", "name": "Quận 3", "name_en": "District 3", "level": "Quận", "prov_code": "79", "prov_name": "Thành phố Hồ Chí Minh", "region": "Đông Nam Bộ", "pop_2019": 190375.0, "pop_dens": 38852.0, "area": 4.92 }, "geometry": { "type": "Polygon", "coordinates": [ [ [ 106.685873004593105, 10.791979028627379 ], [ 106.686610019094218, 10.791938394041752 ], [ 106.686610019094218, 10.79261919305994 ], [ 106.685873004593105, 10.79265983008653 ], [ 106.685873004593105, 10.791979028627379 ] ] ] } },
{ "type": "Feature", "properties": { "s2": "317528d2fc", "resolution": 17, "center_lat": 10.792339746326473, "center_lon": 106.68550449836077, "avg_edge_len": 78.016546745750077, "cell_area": 6069.8034070879221, "cell_perimeter": 312.06618698300031, "code": "770", "name": "Quận 3", "name_en": "District 3", "level": "Quận", "prov_code": "79", "prov_name": "Thành phố Hồ Chí Minh", "region": "Đông Nam Bộ", "pop_2019": 190375.0, "pop_dens": 38852.0, "area": 4.92 }, "geometry": { "type": "Polygon", "coordinates": [ [ [ 106.68513599256886, 10.792019661321712 ], [ 106.685873004593105, 10.791979028627379 ], [ 106.685873004593105, 10.79265983008653 ], [ 106.68513599256886, 10.792700465221705 ], [ 106.68513599256886, 10.792019661321712 ] ] ] } },
{ "type": "Feature", "properties": { "s2": "317528d304", "resolution": 17, "center_lat": 10.792380379295542, "center_lon": 106.68476748757516, "avg_edge_len": 78.016535359162432, "cell_area": 6069.8039721995592, "cell_perimeter": 312.06614143664973, "code": "770", "name": "Quận 3", "name_en": "District 3", "level": "Quận", "prov_code": "79", "prov_name": "Thành phố Hồ Chí Minh", "region": "Đông Nam Bộ", "pop_2019": 190375.0, "pop_dens": 38852.0, "area": 4.92 }, "geometry": { "type": "Polygon", "coordinates": [ [ [ 106.684398983021836, 10.792060292124736 ], [ 106.68513599256886, 10.792019661321712 ], [ 106.68513599256886, 10.792700465221705 ], [ 106.684398983021836, 10.792741098465463 ], [ 106.684398983021836, 10.792060292124736 ] ] ] } },
{ "type": "Feature", "properties": { "s2": "317528d30c", "resolution": 17, "center_lat": 10.792421010373246, "center_lon": 106.68403047926694, "avg_edge_len": 78.016523946412207, "cell_area": 6069.8045231699944, "cell_perimeter": 312.06609578564883, "code": "770", "name": "Quận 3", "name_en": "District 3", "level": "Quận", "prov_code": "79", "prov_name": "Thành phố Hồ Chí Minh", "region": "Đông Nam Bộ", "pop_2019": 190375.0, "pop_dens": 38852.0, "area": 4.92 }, "geometry": { "type": "Polygon", "coordinates": [ [ [ 106.683661975952418, 10.792100921036448 ], [ 106.684398983021836, 10.792060292124736 ], [ 106.684398983021836, 10.792741098465463 ], [ 106.683661975952418, 10.792781729817792 ], [ 106.683661975952418, 10.792100921036448 ] ] ] } },
{ "type": "Feature", "properties": { "s2": "317528d314", "resolution": 17, "center_lat": 10.79174020538041, "center_lon": 106.68403047926694, "avg_edge_len": 78.01632124602817, "cell_area": 6069.7721205800772, "cell_perimeter": 312.06528498411268, "code": "770", "name": "Quận 3", "name_en": "District 3", "level": "Quận", "prov_code": "79", "prov_name": "Thành phố Hồ Chí Minh", "region": "Đông Nam Bộ", "pop_2019": 190375.0, "pop_dens": 38852.0, "area": 4.92 }, "geometry": { "type": "Polygon", "coordinates": [ [ [ 106.683661975952418, 10.7914201173915 ], [ 106.684398983021836, 10.791379490920407 ], [ 106.684398983021836, 10.792060292124736 ], [ 106.683661975952418, 10.792100921036448 ], [ 106.683661975952418, 10.7914201173915 ] ] ] } },
{ "type": "Feature", "properties": { "s2": "317528d31c", "resolution": 17, "center_lat": 10.791699576743381, "center_lon": 106.68476748757513, "avg_edge_len": 78.0163326580806, "cell_area": 6069.7715620547533, "cell_perimeter": 312.0653306323224, "code": "770", "name": "Quận 3", "name_en": "District 3", "level": "Quận", "prov_code": "79", "prov_name": "Thành phố Hồ Chí Minh", "region": "Đông Nam Bộ", "pop_2019": 190375.0, "pop_dens": 38852.0, "area": 4.92 }, "geometry": { "type": "Polygon", "coordinates": [ [ [ 106.684398983021836, 10.791379490920407 ], [ 106.68513599256886, 10.791338862558119 ], [ 106.68513599256886, 10.792019661321712 ], [ 106.684398983021836, 10.792060292124736 ], [ 106.684398983021836, 10.791379490920407 ] ] ] } },
{ "type": "Feature", "properties": { "s2": "317528d324", "resolution": 17, "center_lat": 10.791018779327763, "center_lon": 106.68476748757514, "avg_edge_len": 78.016129935069031, "cell_area": 6069.7391638755798, "cell_perimeter": 312.06451974027613, "code": "770", "name": "Quận 3", "name_en": "District 3", "level": "Quận", "prov_code": "79", "prov_name": "Thành phố Hồ Chí Minh", "region": "Đông Nam Bộ", "pop_2019": 190375.0, "pop_dens": 38852.0, "area": 4.92 }, "geometry": { "type": "Polygon", "coordinates": [ [ [ 106.684398983021836, 10.790698694852763 ], [ 106.68513599256886, 10.790658068931213 ], [ 106.68513599256886, 10.791338862558119 ], [ 106.684398983021836, 10.791379490920407 ], [ 106.684398983021836, 10.790698694852763 ] ] ] } },
{ "type": "Feature", "properties": { "s2": "317528d32c", "resolution": 17, "center_lat": 10.79033798704897, "center_lon": 106.68476748757514, "avg_edge_len": 78.015927191009752, "cell_area": 6069.7067496031523, "cell_perimeter": 312.06370876403901, "code": "770", "name": "Quận 3", "name_en": "District 3", "level": "Quận", "prov_code": "79", "prov_name": "Thành phố Hồ Chí Minh", "region": "Đông Nam Bộ", "pop_2019": 190375.0, "pop_dens": 38852.0, "area": 4.92 }, "geometry": { "type": "Polygon", "coordinates": [ [ [ 106.684398983021836, 10.790017903922081 ], [ 106.68513599256886, 10.789977280441276 ], [ 106.68513599256886, 10.790658068931213 ], [ 106.684398983021836, 10.790698694852763 ], [ 106.684398983021836, 10.790017903922081 ] ] ] } },
{ "type": "Feature", "properties": { "s2": "317528d334", "resolution": 17, "center_lat": 10.790378610804636, "center_lon": 106.68403047926697, "avg_edge_len": 78.015915781499587, "cell_area": 6069.7073103934526, "cell_perimeter": 312.06366312599835, "code": "770", "name": "Quận 3", "name_en": "District 3", "level": "Quận", "prov_code": "79", "prov_name": "Thành phố Hồ Chí Minh", "region": "Đông Nam Bộ", "pop_2019": 190375.0, "pop_dens": 38852.0, "area": 4.92 }, "geometry": { "type": "Polygon", "coordinates": [ [ [ 106.683661975952418, 10.790058525511915 ], [ 106.684398983021836, 10.790017903922081 ], [ 106.684398983021836, 10.790698694852763 ], [ 106.683661975952418, 10.790739318883229 ], [ 106.683661975952418, 10.790058525511915 ] ] ] } },
{ "type": "Feature", "properties": { "s2": "317528d33c", "resolution": 17, "center_lat": 10.791059405524111, "center_lon": 106.68403047926694, "avg_edge_len": 78.016118524023156, "cell_area": 6069.7397184669971, "cell_perimeter": 312.06447409609262, "code": "770", "name": "Quận 3", "name_en": "District 3", "level": "Quận", "prov_code": "79", "prov_name": "Thành phố Hồ Chí Minh", "region": "Đông Nam Bộ", "pop_2019": 190375.0, "pop_dens": 38852.0, "area": 4.92 }, "geometry": { "type": "Polygon", "coordinates": [ [ [ 106.683661975952418, 10.790739318883229 ], [ 106.684398983021836, 10.790698694852763 ], [ 106.684398983021836, 10.791379490920407 ], [ 106.683661975952418, 10.7914201173915 ], [ 106.683661975952418, 10.790739318883229 ] ] ] } },
{ "type": "Feature", "properties": { "s2": "317528d344", "resolution": 17, "center_lat": 10.791100029829312, "center_lon": 106.68329347343651, "avg_edge_len": 78.016107089770202, "cell_area": 6069.7402728646994, "cell_perimeter": 312.06442835908081, "code": "770", "name": "Quận 3", "name_en": "District 3", "level": "Quận", "prov_code": "79", "prov_name": "Thành phố Hồ Chí Minh", "region": "Đông Nam Bộ", "pop_2019": 190375.0, "pop_dens": 38852.0, "area": 4.92 }, "geometry": { "type": "Polygon", "coordinates": [ [ [ 106.682924971360947, 10.790779941022603 ], [ 106.683661975952418, 10.790739318883229 ], [ 106.683661975952418, 10.7914201173915 ], [ 106.682924971360947, 10.791460741971385 ], [ 106.682924971360947, 10.790779941022603 ] ] ] } },
{ "type": "Feature", "properties": { "s2": "317528d34c", "resolution": 17, "center_lat": 10.790419232669267, "center_lon": 106.68329347343652, "avg_edge_len": 78.015904348165165, "cell_area": 6069.7078558802605, "cell_perimeter": 312.06361739266066, "code": "770", "name": "Quận 3", "name_en": "District 3", "level": "Quận", "prov_code": "79", "prov_name": "Thành phố Hồ Chí Minh", "region": "Đông Nam Bộ", "pop_2019": 190375.0, "pop_dens": 38852.0, "area": 4.92 }, "geometry": { "type": "Polygon", "coordinates": [ [ [ 106.682924971360947, 10.790099145210778 ], [ 106.683661975952418, 10.790058525511915 ], [ 106.683661975952418, 10.790739318883229 ], [ 106.682924971360947, 10.790779941022603 ], [ 106.682924971360947, 10.790099145210778 ] ] ] } },
{ "type": "Feature", "properties": { "s2": "317528d354", "resolution": 17, "center_lat": 10.790459852642865, "center_lon": 106.68255647008422, "avg_edge_len": 78.015892887697447, "cell_area": 6069.7084085047245, "cell_perimeter": 312.06357155078979, "code": "770", "name": "Quận 3", "name_en": "District 3", "level": "Quận", "prov_code": "79", "prov_name": "Thành phố Hồ Chí Minh", "region": "Đông Nam Bộ", "pop_2019": 190375.0, "pop_dens": 38852.0, "area": 4.92 }, "geometry": { "type": "Polygon", "coordinates": [ [ [ 106.682187969247806, 10.790139763018653 ], [ 106.682924971360947, 10.790099145210778 ], [ 106.682924971360947, 10.790779941022603 ], [ 106.682187969247806, 10.790820561270881 ], [ 106.682187969247806, 10.790139763018653 ] ] ] } },
{ "type": "Feature", "properties": { "s2": "317528d35c", "resolution": 17, "center_lat": 10.791140652243364, "center_lon": 106.68255647008422, "avg_edge_len": 78.016095628075362, "cell_area": 6069.7408157140017, "cell_perimeter": 312.06438251230145, "code": "770", "name": "Quận 3", "name_en": "District 3", "level": "Quận", "prov_code": "79", "prov_name": "Thành phố Hồ Chí Minh", "region": "Đông Nam Bộ", "pop_2019": 190375.0, "pop_dens": 38852.0, "area": 4.92 }, "geometry": { "type": "Polygon", "coordinates": [ [ [ 106.682187969247806, 10.790820561270881 ], [ 106.682924971360947, 10.790779941022603 ], [ 106.682924971360947, 10.791460741971385 ], [ 106.682187969247806, 10.791501364660057 ], [ 106.682187969247806, 10.790820561270881 ] ] ] } },
{ "type": "Feature", "properties": { "s2": "317528d364", "resolution": 17, "center_lat": 10.791821456980681, "center_lon": 106.68255647008422, "avg_edge_len": 78.01629834705291, "cell_area": 6069.7732259333134, "cell_perimeter": 312.06519338821164, "code": "770", "name": "Quận 3", "name_en": "District 3", "level": "Quận", "prov_code": "79", "prov_name": "Thành phố Hồ Chí Minh", "region": "Đông Nam Bộ", "pop_2019": 190375.0, "pop_dens": 38852.0, "area": 4.92 }, "geometry": { "type": "Polygon", "coordinates": [ [ [ 106.682187969247806, 10.791501364660057 ], [ 106.682924971360947, 10.791460741971385 ], [ 106.682924971360947, 10.792141548056842 ], [ 106.682187969247806, 10.792182173185902 ], [ 106.682187969247806, 10.791501364660057 ] ] ] } },
{ "type": "Feature", "properties": { "s2": "317528d36c", "resolution": 17, "center_lat": 10.791780832126182, "center_lon": 106.68329347343652, "avg_edge_len": 78.016309810062992, "cell_area": 6069.7726747691631, "cell_perimeter": 312.06523924025197, "code": "770", "name": "Quận 3", "name_en": "District 3", "level": "Quận", "prov_code": "79", "prov_name": "Thành phố Hồ Chí Minh", "region": "Đông Nam Bộ", "pop_2019": 190375.0, "pop_dens": 38852.0, "area": 4.92 }, "geometry": { "type": "Polygon", "coordinates": [ [ [ 106.682924971360947, 10.791460741971385 ], [ 106.683661975952418, 10.7914201173915 ], [ 106.683661975952418, 10.792100921036448 ], [ 106.682924971360947, 10.792141548056842 ], [ 106.682924971360947, 10.791460741971385 ] ] ] } },
{ "type": "Feature", "properties": { "s2": "317528d374", "resolution": 17, "center_lat": 10.79246163955958, "center_lon": 106.68329347343652, "avg_edge_len": 78.016512508911319, "cell_area": 6069.8050740212202, "cell_perimeter": 312.06605003564528, "code": "770", "name": "Quận 3", "name_en": "District 3", "level": "Quận", "prov_code": "79", "prov_name": "Thành phố Hồ Chí Minh", "region": "Đông Nam Bộ", "pop_2019": 190375.0, "pop_dens": 38852.0, "area": 4.92 }, "geometry": { "type": "Polygon", "coordinates": [ [ [ 106.682924971360947, 10.792141548056842 ], [ 106.683661975952418, 10.792100921036448 ], [ 106.683661975952418, 10.792781729817792 ], [ 106.682924971360947, 10.792822359278684 ], [ 106.682924971360947, 10.792141548056842 ] ] ] } },
{ "type": "Feature", "properties": { "s2": "317528d37c", "resolution": 17, "center_lat": 10.792502266854523, "center_lon": 106.68255647008424, "avg_edge_len": 78.016501044498071, "cell_area": 6069.8056211471558, "cell_perimeter": 312.06600417799228, "code": "770", "name": "Quận 3", "name_en": "District 3", "level": "Quận", "prov_code": "79", "prov_name": "Thành phố Hồ Chí Minh", "region": "Đông Nam Bộ", "pop_2019": 190375.0, "pop_dens": 38852.0, "area": 4.92 }, "geometry": { "type": "Polygon", "coordinates": [ [ [ 106.682187969247806, 10.792182173185902 ], [ 106.682924971360947, 10.792141548056842 ], [ 106.682924971360947, 10.792822359278684 ], [ 106.682187969247806, 10.792862986848132 ], [ 106.682187969247806, 10.792182173185902 ] ] ] } },
{ "type": "Feature", "properties": { "s2": "317528d49c", "resolution": 17, "center_lat": 10.791862079943906, "center_lon": 106.68181946921047, "avg_edge_len": 78.016286857659765, "cell_area": 6069.7737658321857, "cell_perimeter": 312.06514743063906, "code": "770", "name": "Quận 3", "name_en": "District 3", "level": "Quận", "prov_code": "79", "prov_name": "Thành phố Hồ Chí Minh", "region": "Đông Nam Bộ", "pop_2019": 190375.0, "pop_dens": 38852.0, "area": 4.92 }, "geometry": { "type": "Polygon", "coordinates": [ [ [ 106.681450969613365, 10.791541985457505 ], [ 106.682187969247806, 10.791501364660057 ], [ 106.682187969247806, 10.792182173185902 ], [ 106.681450969613365, 10.792222796423626 ], [ 106.681450969613365, 10.791541985457505 ] ] ] } },
{ "type": "Feature", "properties": { "s2": "317528d4a4", "resolution": 17, "center_lat": 10.791181272766256, "center_lon": 106.68181946921045, "avg_edge_len": 78.016084139997446, "cell_area": 6069.7413595318794, "cell_perimeter": 312.06433655998978, "code": "770", "name": "Quận 3", "name_en": "District 3", "level": "Quận", "prov_code": "79", "prov_name": "Thành phố Hồ Chí Minh", "region": "Đông Nam Bộ", "pop_2019": 190375.0, "pop_dens": 38852.0, "area": 4.92 }, "geometry": { "type": "Polygon", "coordinates": [ [ [ 106.681450969613365, 10.790861179628049 ], [ 106.682187969247806, 10.790820561270881 ], [ 106.682187969247806, 10.791501364660057 ], [ 106.681450969613365, 10.791541985457505 ], [ 106.681450969613365, 10.790861179628049 ] ] ] } },
{ "type": "Feature", "properties": { "s2": "317528d4ac", "resolution": 17, "center_lat": 10.79050047072541, "center_lon": 106.68181946921045, "avg_edge_len": 78.015881400978799, "cell_area": 6069.7089545279741, "cell_perimeter": 312.0635256039152, "code": "770", "name": "Quận 3", "name_en": "District 3", "level": "Quận", "prov_code": "79", "prov_name": "Thành phố Hồ Chí Minh", "region": "Đông Nam Bộ", "pop_2019": 190375.0, "pop_dens": 38852.0, "area": 4.92 }, "geometry": { "type": "Polygon", "coordinates": [ [ [ 106.681450969613365, 10.790180378935537 ], [ 106.682187969247806, 10.790139763018653 ], [ 106.682187969247806, 10.790820561270881 ], [ 106.681450969613365, 10.790861179628049 ], [ 106.681450969613365, 10.790180378935537 ] ] ] } },
{ "type": "Feature", "properties": { "s2": "317528d4b4", "resolution": 17, "center_lat": 10.790541086916908, "center_lon": 106.68108247081553, "avg_edge_len": 78.01586988893574, "cell_area": 6069.70949614048, "cell_perimeter": 312.06347955574296, "code": "770", "name": "Quận 3", "name_en": "District 3", "level": "Quận", "prov_code": "79", "prov_name": "Thành phố Hồ Chí Minh", "region": "Đông Nam Bộ", "pop_2019": 190375.0, "pop_dens": 38852.0, "area": 4.92 }, "geometry": { "type": "Polygon", "coordinates": [ [ [ 106.68071397245798, 10.790220992961421 ], [ 106.681450969613365, 10.790180378935537 ], [ 106.681450969613365, 10.790861179628049 ], [ 106.68071397245798, 10.790901796094102 ], [ 106.68071397245798, 10.790220992961421 ] ] ] } },
{ "type": "Feature", "properties": { "s2": "317528d4bc", "resolution": 17, "center_lat": 10.791221891397978, "center_lon": 106.68108247081555, "avg_edge_len": 78.016072626242419, "cell_area": 6069.7418986409903, "cell_perimeter": 312.06429050496968, "code": "770", "name": "Quận 3", "name_en": "District 3", "level": "Quận", "prov_code": "79", "prov_name": "Thành phố Hồ Chí Minh", "region": "Đông Nam Bộ", "pop_2019": 190375.0, "pop_dens": 38852.0, "area": 4.92 }, "geometry": { "type": "Polygon", "coordinates": [ [ [ 106.68071397245798, 10.790901796094102 ], [ 106.681450969613365, 10.790861179628049 ], [ 106.681450969613365, 10.791541985457505 ], [ 106.68071397245798, 10.791582604363727 ], [ 106.68071397245798, 10.790901796094102 ] ] ] } },
{ "type": "Feature", "properties": { "s2": "317528d4c4", "resolution": 17, "center_lat": 10.791262508138523, "center_lon": 106.68034547489988, "avg_edge_len": 78.016061087427431, "cell_area": 6069.7424364238977, "cell_perimeter": 312.06424434970972, "code": "770", "name": "Quận 3", "name_en": "District 3", "level": "Quận", "prov_code": "79", "prov_name": "Thành phố Hồ Chí Minh", "region": "Đông Nam Bộ", "pop_2019": 190375.0, "pop_dens": 38852.0, "area": 4.92 }, "geometry": { "type": "Polygon", "coordinates": [ [ [ 106.679976977782019, 10.790942410669034 ], [ 106.68071397245798, 10.790901796094102 ], [ 106.68071397245798, 10.791582604363727 ], [ 106.679976977782019, 10.791623221378709 ], [ 106.679976977782019, 10.790942410669034 ] ] ] } },
{ "type": "Feature", "properties": { "s2": "317528d4cc", "resolution": 17, "center_lat": 10.790581701217345, "center_lon": 106.68034547489987, "avg_edge_len": 78.015858350950822, "cell_area": 6069.710027769208, "cell_perimeter": 312.06343340380329, "code": "770", "name": "Quận 3", "name_en": "District 3", "level": "Quận", "prov_code": "79", "prov_name": "Thành phố Hồ Chí Minh", "region": "Đông Nam Bộ", "pop_2019": 190375.0, "pop_dens": 38852.0, "area": 4.92 }, "geometry": { "type": "Polygon", "coordinates": [ [ [ 106.679976977782019, 10.790261605096298 ], [ 106.68071397245798, 10.790220992961421 ], [ 106.68071397245798, 10.790901796094102 ], [ 106.679976977782019, 10.790942410669034 ], [ 106.679976977782019, 10.790261605096298 ] ] ] } },
{ "type": "Feature", "properties": { "s2": "317528d4d4", "resolution": 17, "center_lat": 10.790622313626711, "center_lon": 106.67960848146383, "avg_edge_len": 78.01584678618589, "cell_area": 6069.7105642855167, "cell_perimeter": 312.06338714474356, "code": "770", "name": "Quận 3", "name_en": "District 3", "level": "Quận", "prov_code": "79", "prov_name": "Thành phố Hồ Chí Minh", "region": "Đông Nam Bộ", "pop_2019": 190375.0, "pop_dens": 38852.0, "area": 4.92 }, "geometry": { "type": "Polygon", "coordinates": [ [ [ 106.679239985585866, 10.790302215340159 ], [ 106.679976977782019, 10.790261605096298 ], [ 106.679976977782019, 10.790942410669034 ], [ 106.679239985585866, 10.790983023352835 ], [ 106.679239985585866, 10.790302215340159 ] ] ] } },
{ "type": "Feature", "properties": { "s2": "317528d4dc", "resolution": 17, "center_lat": 10.791303122987884, "center_lon": 106.67960848146384, "avg_edge_len": 78.016049521434979, "cell_area": 6069.7429712563753, "cell_perimeter": 312.06419808573992, "code": "770", "name": "Quận 3", "name_en": "District 3", "level": "Quận", "prov_code": "79", "prov_name": "Thành phố Hồ Chí Minh", "region": "Đông Nam Bộ", "pop_2019": 190375.0, "pop_dens": 38852.0, "area": 4.92 }, "geometry": { "type": "Polygon", "coordinates": [ [ [ 106.679239985585866, 10.790983023352835 ], [ 106.679976977782019, 10.790942410669034 ], [ 106.679976977782019, 10.791623221378709 ], [ 106.679239985585866, 10.791663836502444 ], [ 106.679239985585866, 10.790983023352835 ] ] ] } },
{ "type": "Feature", "properties": { "s2": "317528d524", "resolution": 17, "center_lat": 10.791343735946056, "center_lon": 106.67887149050777, "avg_edge_len": 78.016037931000994, "cell_area": 6069.7434949874878, "cell_perimeter": 312.06415172400398, "code": "770", "name": "Quận 3", "name_en": "District 3", "level": "Quận", "prov_code": "79", "prov_name": "Thành phố Hồ Chí Minh", "region": "Đông Nam Bộ", "pop_2019": 190375.0, "pop_dens": 38852.0, "area": 4.92 }, "geometry": { "type": "Polygon", "coordinates": [ [ [ 106.678502995869863, 10.7910236341455 ], [ 106.679239985585866, 10.790983023352835 ], [ 106.679239985585866, 10.791663836502444 ], [ 106.678502995869863, 10.791704449734929 ], [ 106.678502995869863, 10.7910236341455 ] ] ] } },
{ "type": "Feature", "properties": { "s2": "317528d52c", "resolution": 17, "center_lat": 10.790662924145002, "center_lon": 106.67887149050776, "avg_edge_len": 78.015835196890336, "cell_area": 6069.7110907435417, "cell_perimeter": 312.06334078756134, "code": "770", "name": "Quận 3", "name_en": "District 3", "level": "Quận", "prov_code": "79", "prov_name": "Thành phố Hồ Chí Minh", "region": "Đông Nam Bộ", "pop_2019": 190375.0, "pop_dens": 38852.0, "area": 4.92 }, "geometry": { "type": "Polygon", "coordinates": [ [ [ 106.678502995869863, 10.790342823692997 ], [ 106.679239985585866, 10.790302215340159 ], [ 106.679239985585866, 10.790983023352835 ], [ 106.678502995869863, 10.7910236341455 ], [ 106.678502995869863, 10.790342823692997 ] ] ] } },
{ "type": "Feature", "properties": { "s2": "317528d534", "resolution": 17, "center_lat": 10.790703532772207, "center_lon": 106.67813450203205, "avg_edge_len": 78.015823580682323, "cell_area": 6069.7116087377071, "cell_perimeter": 312.06329432272929, "code": "770", "name": "Quận 3", "name_en": "District 3", "level": "Quận", "prov_code": "79", "prov_name": "Thành phố Hồ Chí Minh", "region": "Đông Nam Bộ", "pop_2019": 190375.0, "pop_dens": 38852.0, "area": 4.92 }, "geometry": { "type": "Polygon", "coordinates": [ [ [ 106.677766008634393, 10.790383430154805 ], [ 106.678502995869863, 10.790342823692997 ], [ 106.678502995869863, 10.7910236341455 ], [ 106.677766008634393, 10.791064243047016 ], [ 106.677766008634393, 10.790383430154805 ] ] ] } },
{ "type": "Feature", "properties": { "s2": "317528d54c", "resolution": 17, "center_lat": 10.79074413950832, "center_lon": 106.67739751603703, "avg_edge_len": 78.015811938929488, "cell_area": 6069.7121314704418, "cell_perimeter": 312.06324775571795, "code": "770", "name": "Quận 3", "name_en": "District 3", "level": "Quận", "prov_code": "79", "prov_name": "Thành phố Hồ Chí Minh", "region": "Đông Nam Bộ", "pop_2019": 190375.0, "pop_dens": 38852.0, "area": 4.92 }, "geometry": { "type": "Polygon", "coordinates": [ [ [ 106.677029023879825, 10.790424034725573 ], [ 106.677766008634393, 10.790383430154805 ], [ 106.677766008634393, 10.791064243047016 ], [ 106.677029023879825, 10.79110485005738 ], [ 106.677029023879825, 10.790424034725573 ] ] ] } },
{ "type": "Feature", "properties": { "s2": "317528d554", "resolution": 17, "center_lat": 10.79078474435333, "center_lon": 106.6766605325231, "avg_edge_len": 78.015800271146688, "cell_area": 6069.712651476264, "cell_perimeter": 312.06320108458675, "code": "770", "name": "Quận 3", "name_en": "District 3", "level": "Quận", "prov_code": "79", "prov_name": "Thành phố Hồ Chí Minh", "region": "Đông Nam Bộ", "pop_2019": 190375.0, "pop_dens": 38852.0, "area": 4.92 }, "geometry": { "type": "Polygon", "coordinates": [ [ [ 106.676292041606516, 10.790464637405295 ], [ 106.677029023879825, 10.790424034725573 ], [ 106.677029023879825, 10.79110485005738 ], [ 106.676292041606516, 10.791145455176579 ], [ 106.676292041606516, 10.790464637405295 ] ] ] } },
{ "type": "Feature", "properties": { "s2": "3175292aac", "resolution": 17, "center_lat": 10.790825347307237, "center_lon": 106.67592355149063, "avg_edge_len": 78.015788577289229, "cell_area": 6069.7131607234478, "cell_perimeter": 312.06315430915691, "code": "770", "name": "Quận 3", "name_en": "District 3", "level": "Quận", "prov_code": "79", "prov_name": "Thành phố Hồ Chí Minh", "region": "Đông Nam Bộ", "pop_2019": 190375.0, "pop_dens": 38852.0, "area": 4.92 }, "geometry": { "type": "Polygon", "coordinates": [ [ [ 106.675555061814833, 10.790505238193962 ], [ 106.676292041606516, 10.790464637405295 ], [ 106.676292041606516, 10.791145455176579 ], [ 106.675555061814833, 10.791186058404611 ], [ 106.675555061814833, 10.790505238193962 ] ] ] } },
{ "type": "Feature", "properties": { "s2": "31752ecd8c", "resolution": 17, "center_lat": 10.787389681812032, "center_lon": 106.66413219274686, "avg_edge_len": 78.014381253643933, "cell_area": 6069.5262917280197, "cell_perimeter": 312.05752501457573, "code": "770", "name": "Quận 3", "name_en": "District 3", "level": "Quận", "prov_code": "79", "prov_name": "Thành phố Hồ Chí Minh", "region": "Đông Nam Bộ", "pop_2019": 190375.0, "pop_dens": 38852.0, "area": 4.92 }, "geometry": { "type": "Polygon", "coordinates": [ [ [ 106.6637637229489, 10.787069546163119 ], [ 106.664500662984608, 10.787028990257635 ], [ 106.664500662984608, 10.787709816217969 ], [ 106.6637637229489, 10.787750374561005 ], [ 106.6637637229489, 10.787069546163119 ] ] ] } },
{ "type": "Feature", "properties": { "s2": "31752ecdf4", "resolution": 17, "center_lat": 10.786708857202331, "center_lon": 106.66413219274688, "avg_edge_len": 78.014178395285683, "cell_area": 6069.4938625806972, "cell_perimeter": 312.05671358114273, "code": "770", "name": "Quận 3", "name_en": "District 3", "level": "Quận", "prov_code": "79", "prov_name": "Thành phố Hồ Chí Minh", "region": "Đông Nam Bộ", "pop_2019": 190375.0, "pop_dens": 38852.0, "area": 4.92 }, "geometry": { "type": "Polygon", "coordinates": [ [ [ 106.663763722948886, 10.786388722904052 ], [ 106.664500662984608, 10.786348169436126 ], [ 106.664500662984608, 10.787028990257635 ], [ 106.6637637229489, 10.787069546163119 ], [ 106.663763722948886, 10.786388722904052 ] ] ] } },
{ "type": "Feature", "properties": { "s2": "31752ed134", "resolution": 17, "center_lat": 10.783661190185915, "center_lon": 106.67002779260679, "avg_edge_len": 78.013462777782024, "cell_area": 6069.3604218363762, "cell_perimeter": 312.0538511111281, "code": "770", "name": "Quận 3", "name_en": "District 3", "level": "Quận", "prov_code": "79", "prov_name": "Thành phố Hồ Chí Minh", "region": "Đông Nam Bộ", "pop_2019": 190375.0, "pop_dens": 38852.0, "area": 4.92 }, "geometry": { "type": "Polygon", "coordinates": [ [ [ 106.669659312864056, 10.783341078603238 ], [ 106.670396272789489, 10.783300519766486 ], [ 106.670396272789489, 10.783981300525131 ], [ 106.669659312864056, 10.78402186180038 ], [ 106.669659312864056, 10.783341078603238 ] ] ] } },
{ "type": "Feature", "properties": { "s2": "31752ed144", "resolution": 17, "center_lat": 10.784382536283282, "center_lon": 106.66929083392382, "avg_edge_len": 78.013653818124766, "cell_area": 6069.3933447301388, "cell_perimeter": 312.05461527249906, "code": "770", "name": "Quận 3", "name_en": "District 3", "level": "Quận", "prov_code": "79", "prov_name": "Thành phố Hồ Chí Minh", "region": "Đông Nam Bộ", "pop_2019": 190375.0, "pop_dens": 38852.0, "area": 4.92 }, "geometry": { "type": "Polygon", "coordinates": [ [ [ 106.668922355423547, 10.784062421185652 ], [ 106.669659312864056, 10.78402186180038 ], [ 106.669659312864056, 10.784702650137508 ], [ 106.668922355423547, 10.784743211961157 ], [ 106.668922355423547, 10.784062421185652 ] ] ] } },
{ "type": "Feature", "properties": { "s2": "31752ed14c", "resolution": 17, "center_lat": 10.784341974733806, "center_lon": 106.67002779260682, "avg_edge_len": 78.013665731690025, "cell_area": 6069.3928640335798, "cell_perimeter": 312.0546629267601, "code": "770", "name": "Quận 3", "name_en": "District 3", "level": "Quận", "prov_code": "79", "prov_name": "Thành phố Hồ Chí Minh", "region": "Đông Nam Bộ", "pop_2019": 190375.0, "pop_dens": 38852.0, "area": 4.92 }, "geometry": { "type": "Polygon", "coordinates": [ [ [ 106.669659312864056, 10.78402186180038 ], [ 106.670396272789489, 10.783981300525131 ], [ 106.670396272789489, 10.78466208642377 ], [ 106.669659312864056, 10.784702650137508 ], [ 106.669659312864056, 10.78402186180038 ] ] ] } },
{ "type": "Feature", "properties": { "s2": "31752ed154", "resolution": 17, "center_lat": 10.785022764421541, "center_lon": 106.6700277926068, "avg_edge_len": 78.013868664330786, "cell_area": 6069.4253030717373, "cell_perimeter": 312.05547465732315, "code": "770", "name": "Quận 3", "name_en": "District 3", "level": "Quận", "prov_code": "79", "prov_name": "Thành phố Hồ Chí Minh", "region": "Đông Nam Bộ", "pop_2019": 190375.0, "pop_dens": 38852.0, "area": 4.92 }, "geometry": { "type": "Polygon", "coordinates": [ [ [ 106.669659312864056, 10.784702650137508 ], [ 106.670396272789489, 10.78466208642377 ], [ 106.670396272789489, 10.785342877462115 ], [ 106.669659312864056, 10.785383443614341 ], [ 106.669659312864056, 10.784702650137508 ] ] ] } },
{ "type": "Feature", "properties": { "s2": "31752ed15c", "resolution": 17, "center_lat": 10.785063328409448, "center_lon": 106.66929083392382, "avg_edge_len": 78.013856749229774, "cell_area": 6069.4257835149765, "cell_perimeter": 312.0554269969191, "code": "770", "name": "Quận 3", "name_en": "District 3", "level": "Quận", "prov_code": "79", "prov_name": "Thành phố Hồ Chí Minh", "region": "Đông Nam Bộ", "pop_2019": 190375.0, "pop_dens": 38852.0, "area": 4.92 }, "geometry": { "type": "Polygon", "coordinates": [ [ [ 106.668922355423547, 10.784743211961157 ], [ 106.669659312864056, 10.784702650137508 ], [ 106.669659312864056, 10.785383443614341 ], [ 106.668922355423547, 10.78542400787636 ], [ 106.668922355423547, 10.784743211961157 ] ] ] } },
{ "type": "Feature", "properties": { "s2": "31752ed164", "resolution": 17, "center_lat": 10.785103890507198, "center_lon": 106.668553877726, "avg_edge_len": 78.013844807392587, "cell_area": 6069.4262539446354, "cell_perimeter": 312.05537922957035, "code": "770", "name": "Quận 3", "name_en": "District 3", "level": "Quận", "prov_code": "79", "prov_name": "Thành phố Hồ Chí Minh", "region": "Đông Nam Bộ", "pop_2019": 190375.0, "pop_dens": 38852.0, "area": 4.92 }, "geometry": { "type": "Polygon", "coordinates": [ [ [ 106.668185400468346, 10.784783771894704 ], [ 106.668922355423547, 10.784743211961157 ], [ 106.668922355423547, 10.78542400787636 ], [ 106.668185400468346, 10.785464570248163 ], [ 106.668185400468346, 10.784783771894704 ] ] ] } },
{ "type": "Feature", "properties": { "s2": "31752ed16c", "resolution": 17, "center_lat": 10.784423095942719, "center_lon": 106.66855387772601, "avg_edge_len": 78.013641877558968, "cell_area": 6069.3938174694777, "cell_perimeter": 312.05456751023587, "code": "770", "name": "Quận 3", "name_en": "District 3", "level": "Quận", "prov_code": "79", "prov_name": "Thành phố Hồ Chí Minh", "region": "Đông Nam Bộ", "pop_2019": 190375.0, "pop_dens": 38852.0, "area": 4.92 }, "geometry": { "type": "Polygon", "coordinates": [ [ [ 106.668185400468346, 10.78410297868094 ], [ 106.668922355423547, 10.784062421185652 ], [ 106.668922355423547, 10.784743211961157 ], [ 106.668185400468346, 10.784783771894704 ], [ 106.668185400468346, 10.78410297868094 ] ] ] } },
{ "type": "Feature", "properties": { "s2": "31752ed17c", "resolution": 17, "center_lat": 10.785144450714796, "center_lon": 106.66781692401365, "avg_edge_len": 78.013832840583859, "cell_area": 6069.4267235589859, "cell_perimeter": 312.05533136233544, "code": "770", "name": "Quận 3", "name_en": "District 3", "level": "Quận", "prov_code": "79", "prov_name": "Thành phố Hồ Chí Minh", "region": "Đông Nam Bộ", "pop_2019": 190375.0, "pop_dens": 38852.0, "area": 4.92 }, "geometry": { "type": "Polygon", "coordinates": [ [ [ 106.667448447998808, 10.784824329938147 ], [ 106.668185400468346, 10.784783771894704 ], [ 106.668185400468346, 10.785464570248163 ], [ 106.667448447998794, 10.785505130729748 ], [ 106.667448447998808, 10.784824329938147 ] ] ] } },
{ "type": "Feature", "properties": { "s2": "31752ed184", "resolution": 17, "center_lat": 10.785185009032217, "center_lon": 106.66707997278711, "avg_edge_len": 78.013820847833244, "cell_area": 6069.4271894976009, "cell_perimeter": 312.05528339133298, "code": "770", "name": "Quận 3", "name_en": "District 3", "level": "Quận", "prov_code": "79", "prov_name": "Thành phố Hồ Chí Minh", "region": "Đông Nam Bộ", "pop_2019": 190375.0, "pop_dens": 38852.0, "area": 4.92 }, "geometry": { "type": "Polygon", "coordinates": [ [ [ 106.666711498015275, 10.784864886091478 ], [ 106.667448447998808, 10.784824329938147 ], [ 106.667448447998794, 10.785505130729748 ], [ 106.666711498015289, 10.785545689321102 ], [ 106.666711498015275, 10.784864886091478 ] ] ] } },
{ "type": "Feature", "properties": { "s2": "31752ed20c", "resolution": 17, "center_lat": 10.786668301570412, "center_lon": 106.66486913402632, "avg_edge_len": 78.014190494523035, "cell_area": 6069.4934211075306, "cell_perimeter": 312.05676197809214, "code": "770", "name": "Quận 3", "name_en": "District 3", "level": "Quận", "prov_code": "79", "prov_name": "Thành phố Hồ Chí Minh", "region": "Đông Nam Bộ", "pop_2019": 190375.0, "pop_dens": 38852.0, "area": 4.92 }, "geometry": { "type": "Polygon", "coordinates": [ [ [ 106.664500662984608, 10.786348169436126 ], [ 106.665237605507812, 10.786307614077824 ], [ 106.665237605507812, 10.786988432461662 ], [ 106.664500662984608, 10.787028990257635 ], [ 106.664500662984608, 10.786348169436126 ] ] ] } },
{ "type": "Feature", "properties": { "s2": "31752ed214", "resolution": 17, "center_lat": 10.786627744048065, "center_lon": 106.66560607779307, "avg_edge_len": 78.014202569318201, "cell_area": 6069.4929657578468, "cell_perimeter": 312.0568102772728, "code": "770", "name": "Quận 3", "name_en": "District 3", "level": "Quận", "prov_code": "79", "prov_name": "Thành phố Hồ Chí Minh", "region": "Đông Nam Bộ", "pop_2019": 190375.0, "pop_dens": 38852.0, "area": 4.92 }, "geometry": { "type": "Polygon", "coordinates": [ [ [ 106.665237605507812, 10.786307614077824 ], [ 106.665974550518172, 10.786267056829157 ], [ 106.665974550518172, 10.786947872775208 ], [ 106.665237605507812, 10.786988432461662 ], [ 106.665237605507812, 10.786307614077824 ] ] ] } },
{ "type": "Feature", "properties": { "s2": "31752ed21c", "resolution": 17, "center_lat": 10.785946929452678, "center_lon": 106.66560607779309, "avg_edge_len": 78.013999687193035, "cell_area": 6069.4605395197868, "cell_perimeter": 312.05599874877214, "code": "770", "name": "Quận 3", "name_en": "District 3", "level": "Quận", "prov_code": "79", "prov_name": "Thành phố Hồ Chí Minh", "region": "Đông Nam Bộ", "pop_2019": 190375.0, "pop_dens": 38852.0, "area": 4.92 }, "geometry": { "type": "Polygon", "coordinates": [ [ [ 106.665237605507812, 10.785626800833098 ], [ 106.665974550518172, 10.785586246022225 ], [ 106.665974550518172, 10.786267056829157 ], [ 106.665237605507812, 10.786307614077824 ], [ 106.665237605507812, 10.785626800833098 ] ] ] } },
{ "type": "Feature", "properties": { "s2": "31752ed224", "resolution": 17, "center_lat": 10.785906372477754, "center_lon": 106.66634302404682, "avg_edge_len": 78.014011732613497, "cell_area": 6069.4600761985284, "cell_perimeter": 312.05604693045399, "code": "770", "name": "Quận 3", "name_en": "District 3", "level": "Quận", "prov_code": "79", "prov_name": "Thành phố Hồ Chí Minh", "region": "Đông Nam Bộ", "pop_2019": 190375.0, "pop_dens": 38852.0, "area": 4.92 }, "geometry": { "type": "Polygon", "coordinates": [ [ [ 106.665974550518172, 10.785586246022225 ], [ 106.666711498015289, 10.785545689321102 ], [ 106.666711498015275, 10.786226497690134 ], [ 106.665974550518172, 10.786267056829157 ], [ 106.665974550518172, 10.785586246022225 ] ] ] } },
{ "type": "Feature", "properties": { "s2": "31752ed22c", "resolution": 17, "center_lat": 10.78586581361254, "center_lon": 106.66707997278711, "avg_edge_len": 78.014023753724274, "cell_area": 6069.4596211820035, "cell_perimeter": 312.0560950148971, "code": "770", "name": "Quận 3", "name_en": "District 3", "level": "Quận", "prov_code": "79", "prov_name": "Thành phố Hồ Chí Minh", "region": "Đông Nam Bộ", "pop_2019": 190375.0, "pop_dens": 38852.0, "area": 4.92 }, "geometry": { "type": "Polygon", "coordinates": [ [ [ 106.666711498015289, 10.785545689321102 ], [ 106.667448447998794, 10.785505130729748 ], [ 106.667448447998808, 10.786185936660754 ], [ 106.666711498015275, 10.786226497690134 ], [ 106.666711498015289, 10.785545689321102 ] ] ] } },
{ "type": "Feature", "properties": { "s2": "31752ed234", "resolution": 17, "center_lat": 10.786546623332116, "center_lon": 106.66707997278711, "avg_edge_len": 78.014226639052893, "cell_area": 6069.4920556992292, "cell_perimeter": 312.05690655621157, "code": "770", "name": "Quận 3", "name_en": "District 3", "level": "Quận", "prov_code": "79", "prov_name": "Thành phố Hồ Chí Minh", "region": "Đông Nam Bộ", "pop_2019": 190375.0, "pop_dens": 38852.0, "area": 4.92 }, "geometry": { "type": "Polygon", "coordinates": [ [ [ 106.666711498015275, 10.786226497690134 ], [ 106.667448447998808, 10.786185936660754 ], [ 106.667448447998808, 10.786866747730887 ], [ 106.666711498015275, 10.786907311198281 ], [ 106.666711498015275, 10.786226497690134 ] ] ] } },
{ "type": "Feature", "properties": { "s2": "31752ed23c", "resolution": 17, "center_lat": 10.786587184635298, "center_lon": 106.66634302404682, "avg_edge_len": 78.014214615700922, "cell_area": 6069.4925129115582, "cell_perimeter": 312.05685846280369, "code": "770", "name": "Quận 3", "name_en": "District 3", "level": "Quận", "prov_code": "79", "prov_name": "Thành phố Hồ Chí Minh", "region": "Đông Nam Bộ", "pop_2019": 190375.0, "pop_dens": 38852.0, "area": 4.92 }, "geometry": { "type": "Polygon", "coordinates": [ [ [ 106.665974550518172, 10.786267056829157 ], [ 106.666711498015275, 10.786226497690134 ], [ 106.666711498015275, 10.786907311198281 ], [ 106.665974550518172, 10.786947872775208 ], [ 106.665974550518172, 10.786267056829157 ] ] ] } },
{ "type": "Feature", "properties": { "s2": "31752ed244", "resolution": 17, "center_lat": 10.787268001931817, "center_lon": 106.66634302404681, "avg_edge_len": 78.014417477872215, "cell_area": 6069.5249401032925, "cell_perimeter": 312.05766991148886, "code": "770", "name": "Quận 3", "name_en": "District 3", "level": "Quận", "prov_code": "79", "prov_name": "Thành phố Hồ Chí Minh", "region": "Đông Nam Bộ", "pop_2019": 190375.0, "pop_dens": 38852.0, "area": 4.92 }, "geometry": { "type": "Polygon", "coordinates": [ [ [ 106.665974550518172, 10.786947872775208 ], [ 106.666711498015275, 10.786907311198281 ], [ 106.666711498015275, 10.787588129845266 ], [ 106.665974550518172, 10.787628693860093 ], [ 106.665974550518172, 10.786947872775208 ] ] ] } },
{ "type": "Feature", "properties": { "s2": "31752ed24c", "resolution": 17, "center_lat": 10.787227438190676, "center_lon": 106.66707997278714, "avg_edge_len": 78.014429501833945, "cell_area": 6069.5244752359031, "cell_perimeter": 312.05771800733578, "code": "770", "name": "Quận 3", "name_en": "District 3", "level": "Quận", "prov_code": "79", "prov_name": "Thành phố Hồ Chí Minh", "region": "Đông Nam Bộ", "pop_2019": 190375.0, "pop_dens": 38852.0, "area": 4.92 }, "geometry": { "type": "Polygon", "coordinates": [ [ [ 106.666711498015275, 10.786907311198281 ], [ 106.667448447998808, 10.786866747730887 ], [ 106.667448447998794, 10.78754756393986 ], [ 106.666711498015275, 10.787588129845266 ], [ 106.666711498015275, 10.786907311198281 ] ] ] } },
{ "type": "Feature", "properties": { "s2": "31752ed254", "resolution": 17, "center_lat": 10.787908258187937, "center_lon": 106.66707997278711, "avg_edge_len": 78.014632343479462, "cell_area": 6069.5569082717302, "cell_perimeter": 312.05852937391785, "code": "770", "name": "Quận 3", "name_en": "District 3", "level": "Quận", "prov_code": "79", "prov_name": "Thành phố Hồ Chí Minh", "region": "Đông Nam Bộ", "pop_2019": 190375.0, "pop_dens": 38852.0, "area": 4.92 }, "geometry": { "type": "Polygon", "coordinates": [ [ [ 106.666711498015275, 10.787588129845266 ], [ 106.667448447998794, 10.78754756393986 ], [ 106.667448447998808, 10.788228385287391 ], [ 106.666711498015289, 10.788268953630807 ], [ 106.666711498015275, 10.787588129845266 ] ] ] } },
{ "type": "Feature", "properties": { "s2": "31752ed25c", "resolution": 17, "center_lat": 10.787948824367026, "center_lon": 106.6663430240468, "avg_edge_len": 78.014620318687903, "cell_area": 6069.5573610872025, "cell_perimeter": 312.05848127475161, "code": "770", "name": "Quận 3", "name_en": "District 3", "level": "Quận", "prov_code": "79", "prov_name": "Thành phố Hồ Chí Minh", "region": "Đông Nam Bộ", "pop_2019": 190375.0, "pop_dens": 38852.0, "area": 4.92 }, "geometry": { "type": "Polygon", "coordinates": [ [ [ 106.665974550518172, 10.787628693860093 ], [ 106.666711498015275, 10.787588129845266 ], [ 106.666711498015289, 10.788268953630807 ], [ 106.665974550518172, 10.788309520083525 ], [ 106.665974550518172, 10.787628693860093 ] ] ] } },
{ "type": "Feature", "properties": { "s2": "31752ed264", "resolution": 17, "center_lat": 10.787989388655475, "center_lon": 106.66560607779309, "avg_edge_len": 78.014608269101402, "cell_area": 6069.5578140616417, "cell_perimeter": 312.05843307640561, "code": "770", "name": "Quận 3", "name_en": "District 3", "level": "Quận", "prov_code": "79", "prov_name": "Thành phố Hồ Chí Minh", "region": "Đông Nam Bộ", "pop_2019": 190375.0, "pop_dens": 38852.0, "area": 4.92 }, "geometry": { "type": "Polygon", "coordinates": [ [ [ 106.665237605507812, 10.78766925598433 ], [ 106.665974550518172, 10.787628693860093 ], [ 106.665974550518172, 10.788309520083525 ], [ 106.665237605507812, 10.788350084645538 ], [ 106.665237605507812, 10.78766925598433 ] ] ] } },
{ "type": "Feature", "properties": { "s2": "31752ed26c", "resolution": 17, "center_lat": 10.787308563782423, "center_lon": 106.66560607779309, "avg_edge_len": 78.014405429821352, "cell_area": 6069.5253979116678, "cell_perimeter": 312.05762171928541, "code": "770", "name": "Quận 3", "name_en": "District 3", "level": "Quận", "prov_code": "79", "prov_name": "Thành phố Hồ Chí Minh", "region": "Đông Nam Bộ", "pop_2019": 190375.0, "pop_dens": 38852.0, "area": 4.92 }, "geometry": { "type": "Polygon", "coordinates": [ [ [ 106.665237605507812, 10.786988432461662 ], [ 106.665974550518172, 10.786947872775208 ], [ 106.665974550518172, 10.787628693860093 ], [ 106.665237605507812, 10.78766925598433 ], [ 106.665237605507812, 10.786988432461662 ] ] ] } },
{ "type": "Feature", "properties": { "s2": "31752ed274", "resolution": 17, "center_lat": 10.7873491237425, "center_lon": 106.66486913402633, "avg_edge_len": 78.014393354108222, "cell_area": 6069.5258381962776, "cell_perimeter": 312.05757341643289, "code": "770", "name": "Quận 3", "name_en": "District 3", "level": "Quận", "prov_code": "79", "prov_name": "Thành phố Hồ Chí Minh", "region": "Đông Nam Bộ", "pop_2019": 190375.0, "pop_dens": 38852.0, "area": 4.92 }, "geometry": { "type": "Polygon", "coordinates": [ [ [ 106.664500662984608, 10.787028990257635 ], [ 106.665237605507812, 10.786988432461662 ], [ 106.665237605507812, 10.78766925598433 ], [ 106.664500662984608, 10.787709816217969 ], [ 106.664500662984608, 10.787028990257635 ] ] ] } },
{ "type": "Feature", "properties": { "s2": "31752ed27c", "resolution": 17, "center_lat": 10.788029951053272, "center_lon": 106.66486913402633, "avg_edge_len": 78.014596192072929, "cell_area": 6069.558267340064, "cell_perimeter": 312.05838476829172, "code": "770", "name": "Quận 3", "name_en": "District 3", "level": "Quận", "prov_code": "79", "prov_name": "Thành phố Hồ Chí Minh", "region": "Đông Nam Bộ", "pop_2019": 190375.0, "pop_dens": 38852.0, "area": 4.92 }, "geometry": { "type": "Polygon", "coordinates": [ [ [ 106.664500662984608, 10.787709816217969 ], [ 106.665237605507812, 10.78766925598433 ], [ 106.665237605507812, 10.788350084645538 ], [ 106.664500662984608, 10.788390647316842 ], [ 106.664500662984608, 10.787709816217969 ] ] ] } },
{ "type": "Feature", "properties": { "s2": "31752ed284", "resolution": 17, "center_lat": 10.788710783502443, "center_lon": 106.6648691340263, "avg_edge_len": 78.0147990086368, "cell_area": 6069.5906897187233, "cell_perimeter": 312.0591960345472, "code": "770", "name": "Quận 3", "name_en": "District 3", "level": "Quận", "prov_code": "79", "prov_name": "Thành phố Hồ Chí Minh", "region": "Đông Nam Bộ", "pop_2019": 190375.0, "pop_dens": 38852.0, "area": 4.92 }, "geometry": { "type": "Polygon", "coordinates": [ [ [ 106.664500662984608, 10.788390647316842 ], [ 106.665237605507812, 10.788350084645538 ], [ 106.665237605507812, 10.789030918445011 ], [ 106.664500662984608, 10.789071483553974 ], [ 106.664500662984608, 10.788390647316842 ] ] ] } },
{ "type": "Feature", "properties": { "s2": "31752ed28c", "resolution": 17, "center_lat": 10.788670218666928, "center_lon": 106.6656060777931, "avg_edge_len": 78.014811086760062, "cell_area": 6069.5902333259583, "cell_perimeter": 312.05924434704025, "code": "770", "name": "Quận 3", "name_en": "District 3", "level": "Quận", "prov_code": "79", "prov_name": "Thành phố Hồ Chí Minh", "region": "Đông Nam Bộ", "pop_2019": 190375.0, "pop_dens": 38852.0, "area": 4.92 }, "geometry": { "type": "Polygon", "coordinates": [ [ [ 106.665237605507812, 10.788350084645538 ], [ 106.665974550518172, 10.788309520083525 ], [ 106.665974550518172, 10.788990351445225 ], [ 106.665237605507812, 10.789030918445011 ], [ 106.665237605507812, 10.788350084645538 ] ] ] } },
{ "type": "Feature", "properties": { "s2": "31752ed294", "resolution": 17, "center_lat": 10.789351053816508, "center_lon": 106.66560607779309, "avg_edge_len": 78.01501388354805, "cell_area": 6069.6226539462805, "cell_perimeter": 312.0600555341922, "code": "770", "name": "Quận 3", "name_en": "District 3", "level": "Quận", "prov_code": "79", "prov_name": "Thành phố Hồ Chí Minh", "region": "Đông Nam Bộ", "pop_2019": 190375.0, "pop_dens": 38852.0, "area": 4.92 }, "geometry": { "type": "Polygon", "coordinates": [ [ [ 106.665237605507812, 10.789030918445011 ], [ 106.665974550518172, 10.788990351445225 ], [ 106.665974550518172, 10.789671187944908 ], [ 106.665237605507812, 10.789711757382463 ], [ 106.665237605507812, 10.789030918445011 ] ] ] } },
{ "type": "Feature", "properties": { "s2": "31752ed29c", "resolution": 17, "center_lat": 10.789391621089734, "center_lon": 106.66486913402635, "avg_edge_len": 78.015001803933274, "cell_area": 6069.6230976134539, "cell_perimeter": 312.06000721573309, "code": "770", "name": "Quận 3", "name_en": "District 3", "level": "Quận", "prov_code": "79", "prov_name": "Thành phố Hồ Chí Minh", "region": "Đông Nam Bộ", "pop_2019": 190375.0, "pop_dens": 38852.0, "area": 4.92 }, "geometry": { "type": "Polygon", "coordinates": [ [ [ 106.664500662984608, 10.789071483553974 ], [ 106.665237605507812, 10.789030918445011 ], [ 106.665237605507812, 10.789711757382463 ], [ 106.664500662984608, 10.789752324929079 ], [ 106.664500662984608, 10.789071483553974 ] ] ] } },
{ "type": "Feature", "properties": { "s2": "31752ed2a4", "resolution": 17, "center_lat": 10.790072463814861, "center_lon": 106.66486913402633, "avg_edge_len": 78.015204577564134, "cell_area": 6069.6555187404156, "cell_perimeter": 312.06081831025654, "code": "770", "name": "Quận 3", "name_en": "District 3", "level": "Quận", "prov_code": "79", "prov_name": "Thành phố Hồ Chí Minh", "region": "Đông Nam Bộ", "pop_2019": 190375.0, "pop_dens": 38852.0, "area": 4.92 }, "geometry": { "type": "Polygon", "coordinates": [ [ [ 106.664500662984608, 10.789752324929079 ], [ 106.665237605507812, 10.789711757382463 ], [ 106.665237605507812, 10.79039260145761 ], [ 106.664500662984608, 10.790433171441876 ], [ 106.664500662984608, 10.789752324929079 ] ] ] } },
{ "type": "Feature", "properties": { "s2": "31752ed2bc", "resolution": 17, "center_lat": 10.790031894103922, "center_lon": 106.6656060777931, "avg_edge_len": 78.015216658626827, "cell_area": 6069.6550665646791, "cell_perimeter": 312.06086663450731, "code": "770", "name": "Quận 3", "name_en": "District 3", "level": "Quận", "prov_code": "79", "prov_name": "Thành phố Hồ Chí Minh", "region": "Đông Nam Bộ", "pop_2019": 190375.0, "pop_dens": 38852.0, "area": 4.92 }, "geometry": { "type": "Polygon", "coordinates": [ [ [ 106.665237605507812, 10.789711757382463 ], [ 106.665974550518172, 10.789671187944908 ], [ 106.665974550518172, 10.790352029582291 ], [ 106.665237605507812, 10.79039260145761 ], [ 106.665237605507812, 10.789711757382463 ] ] ] } },
{ "type": "Feature", "properties": { "s2": "31752ed2e4", "resolution": 17, "center_lat": 10.789269913597412, "center_lon": 106.66707997278712, "avg_edge_len": 78.015037963452045, "cell_area": 6069.6217371867479, "cell_perimeter": 312.06015185380818, "code": "770", "name": "Quận 3", "name_en": "District 3", "level": "Quận", "prov_code": "79", "prov_name": "Thành phố Hồ Chí Minh", "region": "Đông Nam Bộ", "pop_2019": 190375.0, "pop_dens": 38852.0, "area": 4.92 }, "geometry": { "type": "Polygon", "coordinates": [ [ [ 106.666711498015275, 10.788949782554617 ], [ 106.667448447998808, 10.7889092117732 ], [ 106.667448447998808, 10.789590043397 ], [ 106.666711498015289, 10.789630616616417 ], [ 106.666711498015275, 10.788949782554617 ] ] ] } },
{ "type": "Feature", "properties": { "s2": "31752ed2ec", "resolution": 17, "center_lat": 10.7893104846524, "center_lon": 106.66634302404684, "avg_edge_len": 78.015025935853387, "cell_area": 6069.6222025109946, "cell_perimeter": 312.06010374341355, "code": "770", "name": "Quận 3", "name_en": "District 3", "level": "Quận", "prov_code": "79", "prov_name": "Thành phố Hồ Chí Minh", "region": "Đông Nam Bộ", "pop_2019": 190375.0, "pop_dens": 38852.0, "area": 4.92 }, "geometry": { "type": "Polygon", "coordinates": [ [ [ 106.665974550518172, 10.788990351445225 ], [ 106.666711498015275, 10.788949782554617 ], [ 106.666711498015289, 10.789630616616417 ], [ 106.665974550518172, 10.789671187944908 ], [ 106.665974550518172, 10.788990351445225 ] ] ] } },
{ "type": "Feature", "properties": { "s2": "31752ed2f4", "resolution": 17, "center_lat": 10.788629651940646, "center_lon": 106.66634302404684, "avg_edge_len": 78.014823137970964, "cell_area": 6069.5897792347459, "cell_perimeter": 312.05929255188386, "code": "770", "name": "Quận 3", "name_en": "District 3", "level": "Quận", "prov_code": "79", "prov_name": "Thành phố Hồ Chí Minh", "region": "Đông Nam Bộ", "pop_2019": 190375.0, "pop_dens": 38852.0, "area": 4.92 }, "geometry": { "type": "Polygon", "coordinates": [ [ [ 106.665974550518172, 10.788309520083525 ], [ 106.666711498015289, 10.788268953630807 ], [ 106.666711498015275, 10.788949782554617 ], [ 106.665974550518172, 10.788990351445225 ], [ 106.665974550518172, 10.788309520083525 ] ] ] } },
{ "type": "Feature", "properties": { "s2": "31752ed2fc", "resolution": 17, "center_lat": 10.788589083323609, "center_lon": 106.66707997278712, "avg_edge_len": 78.014835164518999, "cell_area": 6069.5893223366947, "cell_perimeter": 312.059340658076, "code": "770", "name": "Quận 3", "name_en": "District 3", "level": "Quận", "prov_code": "79", "prov_name": "Thành phố Hồ Chí Minh", "region": "Đông Nam Bộ", "pop_2019": 190375.0, "pop_dens": 38852.0, "area": 4.92 }, "geometry": { "type": "Polygon", "coordinates": [ [ [ 106.666711498015289, 10.788268953630807 ], [ 106.667448447998808, 10.788228385287391 ], [ 106.667448447998808, 10.7889092117732 ], [ 106.666711498015275, 10.788949782554617 ], [ 106.666711498015289, 10.788268953630807 ] ] ] } },
{ "type": "Feature", "properties": { "s2": "31752ed304", "resolution": 17, "center_lat": 10.788548512815822, "center_lon": 106.66781692401364, "avg_edge_len": 78.014847163095666, "cell_area": 6069.5888619124889, "cell_perimeter": 312.05938865238267, "code": "770", "name": "Quận 3", "name_en": "District 3", "level": "Quận", "prov_code": "79", "prov_name": "Thành phố Hồ Chí Minh", "region": "Đông Nam Bộ", "pop_2019": 190375.0, "pop_dens": 38852.0, "area": 4.92 }, "geometry": { "type": "Polygon", "coordinates": [ [ [ 106.667448447998808, 10.788228385287391 ], [ 106.668185400468346, 10.788187815053288 ], [ 106.668185400468346, 10.788868639100979 ], [ 106.667448447998808, 10.7889092117732 ], [ 106.667448447998808, 10.788228385287391 ] ] ] } },
{ "type": "Feature", "properties": { "s2": "31752ed30c", "resolution": 17, "center_lat": 10.788507940417292, "center_lon": 106.66855387772601, "avg_edge_len": 78.014859136127299, "cell_area": 6069.588393881917, "cell_perimeter": 312.0594365445092, "code": "770", "name": "Quận 3", "name_en": "District 3", "level": "Quận", "prov_code": "79", "prov_name": "Thành phố Hồ Chí Minh", "region": "Đông Nam Bộ", "pop_2019": 190375.0, "pop_dens": 38852.0, "area": 4.92 }, "geometry": { "type": "Polygon", "coordinates": [ [ [ 106.668185400468346, 10.788187815053288 ], [ 106.668922355423547, 10.788147242928504 ], [ 106.668922355423547, 10.788828064537961 ], [ 106.668185400468346, 10.788868639100979 ], [ 106.668185400468346, 10.788187815053288 ] ] ] } },
{ "type": "Feature", "properties": { "s2": "31752ed31c", "resolution": 17, "center_lat": 10.78922934065157, "center_lon": 106.66781692401365, "avg_edge_len": 78.015049962682511, "cell_area": 6069.6212817132473, "cell_perimeter": 312.06019985073004, "code": "770", "name": "Quận 3", "name_en": "District 3", "level": "Quận", "prov_code": "79", "prov_name": "Thành phố Hồ Chí Minh", "region": "Đông Nam Bộ", "pop_2019": 190375.0, "pop_dens": 38852.0, "area": 4.92 }, "geometry": { "type": "Polygon", "coordinates": [ [ [ 106.667448447998808, 10.7889092117732 ], [ 106.668185400468346, 10.788868639100979 ], [ 106.668185400468346, 10.789549468286664 ], [ 106.667448447998808, 10.789590043397 ], [ 106.667448447998808, 10.7889092117732 ] ] ] } },
{ "type": "Feature", "properties": { "s2": "31752ed374", "resolution": 17, "center_lat": 10.788467366128026, "center_lon": 106.66929083392384, "avg_edge_len": 78.014871084761282, "cell_area": 6069.587924271822, "cell_perimeter": 312.05948433904513, "code": "770", "name": "Quận 3", "name_en": "District 3", "level": "Quận", "prov_code": "79", "prov_name": "Thành phố Hồ Chí Minh", "region": "Đông Nam Bộ", "pop_2019": 190375.0, "pop_dens": 38852.0, "area": 4.92 }, "geometry": { "type": "Polygon", "coordinates": [ [ [ 106.668922355423547, 10.788147242928504 ], [ 106.669659312864056, 10.788106668913048 ], [ 106.669659312864056, 10.788787488084155 ], [ 106.668922355423547, 10.788828064537961 ], [ 106.668922355423547, 10.788147242928504 ] ] ] } },
{ "type": "Feature", "properties": { "s2": "31752ed37c", "resolution": 17, "center_lat": 10.788426789948039, "center_lon": 106.67002779260682, "avg_edge_len": 78.014883006482876, "cell_area": 6069.5874448269606, "cell_perimeter": 312.0595320259315, "code": "770", "name": "Quận 3", "name_en": "District 3", "level": "Quận", "prov_code": "79", "prov_name": "Thành phố Hồ Chí Minh", "region": "Đông Nam Bộ", "pop_2019": 190375.0, "pop_dens": 38852.0, "area": 4.92 }, "geometry": { "type": "Polygon", "coordinates": [ [ [ 106.669659312864056, 10.788106668913048 ], [ 106.670396272789489, 10.788066093006927 ], [ 106.670396272789489, 10.788746909739572 ], [ 106.669659312864056, 10.788787488084155 ], [ 106.669659312864056, 10.788106668913048 ] ] ] } },
{ "type": "Feature", "properties": { "s2": "31752ed384", "resolution": 17, "center_lat": 10.787745974565302, "center_lon": 106.6700277926068, "avg_edge_len": 78.014680180579717, "cell_area": 6069.5550298541784, "cell_perimeter": 312.05872072231887, "code": "770", "name": "Quận 3", "name_en": "District 3", "level": "Quận", "prov_code": "79", "prov_name": "Thành phố Hồ Chí Minh", "region": "Đông Nam Bộ", "pop_2019": 190375.0, "pop_dens": 38852.0, "area": 4.92 }, "geometry": { "type": "Polygon", "coordinates": [ [ [ 106.669659312864056, 10.787425854880231 ], [ 106.670396272789489, 10.787385281412577 ], [ 106.670396272789489, 10.788066093006927 ], [ 106.669659312864056, 10.788106668913048 ], [ 106.669659312864056, 10.787425854880231 ] ] ] } },
{ "type": "Feature", "properties": { "s2": "31752ed38c", "resolution": 17, "center_lat": 10.78706516432101, "center_lon": 106.6700277926068, "avg_edge_len": 78.014477333408053, "cell_area": 6069.5226023346186, "cell_perimeter": 312.05790933363221, "code": "770", "name": "Quận 3", "name_en": "District 3", "level": "Quận", "prov_code": "79", "prov_name": "Thành phố Hồ Chí Minh", "region": "Đông Nam Bộ", "pop_2019": 190375.0, "pop_dens": 38852.0, "area": 4.92 }, "geometry": { "type": "Polygon", "coordinates": [ [ [ 106.669659312864056, 10.786745045985985 ], [ 106.670396272789489, 10.786704474956805 ], [ 106.670396272789489, 10.787385281412577 ], [ 106.669659312864056, 10.787425854880231 ], [ 106.669659312864056, 10.786745045985985 ] ] ] } },
{ "type": "Feature", "properties": { "s2": "31752ed394", "resolution": 17, "center_lat": 10.787105735624179, "center_lon": 106.66929083392385, "avg_edge_len": 78.014465414714579, "cell_area": 6069.523079842329, "cell_perimeter": 312.05786165885831, "code": "770", "name": "Quận 3", "name_en": "District 3", "level": "Quận", "prov_code": "79", "prov_name": "Thành phố Hồ Chí Minh", "region": "Đông Nam Bộ", "pop_2019": 190375.0, "pop_dens": 38852.0, "area": 4.92 }, "geometry": { "type": "Polygon", "coordinates": [ [ [ 106.668922355423547, 10.78678561512473 ], [ 106.669659312864056, 10.786745045985985 ], [ 106.669659312864056, 10.787425854880231 ], [ 106.668922355423547, 10.787466426457335 ], [ 106.668922355423547, 10.78678561512473 ] ] ] } },
{ "type": "Feature", "properties": { "s2": "31752ed39c", "resolution": 17, "center_lat": 10.787786548306888, "center_lon": 106.66929083392382, "avg_edge_len": 78.014668260305911, "cell_area": 6069.5555010586977, "cell_perimeter": 312.05867304122364, "code": "770", "name": "Quận 3", "name_en": "District 3", "level": "Quận", "prov_code": "79", "prov_name": "Thành phố Hồ Chí Minh", "region": "Đông Nam Bộ", "pop_2019": 190375.0, "pop_dens": 38852.0, "area": 4.92 }, "geometry": { "type": "Polygon", "coordinates": [ [ [ 106.668922355423547, 10.787466426457335 ], [ 106.669659312864056, 10.787425854880231 ], [ 106.669659312864056, 10.788106668913048 ], [ 106.668922355423547, 10.788147242928504 ], [ 106.668922355423547, 10.787466426457335 ] ] ] } },
{ "type": "Feature", "properties": { "s2": "31752ed3a4", "resolution": 17, "center_lat": 10.787827120157859, "center_lon": 106.66855387772603, "avg_edge_len": 78.01465631294306, "cell_area": 6069.5559763610363, "cell_perimeter": 312.05862525177224, "code": "770", "name": "Quận 3", "name_en": "District 3", "level": "Quận", "prov_code": "79", "prov_name": "Thành phố Hồ Chí Minh", "region": "Đông Nam Bộ", "pop_2019": 190375.0, "pop_dens": 38852.0, "area": 4.92 }, "geometry": { "type": "Polygon", "coordinates": [ [ [ 106.668185400468346, 10.787506996143881 ], [ 106.668922355423547, 10.787466426457335 ], [ 106.668922355423547, 10.788147242928504 ], [ 106.668185400468346, 10.788187815053288 ], [ 106.668185400468346, 10.787506996143881 ] ] ] } },
{ "type": "Feature", "properties": { "s2": "31752ed3ac", "resolution": 17, "center_lat": 10.787867690118212, "center_lon": 106.66781692401366, "avg_edge_len": 78.014644341799794, "cell_area": 6069.5564397742155, "cell_perimeter": 312.05857736719918, "code": "770", "name": "Quận 3", "name_en": "District 3", "level": "Quận", "prov_code": "79", "prov_name": "Thành phố Hồ Chí Minh", "region": "Đông Nam Bộ", "pop_2019": 190375.0, "pop_dens": 38852.0, "area": 4.92 }, "geometry": { "type": "Polygon", "coordinates": [ [ [ 106.667448447998794, 10.78754756393986 ], [ 106.668185400468346, 10.787506996143881 ], [ 106.668185400468346, 10.788187815053288 ], [ 106.667448447998808, 10.788228385287391 ], [ 106.667448447998794, 10.78754756393986 ] ] ] } },
{ "type": "Feature", "properties": { "s2": "31752ed3b4", "resolution": 17, "center_lat": 10.787186872559023, "center_lon": 106.66781692401365, "avg_edge_len": 78.014441498133493, "cell_area": 6069.5240150797727, "cell_perimeter": 312.05776599253397, "code": "770", "name": "Quận 3", "name_en": "District 3", "level": "Quận", "prov_code": "79", "prov_name": "Thành phố Hồ Chí Minh", "region": "Đông Nam Bộ", "pop_2019": 190375.0, "pop_dens": 38852.0, "area": 4.92 }, "geometry": { "type": "Polygon", "coordinates": [ [ [ 106.667448447998808, 10.786866747730887 ], [ 106.668185400468346, 10.786826182373034 ], [ 106.668185400468346, 10.787506996143881 ], [ 106.667448447998794, 10.78754756393986 ], [ 106.667448447998808, 10.786866747730887 ] ] ] } },
{ "type": "Feature", "properties": { "s2": "31752ed3bc", "resolution": 17, "center_lat": 10.787146305036854, "center_lon": 106.66855387772603, "avg_edge_len": 78.014453468667426, "cell_area": 6069.5235457122326, "cell_perimeter": 312.05781387466971, "code": "770", "name": "Quận 3", "name_en": "District 3", "level": "Quận", "prov_code": "79", "prov_name": "Thành phố Hồ Chí Minh", "region": "Đông Nam Bộ", "pop_2019": 190375.0, "pop_dens": 38852.0, "area": 4.92 }, "geometry": { "type": "Polygon", "coordinates": [ [ [ 106.668185400468346, 10.786826182373034 ], [ 106.668922355423547, 10.78678561512473 ], [ 106.668922355423547, 10.787466426457335 ], [ 106.668185400468346, 10.787506996143881 ], [ 106.668185400468346, 10.786826182373034 ] ] ] } },
{ "type": "Feature", "properties": { "s2": "31752ed3c4", "resolution": 17, "center_lat": 10.78646549505455, "center_lon": 106.66855387772601, "avg_edge_len": 78.014250602946134, "cell_area": 6069.4911262094975, "cell_perimeter": 312.05700241178454, "code": "770", "name": "Quận 3", "name_en": "District 3", "level": "Quận", "prov_code": "79", "prov_name": "Thành phố Hồ Chí Minh", "region": "Đông Nam Bộ", "pop_2019": 190375.0, "pop_dens": 38852.0, "area": 4.92 }, "geometry": { "type": "Polygon", "coordinates": [ [ [ 106.668185400468346, 10.786145373741032 ], [ 106.668922355423547, 10.786104808930977 ], [ 106.668922355423547, 10.78678561512473 ], [ 106.668185400468346, 10.786826182373034 ], [ 106.668185400468346, 10.786145373741032 ] ] ] } },
{ "type": "Feature", "properties": { "s2": "31752ed3cc", "resolution": 17, "center_lat": 10.786506060138532, "center_lon": 106.66781692401362, "avg_edge_len": 78.014238633110196, "cell_area": 6069.4915904700756, "cell_perimeter": 312.05695453244078, "code": "770", "name": "Quận 3", "name_en": "District 3", "level": "Quận", "prov_code": "79", "prov_name": "Thành phố Hồ Chí Minh", "region": "Đông Nam Bộ", "pop_2019": 190375.0, "pop_dens": 38852.0, "area": 4.92 }, "geometry": { "type": "Polygon", "coordinates": [ [ [ 106.667448447998808, 10.786185936660754 ], [ 106.668185400468346, 10.786145373741032 ], [ 106.668185400468346, 10.786826182373034 ], [ 106.667448447998808, 10.786866747730887 ], [ 106.667448447998808, 10.786185936660754 ] ] ] } },
{ "type": "Feature", "properties": { "s2": "31752ed3d4", "resolution": 17, "center_lat": 10.78582525285703, "center_lon": 106.66781692401365, "avg_edge_len": 78.01403574801067, "cell_area": 6069.4591551656831, "cell_perimeter": 312.05614299204268, "code": "770", "name": "Quận 3", "name_en": "District 3", "level": "Quận", "prov_code": "79", "prov_name": "Thành phố Hồ Chí Minh", "region": "Đông Nam Bộ", "pop_2019": 190375.0, "pop_dens": 38852.0, "area": 4.92 }, "geometry": { "type": "Polygon", "coordinates": [ [ [ 106.667448447998794, 10.785505130729748 ], [ 106.668185400468346, 10.785464570248163 ], [ 106.668185400468346, 10.786145373741032 ], [ 106.667448447998808, 10.786185936660754 ], [ 106.667448447998794, 10.785505130729748 ] ] ] } },
{ "type": "Feature", "properties": { "s2": "31752ed3dc", "resolution": 17, "center_lat": 10.785784690211241, "center_lon": 106.66855387772603, "avg_edge_len": 78.014047716134314, "cell_area": 6069.4586866348982, "cell_perimeter": 312.05619086453726, "code": "770", "name": "Quận 3", "name_en": "District 3", "level": "Quận", "prov_code": "79", "prov_name": "Thành phố Hồ Chí Minh", "region": "Đông Nam Bộ", "pop_2019": 190375.0, "pop_dens": 38852.0, "area": 4.92 }, "geometry": { "type": "Polygon", "coordinates": [ [ [ 106.668185400468346, 10.785464570248163 ], [ 106.668922355423547, 10.78542400787636 ], [ 106.668922355423547, 10.786104808930977 ], [ 106.668185400468346, 10.786145373741032 ], [ 106.668185400468346, 10.785464570248163 ] ] ] } },
{ "type": "Feature", "properties": { "s2": "31752ed3e4", "resolution": 17, "center_lat": 10.785744125675176, "center_lon": 106.66929083392384, "avg_edge_len": 78.014059658668984, "cell_area": 6069.458215534687, "cell_perimeter": 312.05623863467594, "code": "770", "name": "Quận 3", "name_en": "District 3", "level": "Quận", "prov_code": "79", "prov_name": "Thành phố Hồ Chí Minh", "region": "Đông Nam Bộ", "pop_2019": 190375.0, "pop_dens": 38852.0, "area": 4.92 }, "geometry": { "type": "Polygon", "coordinates": [ [ [ 106.668922355423547, 10.78542400787636 ], [ 106.669659312864056, 10.785383443614341 ], [ 106.669659312864056, 10.786064242230593 ], [ 106.668922355423547, 10.786104808930977 ], [ 106.668922355423547, 10.78542400787636 ] ] ] } },
{ "type": "Feature", "properties": { "s2": "31752ed3ec", "resolution": 17, "center_lat": 10.786424928080178, "center_lon": 106.66929083392382, "avg_edge_len": 78.01426254736964, "cell_area": 6069.4906499832869, "cell_perimeter": 312.05705018947856, "code": "770", "name": "Quận 3", "name_en": "District 3", "level": "Quận", "prov_code": "79", "prov_name": "Thành phố Hồ Chí Minh", "region": "Đông Nam Bộ", "pop_2019": 190375.0, "pop_dens": 38852.0, "area": 4.92 }, "geometry": { "type": "Polygon", "coordinates": [ [ [ 106.668922355423547, 10.786104808930977 ], [ 106.669659312864056, 10.786064242230593 ], [ 106.669659312864056, 10.786745045985985 ], [ 106.668922355423547, 10.78678561512473 ], [ 106.668922355423547, 10.786104808930977 ] ] ] } },
{ "type": "Feature", "properties": { "s2": "31752ed3f4", "resolution": 17, "center_lat": 10.786384359215427, "center_lon": 106.6700277926068, "avg_edge_len": 78.014274465278021, "cell_area": 6069.4901749938726, "cell_perimeter": 312.05709786111208, "code": "770", "name": "Quận 3", "name_en": "District 3", "level": "Quận", "prov_code": "79", "prov_name": "Thành phố Hồ Chí Minh", "region": "Đông Nam Bộ", "pop_2019": 190375.0, "pop_dens": 38852.0, "area": 4.92 }, "geometry": { "type": "Polygon", "coordinates": [ [ [ 106.669659312864056, 10.786064242230593 ], [ 106.670396272789489, 10.786023673639889 ], [ 106.670396272789489, 10.786704474956805 ], [ 106.669659312864056, 10.786745045985985 ], [ 106.669659312864056, 10.786064242230593 ] ] ] } },
{ "type": "Feature", "properties": { "s2": "31752ed3fc", "resolution": 17, "center_lat": 10.785703559248843, "center_lon": 106.6700277926068, "avg_edge_len": 78.014071575526444, "cell_area": 6069.4577422440052, "cell_perimeter": 312.05628630210578, "code": "770", "name": "Quận 3", "name_en": "District 3", "level": "Quận", "prov_code": "79", "prov_name": "Thành phố Hồ Chí Minh", "region": "Đông Nam Bộ", "pop_2019": 190375.0, "pop_dens": 38852.0, "area": 4.92 }, "geometry": { "type": "Polygon", "coordinates": [ [ [ 106.669659312864056, 10.785383443614341 ], [ 106.670396272789489, 10.785342877462115 ], [ 106.670396272789489, 10.786023673639889 ], [ 106.669659312864056, 10.786064242230593 ], [ 106.669659312864056, 10.785383443614341 ] ] ] } },
{ "type": "Feature", "properties": { "s2": "31752ed404", "resolution": 17, "center_lat": 10.785662990932252, "center_lon": 106.67076475377451, "avg_edge_len": 78.014083466397921, "cell_area": 6069.4572595357895, "cell_perimeter": 312.05633386559168, "code": "770", "name": "Quận 3", "name_en": "District 3", "level": "Quận", "prov_code": "79", "prov_name": "Thành phố Hồ Chí Minh", "region": "Đông Nam Bộ", "pop_2019": 190375.0, "pop_dens": 38852.0, "area": 4.92 }, "geometry": { "type": "Polygon", "coordinates": [ [ [ 106.670396272789489, 10.785342877462115 ], [ 106.671133235199491, 10.785302309419697 ], [ 106.671133235199491, 10.785983103158872 ], [ 106.670396272789489, 10.786023673639889 ], [ 106.670396272789489, 10.785342877462115 ] ] ] } },
{ "type": "Feature", "properties": { "s2": "31752ed40c", "resolution": 17, "center_lat": 10.7863437884603, "center_lon": 106.67076475377449, "avg_edge_len": 78.014286357773429, "cell_area": 6069.4896929711103, "cell_perimeter": 312.05714543109372, "code": "770", "name": "Quận 3", "name_en": "District 3", "level": "Quận", "prov_code": "79", "prov_name": "Thành phố Hồ Chí Minh", "region": "Đông Nam Bộ", "pop_2019": 190375.0, "pop_dens": 38852.0, "area": 4.92 }, "geometry": { "type": "Polygon", "coordinates": [ [ [ 106.670396272789489, 10.786023673639889 ], [ 106.671133235199491, 10.785983103158872 ], [ 106.671133235199491, 10.786663902037196 ], [ 106.670396272789489, 10.786704474956805 ], [ 106.670396272789489, 10.786023673639889 ] ] ] } },
{ "type": "Feature", "properties": { "s2": "31752ed414", "resolution": 17, "center_lat": 10.786303215814808, "center_lon": 106.67150171742659, "avg_edge_len": 78.014298224547304, "cell_area": 6069.4892097711563, "cell_perimeter": 312.05719289818921, "code": "770", "name": "Quận 3", "name_en": "District 3", "level": "Quận", "prov_code": "79", "prov_name": "Thành phố Hồ Chí Minh", "region": "Đông Nam Bộ", "pop_2019": 190375.0, "pop_dens": 38852.0, "area": 4.92 }, "geometry": { "type": "Polygon", "coordinates": [ [ [ 106.671133235199491, 10.785983103158872 ], [ 106.671870200093707, 10.785942530787551 ], [ 106.671870200093707, 10.786623327227169 ], [ 106.671133235199491, 10.786663902037196 ], [ 106.671133235199491, 10.785983103158872 ] ] ] } },
{ "type": "Feature", "properties": { "s2": "31752ed41c", "resolution": 17, "center_lat": 10.785622420725412, "center_lon": 106.67150171742661, "avg_edge_len": 78.01409533216551, "cell_area": 6069.4567768424749, "cell_perimeter": 312.05638132866204, "code": "770", "name": "Quận 3", "name_en": "District 3", "level": "Quận", "prov_code": "79", "prov_name": "Thành phố Hồ Chí Minh", "region": "Đông Nam Bộ", "pop_2019": 190375.0, "pop_dens": 38852.0, "area": 4.92 }, "geometry": { "type": "Polygon", "coordinates": [ [ [ 106.671133235199491, 10.785302309419697 ], [ 106.671870200093707, 10.785261739487087 ], [ 106.671870200093707, 10.785942530787551 ], [ 106.671133235199491, 10.785983103158872 ], [ 106.671133235199491, 10.785302309419697 ] ] ] } },
{ "type": "Feature", "properties": { "s2": "31752ed424", "resolution": 17, "center_lat": 10.785581848628327, "center_lon": 106.67223868356271, "avg_edge_len": 78.014107170358798, "cell_area": 6069.4562907367945, "cell_perimeter": 312.05642868143519, "code": "770", "name": "Quận 3", "name_en": "District 3", "level": "Quận", "prov_code": "79", "prov_name": "Thành phố Hồ Chí Minh", "region": "Đông Nam Bộ", "pop_2019": 190375.0, "pop_dens": 38852.0, "area": 4.92 }, "geometry": { "type": "Polygon", "coordinates": [ [ [ 106.671870200093707, 10.785261739487087 ], [ 106.672607167471739, 10.785221167664297 ], [ 106.672607167471739, 10.785901956525931 ], [ 106.671870200093707, 10.785942530787551 ], [ 106.671870200093707, 10.785261739487087 ] ] ] } },
{ "type": "Feature", "properties": { "s2": "31752ed42c", "resolution": 17, "center_lat": 10.785541274641011, "center_lon": 106.67297565218249, "avg_edge_len": 78.014118982080959, "cell_area": 6069.4557950049639, "cell_perimeter": 312.05647592832383, "code": "770", "name": "Quận 3", "name_en": "District 3", "level": "Quận", "prov_code": "79", "prov_name": "Thành phố Hồ Chí Minh", "region": "Đông Nam Bộ", "pop_2019": 190375.0, "pop_dens": 38852.0, "area": 4.92 }, "geometry": { "type": "Polygon", "coordinates": [ [ [ 106.672607167471739, 10.785221167664297 ], [ 106.673344137333217, 10.785180593951329 ], [ 106.673344137333217, 10.785861380374028 ], [ 106.672607167471739, 10.785901956525931 ], [ 106.672607167471739, 10.785221167664297 ] ] ] } },
{ "type": "Feature", "properties": { "s2": "31752ed434", "resolution": 17, "center_lat": 10.786222064852756, "center_lon": 106.67297565218247, "avg_edge_len": 78.014321877004221, "cell_area": 6069.4882287234068, "cell_perimeter": 312.05728750801688, "code": "770", "name": "Quận 3", "name_en": "District 3", "level": "Quận", "prov_code": "79", "prov_name": "Thành phố Hồ Chí Minh", "region": "Đông Nam Bộ", "pop_2019": 190375.0, "pop_dens": 38852.0, "area": 4.92 }, "geometry": { "type": "Polygon", "coordinates": [ [ [ 106.672607167471739, 10.785901956525931 ], [ 106.673344137333217, 10.785861380374028 ], [ 106.673344137333217, 10.786542171935885 ], [ 106.672607167471739, 10.786582750526728 ], [ 106.672607167471739, 10.785901956525931 ] ] ] } },
{ "type": "Feature", "properties": { "s2": "31752ed43c", "resolution": 17, "center_lat": 10.786262641278956, "center_lon": 106.67223868356271, "avg_edge_len": 78.014310064099746, "cell_area": 6069.488724976778, "cell_perimeter": 312.05724025639898, "code": "770", "name": "Quận 3", "name_en": "District 3", "level": "Quận", "prov_code": "79", "prov_name": "Thành phố Hồ Chí Minh", "region": "Đông Nam Bộ", "pop_2019": 190375.0, "pop_dens": 38852.0, "area": 4.92 }, "geometry": { "type": "Polygon", "coordinates": [ [ [ 106.671870200093707, 10.785942530787551 ], [ 106.672607167471739, 10.785901956525931 ], [ 106.672607167471739, 10.786582750526728 ], [ 106.671870200093707, 10.786623327227169 ], [ 106.671870200093707, 10.785942530787551 ] ] ] } },
{ "type": "Feature", "properties": { "s2": "31752ed444", "resolution": 17, "center_lat": 10.786943439068599, "center_lon": 106.67223868356272, "avg_edge_len": 78.01451293626431, "cell_area": 6069.5211488604546, "cell_perimeter": 312.05805174505724, "code": "770", "name": "Quận 3", "name_en": "District 3", "level": "Quận", "prov_code": "79", "prov_name": "Thành phố Hồ Chí Minh", "region": "Đông Nam Bộ", "pop_2019": 190375.0, "pop_dens": 38852.0, "area": 4.92 }, "geometry": { "type": "Polygon", "coordinates": [ [ [ 106.671870200093707, 10.786623327227169 ], [ 106.672607167471739, 10.786582750526728 ], [ 106.672607167471739, 10.787263549666394 ], [ 106.671870200093707, 10.787304128805651 ], [ 106.671870200093707, 10.786623327227169 ] ] ] } },
{ "type": "Feature", "properties": { "s2": "31752ed44c", "resolution": 17, "center_lat": 10.78690286020352, "center_lon": 106.67297565218246, "avg_edge_len": 78.014524750969954, "cell_area": 6069.5206574271187, "cell_perimeter": 312.05809900387982, "code": "770", "name": "Quận 3", "name_en": "District 3", "level": "Quận", "prov_code": "79", "prov_name": "Thành phố Hồ Chí Minh", "region": "Đông Nam Bộ", "pop_2019": 190375.0, "pop_dens": 38852.0, "area": 4.92 }, "geometry": { "type": "Polygon", "coordinates": [ [ [ 106.672607167471739, 10.786582750526728 ], [ 106.673344137333217, 10.786542171935885 ], [ 106.673344137333231, 10.78722296863662 ], [ 106.672607167471739, 10.787263549666394 ], [ 106.672607167471739, 10.786582750526728 ] ] ] } },
{ "type": "Feature", "properties": { "s2": "31752ed454", "resolution": 17, "center_lat": 10.787583660693016, "center_lon": 106.67297565218246, "avg_edge_len": 78.014727603269449, "cell_area": 6069.5530866591207, "cell_perimeter": 312.0589104130778, "code": "770", "name": "Quận 3", "name_en": "District 3", "level": "Quận", "prov_code": "79", "prov_name": "Thành phố Hồ Chí Minh", "region": "Đông Nam Bộ", "pop_2019": 190375.0, "pop_dens": 38852.0, "area": 4.92 }, "geometry": { "type": "Polygon", "coordinates": [ [ [ 106.672607167471739, 10.787263549666394 ], [ 106.673344137333231, 10.78722296863662 ], [ 106.673344137333217, 10.787903770475946 ], [ 106.672607167471739, 10.787944353944649 ], [ 106.672607167471739, 10.787263549666394 ] ] ] } },
{ "type": "Feature", "properties": { "s2": "31752ed45c", "resolution": 17, "center_lat": 10.787624241996967, "center_lon": 106.67223868356271, "avg_edge_len": 78.014715787160625, "cell_area": 6069.5535787940025, "cell_perimeter": 312.0588631486425, "code": "770", "name": "Quận 3", "name_en": "District 3", "level": "Quận", "prov_code": "79", "prov_name": "Thành phố Hồ Chí Minh", "region": "Đông Nam Bộ", "pop_2019": 190375.0, "pop_dens": 38852.0, "area": 4.92 }, "geometry": { "type": "Polygon", "coordinates": [ [ [ 106.671870200093707, 10.787304128805651 ], [ 106.672607167471739, 10.787263549666394 ], [ 106.672607167471739, 10.787944353944649 ], [ 106.671870200093707, 10.787984935522722 ], [ 106.671870200093707, 10.787304128805651 ] ] ] } },
{ "type": "Feature", "properties": { "s2": "31752ed464", "resolution": 17, "center_lat": 10.787664821410338, "center_lon": 106.67150171742661, "avg_edge_len": 78.014703945065932, "cell_area": 6069.554063051939, "cell_perimeter": 312.05881578026373, "code": "770", "name": "Quận 3", "name_en": "District 3", "level": "Quận", "prov_code": "79", "prov_name": "Thành phố Hồ Chí Minh", "region": "Đông Nam Bộ", "pop_2019": 190375.0, "pop_dens": 38852.0, "area": 4.92 }, "geometry": { "type": "Polygon", "coordinates": [ [ [ 106.671133235199491, 10.78734470605438 ], [ 106.671870200093707, 10.787304128805651 ], [ 106.671870200093707, 10.787984935522722 ], [ 106.671133235199491, 10.788025515210148 ], [ 106.671133235199491, 10.78734470605438 ] ] ] } },
{ "type": "Feature", "properties": { "s2": "31752ed46c", "resolution": 17, "center_lat": 10.786984016043215, "center_lon": 106.67150171742662, "avg_edge_len": 78.014501095219686, "cell_area": 6069.5216389596462, "cell_perimeter": 312.05800438087874, "code": "770", "name": "Quận 3", "name_en": "District 3", "level": "Quận", "prov_code": "79", "prov_name": "Thành phố Hồ Chí Minh", "region": "Đông Nam Bộ", "pop_2019": 190375.0, "pop_dens": 38852.0, "area": 4.92 }, "geometry": { "type": "Polygon", "coordinates": [ [ [ 106.671133235199491, 10.786663902037196 ], [ 106.671870200093707, 10.786623327227169 ], [ 106.671870200093707, 10.787304128805651 ], [ 106.671133235199491, 10.78734470605438 ], [ 106.671133235199491, 10.786663902037196 ] ] ] } },
{ "type": "Feature", "properties": { "s2": "31752ed474", "resolution": 17, "center_lat": 10.78702459112735, "center_lon": 106.67076475377453, "avg_edge_len": 78.014489226821667, "cell_area": 6069.5221256762743, "cell_perimeter": 312.05795690728667, "code": "770", "name": "Quận 3", "name_en": "District 3", "level": "Quận", "prov_code": "79", "prov_name": "Thành phố Hồ Chí Minh", "region": "Đông Nam Bộ", "pop_2019": 190375.0, "pop_dens": 38852.0, "area": 4.92 }, "geometry": { "type": "Polygon", "coordinates": [ [ [ 106.670396272789489, 10.786704474956805 ], [ 106.671133235199491, 10.786663902037196 ], [ 106.671133235199491, 10.78734470605438 ], [ 106.670396272789489, 10.787385281412577 ], [ 106.670396272789489, 10.786704474956805 ] ] ] } },
{ "type": "Feature", "properties": { "s2": "31752ed47c", "resolution": 17, "center_lat": 10.787705398933117, "center_lon": 106.67076475377449, "avg_edge_len": 78.014692074999886, "cell_area": 6069.5545485764742, "cell_perimeter": 312.05876829999954, "code": "770", "name": "Quận 3", "name_en": "District 3", "level": "Quận", "prov_code": "79", "prov_name": "Thành phố Hồ Chí Minh", "region": "Đông Nam Bộ", "pop_2019": 190375.0, "pop_dens": 38852.0, "area": 4.92 }, "geometry": { "type": "Polygon", "coordinates": [ [ [ 106.670396272789489, 10.787385281412577 ], [ 106.671133235199491, 10.78734470605438 ], [ 106.671133235199491, 10.788025515210148 ], [ 106.670396272789489, 10.788066093006927 ], [ 106.670396272789489, 10.787385281412577 ] ] ] } },
{ "type": "Feature", "properties": { "s2": "31752ed484", "resolution": 17, "center_lat": 10.788386211877327, "center_lon": 106.67076475377452, "avg_edge_len": 78.014894902350207, "cell_area": 6069.5869688242674, "cell_perimeter": 312.05957960940083, "code": "770", "name": "Quận 3", "name_en": "District 3", "level": "Quận", "prov_code": "79", "prov_name": "Thành phố Hồ Chí Minh", "region": "Đông Nam Bộ", "pop_2019": 190375.0, "pop_dens": 38852.0, "area": 4.92 }, "geometry": { "type": "Polygon", "coordinates": [ [ [ 106.670396272789489, 10.788066093006927 ], [ 106.671133235199491, 10.788025515210148 ], [ 106.671133235199491, 10.788706329504215 ], [ 106.670396272789489, 10.788746909739572 ], [ 106.670396272789489, 10.788066093006927 ] ] ] } },
{ "type": "Feature", "properties": { "s2": "31752ed48c", "resolution": 17, "center_lat": 10.788345631915908, "center_lon": 106.67150171742662, "avg_edge_len": 78.014906773114035, "cell_area": 6069.5864891409874, "cell_perimeter": 312.05962709245614, "code": "770", "name": "Quận 3", "name_en": "District 3", "level": "Quận", "prov_code": "79", "prov_name": "Thành phố Hồ Chí Minh", "region": "Đông Nam Bộ", "pop_2019": 190375.0, "pop_dens": 38852.0, "area": 4.92 }, "geometry": { "type": "Polygon", "coordinates": [ [ [ 106.671133235199491, 10.788025515210148 ], [ 106.671870200093707, 10.787984935522722 ], [ 106.671870200093707, 10.788665747378094 ], [ 106.671133235199491, 10.788706329504215 ], [ 106.671133235199491, 10.788025515210148 ] ] ] } },
{ "type": "Feature", "properties": { "s2": "31752ed494", "resolution": 17, "center_lat": 10.789026447559637, "center_lon": 106.67150171742661, "avg_edge_len": 78.015109580203358, "cell_area": 6069.6189047545195, "cell_perimeter": 312.06043832081343, "code": "770", "name": "Quận 3", "name_en": "District 3", "level": "Quận", "prov_code": "79", "prov_name": "Thành phố Hồ Chí Minh", "region": "Đông Nam Bộ", "pop_2019": 190375.0, "pop_dens": 38852.0, "area": 4.92 }, "geometry": { "type": "Polygon", "coordinates": [ [ [ 106.671133235199491, 10.788706329504215 ], [ 106.671870200093707, 10.788665747378094 ], [ 106.671870200093707, 10.789346564371487 ], [ 106.671133235199491, 10.789387148936298 ], [ 106.671133235199491, 10.788706329504215 ] ] ] } },
{ "type": "Feature", "properties": { "s2": "31752ed49c", "resolution": 17, "center_lat": 10.789067029959693, "center_lon": 106.67076475377453, "avg_edge_len": 78.015097707683168, "cell_area": 6069.619388923049, "cell_perimeter": 312.06039083073267, "code": "770", "name": "Quận 3", "name_en": "District 3", "level": "Quận", "prov_code": "79", "prov_name": "Thành phố Hồ Chí Minh", "region": "Đông Nam Bộ", "pop_2019": 190375.0, "pop_dens": 38852.0, "area": 4.92 }, "geometry": { "type": "Polygon", "coordinates": [ [ [ 106.670396272789489, 10.788746909739572 ], [ 106.671133235199491, 10.788706329504215 ], [ 106.671133235199491, 10.789387148936298 ], [ 106.670396272789489, 10.789427731610227 ], [ 106.670396272789489, 10.788746909739572 ] ] ] } },
{ "type": "Feature", "properties": { "s2": "31752ed4bc", "resolution": 17, "center_lat": 10.789707268341242, "center_lon": 106.67150171742662, "avg_edge_len": 78.015312364966007, "cell_area": 6069.651322260499, "cell_perimeter": 312.06124945986403, "code": "770", "name": "Quận 3", "name_en": "District 3", "level": "Quận", "prov_code": "79", "prov_name": "Thành phố Hồ Chí Minh", "region": "Đông Nam Bộ", "pop_2019": 190375.0, "pop_dens": 38852.0, "area": 4.92 }, "geometry": { "type": "Polygon", "coordinates": [ [ [ 106.671133235199491, 10.789387148936298 ], [ 106.671870200093707, 10.789346564371487 ], [ 106.671870200093707, 10.790027386502617 ], [ 106.671133235199491, 10.790067973506108 ], [ 106.671133235199491, 10.789387148936298 ] ] ] } },
{ "type": "Feature", "properties": { "s2": "31752ed4c4", "resolution": 17, "center_lat": 10.789666681611624, "center_lon": 106.67223868356271, "avg_edge_len": 78.015324211094764, "cell_area": 6069.6508291363716, "cell_perimeter": 312.06129684437906, "code": "770", "name": "Quận 3", "name_en": "District 3", "level": "Quận", "prov_code": "79", "prov_name": "Thành phố Hồ Chí Minh", "region": "Đông Nam Bộ", "pop_2019": 190375.0, "pop_dens": 38852.0, "area": 4.92 }, "geometry": { "type": "Polygon", "coordinates": [ [ [ 106.671870200093707, 10.789346564371487 ], [ 106.672607167471739, 10.789305977915806 ], [ 106.672607167471739, 10.789986797608133 ], [ 106.671870200093707, 10.790027386502617 ], [ 106.671870200093707, 10.789346564371487 ] ] ] } },
{ "type": "Feature", "properties": { "s2": "31752ed4d4", "resolution": 17, "center_lat": 10.790306914032687, "center_lon": 106.67297565218249, "avg_edge_len": 78.015538797362296, "cell_area": 6069.6827543824911, "cell_perimeter": 312.06215518944919, "code": "770", "name": "Quận 3", "name_en": "District 3", "level": "Quận", "prov_code": "79", "prov_name": "Thành phố Hồ Chí Minh", "region": "Đông Nam Bộ", "pop_2019": 190375.0, "pop_dens": 38852.0, "area": 4.92 }, "geometry": { "type": "Polygon", "coordinates": [ [ [ 106.672607167471739, 10.789986797608133 ], [ 106.673344137333217, 10.789946206822675 ], [ 106.673344137333217, 10.790627029213551 ], [ 106.672607167471739, 10.790667622437921 ], [ 106.672607167471739, 10.789986797608133 ] ] ] } },
{ "type": "Feature", "properties": { "s2": "31752ed4dc", "resolution": 17, "center_lat": 10.789626092991085, "center_lon": 106.67297565218247, "avg_edge_len": 78.015336030575668, "cell_area": 6069.6503423601389, "cell_perimeter": 312.06134412230267, "code": "770", "name": "Quận 3", "name_en": "District 3", "level": "Quận", "prov_code": "79", "prov_name": "Thành phố Hồ Chí Minh", "region": "Đông Nam Bộ", "pop_2019": 190375.0, "pop_dens": 38852.0, "area": 4.92 }, "geometry": { "type": "Polygon", "coordinates": [ [ [ 106.672607167471739, 10.789305977915806 ], [ 106.673344137333217, 10.789265389569259 ], [ 106.673344137333217, 10.789946206822675 ], [ 106.672607167471739, 10.789986797608133 ], [ 106.672607167471739, 10.789305977915806 ] ] ] } },
{ "type": "Feature", "properties": { "s2": "31752ed4e4", "resolution": 17, "center_lat": 10.788945277087088, "center_lon": 106.6729756521825, "avg_edge_len": 78.01513324265332, "cell_area": 6069.6179275512695, "cell_perimeter": 312.06053297061328, "code": "770", "name": "Quận 3", "name_en": "District 3", "level": "Quận", "prov_code": "79", "prov_name": "Thành phố Hồ Chí Minh", "region": "Đông Nam Bộ", "pop_2019": 190375.0, "pop_dens": 38852.0, "area": 4.92 }, "geometry": { "type": "Polygon", "coordinates": [ [ [ 106.672607167471739, 10.788625163361216 ], [ 106.673344137333217, 10.788584577453591 ], [ 106.673344137333217, 10.789265389569259 ], [ 106.672607167471739, 10.789305977915806 ], [ 106.672607167471739, 10.788625163361216 ] ] ] } },
{ "type": "Feature", "properties": { "s2": "31752ed4ec", "resolution": 17, "center_lat": 10.788985863268763, "center_lon": 106.67223868356271, "avg_edge_len": 78.015121424708113, "cell_area": 6069.6184220761061, "cell_perimeter": 312.06048569883245, "code": "770", "name": "Quận 3", "name_en": "District 3", "level": "Quận", "prov_code": "79", "prov_name": "Thành phố Hồ Chí Minh", "region": "Đông Nam Bộ", "pop_2019": 190375.0, "pop_dens": 38852.0, "area": 4.92 }, "geometry": { "type": "Polygon", "coordinates": [ [ [ 106.671870200093707, 10.788665747378094 ], [ 106.672607167471739, 10.788625163361216 ], [ 106.672607167471739, 10.789305977915806 ], [ 106.671870200093707, 10.789346564371487 ], [ 106.671870200093707, 10.788665747378094 ] ] ] } },
{ "type": "Feature", "properties": { "s2": "31752ed4f4", "resolution": 17, "center_lat": 10.788305050063785, "center_lon": 106.67223868356271, "avg_edge_len": 78.014918616700911, "cell_area": 6069.5859939455986, "cell_perimeter": 312.05967446680364, "code": "770", "name": "Quận 3", "name_en": "District 3", "level": "Quận", "prov_code": "79", "prov_name": "Thành phố Hồ Chí Minh", "region": "Đông Nam Bộ", "pop_2019": 190375.0, "pop_dens": 38852.0, "area": 4.92 }, "geometry": { "type": "Polygon", "coordinates": [ [ [ 106.671870200093707, 10.787984935522722 ], [ 106.672607167471739, 10.787944353944649 ], [ 106.672607167471739, 10.788625163361216 ], [ 106.671870200093707, 10.788665747378094 ], [ 106.671870200093707, 10.787984935522722 ] ] ] } },
{ "type": "Feature", "properties": { "s2": "31752ed4fc", "resolution": 17, "center_lat": 10.788264466320964, "center_lon": 106.67297565218247, "avg_edge_len": 78.014930433463448, "cell_area": 6069.5855070799589, "cell_perimeter": 312.05972173385379, "code": "770", "name": "Quận 3", "name_en": "District 3", "level": "Quận", "prov_code": "79", "prov_name": "Thành phố Hồ Chí Minh", "region": "Đông Nam Bộ", "pop_2019": 190375.0, "pop_dens": 38852.0, "area": 4.92 }, "geometry": { "type": "Polygon", "coordinates": [ [ [ 106.672607167471739, 10.787944353944649 ], [ 106.673344137333217, 10.787903770475946 ], [ 106.673344137333217, 10.788584577453591 ], [ 106.672607167471739, 10.788625163361216 ], [ 106.672607167471739, 10.787944353944649 ] ] ] } },
{ "type": "Feature", "properties": { "s2": "31752ed504", "resolution": 17, "center_lat": 10.788223880687459, "center_lon": 106.6737126232855, "avg_edge_len": 78.014942226930486, "cell_area": 6069.5850113928318, "cell_perimeter": 312.05976890772195, "code": "770", "name": "Quận 3", "name_en": "District 3", "level": "Quận", "prov_code": "79", "prov_name": "Thành phố Hồ Chí Minh", "region": "Đông Nam Bộ", "pop_2019": 190375.0, "pop_dens": 38852.0, "area": 4.92 }, "geometry": { "type": "Polygon", "coordinates": [ [ [ 106.673344137333217, 10.787903770475946 ], [ 106.674081109677815, 10.787863185116619 ], [ 106.674081109677815, 10.788543989655222 ], [ 106.673344137333217, 10.788584577453591 ], [ 106.673344137333217, 10.787903770475946 ] ] ] } },
{ "type": "Feature", "properties": { "s2": "31752ed50c", "resolution": 17, "center_lat": 10.788183293163277, "center_lon": 106.67444959687143, "avg_edge_len": 78.014953993485165, "cell_area": 6069.5845117225508, "cell_perimeter": 312.05981597394066, "code": "770", "name": "Quận 3", "name_en": "District 3", "level": "Quận", "prov_code": "79", "prov_name": "Thành phố Hồ Chí Minh", "region": "Đông Nam Bộ", "pop_2019": 190375.0, "pop_dens": 38852.0, "area": 4.92 }, "geometry": { "type": "Polygon", "coordinates": [ [ [ 106.674081109677815, 10.787863185116619 ], [ 106.674818084505134, 10.78782259786667 ], [ 106.674818084505148, 10.788503399966121 ], [ 106.674081109677815, 10.788543989655222 ], [ 106.674081109677815, 10.787863185116619 ] ] ] } },
{ "type": "Feature", "properties": { "s2": "31752ed514", "resolution": 17, "center_lat": 10.788864099051318, "center_lon": 106.67444959687145, "avg_edge_len": 78.015156805526544, "cell_area": 6069.6169304643199, "cell_perimeter": 312.06062722210618, "code": "770", "name": "Quận 3", "name_en": "District 3", "level": "Quận", "prov_code": "79", "prov_name": "Thành phố Hồ Chí Minh", "region": "Đông Nam Bộ", "pop_2019": 190375.0, "pop_dens": 38852.0, "area": 4.92 }, "geometry": { "type": "Polygon", "coordinates": [ [ [ 106.674081109677815, 10.788543989655222 ], [ 106.674818084505148, 10.788503399966121 ], [ 106.674818084505148, 10.789184207203608 ], [ 106.674081109677829, 10.789224799331857 ], [ 106.674081109677815, 10.788543989655222 ] ] ] } },
{ "type": "Feature", "properties": { "s2": "31752ed51c", "resolution": 17, "center_lat": 10.788904689014601, "center_lon": 106.6737126232855, "avg_edge_len": 78.015145037877033, "cell_area": 6069.61743259985, "cell_perimeter": 312.06058015150813, "code": "770", "name": "Quận 3", "name_en": "District 3", "level": "Quận", "prov_code": "79", "prov_name": "Thành phố Hồ Chí Minh", "region": "Đông Nam Bộ", "pop_2019": 190375.0, "pop_dens": 38852.0, "area": 4.92 }, "geometry": { "type": "Polygon", "coordinates": [ [ [ 106.673344137333217, 10.788584577453591 ], [ 106.674081109677815, 10.788543989655222 ], [ 106.674081109677829, 10.789224799331857 ], [ 106.673344137333217, 10.789265389569259 ], [ 106.673344137333217, 10.788584577453591 ] ] ] } },
{ "type": "Feature", "properties": { "s2": "31752ed524", "resolution": 17, "center_lat": 10.789585502479625, "center_lon": 106.6737126232855, "avg_edge_len": 78.015347827070386, "cell_area": 6069.6498419863265, "cell_perimeter": 312.06139130828154, "code": "770", "name": "Quận 3", "name_en": "District 3", "level": "Quận", "prov_code": "79", "prov_name": "Thành phố Hồ Chí Minh", "region": "Đông Nam Bộ", "pop_2019": 190375.0, "pop_dens": 38852.0, "area": 4.92 }, "geometry": { "type": "Polygon", "coordinates": [ [ [ 106.673344137333217, 10.789265389569259 ], [ 106.674081109677829, 10.789224799331857 ], [ 106.674081109677815, 10.789905614146242 ], [ 106.673344137333217, 10.789946206822675 ], [ 106.673344137333217, 10.789265389569259 ] ] ] } },
{ "type": "Feature", "properties": { "s2": "31752ed52c", "resolution": 17, "center_lat": 10.79026632108226, "center_lon": 106.6737126232855, "avg_edge_len": 78.01555059464323, "cell_area": 6069.6822664240563, "cell_perimeter": 312.06220237857292, "code": "770", "name": "Quận 3", "name_en": "District 3", "level": "Quận", "prov_code": "79", "prov_name": "Thành phố Hồ Chí Minh", "region": "Đông Nam Bộ", "pop_2019": 190375.0, "pop_dens": 38852.0, "area": 4.92 }, "geometry": { "type": "Polygon", "coordinates": [ [ [ 106.673344137333217, 10.789946206822675 ], [ 106.674081109677815, 10.789905614146242 ], [ 106.674081109677829, 10.790586434098095 ], [ 106.673344137333217, 10.790627029213551 ], [ 106.673344137333217, 10.789946206822675 ] ] ] } },
{ "type": "Feature", "properties": { "s2": "31752ed534", "resolution": 17, "center_lat": 10.790225726240806, "center_lon": 106.67444959687143, "avg_edge_len": 78.015562363731846, "cell_area": 6069.6817567249573, "cell_perimeter": 312.06224945492738, "code": "770", "name": "Quận 3", "name_en": "District 3", "level": "Quận", "prov_code": "79", "prov_name": "Thành phố Hồ Chí Minh", "region": "Đông Nam Bộ", "pop_2019": 190375.0, "pop_dens": 38852.0, "area": 4.92 }, "geometry": { "type": "Polygon", "coordinates": [ [ [ 106.674081109677815, 10.789905614146242 ], [ 106.674818084505134, 10.789865019578849 ], [ 106.674818084505134, 10.790545837091564 ], [ 106.674081109677829, 10.790586434098095 ], [ 106.674081109677815, 10.789905614146242 ] ] ] } },
{ "type": "Feature", "properties": { "s2": "31752ed53c", "resolution": 17, "center_lat": 10.789544910077261, "center_lon": 106.67444959687147, "avg_edge_len": 78.015359595196912, "cell_area": 6069.6493523051095, "cell_perimeter": 312.06143838078765, "code": "770", "name": "Quận 3", "name_en": "District 3", "level": "Quận", "prov_code": "79", "prov_name": "Thành phố Hồ Chí Minh", "region": "Đông Nam Bộ", "pop_2019": 190375.0, "pop_dens": 38852.0, "area": 4.92 }, "geometry": { "type": "Polygon", "coordinates": [ [ [ 106.674081109677829, 10.789224799331857 ], [ 106.674818084505148, 10.789184207203608 ], [ 106.674818084505134, 10.789865019578849 ], [ 106.674081109677815, 10.789905614146242 ], [ 106.674081109677829, 10.789224799331857 ] ] ] } },
{ "type": "Feature", "properties": { "s2": "31752ed544", "resolution": 17, "center_lat": 10.78950431578399, "center_lon": 106.67518657293996, "avg_edge_len": 78.015371339145972, "cell_area": 6069.648843869365, "cell_perimeter": 312.06148535658389, "code": "770", "name": "Quận 3", "name_en": "District 3", "level": "Quận", "prov_code": "79", "prov_name": "Thành phố Hồ Chí Minh", "region": "Đông Nam Bộ", "pop_2019": 190375.0, "pop_dens": 38852.0, "area": 4.92 }, "geometry": { "type": "Polygon", "coordinates": [ [ [ 106.674818084505148, 10.789184207203608 ], [ 106.675555061814833, 10.789143613184518 ], [ 106.675555061814833, 10.789824423120502 ], [ 106.674818084505134, 10.789865019578849 ], [ 106.674818084505148, 10.789184207203608 ] ] ] } },
{ "type": "Feature", "properties": { "s2": "31752ed54c", "resolution": 17, "center_lat": 10.790185129508339, "center_lon": 106.67518657293995, "avg_edge_len": 78.015574109569528, "cell_area": 6069.6812581717968, "cell_perimeter": 312.06229643827811, "code": "770", "name": "Quận 3", "name_en": "District 3", "level": "Quận", "prov_code": "79", "prov_name": "Thành phố Hồ Chí Minh", "region": "Đông Nam Bộ", "pop_2019": 190375.0, "pop_dens": 38852.0, "area": 4.92 }, "geometry": { "type": "Polygon", "coordinates": [ [ [ 106.674818084505134, 10.789865019578849 ], [ 106.675555061814833, 10.789824423120502 ], [ 106.675555061814833, 10.790505238193962 ], [ 106.674818084505134, 10.790545837091564 ], [ 106.674818084505134, 10.789865019578849 ] ] ] } },
{ "type": "Feature", "properties": { "s2": "31752ed554", "resolution": 17, "center_lat": 10.790144530884863, "center_lon": 106.67592355149061, "avg_edge_len": 78.015585827171407, "cell_area": 6069.6807517260313, "cell_perimeter": 312.06234330868563, "code": "770", "name": "Quận 3", "name_en": "District 3", "level": "Quận", "prov_code": "79", "prov_name": "Thành phố Hồ Chí Minh", "region": "Đông Nam Bộ", "pop_2019": 190375.0, "pop_dens": 38852.0, "area": 4.92 }, "geometry": { "type": "Polygon", "coordinates": [ [ [ 106.675555061814833, 10.789824423120502 ], [ 106.676292041606516, 10.789783824771202 ], [ 106.676292041606516, 10.790464637405295 ], [ 106.675555061814833, 10.790505238193962 ], [ 106.675555061814833, 10.789824423120502 ] ] ] } },
{ "type": "Feature", "properties": { "s2": "31752ed55c", "resolution": 17, "center_lat": 10.789463719599826, "center_lon": 106.67592355149061, "avg_edge_len": 78.015383055212084, "cell_area": 6069.6483330864185, "cell_perimeter": 312.06153222084833, "code": "770", "name": "Quận 3", "name_en": "District 3", "level": "Quận", "prov_code": "79", "prov_name": "Thành phố Hồ Chí Minh", "region": "Đông Nam Bộ", "pop_2019": 190375.0, "pop_dens": 38852.0, "area": 4.92 }, "geometry": { "type": "Polygon", "coordinates": [ [ [ 106.675555061814833, 10.789143613184518 ], [ 106.676292041606501, 10.789103017274595 ], [ 106.676292041606516, 10.789783824771202 ], [ 106.675555061814833, 10.789824423120502 ], [ 106.675555061814833, 10.789143613184518 ] ] ] } },
{ "type": "Feature", "properties": { "s2": "31752ed564", "resolution": 17, "center_lat": 10.78878291345241, "center_lon": 106.67592355149061, "avg_edge_len": 78.015180262028764, "cell_area": 6069.6159225553274, "cell_perimeter": 312.06072104811506, "code": "770", "name": "Quận 3", "name_en": "District 3", "level": "Quận", "prov_code": "79", "prov_name": "Thành phố Hồ Chí Minh", "region": "Đông Nam Bộ", "pop_2019": 190375.0, "pop_dens": 38852.0, "area": 4.92 }, "geometry": { "type": "Polygon", "coordinates": [ [ [ 106.675555061814833, 10.788462808386294 ], [ 106.676292041606501, 10.78842221491575 ], [ 106.676292041606501, 10.789103017274595 ], [ 106.675555061814833, 10.789143613184518 ], [ 106.675555061814833, 10.788462808386294 ] ] ] } },
{ "type": "Feature", "properties": { "s2": "31752ed56c", "resolution": 17, "center_lat": 10.788823507197254, "center_lon": 106.67518657293995, "avg_edge_len": 78.015168546792736, "cell_area": 6069.6164298653603, "cell_perimeter": 312.06067418717095, "code": "770", "name": "Quận 3", "name_en": "District 3", "level": "Quận", "prov_code": "79", "prov_name": "Thành phố Hồ Chí Minh", "region": "Đông Nam Bộ", "pop_2019": 190375.0, "pop_dens": 38852.0, "area": 4.92 }, "geometry": { "type": "Polygon", "coordinates": [ [ [ 106.674818084505148, 10.788503399966121 ], [ 106.675555061814833, 10.788462808386294 ], [ 106.675555061814833, 10.789143613184518 ], [ 106.674818084505148, 10.789184207203608 ], [ 106.674818084505148, 10.788503399966121 ] ] ] } },
{ "type": "Feature", "properties": { "s2": "31752ed574", "resolution": 17, "center_lat": 10.788142703748417, "center_lon": 106.67518657293994, "avg_edge_len": 78.014965733833264, "cell_area": 6069.5840093389888, "cell_perimeter": 312.05986293533306, "code": "770", "name": "Quận 3", "name_en": "District 3", "level": "Quận", "prov_code": "79", "prov_name": "Thành phố Hồ Chí Minh", "region": "Đông Nam Bộ", "pop_2019": 190375.0, "pop_dens": 38852.0, "area": 4.92 }, "geometry": { "type": "Polygon", "coordinates": [ [ [ 106.674818084505134, 10.78782259786667 ], [ 106.675555061814833, 10.787782008726113 ], [ 106.675555061814833, 10.788462808386294 ], [ 106.674818084505148, 10.788503399966121 ], [ 106.674818084505134, 10.78782259786667 ] ] ] } },
{ "type": "Feature", "properties": { "s2": "31752ed57c", "resolution": 17, "center_lat": 10.7881021124429, "center_lon": 106.67592355149061, "avg_edge_len": 78.014977447886295, "cell_area": 6069.5835007484011, "cell_perimeter": 312.05990979154518, "code": "770", "name": "Quận 3", "name_en": "District 3", "level": "Quận", "prov_code": "79", "prov_name": "Thành phố Hồ Chí Minh", "region": "Đông Nam Bộ", "pop_2019": 190375.0, "pop_dens": 38852.0, "area": 4.92 }, "geometry": { "type": "Polygon", "coordinates": [ [ [ 106.675555061814833, 10.787782008726113 ], [ 106.676292041606516, 10.787741417694953 ], [ 106.676292041606501, 10.78842221491575 ], [ 106.675555061814833, 10.788462808386294 ], [ 106.675555061814833, 10.787782008726113 ] ] ] } },
{ "type": "Feature", "properties": { "s2": "31752ed584", "resolution": 17, "center_lat": 10.787421316571571, "center_lon": 106.67592355149061, "avg_edge_len": 78.014774612608264, "cell_area": 6069.5510787367821, "cell_perimeter": 312.05909845043305, "code": "770", "name": "Quận 3", "name_en": "District 3", "level": "Quận", "prov_code": "79", "prov_name": "Thành phố Hồ Chí Minh", "region": "Đông Nam Bộ", "pop_2019": 190375.0, "pop_dens": 38852.0, "area": 4.92 }, "geometry": { "type": "Polygon", "coordinates": [ [ [ 106.675555061814833, 10.787101214204256 ], [ 106.676292041606516, 10.787060625612483 ], [ 106.676292041606516, 10.787741417694953 ], [ 106.675555061814833, 10.787782008726113 ], [ 106.675555061814833, 10.787101214204256 ] ] ] } },
{ "type": "Feature", "properties": { "s2": "31752ed58c", "resolution": 17, "center_lat": 10.786740525838715, "center_lon": 106.6759235514906, "avg_edge_len": 78.014571755312289, "cell_area": 6069.5186461955309, "cell_perimeter": 312.05828702124916, "code": "770", "name": "Quận 3", "name_en": "District 3", "level": "Quận", "prov_code": "79", "prov_name": "Thành phố Hồ Chí Minh", "region": "Đông Nam Bộ", "pop_2019": 190375.0, "pop_dens": 38852.0, "area": 4.92 }, "geometry": { "type": "Polygon", "coordinates": [ [ [ 106.675555061814833, 10.78642042482101 ], [ 106.676292041606516, 10.786379838668628 ], [ 106.676292041606516, 10.787060625612483 ], [ 106.675555061814833, 10.787101214204256 ], [ 106.675555061814833, 10.78642042482101 ] ] ] } },
{ "type": "Feature", "properties": { "s2": "31752ed594", "resolution": 17, "center_lat": 10.786781112265578, "center_lon": 106.67518657293995, "avg_edge_len": 78.014560043448498, "cell_area": 6069.519158279948, "cell_perimeter": 312.05824017379399, "code": "770", "name": "Quận 3", "name_en": "District 3", "level": "Quận", "prov_code": "79", "prov_name": "Thành phố Hồ Chí Minh", "region": "Đông Nam Bộ", "pop_2019": 190375.0, "pop_dens": 38852.0, "area": 4.92 }, "geometry": { "type": "Polygon", "coordinates": [ [ [ 106.674818084505148, 10.786461009083018 ], [ 106.675555061814833, 10.78642042482101 ], [ 106.675555061814833, 10.787101214204256 ], [ 106.674818084505134, 10.787141800905543 ], [ 106.674818084505148, 10.786461009083018 ] ] ] } },
{ "type": "Feature", "properties": { "s2": "31752ed59c", "resolution": 17, "center_lat": 10.787461905437764, "center_lon": 106.67518657293992, "avg_edge_len": 78.014762899605557, "cell_area": 6069.5515809506178, "cell_perimeter": 312.05905159842223, "code": "770", "name": "Quận 3", "name_en": "District 3", "level": "Quận", "prov_code": "79", "prov_name": "Thành phố Hồ Chí Minh", "region": "Đông Nam Bộ", "pop_2019": 190375.0, "pop_dens": 38852.0, "area": 4.92 }, "geometry": { "type": "Polygon", "coordinates": [ [ [ 106.674818084505134, 10.787141800905543 ], [ 106.675555061814833, 10.787101214204256 ], [ 106.675555061814833, 10.787782008726113 ], [ 106.674818084505134, 10.78782259786667 ], [ 106.674818084505134, 10.787141800905543 ] ] ] } },
{ "type": "Feature", "properties": { "s2": "31752ed5a4", "resolution": 17, "center_lat": 10.78750249241341, "center_lon": 106.67444959687145, "avg_edge_len": 78.014751159337351, "cell_area": 6069.552092657701, "cell_perimeter": 312.0590046373494, "code": "770", "name": "Quận 3", "name_en": "District 3", "level": "Quận", "prov_code": "79", "prov_name": "Thành phố Hồ Chí Minh", "region": "Đông Nam Bộ", "pop_2019": 190375.0, "pop_dens": 38852.0, "area": 4.92 }, "geometry": { "type": "Polygon", "coordinates": [ [ [ 106.674081109677829, 10.787182385716331 ], [ 106.674818084505134, 10.787141800905543 ], [ 106.674818084505134, 10.78782259786667 ], [ 106.674081109677815, 10.787863185116619 ], [ 106.674081109677829, 10.787182385716331 ] ] ] } },
{ "type": "Feature", "properties": { "s2": "31752ed5ac", "resolution": 17, "center_lat": 10.787543077498498, "center_lon": 106.67371262328551, "avg_edge_len": 78.014739395156639, "cell_area": 6069.5525909592479, "cell_perimeter": 312.05895758062655, "code": "770", "name": "Quận 3", "name_en": "District 3", "level": "Quận", "prov_code": "79", "prov_name": "Thành phố Hồ Chí Minh", "region": "Đông Nam Bộ", "pop_2019": 190375.0, "pop_dens": 38852.0, "area": 4.92 }, "geometry": { "type": "Polygon", "coordinates": [ [ [ 106.673344137333231, 10.78722296863662 ], [ 106.674081109677829, 10.787182385716331 ], [ 106.674081109677815, 10.787863185116619 ], [ 106.673344137333217, 10.787903770475946 ], [ 106.673344137333231, 10.78722296863662 ] ] ] } },
{ "type": "Feature", "properties": { "s2": "31752ed5b4", "resolution": 17, "center_lat": 10.786862279447988, "center_lon": 106.67371262328548, "avg_edge_len": 78.014536541718286, "cell_area": 6069.5201644818217, "cell_perimeter": 312.05814616687314, "code": "770", "name": "Quận 3", "name_en": "District 3", "level": "Quận", "prov_code": "79", "prov_name": "Thành phố Hồ Chí Minh", "region": "Đông Nam Bộ", "pop_2019": 190375.0, "pop_dens": 38852.0, "area": 4.92 }, "geometry": { "type": "Polygon", "coordinates": [ [ [ 106.673344137333217, 10.786542171935885 ], [ 106.674081109677815, 10.786501591454643 ], [ 106.674081109677829, 10.787182385716331 ], [ 106.673344137333231, 10.78722296863662 ], [ 106.673344137333217, 10.786542171935885 ] ] ] } },
{ "type": "Feature", "properties": { "s2": "31752ed5bc", "resolution": 17, "center_lat": 10.786821696801999, "center_lon": 106.67444959687145, "avg_edge_len": 78.014548305598481, "cell_area": 6069.5196617642223, "cell_perimeter": 312.05819322239392, "code": "770", "name": "Quận 3", "name_en": "District 3", "level": "Quận", "prov_code": "79", "prov_name": "Thành phố Hồ Chí Minh", "region": "Đông Nam Bộ", "pop_2019": 190375.0, "pop_dens": 38852.0, "area": 4.92 }, "geometry": { "type": "Polygon", "coordinates": [ [ [ 106.674081109677815, 10.786501591454643 ], [ 106.674818084505148, 10.786461009083018 ], [ 106.674818084505134, 10.787141800905543 ], [ 106.674081109677829, 10.787182385716331 ], [ 106.674081109677815, 10.786501591454643 ] ] ] } },
{ "type": "Feature", "properties": { "s2": "31752ed5c4", "resolution": 17, "center_lat": 10.786140906329337, "center_lon": 106.67444959687144, "avg_edge_len": 78.014345429311831, "cell_area": 6069.4872352934954, "cell_perimeter": 312.05738171724732, "code": "770", "name": "Quận 3", "name_en": "District 3", "level": "Quận", "prov_code": "79", "prov_name": "Thành phố Hồ Chí Minh", "region": "Đông Nam Bộ", "pop_2019": 190375.0, "pop_dens": 38852.0, "area": 4.92 }, "geometry": { "type": "Polygon", "coordinates": [ [ [ 106.674081109677829, 10.785820802331838 ], [ 106.674818084505134, 10.785780222399378 ], [ 106.674818084505148, 10.786461009083018 ], [ 106.674081109677815, 10.786501591454643 ], [ 106.674081109677829, 10.785820802331838 ] ] ] } },
{ "type": "Feature", "properties": { "s2": "31752ed5cc", "resolution": 17, "center_lat": 10.786181486536215, "center_lon": 106.6737126232855, "avg_edge_len": 78.014333667452419, "cell_area": 6069.4877284200566, "cell_perimeter": 312.05733466980968, "code": "770", "name": "Quận 3", "name_en": "District 3", "level": "Quận", "prov_code": "79", "prov_name": "Thành phố Hồ Chí Minh", "region": "Đông Nam Bộ", "pop_2019": 190375.0, "pop_dens": 38852.0, "area": 4.92 }, "geometry": { "type": "Polygon", "coordinates": [ [ [ 106.673344137333217, 10.785861380374028 ], [ 106.674081109677829, 10.785820802331838 ], [ 106.674081109677815, 10.786501591454643 ], [ 106.673344137333217, 10.786542171935885 ], [ 106.673344137333217, 10.785861380374028 ] ] ] } },
{ "type": "Feature", "properties": { "s2": "31752ed5d4", "resolution": 17, "center_lat": 10.785500698763464, "center_lon": 106.67371262328548, "avg_edge_len": 78.014130771566144, "cell_area": 6069.4553006685319, "cell_perimeter": 312.05652308626458, "code": "770", "name": "Quận 3", "name_en": "District 3", "level": "Quận", "prov_code": "79", "prov_name": "Thành phố Hồ Chí Minh", "region": "Đông Nam Bộ", "pop_2019": 190375.0, "pop_dens": 38852.0, "area": 4.92 }, "geometry": { "type": "Polygon", "coordinates": [ [ [ 106.673344137333217, 10.785180593951329 ], [ 106.674081109677815, 10.7851400183482 ], [ 106.674081109677829, 10.785820802331838 ], [ 106.673344137333217, 10.785861380374028 ], [ 106.673344137333217, 10.785180593951329 ] ] ] } },
{ "type": "Feature", "properties": { "s2": "31752ed5dc", "resolution": 17, "center_lat": 10.785460120995696, "center_lon": 106.67444959687144, "avg_edge_len": 78.01414253188932, "cell_area": 6069.4547953791107, "cell_perimeter": 312.05657012755728, "code": "770", "name": "Quận 3", "name_en": "District 3", "level": "Quận", "prov_code": "79", "prov_name": "Thành phố Hồ Chí Minh", "region": "Đông Nam Bộ", "pop_2019": 190375.0, "pop_dens": 38852.0, "area": 4.92 }, "geometry": { "type": "Polygon", "coordinates": [ [ [ 106.674081109677815, 10.7851400183482 ], [ 106.674818084505148, 10.785099440854909 ], [ 106.674818084505134, 10.785780222399378 ], [ 106.674081109677829, 10.785820802331838 ], [ 106.674081109677815, 10.7851400183482 ] ] ] } },
{ "type": "Feature", "properties": { "s2": "31752ed5e4", "resolution": 17, "center_lat": 10.785419541337719, "center_lon": 106.67518657293994, "avg_edge_len": 78.01415426697659, "cell_area": 6069.4542889015647, "cell_perimeter": 312.05661706790636, "code": "770", "name": "Quận 3", "name_en": "District 3", "level": "Quận", "prov_code": "79", "prov_name": "Thành phố Hồ Chí Minh", "region": "Đông Nam Bộ", "pop_2019": 190375.0, "pop_dens": 38852.0, "area": 4.92 }, "geometry": { "type": "Polygon", "coordinates": [ [ [ 106.674818084505148, 10.785099440854909 ], [ 106.675555061814833, 10.78505886147147 ], [ 106.675555061814833, 10.785739640576651 ], [ 106.674818084505134, 10.785780222399378 ], [ 106.674818084505148, 10.785099440854909 ] ] ] } },
{ "type": "Feature", "properties": { "s2": "31752ed5ec", "resolution": 17, "center_lat": 10.78610032423213, "center_lon": 106.67518657293994, "avg_edge_len": 78.014357166022791, "cell_area": 6069.4867298266636, "cell_perimeter": 312.05742866409116, "code": "770", "name": "Quận 3", "name_en": "District 3", "level": "Quận", "prov_code": "79", "prov_name": "Thành phố Hồ Chí Minh", "region": "Đông Nam Bộ", "pop_2019": 190375.0, "pop_dens": 38852.0, "area": 4.92 }, "geometry": { "type": "Polygon", "coordinates": [ [ [ 106.674818084505134, 10.785780222399378 ], [ 106.675555061814833, 10.785739640576651 ], [ 106.675555061814833, 10.78642042482101 ], [ 106.674818084505148, 10.786461009083018 ], [ 106.674818084505134, 10.785780222399378 ] ] ] } },
{ "type": "Feature", "properties": { "s2": "31752ed5f4", "resolution": 17, "center_lat": 10.786059740244609, "center_lon": 106.67592355149061, "avg_edge_len": 78.014368876394997, "cell_area": 6069.4862169623375, "cell_perimeter": 312.05747550557999, "code": "770", "name": "Quận 3", "name_en": "District 3", "level": "Quận", "prov_code": "79", "prov_name": "Thành phố Hồ Chí Minh", "region": "Đông Nam Bộ", "pop_2019": 190375.0, "pop_dens": 38852.0, "area": 4.92 }, "geometry": { "type": "Polygon", "coordinates": [ [ [ 106.675555061814833, 10.785739640576651 ], [ 106.676292041606516, 10.785699056863669 ], [ 106.676292041606516, 10.786379838668628 ], [ 106.675555061814833, 10.78642042482101 ], [ 106.675555061814833, 10.785739640576651 ] ] ] } },
{ "type": "Feature", "properties": { "s2": "31752ed5fc", "resolution": 17, "center_lat": 10.785378959789536, "center_lon": 106.6759235514906, "avg_edge_len": 78.014165976253935, "cell_area": 6069.4537803530693, "cell_perimeter": 312.05666390501574, "code": "770", "name": "Quận 3", "name_en": "District 3", "level": "Quận", "prov_code": "79", "prov_name": "Thành phố Hồ Chí Minh", "region": "Đông Nam Bộ", "pop_2019": 190375.0, "pop_dens": 38852.0, "area": 4.92 }, "geometry": { "type": "Polygon", "coordinates": [ [ [ 106.675555061814833, 10.78505886147147 ], [ 106.676292041606516, 10.785018280197887 ], [ 106.676292041606516, 10.785699056863669 ], [ 106.675555061814833, 10.785739640576651 ], [ 106.675555061814833, 10.78505886147147 ] ] ] } },
{ "type": "Feature", "properties": { "s2": "31752ed604", "resolution": 17, "center_lat": 10.784698184473784, "center_lon": 106.6759235514906, "avg_edge_len": 78.013963055198133, "cell_area": 6069.4213477522135, "cell_perimeter": 312.05585222079253, "code": "770", "name": "Quận 3", "name_en": "District 3", "level": "Quận", "prov_code": "79", "prov_name": "Thành phố Hồ Chí Minh", "region": "Đông Nam Bộ", "pop_2019": 190375.0, "pop_dens": 38852.0, "area": 4.92 }, "geometry": { "type": "Polygon", "coordinates": [ [ [ 106.675555061814833, 10.784378087505743 ], [ 106.676292041606516, 10.784337508671566 ], [ 106.676292041606516, 10.785018280197887 ], [ 106.675555061814833, 10.78505886147147 ], [ 106.675555061814833, 10.784378087505743 ] ] ] } },
{ "type": "Feature", "properties": { "s2": "31752ed60c", "resolution": 17, "center_lat": 10.784738763582618, "center_lon": 106.67518657293994, "avg_edge_len": 78.013951347015265, "cell_area": 6069.4218572532254, "cell_perimeter": 312.05580538806106, "code": "770", "name": "Quận 3", "name_en": "District 3", "level": "Quận", "prov_code": "79", "prov_name": "Thành phố Hồ Chí Minh", "region": "Đông Nam Bộ", "pop_2019": 190375.0, "pop_dens": 38852.0, "area": 4.92 }, "geometry": { "type": "Polygon", "coordinates": [ [ [ 106.674818084505134, 10.784418664449891 ], [ 106.675555061814833, 10.784378087505743 ], [ 106.675555061814833, 10.78505886147147 ], [ 106.674818084505148, 10.785099440854909 ], [ 106.674818084505134, 10.784418664449891 ] ] ] } },
{ "type": "Feature", "properties": { "s2": "31752ed614", "resolution": 17, "center_lat": 10.784057990967117, "center_lon": 106.67518657293994, "avg_edge_len": 78.013748406138603, "cell_area": 6069.3894080817699, "cell_perimeter": 312.05499362455441, "code": "770", "name": "Quận 3", "name_en": "District 3", "level": "Quận", "prov_code": "79", "prov_name": "Thành phố Hồ Chí Minh", "region": "Đông Nam Bộ", "pop_2019": 190375.0, "pop_dens": 38852.0, "area": 4.92 }, "geometry": { "type": "Polygon", "coordinates": [ [ [ 106.674818084505134, 10.783737893184611 ], [ 106.675555061814833, 10.783697318679758 ], [ 106.675555061814833, 10.784378087505743 ], [ 106.674818084505134, 10.784418664449891 ], [ 106.674818084505134, 10.783737893184611 ] ] ] } },
{ "type": "Feature", "properties": { "s2": "31752ed61c", "resolution": 17, "center_lat": 10.784017414297631, "center_lon": 106.6759235514906, "avg_edge_len": 78.013760113006128, "cell_area": 6069.3889031112194, "cell_perimeter": 312.05504045202451, "code": "770", "name": "Quận 3", "name_en": "District 3", "level": "Quận", "prov_code": "79", "prov_name": "Thành phố Hồ Chí Minh", "region": "Đông Nam Bộ", "pop_2019": 190375.0, "pop_dens": 38852.0, "area": 4.92 }, "geometry": { "type": "Polygon", "coordinates": [ [ [ 106.675555061814833, 10.783697318679758 ], [ 106.676292041606516, 10.783656742284991 ], [ 106.676292041606516, 10.784337508671566 ], [ 106.675555061814833, 10.784378087505743 ], [ 106.675555061814833, 10.783697318679758 ] ] ] } },
{ "type": "Feature", "properties": { "s2": "31752ed624", "resolution": 17, "center_lat": 10.783336649261363, "center_lon": 106.6759235514906, "avg_edge_len": 78.01355714857587, "cell_area": 6069.3564546704292, "cell_perimeter": 312.05422859430348, "code": "770", "name": "Quận 3", "name_en": "District 3", "level": "Quận", "prov_code": "79", "prov_name": "Thành phố Hồ Chí Minh", "region": "Đông Nam Bộ", "pop_2019": 190375.0, "pop_dens": 38852.0, "area": 4.92 }, "geometry": { "type": "Polygon", "coordinates": [ [ [ 106.675555061814833, 10.783016554993795 ], [ 106.676292041606516, 10.782975981038442 ], [ 106.676292041606516, 10.783656742284991 ], [ 106.675555061814833, 10.783697318679758 ], [ 106.675555061814833, 10.783016554993795 ] ] ] } },
{ "type": "Feature", "properties": { "s2": "31752ed62c", "resolution": 17, "center_lat": 10.782655889365257, "center_lon": 106.6759235514906, "avg_edge_len": 78.013354163274784, "cell_area": 6069.3240077346563, "cell_perimeter": 312.05341665309913, "code": "770", "name": "Quận 3", "name_en": "District 3", "level": "Quận", "prov_code": "79", "prov_name": "Thành phố Hồ Chí Minh", "region": "Đông Nam Bộ", "pop_2019": 190375.0, "pop_dens": 38852.0, "area": 4.92 }, "geometry": { "type": "Polygon", "coordinates": [ [ [ 106.675555061814833, 10.782335796448136 ], [ 106.676292041606516, 10.782295224932202 ], [ 106.676292041606516, 10.782975981038442 ], [ 106.675555061814833, 10.783016554993795 ], [ 106.675555061814833, 10.782335796448136 ] ] ] } },
{ "type": "Feature", "properties": { "s2": "31752ed634", "resolution": 17, "center_lat": 10.782696461156034, "center_lon": 106.67518657293995, "avg_edge_len": 78.013342459920182, "cell_area": 6069.3245166242123, "cell_perimeter": 312.05336983968073, "code": "770", "name": "Quận 3", "name_en": "District 3", "level": "Quận", "prov_code": "79", "prov_name": "Thành phố Hồ Chí Minh", "region": "Đông Nam Bộ", "pop_2019": 190375.0, "pop_dens": 38852.0, "area": 4.92 }, "geometry": { "type": "Polygon", "coordinates": [ [ [ 106.674818084505134, 10.782376366074388 ], [ 106.675555061814833, 10.782335796448136 ], [ 106.675555061814833, 10.783016554993795 ], [ 106.674818084505134, 10.783057127059347 ], [ 106.674818084505134, 10.782376366074388 ] ] ] } },
{ "type": "Feature", "properties": { "s2": "31752ed63c", "resolution": 17, "center_lat": 10.783377223491494, "center_lon": 106.67518657293994, "avg_edge_len": 78.013545443552758, "cell_area": 6069.3569711446762, "cell_perimeter": 312.05418177421103, "code": "770", "name": "Quận 3", "name_en": "District 3", "level": "Quận", "prov_code": "79", "prov_name": "Thành phố Hồ Chí Minh", "region": "Đông Nam Bộ", "pop_2019": 190375.0, "pop_dens": 38852.0, "area": 4.92 }, "geometry": { "type": "Polygon", "coordinates": [ [ [ 106.674818084505134, 10.783057127059347 ], [ 106.675555061814833, 10.783016554993795 ], [ 106.675555061814833, 10.783697318679758 ], [ 106.674818084505134, 10.783737893184611 ], [ 106.674818084505134, 10.783057127059347 ] ] ] } },
{ "type": "Feature", "properties": { "s2": "31752ed644", "resolution": 17, "center_lat": 10.783417795831765, "center_lon": 106.67444959687144, "avg_edge_len": 78.013533710426458, "cell_area": 6069.3574731647968, "cell_perimeter": 312.05413484170583, "code": "770", "name": "Quận 3", "name_en": "District 3", "level": "Quận", "prov_code": "79", "prov_name": "Thành phố Hồ Chí Minh", "region": "Đông Nam Bộ", "pop_2019": 190375.0, "pop_dens": 38852.0, "area": 4.92 }, "geometry": { "type": "Polygon", "coordinates": [ [ [ 106.674081109677829, 10.783097697235098 ], [ 106.674818084505134, 10.783057127059347 ], [ 106.674818084505134, 10.783737893184611 ], [ 106.674081109677829, 10.783778465799543 ], [ 106.674081109677829, 10.783097697235098 ] ] ] } },
{ "type": "Feature", "properties": { "s2": "31752ed64c", "resolution": 17, "center_lat": 10.782737031057056, "center_lon": 106.67444959687144, "avg_edge_len": 78.013330728152738, "cell_area": 6069.3250214150576, "cell_perimeter": 312.05332291261095, "code": "770", "name": "Quận 3", "name_en": "District 3", "level": "Quận", "prov_code": "79", "prov_name": "Thành phố Hồ Chí Minh", "region": "Đông Nam Bộ", "pop_2019": 190375.0, "pop_dens": 38852.0, "area": 4.92 }, "geometry": { "type": "Polygon", "coordinates": [ [ [ 106.674081109677815, 10.782416933810946 ], [ 106.674818084505134, 10.782376366074388 ], [ 106.674818084505134, 10.783057127059347 ], [ 106.674081109677829, 10.783097697235098 ], [ 106.674081109677815, 10.782416933810946 ] ] ] } },
{ "type": "Feature", "properties": { "s2": "31752ed654", "resolution": 17, "center_lat": 10.782777599068336, "center_lon": 106.67371262328545, "avg_edge_len": 78.013318973310788, "cell_area": 6069.3255258956524, "cell_perimeter": 312.05327589324315, "code": "770", "name": "Quận 3", "name_en": "District 3", "level": "Quận", "prov_code": "79", "prov_name": "Thành phố Hồ Chí Minh", "region": "Đông Nam Bộ", "pop_2019": 190375.0, "pop_dens": 38852.0, "area": 4.92 }, "geometry": { "type": "Polygon", "coordinates": [ [ [ 106.673344137333217, 10.782457499657808 ], [ 106.674081109677815, 10.782416933810946 ], [ 106.674081109677829, 10.783097697235098 ], [ 106.673344137333217, 10.783138265521034 ], [ 106.673344137333217, 10.782457499657808 ] ] ] } },
{ "type": "Feature", "properties": { "s2": "31752ed65c", "resolution": 17, "center_lat": 10.783458366282167, "center_lon": 106.67371262328547, "avg_edge_len": 78.013521955107791, "cell_area": 6069.357975963685, "cell_perimeter": 312.05408782043116, "code": "770", "name": "Quận 3", "name_en": "District 3", "level": "Quận", "prov_code": "79", "prov_name": "Thành phố Hồ Chí Minh", "region": "Đông Nam Bộ", "pop_2019": 190375.0, "pop_dens": 38852.0, "area": 4.92 }, "geometry": { "type": "Polygon", "coordinates": [ [ [ 106.673344137333217, 10.783138265521034 ], [ 106.674081109677829, 10.783097697235098 ], [ 106.674081109677829, 10.783778465799543 ], [ 106.673344137333231, 10.78381903652455 ], [ 106.673344137333217, 10.783138265521034 ] ] ] } },
{ "type": "Feature", "properties": { "s2": "31752ed664", "resolution": 17, "center_lat": 10.784139138636155, "center_lon": 106.67371262328548, "avg_edge_len": 78.0137249151513, "cell_area": 6069.3904204447854, "cell_perimeter": 312.0548996606052, "code": "770", "name": "Quận 3", "name_en": "District 3", "level": "Quận", "prov_code": "79", "prov_name": "Thành phố Hồ Chí Minh", "region": "Đông Nam Bộ", "pop_2019": 190375.0, "pop_dens": 38852.0, "area": 4.92 }, "geometry": { "type": "Polygon", "coordinates": [ [ [ 106.673344137333231, 10.78381903652455 ], [ 106.674081109677829, 10.783778465799543 ], [ 106.674081109677815, 10.784459239504006 ], [ 106.673344137333217, 10.784499812668075 ], [ 106.673344137333231, 10.78381903652455 ] ] ] } },
{ "type": "Feature", "properties": { "s2": "31752ed66c", "resolution": 17, "center_lat": 10.784098565746625, "center_lon": 106.67444959687141, "avg_edge_len": 78.013736672491021, "cell_area": 6069.3899202995271, "cell_perimeter": 312.05494668996408, "code": "770", "name": "Quận 3", "name_en": "District 3", "level": "Quận", "prov_code": "79", "prov_name": "Thành phố Hồ Chí Minh", "region": "Đông Nam Bộ", "pop_2019": 190375.0, "pop_dens": 38852.0, "area": 4.92 }, "geometry": { "type": "Polygon", "coordinates": [ [ [ 106.674081109677829, 10.783778465799543 ], [ 106.674818084505134, 10.783737893184611 ], [ 106.674818084505134, 10.784418664449891 ], [ 106.674081109677815, 10.784459239504006 ], [ 106.674081109677829, 10.783778465799543 ] ] ] } },
{ "type": "Feature", "properties": { "s2": "31752ed674", "resolution": 17, "center_lat": 10.784779340801368, "center_lon": 106.67444959687143, "avg_edge_len": 78.013939613772692, "cell_area": 6069.4223553235215, "cell_perimeter": 312.05575845509077, "code": "770", "name": "Quận 3", "name_en": "District 3", "level": "Quận", "prov_code": "79", "prov_name": "Thành phố Hồ Chí Minh", "region": "Đông Nam Bộ", "pop_2019": 190375.0, "pop_dens": 38852.0, "area": 4.92 }, "geometry": { "type": "Polygon", "coordinates": [ [ [ 106.674081109677815, 10.784459239504006 ], [ 106.674818084505134, 10.784418664449891 ], [ 106.674818084505148, 10.785099440854909 ], [ 106.674081109677815, 10.7851400183482 ], [ 106.674081109677815, 10.784459239504006 ] ] ] } },
{ "type": "Feature", "properties": { "s2": "31752ed67c", "resolution": 17, "center_lat": 10.784819916130017, "center_lon": 106.67371262328551, "avg_edge_len": 78.013927853794129, "cell_area": 6069.4228607416153, "cell_perimeter": 312.05571141517652, "code": "770", "name": "Quận 3", "name_en": "District 3", "level": "Quận", "prov_code": "79", "prov_name": "Thành phố Hồ Chí Minh", "region": "Đông Nam Bộ", "pop_2019": 190375.0, "pop_dens": 38852.0, "area": 4.92 }, "geometry": { "type": "Polygon", "coordinates": [ [ [ 106.673344137333217, 10.784499812668075 ], [ 106.674081109677815, 10.784459239504006 ], [ 106.674081109677815, 10.7851400183482 ], [ 106.673344137333217, 10.785180593951329 ], [ 106.673344137333217, 10.784499812668075 ] ] ] } },
{ "type": "Feature", "properties": { "s2": "31752ed684", "resolution": 17, "center_lat": 10.784860489568562, "center_lon": 106.67297565218246, "avg_edge_len": 78.013916066329671, "cell_area": 6069.4233610332012, "cell_perimeter": 312.05566426531868, "code": "770", "name": "Quận 3", "name_en": "District 3", "level": "Quận", "prov_code": "79", "prov_name": "Thành phố Hồ Chí Minh", "region": "Đông Nam Bộ", "pop_2019": 190375.0, "pop_dens": 38852.0, "area": 4.92 }, "geometry": { "type": "Polygon", "coordinates": [ [ [ 106.672607167471739, 10.784540383942097 ], [ 106.673344137333217, 10.784499812668075 ], [ 106.673344137333217, 10.785180593951329 ], [ 106.672607167471739, 10.785221167664297 ], [ 106.672607167471739, 10.784540383942097 ] ] ] } },
{ "type": "Feature", "properties": { "s2": "31752ed68c", "resolution": 17, "center_lat": 10.784179709635699, "center_lon": 106.67297565218246, "avg_edge_len": 78.013713129707696, "cell_area": 6069.3909154700677, "cell_perimeter": 312.05485251883078, "code": "770", "name": "Quận 3", "name_en": "District 3", "level": "Quận", "prov_code": "79", "prov_name": "Thành phố Hồ Chí Minh", "region": "Đông Nam Bộ", "pop_2019": 190375.0, "pop_dens": 38852.0, "area": 4.92 }, "geometry": { "type": "Polygon", "coordinates": [ [ [ 106.672607167471739, 10.78385960535962 ], [ 106.673344137333231, 10.78381903652455 ], [ 106.673344137333217, 10.784499812668075 ], [ 106.672607167471739, 10.784540383942097 ], [ 106.672607167471739, 10.78385960535962 ] ] ] } },
{ "type": "Feature", "properties": { "s2": "31752ed694", "resolution": 17, "center_lat": 10.78422027874524, "center_lon": 106.67223868356272, "avg_edge_len": 78.013701319424882, "cell_area": 6069.3914087563753, "cell_perimeter": 312.05480527769953, "code": "770", "name": "Quận 3", "name_en": "District 3", "level": "Quận", "prov_code": "79", "prov_name": "Thành phố Hồ Chí Minh", "region": "Đông Nam Bộ", "pop_2019": 190375.0, "pop_dens": 38852.0, "area": 4.92 }, "geometry": { "type": "Polygon", "coordinates": [ [ [ 106.671870200093707, 10.783900172304746 ], [ 106.672607167471739, 10.78385960535962 ], [ 106.672607167471739, 10.784540383942097 ], [ 106.671870200093707, 10.784580953326058 ], [ 106.671870200093707, 10.783900172304746 ] ] ] } },
{ "type": "Feature", "properties": { "s2": "31752ed69c", "resolution": 17, "center_lat": 10.784901061116996, "center_lon": 106.67223868356271, "avg_edge_len": 78.013904255614221, "cell_area": 6069.4238477349281, "cell_perimeter": 312.05561702245689, "code": "770", "name": "Quận 3", "name_en": "District 3", "level": "Quận", "prov_code": "79", "prov_name": "Thành phố Hồ Chí Minh", "region": "Đông Nam Bộ", "pop_2019": 190375.0, "pop_dens": 38852.0, "area": 4.92 }, "geometry": { "type": "Polygon", "coordinates": [ [ [ 106.671870200093707, 10.784580953326058 ], [ 106.672607167471739, 10.784540383942097 ], [ 106.672607167471739, 10.785221167664297 ], [ 106.671870200093707, 10.785261739487087 ], [ 106.671870200093707, 10.784580953326058 ] ] ] } },
{ "type": "Feature", "properties": { "s2": "31752ed6a4", "resolution": 17, "center_lat": 10.784941630775309, "center_lon": 106.67150171742661, "avg_edge_len": 78.013892418559578, "cell_area": 6069.424339056015, "cell_perimeter": 312.05556967423831, "code": "770", "name": "Quận 3", "name_en": "District 3", "level": "Quận", "prov_code": "79", "prov_name": "Thành phố Hồ Chí Minh", "region": "Đông Nam Bộ", "pop_2019": 190375.0, "pop_dens": 38852.0, "area": 4.92 }, "geometry": { "type": "Polygon", "coordinates": [ [ [ 106.671133235199491, 10.784621520819952 ], [ 106.671870200093707, 10.784580953326058 ], [ 106.671870200093707, 10.785261739487087 ], [ 106.671133235199491, 10.785302309419697 ], [ 106.671133235199491, 10.784621520819952 ] ] ] } },
{ "type": "Feature", "properties": { "s2": "31752ed6ac", "resolution": 17, "center_lat": 10.784982198543494, "center_lon": 106.67076475377451, "avg_edge_len": 78.013880553710266, "cell_area": 6069.424823641777, "cell_perimeter": 312.05552221484106, "code": "770", "name": "Quận 3", "name_en": "District 3", "level": "Quận", "prov_code": "79", "prov_name": "Thành phố Hồ Chí Minh", "region": "Đông Nam Bộ", "pop_2019": 190375.0, "pop_dens": 38852.0, "area": 4.92 }, "geometry": { "type": "Polygon", "coordinates": [ [ [ 106.670396272789489, 10.78466208642377 ], [ 106.671133235199491, 10.784621520819952 ], [ 106.671133235199491, 10.785302309419697 ], [ 106.670396272789489, 10.785342877462115 ], [ 106.670396272789489, 10.78466208642377 ] ] ] } },
{ "type": "Feature", "properties": { "s2": "31752ed6b4", "resolution": 17, "center_lat": 10.784301411294303, "center_lon": 106.67076475377451, "avg_edge_len": 78.013677620372206, "cell_area": 6069.3923864364624, "cell_perimeter": 312.05471048148883, "code": "770", "name": "Quận 3", "name_en": "District 3", "level": "Quận", "prov_code": "79", "prov_name": "Thành phố Hồ Chí Minh", "region": "Đông Nam Bộ", "pop_2019": 190375.0, "pop_dens": 38852.0, "area": 4.92 }, "geometry": { "type": "Polygon", "coordinates": [ [ [ 106.670396272789489, 10.783981300525131 ], [ 106.671133235199491, 10.78394073735992 ], [ 106.671133235199491, 10.784621520819952 ], [ 106.670396272789489, 10.78466208642377 ], [ 106.670396272789489, 10.783981300525131 ] ] ] } },
{ "type": "Feature", "properties": { "s2": "31752ed6bc", "resolution": 17, "center_lat": 10.784260845964777, "center_lon": 106.67150171742659, "avg_edge_len": 78.013689483420961, "cell_area": 6069.3918974250555, "cell_perimeter": 312.05475793368385, "code": "770", "name": "Quận 3", "name_en": "District 3", "level": "Quận", "prov_code": "79", "prov_name": "Thành phố Hồ Chí Minh", "region": "Đông Nam Bộ", "pop_2019": 190375.0, "pop_dens": 38852.0, "area": 4.92 }, "geometry": { "type": "Polygon", "coordinates": [ [ [ 106.671133235199491, 10.78394073735992 ], [ 106.671870200093707, 10.783900172304746 ], [ 106.671870200093707, 10.784580953326058 ], [ 106.671133235199491, 10.784621520819952 ], [ 106.671133235199491, 10.78394073735992 ] ] ] } },
{ "type": "Feature", "properties": { "s2": "31752ed6c4", "resolution": 17, "center_lat": 10.783580066294105, "center_lon": 106.67150171742662, "avg_edge_len": 78.01348652736749, "cell_area": 6069.3594605177641, "cell_perimeter": 312.05394610946996, "code": "770", "name": "Quận 3", "name_en": "District 3", "level": "Quận", "prov_code": "79", "prov_name": "Thành phố Hồ Chí Minh", "region": "Đông Nam Bộ", "pop_2019": 190375.0, "pop_dens": 38852.0, "area": 4.92 }, "geometry": { "type": "Polygon", "coordinates": [ [ [ 106.671133235199491, 10.783259959039881 ], [ 106.671870200093707, 10.783219396423434 ], [ 106.671870200093707, 10.783900172304746 ], [ 106.671133235199491, 10.78394073735992 ], [ 106.671133235199491, 10.783259959039881 ] ] ] } },
{ "type": "Feature", "properties": { "s2": "31752ed6cc", "resolution": 17, "center_lat": 10.783620629184963, "center_lon": 106.67076475377449, "avg_edge_len": 78.01347466536923, "cell_area": 6069.3599403202534, "cell_perimeter": 312.05389866147692, "code": "770", "name": "Quận 3", "name_en": "District 3", "level": "Quận", "prov_code": "79", "prov_name": "Thành phố Hồ Chí Minh", "region": "Đông Nam Bộ", "pop_2019": 190375.0, "pop_dens": 38852.0, "area": 4.92 }, "geometry": { "type": "Polygon", "coordinates": [ [ [ 106.670396272789489, 10.783300519766486 ], [ 106.671133235199491, 10.783259959039881 ], [ 106.671133235199491, 10.78394073735992 ], [ 106.670396272789489, 10.783981300525131 ], [ 106.670396272789489, 10.783300519766486 ] ] ] } },
{ "type": "Feature", "properties": { "s2": "31752ed6dc", "resolution": 17, "center_lat": 10.78289929176357, "center_lon": 106.67150171742659, "avg_edge_len": 78.013283549693028, "cell_area": 6069.3270076662302, "cell_perimeter": 312.05313419877211, "code": "770", "name": "Quận 3", "name_en": "District 3", "level": "Quận", "prov_code": "79", "prov_name": "Thành phố Hồ Chí Minh", "region": "Đông Nam Bộ", "pop_2019": 190375.0, "pop_dens": 38852.0, "area": 4.92 }, "geometry": { "type": "Polygon", "coordinates": [ [ [ 106.671133235199491, 10.782579185860124 ], [ 106.671870200093707, 10.782538625682404 ], [ 106.671870200093707, 10.783219396423434 ], [ 106.671133235199491, 10.783259959039881 ], [ 106.671133235199491, 10.782579185860124 ] ] ] } },
{ "type": "Feature", "properties": { "s2": "31752ed6e4", "resolution": 17, "center_lat": 10.782858729421598, "center_lon": 106.67223868356272, "avg_edge_len": 78.013295382493055, "cell_area": 6069.3265222162008, "cell_perimeter": 312.05318152997222, "code": "770", "name": "Quận 3", "name_en": "District 3", "level": "Quận", "prov_code": "79", "prov_name": "Thành phố Hồ Chí Minh", "region": "Đông Nam Bộ", "pop_2019": 190375.0, "pop_dens": 38852.0, "area": 4.92 }, "geometry": { "type": "Polygon", "coordinates": [ [ [ 106.671870200093707, 10.782538625682404 ], [ 106.672607167471739, 10.782498063614963 ], [ 106.672607167471739, 10.783178831917146 ], [ 106.671870200093707, 10.783219396423434 ], [ 106.671870200093707, 10.782538625682404 ] ] ] } },
{ "type": "Feature", "properties": { "s2": "31752ed6ec", "resolution": 17, "center_lat": 10.783539501513346, "center_lon": 106.67223868356271, "avg_edge_len": 78.013498361482675, "cell_area": 6069.3589665442705, "cell_perimeter": 312.0539934459307, "code": "770", "name": "Quận 3", "name_en": "District 3", "level": "Quận", "prov_code": "79", "prov_name": "Thành phố Hồ Chí Minh", "region": "Đông Nam Bộ", "pop_2019": 190375.0, "pop_dens": 38852.0, "area": 4.92 }, "geometry": { "type": "Polygon", "coordinates": [ [ [ 106.671870200093707, 10.783219396423434 ], [ 106.672607167471739, 10.783178831917146 ], [ 106.672607167471739, 10.78385960535962 ], [ 106.671870200093707, 10.783900172304746 ], [ 106.671870200093707, 10.783219396423434 ] ] ] } },
{ "type": "Feature", "properties": { "s2": "31752ed6f4", "resolution": 17, "center_lat": 10.783498934842703, "center_lon": 106.67297565218246, "avg_edge_len": 78.013510170626574, "cell_area": 6069.3584756961136, "cell_perimeter": 312.0540406825063, "code": "770", "name": "Quận 3", "name_en": "District 3", "level": "Quận", "prov_code": "79", "prov_name": "Thành phố Hồ Chí Minh", "region": "Đông Nam Bộ", "pop_2019": 190375.0, "pop_dens": 38852.0, "area": 4.92 }, "geometry": { "type": "Polygon", "coordinates": [ [ [ 106.672607167471739, 10.783178831917146 ], [ 106.673344137333217, 10.783138265521034 ], [ 106.673344137333231, 10.78381903652455 ], [ 106.672607167471739, 10.78385960535962 ], [ 106.672607167471739, 10.783178831917146 ] ] ] } },
{ "type": "Feature", "properties": { "s2": "31752ed6fc", "resolution": 17, "center_lat": 10.78281816518985, "center_lon": 106.67297565218246, "avg_edge_len": 78.013307189792044, "cell_area": 6069.3260223716497, "cell_perimeter": 312.05322875916818, "code": "770", "name": "Quận 3", "name_en": "District 3", "level": "Quận", "prov_code": "79", "prov_name": "Thành phố Hồ Chí Minh", "region": "Đông Nam Bộ", "pop_2019": 190375.0, "pop_dens": 38852.0, "area": 4.92 }, "geometry": { "type": "Polygon", "coordinates": [ [ [ 106.672607167471739, 10.782498063614963 ], [ 106.673344137333217, 10.782457499657808 ], [ 106.673344137333217, 10.783138265521034 ], [ 106.672607167471739, 10.783178831917146 ], [ 106.672607167471739, 10.782498063614963 ] ] ] } },
{ "type": "Feature", "properties": { "s2": "31752ed704", "resolution": 17, "center_lat": 10.78213740067743, "center_lon": 106.67297565218247, "avg_edge_len": 78.013104188483709, "cell_area": 6069.2935706608632, "cell_perimeter": 312.05241675393484, "code": "770", "name": "Quận 3", "name_en": "District 3", "level": "Quận", "prov_code": "79", "prov_name": "Thành phố Hồ Chí Minh", "region": "Đông Nam Bộ", "pop_2019": 190375.0, "pop_dens": 38852.0, "area": 4.92 }, "geometry": { "type": "Polygon", "coordinates": [ [ [ 106.672607167471739, 10.78181730045335 ], [ 106.673344137333231, 10.781776738935159 ], [ 106.673344137333217, 10.782457499657808 ], [ 106.672607167471739, 10.782498063614963 ], [ 106.672607167471739, 10.78181730045335 ] ] ] } },
{ "type": "Feature", "properties": { "s2": "31752ed7ac", "resolution": 17, "center_lat": 10.782096836994933, "center_lon": 106.67371262328547, "avg_edge_len": 78.013115969363923, "cell_area": 6069.2930715150496, "cell_perimeter": 312.05246387745569, "code": "770", "name": "Quận 3", "name_en": "District 3", "level": "Quận", "prov_code": "79", "prov_name": "Thành phố Hồ Chí Minh", "region": "Đông Nam Bộ", "pop_2019": 190375.0, "pop_dens": 38852.0, "area": 4.92 }, "geometry": { "type": "Polygon", "coordinates": [ [ [ 106.673344137333231, 10.781776738935159 ], [ 106.674081109677815, 10.781736175527376 ], [ 106.674081109677815, 10.782416933810946 ], [ 106.673344137333217, 10.782457499657808 ], [ 106.673344137333231, 10.781776738935159 ] ] ] } },
{ "type": "Feature", "properties": { "s2": "31752ed7b4", "resolution": 17, "center_lat": 10.782056271422793, "center_lon": 106.67444959687144, "avg_edge_len": 78.013127724213746, "cell_area": 6069.2925735712051, "cell_perimeter": 312.05251089685498, "code": "770", "name": "Quận 3", "name_en": "District 3", "level": "Quận", "prov_code": "79", "prov_name": "Thành phố Hồ Chí Minh", "region": "Đông Nam Bộ", "pop_2019": 190375.0, "pop_dens": 38852.0, "area": 4.92 }, "geometry": { "type": "Polygon", "coordinates": [ [ [ 106.674081109677815, 10.781736175527376 ], [ 106.674818084505134, 10.781695610230008 ], [ 106.674818084505134, 10.782376366074388 ], [ 106.674081109677815, 10.782416933810946 ], [ 106.674081109677815, 10.781736175527376 ] ] ] } },
{ "type": "Feature", "properties": { "s2": "31752ed7bc", "resolution": 17, "center_lat": 10.781375516929248, "center_lon": 106.67444959687143, "avg_edge_len": 78.012924698786378, "cell_area": 6069.2601153552532, "cell_perimeter": 312.05169879514551, "code": "770", "name": "Quận 3", "name_en": "District 3", "level": "Quận", "prov_code": "79", "prov_name": "Thành phố Hồ Chí Minh", "region": "Đông Nam Bộ", "pop_2019": 190375.0, "pop_dens": 38852.0, "area": 4.92 }, "geometry": { "type": "Polygon", "coordinates": [ [ [ 106.674081109677815, 10.781055422384666 ], [ 106.674818084505134, 10.781014859526501 ], [ 106.674818084505134, 10.781695610230008 ], [ 106.674081109677815, 10.781736175527376 ], [ 106.674081109677815, 10.781055422384666 ] ] ] } },
{ "type": "Feature", "properties": { "s2": "31752ed7c4", "resolution": 17, "center_lat": 10.781334951906725, "center_lon": 106.67518657293991, "avg_edge_len": 78.012936427040813, "cell_area": 6069.2596101015806, "cell_perimeter": 312.05174570816325, "code": "770", "name": "Quận 3", "name_en": "District 3", "level": "Quận", "prov_code": "79", "prov_name": "Thành phố Hồ Chí Minh", "region": "Đông Nam Bộ", "pop_2019": 190375.0, "pop_dens": 38852.0, "area": 4.92 }, "geometry": { "type": "Polygon", "coordinates": [ [ [ 106.674818084505134, 10.781014859526501 ], [ 106.675555061814833, 10.780974294778872 ], [ 106.675555061814833, 10.781655043043068 ], [ 106.674818084505134, 10.781695610230008 ], [ 106.674818084505134, 10.781014859526501 ] ] ] } },
{ "type": "Feature", "properties": { "s2": "31752ed7cc", "resolution": 17, "center_lat": 10.782015703961013, "center_lon": 106.67518657293992, "avg_edge_len": 78.013139454180305, "cell_area": 6069.2920658141375, "cell_perimeter": 312.05255781672122, "code": "770", "name": "Quận 3", "name_en": "District 3", "level": "Quận", "prov_code": "79", "prov_name": "Thành phố Hồ Chí Minh", "region": "Đông Nam Bộ", "pop_2019": 190375.0, "pop_dens": 38852.0, "area": 4.92 }, "geometry": { "type": "Polygon", "coordinates": [ [ [ 106.674818084505134, 10.781695610230008 ], [ 106.675555061814833, 10.781655043043068 ], [ 106.675555061814833, 10.782335796448136 ], [ 106.674818084505134, 10.782376366074388 ], [ 106.674818084505134, 10.781695610230008 ] ] ] } },
{ "type": "Feature", "properties": { "s2": "31752ed7d4", "resolution": 17, "center_lat": 10.781975134609608, "center_lon": 106.67592355149058, "avg_edge_len": 78.013151156705362, "cell_area": 6069.2915525585413, "cell_perimeter": 312.05260462682145, "code": "770", "name": "Quận 3", "name_en": "District 3", "level": "Quận", "prov_code": "79", "prov_name": "Thành phố Hồ Chí Minh", "region": "Đông Nam Bộ", "pop_2019": 190375.0, "pop_dens": 38852.0, "area": 4.92 }, "geometry": { "type": "Polygon", "coordinates": [ [ [ 106.675555061814833, 10.781655043043068 ], [ 106.676292041606516, 10.78161447396656 ], [ 106.676292041606516, 10.782295224932202 ], [ 106.675555061814833, 10.782335796448136 ], [ 106.675555061814833, 10.781655043043068 ] ] ] } },
{ "type": "Feature", "properties": { "s2": "31752ed7dc", "resolution": 17, "center_lat": 10.781294384994688, "center_lon": 106.67592355149058, "avg_edge_len": 78.012948128206361, "cell_area": 6069.2590958625078, "cell_perimeter": 312.05179251282544, "code": "770", "name": "Quận 3", "name_en": "District 3", "level": "Quận", "prov_code": "79", "prov_name": "Thành phố Hồ Chí Minh", "region": "Đông Nam Bộ", "pop_2019": 190375.0, "pop_dens": 38852.0, "area": 4.92 }, "geometry": { "type": "Polygon", "coordinates": [ [ [ 106.675555061814833, 10.780974294778872 ], [ 106.676292041606516, 10.780933728141791 ], [ 106.676292041606516, 10.78161447396656 ], [ 106.675555061814833, 10.781655043043068 ], [ 106.675555061814833, 10.780974294778872 ] ] ] } },
{ "type": "Feature", "properties": { "s2": "31752ed7e4", "resolution": 17, "center_lat": 10.780613640520784, "center_lon": 106.67592355149058, "avg_edge_len": 78.012745078924155, "cell_area": 6069.2266379743814, "cell_perimeter": 312.05098031569662, "code": "770", "name": "Quận 3", "name_en": "District 3", "level": "Quận", "prov_code": "79", "prov_name": "Thành phố Hồ Chí Minh", "region": "Đông Nam Bộ", "pop_2019": 190375.0, "pop_dens": 38852.0, "area": 4.92 }, "geometry": { "type": "Polygon", "coordinates": [ [ [ 106.675555061814833, 10.780293551655827 ], [ 106.676292041606516, 10.780252987458182 ], [ 106.676292041606516, 10.780933728141791 ], [ 106.675555061814833, 10.780974294778872 ], [ 106.675555061814833, 10.780293551655827 ] ] ] } },
{ "type": "Feature", "properties": { "s2": "31752edf8c", "resolution": 17, "center_lat": 10.770403090526385, "center_lon": 106.67592355149056, "avg_edge_len": 78.009696772754864, "cell_area": 6068.7392908483744, "cell_perimeter": 312.03878709101946, "code": "770", "name": "Quận 3", "name_en": "District 3", "level": "Quận", "prov_code": "79", "prov_name": "Thành phố Hồ Chí Minh", "region": "Đông Nam Bộ", "pop_2019": 190375.0, "pop_dens": 38852.0, "area": 4.92 }, "geometry": { "type": "Polygon", "coordinates": [ [ [ 106.675555061814833, 10.770083021941073 ], [ 106.676292041606516, 10.770042494335451 ], [ 106.676292041606516, 10.770723157867735 ], [ 106.675555061814833, 10.770763687912856 ], [ 106.675555061814833, 10.770083021941073 ] ] ] } },
{ "type": "Feature", "properties": { "s2": "31752edfe4", "resolution": 17, "center_lat": 10.769082294316464, "center_lon": 106.67518657293989, "avg_edge_len": 78.009278290487885, "cell_area": 6068.6747666388464, "cell_perimeter": 312.03711316195154, "code": "770", "name": "Quận 3", "name_en": "District 3", "level": "Quận", "prov_code": "79", "prov_name": "Thành phố Hồ Chí Minh", "region": "Đông Nam Bộ", "pop_2019": 190375.0, "pop_dens": 38852.0, "area": 4.92 }, "geometry": { "type": "Polygon", "coordinates": [ [ [ 106.674818084505148, 10.768762226274051 ], [ 106.675555061814833, 10.768721705434828 ], [ 106.675555061814833, 10.769402361114967 ], [ 106.674818084505134, 10.769442884393589 ], [ 106.674818084505148, 10.768762226274051 ] ] ] } },
{ "type": "Feature", "properties": { "s2": "31752edff4", "resolution": 17, "center_lat": 10.769722428347189, "center_lon": 106.67592355149054, "avg_edge_len": 78.009493381596485, "cell_area": 6068.7067718654871, "cell_perimeter": 312.03797352638594, "code": "770", "name": "Quận 3", "name_en": "District 3", "level": "Quận", "prov_code": "79", "prov_name": "Thành phố Hồ Chí Minh", "region": "Đông Nam Bộ", "pop_2019": 190375.0, "pop_dens": 38852.0, "area": 4.92 }, "geometry": { "type": "Polygon", "coordinates": [ [ [ 106.675555061814833, 10.769402361114967 ], [ 106.676292041606516, 10.76936183594885 ], [ 106.676292041606516, 10.770042494335451 ], [ 106.675555061814833, 10.770083021941073 ], [ 106.675555061814833, 10.769402361114967 ] ] ] } },
{ "type": "Feature", "properties": { "s2": "31752edffc", "resolution": 17, "center_lat": 10.76904177131382, "center_lon": 106.67592355149056, "avg_edge_len": 78.009289968287831, "cell_area": 6068.6742412378362, "cell_perimeter": 312.03715987315132, "code": "770", "name": "Quận 3", "name_en": "District 3", "level": "Quận", "prov_code": "79", "prov_name": "Thành phố Hồ Chí Minh", "region": "Đông Nam Bộ", "pop_2019": 190375.0, "pop_dens": 38852.0, "area": 4.92 }, "geometry": { "type": "Polygon", "coordinates": [ [ [ 106.675555061814833, 10.768721705434828 ], [ 106.676292041606501, 10.768681182708217 ], [ 106.676292041606516, 10.76936183594885 ], [ 106.675555061814833, 10.769402361114967 ], [ 106.675555061814833, 10.768721705434828 ] ] ] } },
{ "type": "Feature", "properties": { "s2": "31752ee004", "resolution": 17, "center_lat": 10.768361119426554, "center_lon": 106.67592355149054, "avg_edge_len": 78.009086534681359, "cell_area": 6068.6417251320754, "cell_perimeter": 312.03634613872543, "code": "770", "name": "Quận 3", "name_en": "District 3", "level": "Quận", "prov_code": "79", "prov_name": "Thành phố Hồ Chí Minh", "region": "Đông Nam Bộ", "pop_2019": 190375.0, "pop_dens": 38852.0, "area": 4.92 }, "geometry": { "type": "Polygon", "coordinates": [ [ [ 106.675555061814833, 10.76804105490093 ], [ 106.676292041606516, 10.768000534613833 ], [ 106.676292041606501, 10.768681182708217 ], [ 106.675555061814833, 10.768721705434828 ], [ 106.675555061814833, 10.76804105490093 ] ] ] } },
{ "type": "Feature", "properties": { "s2": "31752ee00c", "resolution": 17, "center_lat": 10.768401639989744, "center_lon": 106.67518657293991, "avg_edge_len": 78.009074857888152, "cell_area": 6068.6422374330295, "cell_perimeter": 312.03629943155261, "code": "770", "name": "Quận 3", "name_en": "District 3", "level": "Quận", "prov_code": "79", "prov_name": "Thành phố Hồ Chí Minh", "region": "Đông Nam Bộ", "pop_2019": 190375.0, "pop_dens": 38852.0, "area": 4.92 }, "geometry": { "type": "Polygon", "coordinates": [ [ [ 106.674818084505134, 10.768081573300758 ], [ 106.675555061814833, 10.76804105490093 ], [ 106.675555061814833, 10.768721705434828 ], [ 106.674818084505148, 10.768762226274051 ], [ 106.674818084505134, 10.768081573300758 ] ] ] } },
{ "type": "Feature", "properties": { "s2": "31752ee014", "resolution": 17, "center_lat": 10.76772099080941, "center_lon": 106.67518657293988, "avg_edge_len": 78.008871404196697, "cell_area": 6068.6097084134817, "cell_perimeter": 312.03548561678679, "code": "770", "name": "Quận 3", "name_en": "District 3", "level": "Quận", "prov_code": "79", "prov_name": "Thành phố Hồ Chí Minh", "region": "Đông Nam Bộ", "pop_2019": 190375.0, "pop_dens": 38852.0, "area": 4.92 }, "geometry": { "type": "Polygon", "coordinates": [ [ [ 106.674818084505134, 10.767400925473986 ], [ 106.675555061814833, 10.767360409513559 ], [ 106.675555061814833, 10.76804105490093 ], [ 106.674818084505134, 10.768081573300758 ], [ 106.674818084505134, 10.767400925473986 ] ] ] } },
{ "type": "Feature", "properties": { "s2": "31752ee01c", "resolution": 17, "center_lat": 10.767680472685679, "center_lon": 106.67592355149056, "avg_edge_len": 78.00888307958698, "cell_area": 6068.6091917306185, "cell_perimeter": 312.03553231834792, "code": "770", "name": "Quận 3", "name_en": "District 3", "level": "Quận", "prov_code": "79", "prov_name": "Thành phố Hồ Chí Minh", "region": "Đông Nam Bộ", "pop_2019": 190375.0, "pop_dens": 38852.0, "area": 4.92 }, "geometry": { "type": "Polygon", "coordinates": [ [ [ 106.675555061814833, 10.767360409513559 ], [ 106.676292041606516, 10.767319891665981 ], [ 106.676292041606516, 10.768000534613833 ], [ 106.675555061814833, 10.76804105490093 ], [ 106.675555061814833, 10.767360409513559 ] ] ] } },
{ "type": "Feature", "properties": { "s2": "31752ee024", "resolution": 17, "center_lat": 10.766999831091473, "center_lon": 106.67592355149054, "avg_edge_len": 78.008679602606222, "cell_area": 6068.5766592770815, "cell_perimeter": 312.03471841042489, "code": "770", "name": "Quận 3", "name_en": "District 3", "level": "Quận", "prov_code": "79", "prov_name": "Thành phố Hồ Chí Minh", "region": "Đông Nam Bộ", "pop_2019": 190375.0, "pop_dens": 38852.0, "area": 4.92 }, "geometry": { "type": "Polygon", "coordinates": [ [ [ 106.675555061814833, 10.766679769273001 ], [ 106.676292041606516, 10.766639253864945 ], [ 106.676292041606516, 10.767319891665981 ], [ 106.675555061814833, 10.767360409513559 ], [ 106.675555061814833, 10.766679769273001 ] ] ] } },
{ "type": "Feature", "properties": { "s2": "31752ee03c", "resolution": 17, "center_lat": 10.767040346775744, "center_lon": 106.67518657293989, "avg_edge_len": 78.008667928399149, "cell_area": 6068.5771761536598, "cell_perimeter": 312.03467171359659, "code": "770", "name": "Quận 3", "name_en": "District 3", "level": "Quận", "prov_code": "79", "prov_name": "Thành phố Hồ Chí Minh", "region": "Đông Nam Bộ", "pop_2019": 190375.0, "pop_dens": 38852.0, "area": 4.92 }, "geometry": { "type": "Polygon", "coordinates": [ [ [ 106.674818084505134, 10.76672028279402 ], [ 106.675555061814833, 10.766679769273001 ], [ 106.675555061814833, 10.767360409513559 ], [ 106.674818084505134, 10.767400925473986 ], [ 106.674818084505134, 10.76672028279402 ] ] ] } },
{ "type": "Feature", "properties": { "s2": "31752ee06c", "resolution": 17, "center_lat": 10.767761507045927, "center_lon": 106.67444959687138, "avg_edge_len": 78.008859700923637, "cell_area": 6068.6102255731821, "cell_perimeter": 312.03543880369455, "code": "770", "name": "Quận 3", "name_en": "District 3", "level": "Quận", "prov_code": "79", "prov_name": "Thành phố Hồ Chí Minh", "region": "Đông Nam Bộ", "pop_2019": 190375.0, "pop_dens": 38852.0, "area": 4.92 }, "geometry": { "type": "Polygon", "coordinates": [ [ [ 106.674081109677815, 10.767441439547252 ], [ 106.674818084505134, 10.767400925473986 ], [ 106.674818084505134, 10.768081573300758 ], [ 106.674081109677815, 10.768122089813311 ], [ 106.674081109677815, 10.767441439547252 ] ] ] } },
{ "type": "Feature", "properties": { "s2": "31752ee074", "resolution": 17, "center_lat": 10.768442158665604, "center_lon": 106.67444959687141, "avg_edge_len": 78.00906315347649, "cell_area": 6068.6427498529474, "cell_perimeter": 312.03625261390596, "code": "770", "name": "Quận 3", "name_en": "District 3", "level": "Quận", "prov_code": "79", "prov_name": "Thành phố Hồ Chí Minh", "region": "Đông Nam Bộ", "pop_2019": 190375.0, "pop_dens": 38852.0, "area": 4.92 }, "geometry": { "type": "Polygon", "coordinates": [ [ [ 106.674081109677815, 10.768122089813311 ], [ 106.674818084505134, 10.768081573300758 ], [ 106.674818084505148, 10.768762226274051 ], [ 106.674081109677829, 10.768802745225889 ], [ 106.674081109677815, 10.768122089813311 ] ] ] } },
{ "type": "Feature", "properties": { "s2": "31752f1894", "resolution": 17, "center_lat": 10.767234648770717, "center_lon": 106.68403047926687, "avg_edge_len": 78.009009807824057, "cell_area": 6068.6032291650772, "cell_perimeter": 312.03603923129623, "code": "770", "name": "Quận 3", "name_en": "District 3", "level": "Quận", "prov_code": "79", "prov_name": "Thành phố Hồ Chí Minh", "region": "Đông Nam Bộ", "pop_2019": 190375.0, "pop_dens": 38852.0, "area": 4.92 }, "geometry": { "type": "Polygon", "coordinates": [ [ [ 106.683661975952418, 10.766914609398494 ], [ 106.684398983021836, 10.766874070792747 ], [ 106.684398983021836, 10.767554686898322 ], [ 106.683661975952418, 10.767595227944849 ], [ 106.683661975952418, 10.766914609398494 ] ] ] } },
{ "type": "Feature", "properties": { "s2": "31752f189c", "resolution": 17, "center_lat": 10.767915268669974, "center_lon": 106.68403047926689, "avg_edge_len": 78.00921327707762, "cell_area": 6068.635761231184, "cell_perimeter": 312.03685310831048, "code": "770", "name": "Quận 3", "name_en": "District 3", "level": "Quận", "prov_code": "79", "prov_name": "Thành phố Hồ Chí Minh", "region": "Đông Nam Bộ", "pop_2019": 190375.0, "pop_dens": 38852.0, "area": 4.92 }, "geometry": { "type": "Polygon", "coordinates": [ [ [ 106.683661975952418, 10.767595227944849 ], [ 106.684398983021836, 10.767554686898322 ], [ 106.684398983021836, 10.768235308150475 ], [ 106.683661975952418, 10.76827585163778 ], [ 106.683661975952418, 10.767595227944849 ] ] ] } },
{ "type": "Feature", "properties": { "s2": "31752f18a4", "resolution": 17, "center_lat": 10.767955809993266, "center_lon": 106.68329347343644, "avg_edge_len": 78.009201884851791, "cell_area": 6068.6363226771355, "cell_perimeter": 312.03680753940716, "code": "770", "name": "Quận 3", "name_en": "District 3", "level": "Quận", "prov_code": "79", "prov_name": "Thành phố Hồ Chí Minh", "region": "Đông Nam Bộ", "pop_2019": 190375.0, "pop_dens": 38852.0, "area": 4.92 }, "geometry": { "type": "Polygon", "coordinates": [ [ [ 106.682924971360947, 10.767635767104196 ], [ 106.683661975952418, 10.767595227944849 ], [ 106.683661975952418, 10.76827585163778 ], [ 106.682924971360947, 10.768316393237788 ], [ 106.682924971360947, 10.767635767104196 ] ] ] } },
{ "type": "Feature", "properties": { "s2": "31752f18ac", "resolution": 17, "center_lat": 10.767996349429321, "center_lon": 106.68255647008417, "avg_edge_len": 78.00919046641917, "cell_area": 6068.6368878036737, "cell_perimeter": 312.03676186567668, "code": "770", "name": "Quận 3", "name_en": "District 3", "level": "Quận", "prov_code": "79", "prov_name": "Thành phố Hồ Chí Minh", "region": "Đông Nam Bộ", "pop_2019": 190375.0, "pop_dens": 38852.0, "area": 4.92 }, "geometry": { "type": "Polygon", "coordinates": [ [ [ 106.682187969247806, 10.767676304376351 ], [ 106.682924971360947, 10.767635767104196 ], [ 106.682924971360947, 10.768316393237788 ], [ 106.682187969247806, 10.768356932950493 ], [ 106.682187969247806, 10.767676304376351 ] ] ] } },
{ "type": "Feature", "properties": { "s2": "31752f18b4", "resolution": 17, "center_lat": 10.767315724648734, "center_lon": 106.68255647008415, "avg_edge_len": 78.008987000192931, "cell_area": 6068.6043450683355, "cell_perimeter": 312.03594800077173, "code": "770", "name": "Quận 3", "name_en": "District 3", "level": "Quận", "prov_code": "79", "prov_name": "Thành phố Hồ Chí Minh", "region": "Đông Nam Bộ", "pop_2019": 190375.0, "pop_dens": 38852.0, "area": 4.92 }, "geometry": { "type": "Polygon", "coordinates": [ [ [ 106.682187969247806, 10.766995680948776 ], [ 106.682924971360947, 10.766955146117171 ], [ 106.682924971360947, 10.767635767104196 ], [ 106.682187969247806, 10.767676304376351 ], [ 106.682187969247806, 10.766995680948776 ] ] ] } },
{ "type": "Feature", "properties": { "s2": "31752f18bc", "resolution": 17, "center_lat": 10.767275187653294, "center_lon": 106.68329347343642, "avg_edge_len": 78.008998416692563, "cell_area": 6068.6037921458483, "cell_perimeter": 312.03599366677025, "code": "770", "name": "Quận 3", "name_en": "District 3", "level": "Quận", "prov_code": "79", "prov_name": "Thành phố Hồ Chí Minh", "region": "Đông Nam Bộ", "pop_2019": 190375.0, "pop_dens": 38852.0, "area": 4.92 }, "geometry": { "type": "Polygon", "coordinates": [ [ [ 106.682924971360947, 10.766955146117171 ], [ 106.683661975952418, 10.766914609398494 ], [ 106.683661975952418, 10.767595227944849 ], [ 106.682924971360947, 10.767635767104196 ], [ 106.682924971360947, 10.766955146117171 ] ] ] } },
{ "type": "Feature", "properties": { "s2": "31752f18c4", "resolution": 17, "center_lat": 10.766594570460029, "center_lon": 106.68329347343644, "avg_edge_len": 78.00879492730985, "cell_area": 6068.5712559819221, "cell_perimeter": 312.0351797092394, "code": "770", "name": "Quận 3", "name_en": "District 3", "level": "Quận", "prov_code": "79", "prov_name": "Thành phố Hồ Chí Minh", "region": "Đông Nam Bộ", "pop_2019": 190375.0, "pop_dens": 38852.0, "area": 4.92 }, "geometry": { "type": "Polygon", "coordinates": [ [ [ 106.682924971360947, 10.766274530277006 ], [ 106.683661975952418, 10.766233995998997 ], [ 106.683661975952418, 10.766914609398494 ], [ 106.682924971360947, 10.766955146117171 ], [ 106.682924971360947, 10.766274530277006 ] ] ] } },
{ "type": "Feature", "properties": { "s2": "31752f18cc", "resolution": 17, "center_lat": 10.766635105014862, "center_lon": 106.68255647008414, "avg_edge_len": 78.00878351137527, "cell_area": 6068.5718134194613, "cell_perimeter": 312.03513404550108, "code": "770", "name": "Quận 3", "name_en": "District 3", "level": "Quận", "prov_code": "79", "prov_name": "Thành phố Hồ Chí Minh", "region": "Đông Nam Bộ", "pop_2019": 190375.0, "pop_dens": 38852.0, "area": 4.92 }, "geometry": { "type": "Polygon", "coordinates": [ [ [ 106.682187969247806, 10.766315062668054 ], [ 106.682924971360947, 10.766274530277006 ], [ 106.682924971360947, 10.766955146117171 ], [ 106.682187969247806, 10.766995680948776 ], [ 106.682187969247806, 10.766315062668054 ] ] ] } },
{ "type": "Feature", "properties": { "s2": "31752f18d4", "resolution": 17, "center_lat": 10.765954490527985, "center_lon": 106.68255647008414, "avg_edge_len": 78.008580001995469, "cell_area": 6068.5392730981112, "cell_perimeter": 312.03432000798188, "code": "770", "name": "Quận 3", "name_en": "District 3", "level": "Quận", "prov_code": "79", "prov_name": "Thành phố Hồ Chí Minh", "region": "Đông Nam Bộ", "pop_2019": 190375.0, "pop_dens": 38852.0, "area": 4.92 }, "geometry": { "type": "Polygon", "coordinates": [ [ [ 106.682187969247806, 10.765634449534463 ], [ 106.682924971360947, 10.765593919583974 ], [ 106.682924971360947, 10.766274530277006 ], [ 106.682187969247806, 10.766315062668054 ], [ 106.682187969247806, 10.765634449534463 ] ] ] } },
{ "type": "Feature", "properties": { "s2": "31752f1ed4", "resolution": 17, "center_lat": 10.76531440897519, "center_lon": 106.6818194692104, "avg_edge_len": 78.008365032366285, "cell_area": 6068.5072842091322, "cell_perimeter": 312.03346012946514, "code": "770", "name": "Quận 3", "name_en": "District 3", "level": "Quận", "prov_code": "79", "prov_name": "Thành phố Hồ Chí Minh", "region": "Đông Nam Bộ", "pop_2019": 190375.0, "pop_dens": 38852.0, "area": 4.92 }, "geometry": { "type": "Polygon", "coordinates": [ [ [ 106.681450969613365, 10.76499436717147 ], [ 106.682187969247806, 10.764953841548287 ], [ 106.682187969247806, 10.765634449534463 ], [ 106.681450969613365, 10.765674977598096 ], [ 106.681450969613365, 10.76499436717147 ] ] ] } },
{ "type": "Feature", "properties": { "s2": "31752f1edc", "resolution": 17, "center_lat": 10.765354934875191, "center_lon": 106.68108247081545, "avg_edge_len": 78.008353567398871, "cell_area": 6068.5078388005495, "cell_perimeter": 312.03341426959548, "code": "770", "name": "Quận 3", "name_en": "District 3", "level": "Quận", "prov_code": "79", "prov_name": "Thành phố Hồ Chí Minh", "region": "Đông Nam Bộ", "pop_2019": 190375.0, "pop_dens": 38852.0, "area": 4.92 }, "geometry": { "type": "Polygon", "coordinates": [ [ [ 106.68071397245798, 10.765034890907909 ], [ 106.681450969613365, 10.76499436717147 ], [ 106.681450969613365, 10.765674977598096 ], [ 106.68071397245798, 10.765715503774869 ], [ 106.68071397245798, 10.765034890907909 ] ] ] } },
{ "type": "Feature", "properties": { "s2": "31752f1f04", "resolution": 17, "center_lat": 10.766116600115712, "center_lon": 106.67960848146375, "avg_edge_len": 78.008534084010591, "cell_area": 6068.5414688140154, "cell_perimeter": 312.03413633604237, "code": "770", "name": "Quận 3", "name_en": "District 3", "level": "Quận", "prov_code": "79", "prov_name": "Thành phố Hồ Chí Minh", "region": "Đông Nam Bộ", "pop_2019": 190375.0, "pop_dens": 38852.0, "area": 4.92 }, "geometry": { "type": "Polygon", "coordinates": [ [ [ 106.679239985585866, 10.765796550467805 ], [ 106.679976977782019, 10.765756028064775 ], [ 106.679976977782019, 10.766436648519358 ], [ 106.679239985585866, 10.766477173362489 ], [ 106.679239985585866, 10.765796550467805 ] ] ] } },
{ "type": "Feature", "properties": { "s2": "31752f1f0c", "resolution": 17, "center_lat": 10.766797224363906, "center_lon": 106.67960848146377, "avg_edge_len": 78.008737588570838, "cell_area": 6068.5740077495575, "cell_perimeter": 312.03495035428335, "code": "770", "name": "Quận 3", "name_en": "District 3", "level": "Quận", "prov_code": "79", "prov_name": "Thành phố Hồ Chí Minh", "region": "Đông Nam Bộ", "pop_2019": 190375.0, "pop_dens": 38852.0, "area": 4.92 }, "geometry": { "type": "Polygon", "coordinates": [ [ [ 106.679239985585866, 10.766477173362489 ], [ 106.679976977782019, 10.766436648519358 ], [ 106.679976977782019, 10.767117274121061 ], [ 106.679239985585866, 10.76715780140429 ], [ 106.679239985585866, 10.766477173362489 ] ] ] } },
{ "type": "Feature", "properties": { "s2": "31752f1f14", "resolution": 17, "center_lat": 10.766756697357206, "center_lon": 106.68034547489981, "avg_edge_len": 78.008749109111164, "cell_area": 6068.573465898633, "cell_perimeter": 312.03499643644466, "code": "770", "name": "Quận 3", "name_en": "District 3", "level": "Quận", "prov_code": "79", "prov_name": "Thành phố Hồ Chí Minh", "region": "Đông Nam Bộ", "pop_2019": 190375.0, "pop_dens": 38852.0, "area": 4.92 }, "geometry": { "type": "Polygon", "coordinates": [ [ [ 106.679976977782019, 10.766436648519358 ], [ 106.68071397245798, 10.766396121789237 ], [ 106.68071397245798, 10.767076744950728 ], [ 106.679976977782019, 10.767117274121061 ], [ 106.679976977782019, 10.766436648519358 ] ] ] } },
{ "type": "Feature", "properties": { "s2": "31752f1f1c", "resolution": 17, "center_lat": 10.766076075549169, "center_lon": 106.6803454748998, "avg_edge_len": 78.008545603456483, "cell_area": 6068.540928453207, "cell_perimeter": 312.03418241382593, "code": "770", "name": "Quận 3", "name_en": "District 3", "level": "Quận", "prov_code": "79", "prov_name": "Thành phố Hồ Chí Minh", "region": "Đông Nam Bộ", "pop_2019": 190375.0, "pop_dens": 38852.0, "area": 4.92 }, "geometry": { "type": "Polygon", "coordinates": [ [ [ 106.679976977782019, 10.765756028064775 ], [ 106.68071397245798, 10.765715503774869 ], [ 106.68071397245798, 10.766396121789237 ], [ 106.679976977782019, 10.766436648519358 ], [ 106.679976977782019, 10.765756028064775 ] ] ] } },
{ "type": "Feature", "properties": { "s2": "31752f1f24", "resolution": 17, "center_lat": 10.766035549095692, "center_lon": 106.68108247081547, "avg_edge_len": 78.008557095548738, "cell_area": 6068.5403796136379, "cell_perimeter": 312.03422838219495, "code": "770", "name": "Quận 3", "name_en": "District 3", "level": "Quận", "prov_code": "79", "prov_name": "Thành phố Hồ Chí Minh", "region": "Đông Nam Bộ", "pop_2019": 190375.0, "pop_dens": 38852.0, "area": 4.92 }, "geometry": { "type": "Polygon", "coordinates": [ [ [ 106.68071397245798, 10.765715503774869 ], [ 106.681450969613365, 10.765674977598096 ], [ 106.681450969613365, 10.766355593172133 ], [ 106.68071397245798, 10.766396121789237 ], [ 106.68071397245798, 10.765715503774869 ] ] ] } },
{ "type": "Feature", "properties": { "s2": "31752f1f2c", "resolution": 17, "center_lat": 10.765995020755296, "center_lon": 106.68181946921037, "avg_edge_len": 78.008568561654897, "cell_area": 6068.53982616961, "cell_perimeter": 312.03427424661959, "code": "770", "name": "Quận 3", "name_en": "District 3", "level": "Quận", "prov_code": "79", "prov_name": "Thành phố Hồ Chí Minh", "region": "Đông Nam Bộ", "pop_2019": 190375.0, "pop_dens": 38852.0, "area": 4.92 }, "geometry": { "type": "Polygon", "coordinates": [ [ [ 106.681450969613365, 10.765674977598096 ], [ 106.682187969247806, 10.765634449534463 ], [ 106.682187969247806, 10.766315062668054 ], [ 106.681450969613365, 10.766355593172133 ], [ 106.681450969613365, 10.765674977598096 ] ] ] } },
{ "type": "Feature", "properties": { "s2": "31752f1f34", "resolution": 17, "center_lat": 10.766675637682678, "center_lon": 106.68181946921041, "avg_edge_len": 78.008772069675018, "cell_area": 6068.5723688155413, "cell_perimeter": 312.03508827870007, "code": "770", "name": "Quận 3", "name_en": "District 3", "level": "Quận", "prov_code": "79", "prov_name": "Thành phố Hồ Chí Minh", "region": "Đông Nam Bộ", "pop_2019": 190375.0, "pop_dens": 38852.0, "area": 4.92 }, "geometry": { "type": "Polygon", "coordinates": [ [ [ 106.681450969613365, 10.766355593172133 ], [ 106.682187969247806, 10.766315062668054 ], [ 106.682187969247806, 10.766995680948776 ], [ 106.681450969613365, 10.767036213893299 ], [ 106.681450969613365, 10.766355593172133 ] ] ] } },
{ "type": "Feature", "properties": { "s2": "31752f1f3c", "resolution": 17, "center_lat": 10.766716168463461, "center_lon": 106.68108247081545, "avg_edge_len": 78.008760602606714, "cell_area": 6068.5729159116745, "cell_perimeter": 312.03504241042685, "code": "770", "name": "Quận 3", "name_en": "District 3", "level": "Quận", "prov_code": "79", "prov_name": "Thành phố Hồ Chí Minh", "region": "Đông Nam Bộ", "pop_2019": 190375.0, "pop_dens": 38852.0, "area": 4.92 }, "geometry": { "type": "Polygon", "coordinates": [ [ [ 106.68071397245798, 10.766396121789237 ], [ 106.681450969613365, 10.766355593172133 ], [ 106.681450969613365, 10.767036213893299 ], [ 106.68071397245798, 10.767076744950728 ], [ 106.68071397245798, 10.766396121789237 ] ] ] } },
{ "type": "Feature", "properties": { "s2": "31752f1f44", "resolution": 17, "center_lat": 10.767396792978209, "center_lon": 106.68108247081545, "avg_edge_len": 78.00896408822058, "cell_area": 6068.6054545193911, "cell_perimeter": 312.03585635288232, "code": "770", "name": "Quận 3", "name_en": "District 3", "level": "Quận", "prov_code": "79", "prov_name": "Thành phố Hồ Chí Minh", "region": "Đông Nam Bộ", "pop_2019": 190375.0, "pop_dens": 38852.0, "area": 4.92 }, "geometry": { "type": "Polygon", "coordinates": [ [ [ 106.68071397245798, 10.767076744950728 ], [ 106.681450969613365, 10.767036213893299 ], [ 106.681450969613365, 10.767716839761308 ], [ 106.68071397245798, 10.767757373259062 ], [ 106.68071397245798, 10.767076744950728 ] ] ] } },
{ "type": "Feature", "properties": { "s2": "31752f1f4c", "resolution": 17, "center_lat": 10.767356259757044, "center_lon": 106.68181946921038, "avg_edge_len": 78.00897555673663, "cell_area": 6068.6049035489559, "cell_perimeter": 312.03590222694652, "code": "770", "name": "Quận 3", "name_en": "District 3", "level": "Quận", "prov_code": "79", "prov_name": "Thành phố Hồ Chí Minh", "region": "Đông Nam Bộ", "pop_2019": 190375.0, "pop_dens": 38852.0, "area": 4.92 }, "geometry": { "type": "Polygon", "coordinates": [ [ [ 106.681450969613365, 10.767036213893299 ], [ 106.682187969247806, 10.766995680948776 ], [ 106.682187969247806, 10.767676304376351 ], [ 106.681450969613365, 10.767716839761308 ], [ 106.681450969613365, 10.767036213893299 ] ] ] } },
{ "type": "Feature", "properties": { "s2": "31752f1f54", "resolution": 17, "center_lat": 10.76803688697812, "center_lon": 106.68181946921037, "avg_edge_len": 78.009179021912416, "cell_area": 6068.6374386250973, "cell_perimeter": 312.03671608764967, "code": "770", "name": "Quận 3", "name_en": "District 3", "level": "Quận", "prov_code": "79", "prov_name": "Thành phố Hồ Chí Minh", "region": "Đông Nam Bộ", "pop_2019": 190375.0, "pop_dens": 38852.0, "area": 4.92 }, "geometry": { "type": "Polygon", "coordinates": [ [ [ 106.681450969613365, 10.767716839761308 ], [ 106.682187969247806, 10.767676304376351 ], [ 106.682187969247806, 10.768356932950493 ], [ 106.681450969613365, 10.768397470775884 ], [ 106.681450969613365, 10.767716839761308 ] ] ] } },
{ "type": "Feature", "properties": { "s2": "31752f1f5c", "resolution": 17, "center_lat": 10.768077422639664, "center_lon": 106.68108247081547, "avg_edge_len": 78.009167552081038, "cell_area": 6068.6379893273115, "cell_perimeter": 312.03667020832415, "code": "770", "name": "Quận 3", "name_en": "District 3", "level": "Quận", "prov_code": "79", "prov_name": "Thành phố Hồ Chí Minh", "region": "Đông Nam Bộ", "pop_2019": 190375.0, "pop_dens": 38852.0, "area": 4.92 }, "geometry": { "type": "Polygon", "coordinates": [ [ [ 106.68071397245798, 10.767757373259062 ], [ 106.681450969613365, 10.767716839761308 ], [ 106.681450969613365, 10.768397470775884 ], [ 106.68071397245798, 10.768438006713955 ], [ 106.68071397245798, 10.767757373259062 ] ] ] } },
{ "type": "Feature", "properties": { "s2": "31752f1f64", "resolution": 17, "center_lat": 10.768117956413942, "center_lon": 106.68034547489981, "avg_edge_len": 78.009156056351827, "cell_area": 6068.6385358422995, "cell_perimeter": 312.03662422540731, "code": "770", "name": "Quận 3", "name_en": "District 3", "level": "Quận", "prov_code": "79", "prov_name": "Thành phố Hồ Chí Minh", "region": "Đông Nam Bộ", "pop_2019": 190375.0, "pop_dens": 38852.0, "area": 4.92 }, "geometry": { "type": "Polygon", "coordinates": [ [ [ 106.679976977782019, 10.767797904869605 ], [ 106.68071397245798, 10.767757373259062 ], [ 106.68071397245798, 10.768438006713955 ], [ 106.679976977782019, 10.768478540764699 ], [ 106.679976977782019, 10.767797904869605 ] ] ] } },
{ "type": "Feature", "properties": { "s2": "31752f1f6c", "resolution": 17, "center_lat": 10.767437324312223, "center_lon": 106.68034547489982, "avg_edge_len": 78.008952593321396, "cell_area": 6068.6059989333153, "cell_perimeter": 312.03581037328559, "code": "770", "name": "Quận 3", "name_en": "District 3", "level": "Quận", "prov_code": "79", "prov_name": "Thành phố Hồ Chí Minh", "region": "Đông Nam Bộ", "pop_2019": 190375.0, "pop_dens": 38852.0, "area": 4.92 }, "geometry": { "type": "Polygon", "coordinates": [ [ [ 106.679976977782019, 10.767117274121061 ], [ 106.68071397245798, 10.767076744950728 ], [ 106.68071397245798, 10.767757373259062 ], [ 106.679976977782019, 10.767797904869605 ], [ 106.679976977782019, 10.767117274121061 ] ] ] } },
{ "type": "Feature", "properties": { "s2": "31752f1f74", "resolution": 17, "center_lat": 10.767477853759077, "center_lon": 106.67960848146377, "avg_edge_len": 78.008941071730362, "cell_area": 6068.6065424084663, "cell_perimeter": 312.03576428692145, "code": "770", "name": "Quận 3", "name_en": "District 3", "level": "Quận", "prov_code": "79", "prov_name": "Thành phố Hồ Chí Minh", "region": "Đông Nam Bộ", "pop_2019": 190375.0, "pop_dens": 38852.0, "area": 4.92 }, "geometry": { "type": "Polygon", "coordinates": [ [ [ 106.679239985585866, 10.76715780140429 ], [ 106.679976977782019, 10.767117274121061 ], [ 106.679976977782019, 10.767797904869605 ], [ 106.679239985585866, 10.767838434592921 ], [ 106.679239985585866, 10.76715780140429 ] ] ] } },
{ "type": "Feature", "properties": { "s2": "31752f1f7c", "resolution": 17, "center_lat": 10.768158488300939, "center_lon": 106.67960848146375, "avg_edge_len": 78.009144533401525, "cell_area": 6068.6390770673752, "cell_perimeter": 312.0365781336061, "code": "770", "name": "Quận 3", "name_en": "District 3", "level": "Quận", "prov_code": "79", "prov_name": "Thành phố Hồ Chí Minh", "region": "Đông Nam Bộ", "pop_2019": 190375.0, "pop_dens": 38852.0, "area": 4.92 }, "geometry": { "type": "Polygon", "coordinates": [ [ [ 106.679239985585866, 10.767838434592921 ], [ 106.679976977782019, 10.767797904869605 ], [ 106.679976977782019, 10.768478540764699 ], [ 106.679239985585866, 10.768519072928106 ], [ 106.679239985585866, 10.767838434592921 ] ] ] } },
{ "type": "Feature", "properties": { "s2": "31752f1f84", "resolution": 17, "center_lat": 10.76819901830066, "center_lon": 106.67887149050769, "avg_edge_len": 78.009132986273784, "cell_area": 6068.6396153569221, "cell_perimeter": 312.03653194509513, "code": "770", "name": "Quận 3", "name_en": "District 3", "level": "Quận", "prov_code": "79", "prov_name": "Thành phố Hồ Chí Minh", "region": "Đông Nam Bộ", "pop_2019": 190375.0, "pop_dens": 38852.0, "area": 4.92 }, "geometry": { "type": "Polygon", "coordinates": [ [ [ 106.678502995869863, 10.767878962429014 ], [ 106.679239985585866, 10.767838434592921 ], [ 106.679239985585866, 10.768519072928106 ], [ 106.678502995869863, 10.768559603204169 ], [ 106.678502995869863, 10.767878962429014 ] ] ] } },
{ "type": "Feature", "properties": { "s2": "31752f1f8c", "resolution": 17, "center_lat": 10.768239546413088, "center_lon": 106.67813450203198, "avg_edge_len": 78.009121412630506, "cell_area": 6068.6401468962431, "cell_perimeter": 312.03648565052202, "code": "770", "name": "Quận 3", "name_en": "District 3", "level": "Quận", "prov_code": "79", "prov_name": "Thành phố Hồ Chí Minh", "region": "Đông Nam Bộ", "pop_2019": 190375.0, "pop_dens": 38852.0, "area": 4.92 }, "geometry": { "type": "Polygon", "coordinates": [ [ [ 106.677766008634393, 10.767919488377867 ], [ 106.678502995869863, 10.767878962429014 ], [ 106.678502995869863, 10.768559603204169 ], [ 106.677766008634393, 10.76860013159288 ], [ 106.677766008634393, 10.767919488377867 ] ] ] } },
{ "type": "Feature", "properties": { "s2": "31752f1f94", "resolution": 17, "center_lat": 10.767558906991276, "center_lon": 106.67813450203198, "avg_edge_len": 78.008917952972183, "cell_area": 6068.6076118797064, "cell_perimeter": 312.03567181188873, "code": "770", "name": "Quận 3", "name_en": "District 3", "level": "Quận", "prov_code": "79", "prov_name": "Thành phố Hồ Chí Minh", "region": "Đông Nam Bộ", "pop_2019": 190375.0, "pop_dens": 38852.0, "area": 4.92 }, "geometry": { "type": "Polygon", "coordinates": [ [ [ 106.677766008634393, 10.767238850309395 ], [ 106.678502995869863, 10.767198326800402 ], [ 106.678502995869863, 10.767878962429014 ], [ 106.677766008634393, 10.767919488377867 ], [ 106.677766008634393, 10.767238850309395 ] ] ] } },
{ "type": "Feature", "properties": { "s2": "31752f1f9c", "resolution": 17, "center_lat": 10.767518381318766, "center_lon": 106.6788714905077, "avg_edge_len": 78.008929525653144, "cell_area": 6068.6070820093155, "cell_perimeter": 312.03571810261258, "code": "770", "name": "Quận 3", "name_en": "District 3", "level": "Quận", "prov_code": "79", "prov_name": "Thành phố Hồ Chí Minh", "region": "Đông Nam Bộ", "pop_2019": 190375.0, "pop_dens": 38852.0, "area": 4.92 }, "geometry": { "type": "Polygon", "coordinates": [ [ [ 106.678502995869863, 10.767198326800402 ], [ 106.679239985585866, 10.76715780140429 ], [ 106.679239985585866, 10.767838434592921 ], [ 106.678502995869863, 10.767878962429014 ], [ 106.678502995869863, 10.767198326800402 ] ] ] } },
{ "type": "Feature", "properties": { "s2": "31752f1fa4", "resolution": 17, "center_lat": 10.766837749483555, "center_lon": 106.6788714905077, "avg_edge_len": 78.008726043941238, "cell_area": 6068.5745465159416, "cell_perimeter": 312.03490417576495, "code": "770", "name": "Quận 3", "name_en": "District 3", "level": "Quận", "prov_code": "79", "prov_name": "Thành phố Hồ Chí Minh", "region": "Đông Nam Bộ", "pop_2019": 190375.0, "pop_dens": 38852.0, "area": 4.92 }, "geometry": { "type": "Polygon", "coordinates": [ [ [ 106.678502995869863, 10.766517696318621 ], [ 106.679239985585866, 10.766477173362489 ], [ 106.679239985585866, 10.76715780140429 ], [ 106.678502995869863, 10.767198326800402 ], [ 106.678502995869863, 10.766517696318621 ] ] ] } },
{ "type": "Feature", "properties": { "s2": "31752f1fac", "resolution": 17, "center_lat": 10.766157122795324, "center_lon": 106.67887149050769, "avg_edge_len": 78.008522541005121, "cell_area": 6068.5420079678297, "cell_perimeter": 312.03409016402048, "code": "770", "name": "Quận 3", "name_en": "District 3", "level": "Quận", "prov_code": "79", "prov_name": "Thành phố Hồ Chí Minh", "region": "Đông Nam Bộ", "pop_2019": 190375.0, "pop_dens": 38852.0, "area": 4.92 }, "geometry": { "type": "Polygon", "coordinates": [ [ [ 106.678502995869863, 10.765837070983951 ], [ 106.679239985585866, 10.765796550467805 ], [ 106.679239985585866, 10.766477173362489 ], [ 106.678502995869863, 10.766517696318621 ], [ 106.678502995869863, 10.765837070983951 ] ] ] } },
{ "type": "Feature", "properties": { "s2": "31752f1fb4", "resolution": 17, "center_lat": 10.766197643587985, "center_lon": 106.67813450203197, "avg_edge_len": 78.008510970425434, "cell_area": 6068.5425392836332, "cell_perimeter": 312.03404388170173, "code": "770", "name": "Quận 3", "name_en": "District 3", "level": "Quận", "prov_code": "79", "prov_name": "Thành phố Hồ Chí Minh", "region": "Đông Nam Bộ", "pop_2019": 190375.0, "pop_dens": 38852.0, "area": 4.92 }, "geometry": { "type": "Polygon", "coordinates": [ [ [ 106.677766008634393, 10.765877589613204 ], [ 106.678502995869863, 10.765837070983951 ], [ 106.678502995869863, 10.766517696318621 ], [ 106.677766008634393, 10.766558217387745 ], [ 106.677766008634393, 10.765877589613204 ] ] ] } },
{ "type": "Feature", "properties": { "s2": "31752f1fbc", "resolution": 17, "center_lat": 10.766878272716145, "center_lon": 106.67813450203197, "avg_edge_len": 78.008714472310714, "cell_area": 6068.575081422925, "cell_perimeter": 312.03485788924286, "code": "770", "name": "Quận 3", "name_en": "District 3", "level": "Quận", "prov_code": "79", "prov_name": "Thành phố Hồ Chí Minh", "region": "Đông Nam Bộ", "pop_2019": 190375.0, "pop_dens": 38852.0, "area": 4.92 }, "geometry": { "type": "Polygon", "coordinates": [ [ [ 106.677766008634393, 10.766558217387745 ], [ 106.678502995869863, 10.766517696318621 ], [ 106.678502995869863, 10.767198326800402 ], [ 106.677766008634393, 10.767238850309395 ], [ 106.677766008634393, 10.766558217387745 ] ] ] } },
{ "type": "Feature", "properties": { "s2": "31752f1fc4", "resolution": 17, "center_lat": 10.766918794061668, "center_lon": 106.67739751603698, "avg_edge_len": 78.008702874870707, "cell_area": 6068.5756081193686, "cell_perimeter": 312.03481149948283, "code": "770", "name": "Quận 3", "name_en": "District 3", "level": "Quận", "prov_code": "79", "prov_name": "Thành phố Hồ Chí Minh", "region": "Đông Nam Bộ", "pop_2019": 190375.0, "pop_dens": 38852.0, "area": 4.92 }, "geometry": { "type": "Polygon", "coordinates": [ [ [ 106.677029023879825, 10.766598736569856 ], [ 106.677766008634393, 10.766558217387745 ], [ 106.677766008634393, 10.767238850309395 ], [ 106.677029023879825, 10.767279371931256 ], [ 106.677029023879825, 10.766598736569856 ] ] ] } },
{ "type": "Feature", "properties": { "s2": "31752f1fdc", "resolution": 17, "center_lat": 10.766959313520113, "center_lon": 106.67666053252303, "avg_edge_len": 78.008691251753532, "cell_area": 6068.5761339962482, "cell_perimeter": 312.03476500701413, "code": "770", "name": "Quận 3", "name_en": "District 3", "level": "Quận", "prov_code": "79", "prov_name": "Thành phố Hồ Chí Minh", "region": "Đông Nam Bộ", "pop_2019": 190375.0, "pop_dens": 38852.0, "area": 4.92 }, "geometry": { "type": "Polygon", "coordinates": [ [ [ 106.676292041606516, 10.766639253864945 ], [ 106.677029023879825, 10.766598736569856 ], [ 106.677029023879825, 10.767279371931256 ], [ 106.676292041606516, 10.767319891665981 ], [ 106.676292041606516, 10.766639253864945 ] ] ] } },
{ "type": "Feature", "properties": { "s2": "31752f1fe4", "resolution": 17, "center_lat": 10.767639952674738, "center_lon": 106.67666053252303, "avg_edge_len": 78.008894730181765, "cell_area": 6068.608671233058, "cell_perimeter": 312.03557892072706, "code": "770", "name": "Quận 3", "name_en": "District 3", "level": "Quận", "prov_code": "79", "prov_name": "Thành phố Hồ Chí Minh", "region": "Đông Nam Bộ", "pop_2019": 190375.0, "pop_dens": 38852.0, "area": 4.92 }, "geometry": { "type": "Polygon", "coordinates": [ [ [ 106.676292041606516, 10.767319891665981 ], [ 106.677029023879825, 10.767279371931256 ], [ 106.677029023879825, 10.767960012439476 ], [ 106.676292041606516, 10.768000534613833 ], [ 106.676292041606516, 10.767319891665981 ] ] ] } },
{ "type": "Feature", "properties": { "s2": "31752f1fec", "resolution": 17, "center_lat": 10.767599430776603, "center_lon": 106.67739751603696, "avg_edge_len": 78.008906353864148, "cell_area": 6068.6081454157829, "cell_perimeter": 312.03562541545659, "code": "770", "name": "Quận 3", "name_en": "District 3", "level": "Quận", "prov_code": "79", "prov_name": "Thành phố Hồ Chí Minh", "region": "Đông Nam Bộ", "pop_2019": 190375.0, "pop_dens": 38852.0, "area": 4.92 }, "geometry": { "type": "Polygon", "coordinates": [ [ [ 106.677029023879825, 10.767279371931256 ], [ 106.677766008634393, 10.767238850309395 ], [ 106.677766008634393, 10.767919488377867 ], [ 106.677029023879825, 10.767960012439476 ], [ 106.677029023879825, 10.767279371931256 ] ] ] } },
{ "type": "Feature", "properties": { "s2": "31752f1ff4", "resolution": 17, "center_lat": 10.768280072638218, "center_lon": 106.67739751603696, "avg_edge_len": 78.009109811501304, "cell_area": 6068.6406755298376, "cell_perimeter": 312.03643924600522, "code": "770", "name": "Quận 3", "name_en": "District 3", "level": "Quận", "prov_code": "79", "prov_name": "Thành phố Hồ Chí Minh", "region": "Đông Nam Bộ", "pop_2019": 190375.0, "pop_dens": 38852.0, "area": 4.92 }, "geometry": { "type": "Polygon", "coordinates": [ [ [ 106.677029023879825, 10.767960012439476 ], [ 106.677766008634393, 10.767919488377867 ], [ 106.677766008634393, 10.76860013159288 ], [ 106.677029023879825, 10.768640658094233 ], [ 106.677029023879825, 10.767960012439476 ] ] ] } },
{ "type": "Feature", "properties": { "s2": "31752f1ffc", "resolution": 17, "center_lat": 10.768320596976045, "center_lon": 106.67666053252302, "avg_edge_len": 78.009098187341635, "cell_area": 6068.6412007419194, "cell_perimeter": 312.03639274936654, "code": "770", "name": "Quận 3", "name_en": "District 3", "level": "Quận", "prov_code": "79", "prov_name": "Thành phố Hồ Chí Minh", "region": "Đông Nam Bộ", "pop_2019": 190375.0, "pop_dens": 38852.0, "area": 4.92 }, "geometry": { "type": "Polygon", "coordinates": [ [ [ 106.676292041606516, 10.768000534613833 ], [ 106.677029023879825, 10.767960012439476 ], [ 106.677029023879825, 10.768640658094233 ], [ 106.676292041606501, 10.768681182708217 ], [ 106.676292041606516, 10.768000534613833 ] ] ] } },
{ "type": "Feature", "properties": { "s2": "31752f2004", "resolution": 17, "center_lat": 10.769001246423738, "center_lon": 106.67666053252304, "avg_edge_len": 78.009301622086781, "cell_area": 6068.6737253288456, "cell_perimeter": 312.03720648834712, "code": "770", "name": "Quận 3", "name_en": "District 3", "level": "Quận", "prov_code": "79", "prov_name": "Thành phố Hồ Chí Minh", "region": "Đông Nam Bộ", "pop_2019": 190375.0, "pop_dens": 38852.0, "area": 4.92 }, "geometry": { "type": "Polygon", "coordinates": [ [ [ 106.676292041606501, 10.768681182708217 ], [ 106.677029023879825, 10.768640658094233 ], [ 106.677029023879825, 10.769321308895242 ], [ 106.676292041606516, 10.76936183594885 ], [ 106.676292041606501, 10.768681182708217 ] ] ] } },
{ "type": "Feature", "properties": { "s2": "31752f200c", "resolution": 17, "center_lat": 10.769681901017545, "center_lon": 106.67666053252304, "avg_edge_len": 78.009505035740347, "cell_area": 6068.7062524557114, "cell_perimeter": 312.03802014296139, "code": "770", "name": "Quận 3", "name_en": "District 3", "level": "Quận", "prov_code": "79", "prov_name": "Thành phố Hồ Chí Minh", "region": "Đông Nam Bộ", "pop_2019": 190375.0, "pop_dens": 38852.0, "area": 4.92 }, "geometry": { "type": "Polygon", "coordinates": [ [ [ 106.676292041606516, 10.76936183594885 ], [ 106.677029023879825, 10.769321308895242 ], [ 106.677029023879825, 10.770001964842223 ], [ 106.676292041606516, 10.770042494335451 ], [ 106.676292041606516, 10.76936183594885 ] ] ] } },
{ "type": "Feature", "properties": { "s2": "31752f2014", "resolution": 17, "center_lat": 10.769641371800363, "center_lon": 106.67739751603699, "avg_edge_len": 78.009516663545085, "cell_area": 6068.705725312233, "cell_perimeter": 312.03806665418034, "code": "770", "name": "Quận 3", "name_en": "District 3", "level": "Quận", "prov_code": "79", "prov_name": "Thành phố Hồ Chí Minh", "region": "Đông Nam Bộ", "pop_2019": 190375.0, "pop_dens": 38852.0, "area": 4.92 }, "geometry": { "type": "Polygon", "coordinates": [ [ [ 106.677029023879825, 10.769321308895242 ], [ 106.677766008634393, 10.769280779954151 ], [ 106.677766008634393, 10.769961433461399 ], [ 106.677029023879825, 10.770001964842223 ], [ 106.677029023879825, 10.769321308895242 ] ] ] } },
{ "type": "Feature", "properties": { "s2": "31752f201c", "resolution": 17, "center_lat": 10.768960719646234, "center_lon": 106.67739751603698, "avg_edge_len": 78.009313248444116, "cell_area": 6068.6731997877359, "cell_perimeter": 312.03725299377646, "code": "770", "name": "Quận 3", "name_en": "District 3", "level": "Quận", "prov_code": "79", "prov_name": "Thành phố Hồ Chí Minh", "region": "Đông Nam Bộ", "pop_2019": 190375.0, "pop_dens": 38852.0, "area": 4.92 }, "geometry": { "type": "Polygon", "coordinates": [ [ [ 106.677029023879825, 10.768640658094233 ], [ 106.677766008634393, 10.76860013159288 ], [ 106.677766008634393, 10.769280779954151 ], [ 106.677029023879825, 10.769321308895242 ], [ 106.677029023879825, 10.768640658094233 ] ] ] } },
{ "type": "Feature", "properties": { "s2": "31752f2024", "resolution": 17, "center_lat": 10.768920190981303, "center_lon": 106.67813450203198, "avg_edge_len": 78.00932485009443, "cell_area": 6068.6726779192686, "cell_perimeter": 312.03729940037772, "code": "770", "name": "Quận 3", "name_en": "District 3", "level": "Quận", "prov_code": "79", "prov_name": "Thành phố Hồ Chí Minh", "region": "Đông Nam Bộ", "pop_2019": 190375.0, "pop_dens": 38852.0, "area": 4.92 }, "geometry": { "type": "Polygon", "coordinates": [ [ [ 106.677766008634393, 10.76860013159288 ], [ 106.678502995869863, 10.768559603204169 ], [ 106.678502995869863, 10.769240249125588 ], [ 106.677766008634393, 10.769280779954151 ], [ 106.677766008634393, 10.76860013159288 ] ] ] } },
{ "type": "Feature", "properties": { "s2": "31752f202c", "resolution": 17, "center_lat": 10.768879660428963, "center_lon": 106.67887149050767, "avg_edge_len": 78.00933642478806, "cell_area": 6068.6721386313438, "cell_perimeter": 312.03734569915224, "code": "770", "name": "Quận 3", "name_en": "District 3", "level": "Quận", "prov_code": "79", "prov_name": "Thành phố Hồ Chí Minh", "region": "Đông Nam Bộ", "pop_2019": 190375.0, "pop_dens": 38852.0, "area": 4.92 }, "geometry": { "type": "Polygon", "coordinates": [ [ [ 106.678502995869863, 10.768559603204169 ], [ 106.679239985585866, 10.768519072928106 ], [ 106.679239985585866, 10.769199716409554 ], [ 106.678502995869863, 10.769240249125588 ], [ 106.678502995869863, 10.768559603204169 ] ] ] } },
{ "type": "Feature", "properties": { "s2": "31752f2034", "resolution": 17, "center_lat": 10.769560307703387, "center_lon": 106.6788714905077, "avg_edge_len": 78.009539843093151, "cell_area": 6068.7046600729227, "cell_perimeter": 312.0381593723726, "code": "770", "name": "Quận 3", "name_en": "District 3", "level": "Quận", "prov_code": "79", "prov_name": "Thành phố Hồ Chí Minh", "region": "Đông Nam Bộ", "pop_2019": 190375.0, "pop_dens": 38852.0, "area": 4.92 }, "geometry": { "type": "Polygon", "coordinates": [ [ [ 106.678502995869863, 10.769240249125588 ], [ 106.679239985585866, 10.769199716409554 ], [ 106.679239985585866, 10.76988036503699 ], [ 106.678502995869863, 10.769920900192984 ], [ 106.678502995869863, 10.769240249125588 ] ] ] } },
{ "type": "Feature", "properties": { "s2": "31752f203c", "resolution": 17, "center_lat": 10.76960084069564, "center_lon": 106.67813450203199, "avg_edge_len": 78.00952826620167, "cell_area": 6068.7051933258772, "cell_perimeter": 312.03811306480668, "code": "770", "name": "Quận 3", "name_en": "District 3", "level": "Quận", "prov_code": "79", "prov_name": "Thành phố Hồ Chí Minh", "region": "Đông Nam Bộ", "pop_2019": 190375.0, "pop_dens": 38852.0, "area": 4.92 }, "geometry": { "type": "Polygon", "coordinates": [ [ [ 106.677766008634393, 10.769280779954151 ], [ 106.678502995869863, 10.769240249125588 ], [ 106.678502995869863, 10.769920900192984 ], [ 106.677766008634393, 10.769961433461399 ], [ 106.677766008634393, 10.769280779954151 ] ] ] } },
{ "type": "Feature", "properties": { "s2": "31752f2044", "resolution": 17, "center_lat": 10.770281495555807, "center_lon": 106.67813450203198, "avg_edge_len": 78.009731661306091, "cell_area": 6068.7377160489559, "cell_perimeter": 312.03892664522436, "code": "770", "name": "Quận 3", "name_en": "District 3", "level": "Quận", "prov_code": "79", "prov_name": "Thành phố Hồ Chí Minh", "region": "Đông Nam Bộ", "pop_2019": 190375.0, "pop_dens": 38852.0, "area": 4.92 }, "geometry": { "type": "Polygon", "coordinates": [ [ [ 106.677766008634393, 10.769961433461399 ], [ 106.678502995869863, 10.769920900192984 ], [ 106.678502995869863, 10.77060155640608 ], [ 106.677766008634393, 10.77064209211434 ], [ 106.677766008634393, 10.769961433461399 ] ] ] } },
{ "type": "Feature", "properties": { "s2": "31752f204c", "resolution": 17, "center_lat": 10.770240960123655, "center_lon": 106.6788714905077, "avg_edge_len": 78.009743239953664, "cell_area": 6068.7371834814548, "cell_perimeter": 312.03897295981466, "code": "770", "name": "Quận 3", "name_en": "District 3", "level": "Quận", "prov_code": "79", "prov_name": "Thành phố Hồ Chí Minh", "region": "Đông Nam Bộ", "pop_2019": 190375.0, "pop_dens": 38852.0, "area": 4.92 }, "geometry": { "type": "Polygon", "coordinates": [ [ [ 106.678502995869863, 10.769920900192984 ], [ 106.679239985585866, 10.76988036503699 ], [ 106.679239985585866, 10.770561018810126 ], [ 106.678502995869863, 10.77060155640608 ], [ 106.678502995869863, 10.769920900192984 ] ] ] } },
{ "type": "Feature", "properties": { "s2": "31752f2054", "resolution": 17, "center_lat": 10.770921617689481, "center_lon": 106.6788714905077, "avg_edge_len": 78.009946614619835, "cell_area": 6068.7697025388479, "cell_perimeter": 312.03978645847934, "code": "770", "name": "Quận 3", "name_en": "District 3", "level": "Quận", "prov_code": "79", "prov_name": "Thành phố Hồ Chí Minh", "region": "Đông Nam Bộ", "pop_2019": 190375.0, "pop_dens": 38852.0, "area": 4.92 }, "geometry": { "type": "Polygon", "coordinates": [ [ [ 106.678502995869863, 10.77060155640608 ], [ 106.679239985585866, 10.770561018810126 ], [ 106.679239985585866, 10.77124167772868 ], [ 106.678502995869863, 10.77128221776459 ], [ 106.678502995869863, 10.77060155640608 ] ] ] } },
{ "type": "Feature", "properties": { "s2": "31752f205c", "resolution": 17, "center_lat": 10.770962155561532, "center_lon": 106.67813450203199, "avg_edge_len": 78.009935035274367, "cell_area": 6068.7702333778143, "cell_perimeter": 312.03974014109747, "code": "770", "name": "Quận 3", "name_en": "District 3", "level": "Quận", "prov_code": "79", "prov_name": "Thành phố Hồ Chí Minh", "region": "Đông Nam Bộ", "pop_2019": 190375.0, "pop_dens": 38852.0, "area": 4.92 }, "geometry": { "type": "Polygon", "coordinates": [ [ [ 106.677766008634393, 10.77064209211434 ], [ 106.678502995869863, 10.77060155640608 ], [ 106.678502995869863, 10.77128221776459 ], [ 106.677766008634393, 10.771322755912689 ], [ 106.677766008634393, 10.77064209211434 ] ] ] } },
{ "type": "Feature", "properties": { "s2": "31752f2064", "resolution": 17, "center_lat": 10.771002691545828, "center_lon": 106.67739751603698, "avg_edge_len": 78.009923429987168, "cell_area": 6068.7707608193159, "cell_perimeter": 312.03969371994867, "code": "770", "name": "Quận 3", "name_en": "District 3", "level": "Quận", "prov_code": "79", "prov_name": "Thành phố Hồ Chí Minh", "region": "Đông Nam Bộ", "pop_2019": 190375.0, "pop_dens": 38852.0, "area": 4.92 }, "geometry": { "type": "Polygon", "coordinates": [ [ [ 106.677029023879825, 10.770682625934894 ], [ 106.677766008634393, 10.77064209211434 ], [ 106.677766008634393, 10.771322755912689 ], [ 106.677029023879825, 10.771363292172968 ], [ 106.677029023879825, 10.770682625934894 ] ] ] } },
{ "type": "Feature", "properties": { "s2": "31752f206c", "resolution": 17, "center_lat": 10.770322029100319, "center_lon": 106.67739751603696, "avg_edge_len": 78.009720057377976, "cell_area": 6068.7382451444864, "cell_perimeter": 312.0388802295119, "code": "770", "name": "Quận 3", "name_en": "District 3", "level": "Quận", "prov_code": "79", "prov_name": "Thành phố Hồ Chí Minh", "region": "Đông Nam Bộ", "pop_2019": 190375.0, "pop_dens": 38852.0, "area": 4.92 }, "geometry": { "type": "Polygon", "coordinates": [ [ [ 106.677029023879825, 10.770001964842223 ], [ 106.677766008634393, 10.769961433461399 ], [ 106.677766008634393, 10.77064209211434 ], [ 106.677029023879825, 10.770682625934894 ], [ 106.677029023879825, 10.770001964842223 ] ] ] } },
{ "type": "Feature", "properties": { "s2": "31752f2074", "resolution": 17, "center_lat": 10.770362560757182, "center_lon": 106.67666053252306, "avg_edge_len": 78.009708428257994, "cell_area": 6068.7387696951628, "cell_perimeter": 312.03883371303198, "code": "770", "name": "Quận 3", "name_en": "District 3", "level": "Quận", "prov_code": "79", "prov_name": "Thành phố Hồ Chí Minh", "region": "Đông Nam Bộ", "pop_2019": 190375.0, "pop_dens": 38852.0, "area": 4.92 }, "geometry": { "type": "Polygon", "coordinates": [ [ [ 106.676292041606516, 10.770042494335451 ], [ 106.677029023879825, 10.770001964842223 ], [ 106.677029023879825, 10.770682625934894 ], [ 106.676292041606516, 10.770723157867735 ], [ 106.676292041606516, 10.770042494335451 ] ] ] } },
{ "type": "Feature", "properties": { "s2": "31752f207c", "resolution": 17, "center_lat": 10.77104322564236, "center_lon": 106.67666053252303, "avg_edge_len": 78.009911799684318, "cell_area": 6068.7712852354916, "cell_perimeter": 312.03964719873727, "code": "770", "name": "Quận 3", "name_en": "District 3", "level": "Quận", "prov_code": "79", "prov_name": "Thành phố Hồ Chí Minh", "region": "Đông Nam Bộ", "pop_2019": 190375.0, "pop_dens": 38852.0, "area": 4.92 }, "geometry": { "type": "Polygon", "coordinates": [ [ [ 106.676292041606516, 10.770723157867735 ], [ 106.677029023879825, 10.770682625934894 ], [ 106.677029023879825, 10.771363292172968 ], [ 106.676292041606501, 10.77140382654542 ], [ 106.676292041606516, 10.770723157867735 ] ] ] } },
{ "type": "Feature", "properties": { "s2": "31752f208c", "resolution": 17, "center_lat": 10.771683359136604, "center_lon": 106.67739751603698, "avg_edge_len": 78.010126781151797, "cell_area": 6068.8032715171576, "cell_perimeter": 312.04050712460719, "code": "770", "name": "Quận 3", "name_en": "District 3", "level": "Quận", "prov_code": "79", "prov_name": "Thành phố Hồ Chí Minh", "region": "Đông Nam Bộ", "pop_2019": 190375.0, "pop_dens": 38852.0, "area": 4.92 }, "geometry": { "type": "Polygon", "coordinates": [ [ [ 106.677029023879825, 10.771363292172968 ], [ 106.677766008634393, 10.771322755912689 ], [ 106.677766008634393, 10.772003424856168 ], [ 106.677029023879825, 10.772043963556166 ], [ 106.677029023879825, 10.771363292172968 ] ] ] } },
{ "type": "Feature", "properties": { "s2": "31752f20dc", "resolution": 17, "center_lat": 10.772963621257475, "center_lon": 106.67887149050772, "avg_edge_len": 78.010556611318989, "cell_area": 6068.8672306090593, "cell_perimeter": 312.04222644527596, "code": "770", "name": "Quận 3", "name_en": "District 3", "level": "Quận", "prov_code": "79", "prov_name": "Thành phố Hồ Chí Minh", "region": "Đông Nam Bộ", "pop_2019": 190375.0, "pop_dens": 38852.0, "area": 4.92 }, "geometry": { "type": "Polygon", "coordinates": [ [ [ 106.678502995869863, 10.772643555916725 ], [ 106.679239985585866, 10.772603011000918 ], [ 106.679239985585866, 10.773283685354031 ], [ 106.678502995869863, 10.773324232709779 ], [ 106.678502995869863, 10.772643555916725 ] ] ] } },
{ "type": "Feature", "properties": { "s2": "31752f20e4", "resolution": 17, "center_lat": 10.772282948256674, "center_lon": 106.67887149050772, "avg_edge_len": 78.010353300500611, "cell_area": 6068.8347202539444, "cell_perimeter": 312.04141320200245, "code": "770", "name": "Quận 3", "name_en": "District 3", "level": "Quận", "prov_code": "79", "prov_name": "Thành phố Hồ Chí Minh", "region": "Đông Nam Bộ", "pop_2019": 190375.0, "pop_dens": 38852.0, "area": 4.92 }, "geometry": { "type": "Polygon", "coordinates": [ [ [ 106.678502995869863, 10.771962884268232 ], [ 106.679239985585866, 10.771922341792374 ], [ 106.679239985585866, 10.772603011000918 ], [ 106.678502995869863, 10.772643555916725 ], [ 106.678502995869863, 10.771962884268232 ] ] ] } },
{ "type": "Feature", "properties": { "s2": "31752f20ec", "resolution": 17, "center_lat": 10.772323491008512, "center_lon": 106.67813450203198, "avg_edge_len": 78.01034171923061, "cell_area": 6068.8352590203285, "cell_perimeter": 312.04136687692244, "code": "770", "name": "Quận 3", "name_en": "District 3", "level": "Quận", "prov_code": "79", "prov_name": "Thành phố Hồ Chí Minh", "region": "Đông Nam Bộ", "pop_2019": 190375.0, "pop_dens": 38852.0, "area": 4.92 }, "geometry": { "type": "Polygon", "coordinates": [ [ [ 106.677766008634393, 10.772003424856168 ], [ 106.678502995869863, 10.771962884268232 ], [ 106.678502995869863, 10.772643555916725 ], [ 106.677766008634393, 10.77268409894449 ], [ 106.677766008634393, 10.772003424856168 ] ] ] } },
{ "type": "Feature", "properties": { "s2": "31752f20f4", "resolution": 17, "center_lat": 10.771642820712531, "center_lon": 106.67813450203199, "avg_edge_len": 78.010138387974948, "cell_area": 6068.8027434945107, "cell_perimeter": 312.04055355189979, "code": "770", "name": "Quận 3", "name_en": "District 3", "level": "Quận", "prov_code": "79", "prov_name": "Thành phố Hồ Chí Minh", "region": "Đông Nam Bộ", "pop_2019": 190375.0, "pop_dens": 38852.0, "area": 4.92 }, "geometry": { "type": "Polygon", "coordinates": [ [ [ 106.677766008634393, 10.771322755912689 ], [ 106.678502995869863, 10.77128221776459 ], [ 106.678502995869863, 10.771962884268232 ], [ 106.677766008634393, 10.772003424856168 ], [ 106.677766008634393, 10.771322755912689 ] ] ] } },
{ "type": "Feature", "properties": { "s2": "31752f20fc", "resolution": 17, "center_lat": 10.771602280400581, "center_lon": 106.6788714905077, "avg_edge_len": 78.01014996823838, "cell_area": 6068.8022159039974, "cell_perimeter": 312.04059987295352, "code": "770", "name": "Quận 3", "name_en": "District 3", "level": "Quận", "prov_code": "79", "prov_name": "Thành phố Hồ Chí Minh", "region": "Đông Nam Bộ", "pop_2019": 190375.0, "pop_dens": 38852.0, "area": 4.92 }, "geometry": { "type": "Polygon", "coordinates": [ [ [ 106.678502995869863, 10.77128221776459 ], [ 106.679239985585866, 10.77124167772868 ], [ 106.679239985585866, 10.771922341792374 ], [ 106.678502995869863, 10.771962884268232 ], [ 106.678502995869863, 10.77128221776459 ] ] ] } },
{ "type": "Feature", "properties": { "s2": "31752f2104", "resolution": 17, "center_lat": 10.771561738200766, "center_lon": 106.67960848146376, "avg_edge_len": 78.010161522295107, "cell_area": 6068.8016810566187, "cell_perimeter": 312.04064608918043, "code": "770", "name": "Quận 3", "name_en": "District 3", "level": "Quận", "prov_code": "79", "prov_name": "Thành phố Hồ Chí Minh", "region": "Đông Nam Bộ", "pop_2019": 190375.0, "pop_dens": 38852.0, "area": 4.92 }, "geometry": { "type": "Polygon", "coordinates": [ [ [ 106.679239985585866, 10.77124167772868 ], [ 106.679976977782019, 10.771201135804967 ], [ 106.679976977782019, 10.771881797428593 ], [ 106.679239985585866, 10.771922341792374 ], [ 106.679239985585866, 10.77124167772868 ] ] ] } },
{ "type": "Feature", "properties": { "s2": "31752f210c", "resolution": 17, "center_lat": 10.771521194113092, "center_lon": 106.68034547489982, "avg_edge_len": 78.010173050807111, "cell_area": 6068.8011371195316, "cell_perimeter": 312.04069220322845, "code": "770", "name": "Quận 3", "name_en": "District 3", "level": "Quận", "prov_code": "79", "prov_name": "Thành phố Hồ Chí Minh", "region": "Đông Nam Bộ", "pop_2019": 190375.0, "pop_dens": 38852.0, "area": 4.92 }, "geometry": { "type": "Polygon", "coordinates": [ [ [ 106.679976977782019, 10.771201135804967 ], [ 106.68071397245798, 10.771160591993457 ], [ 106.68071397245798, 10.771841251176902 ], [ 106.679976977782019, 10.771881797428593 ], [ 106.679976977782019, 10.771201135804967 ] ] ] } },
{ "type": "Feature", "properties": { "s2": "31752f2114", "resolution": 17, "center_lat": 10.77220185708906, "center_lon": 106.68034547489981, "avg_edge_len": 78.010376385832743, "cell_area": 6068.8336456865072, "cell_perimeter": 312.04150554333097, "code": "770", "name": "Quận 3", "name_en": "District 3", "level": "Quận", "prov_code": "79", "prov_name": "Thành phố Hồ Chí Minh", "region": "Đông Nam Bộ", "pop_2019": 190375.0, "pop_dens": 38852.0, "area": 4.92 }, "geometry": { "type": "Polygon", "coordinates": [ [ [ 106.679976977782019, 10.771881797428593 ], [ 106.68071397245798, 10.771841251176902 ], [ 106.68071397245798, 10.772521915505211 ], [ 106.679976977782019, 10.772562464197078 ], [ 106.679976977782019, 10.771881797428593 ] ] ] } },
{ "type": "Feature", "properties": { "s2": "31752f211c", "resolution": 17, "center_lat": 10.772242403616852, "center_lon": 106.67960848146376, "avg_edge_len": 78.010364855387792, "cell_area": 6068.8341868817806, "cell_perimeter": 312.04145942155117, "code": "770", "name": "Quận 3", "name_en": "District 3", "level": "Quận", "prov_code": "79", "prov_name": "Thành phố Hồ Chí Minh", "region": "Đông Nam Bộ", "pop_2019": 190375.0, "pop_dens": 38852.0, "area": 4.92 }, "geometry": { "type": "Polygon", "coordinates": [ [ [ 106.679239985585866, 10.771922341792374 ], [ 106.679976977782019, 10.771881797428593 ], [ 106.679976977782019, 10.772562464197078 ], [ 106.679239985585866, 10.772603011000918 ], [ 106.679239985585866, 10.771922341792374 ] ] ] } },
{ "type": "Feature", "properties": { "s2": "31752f2124", "resolution": 17, "center_lat": 10.772923074177653, "center_lon": 106.67960848146379, "avg_edge_len": 78.010568167344402, "cell_area": 6068.8666901737452, "cell_perimeter": 312.04227266937761, "code": "770", "name": "Quận 3", "name_en": "District 3", "level": "Quận", "prov_code": "79", "prov_name": "Thành phố Hồ Chí Minh", "region": "Đông Nam Bộ", "pop_2019": 190375.0, "pop_dens": 38852.0, "area": 4.92 }, "geometry": { "type": "Polygon", "coordinates": [ [ [ 106.679239985585866, 10.772603011000918 ], [ 106.679976977782019, 10.772562464197078 ], [ 106.679976977782019, 10.773243136110136 ], [ 106.679239985585866, 10.773283685354031 ], [ 106.679239985585866, 10.772603011000918 ] ] ] } },
{ "type": "Feature", "properties": { "s2": "31752f212c", "resolution": 17, "center_lat": 10.773603749882888, "center_lon": 106.67960848146379, "avg_edge_len": 78.010771458297754, "cell_area": 6068.899196639657, "cell_perimeter": 312.04308583319101, "code": "770", "name": "Quận 3", "name_en": "District 3", "level": "Quận", "prov_code": "79", "prov_name": "Thành phố Hồ Chí Minh", "region": "Đông Nam Bộ", "pop_2019": 190375.0, "pop_dens": 38852.0, "area": 4.92 }, "geometry": { "type": "Polygon", "coordinates": [ [ [ 106.679239985585866, 10.773283685354031 ], [ 106.679976977782019, 10.773243136110136 ], [ 106.679976977782019, 10.773923813167487 ], [ 106.679239985585866, 10.773964364851436 ], [ 106.679239985585866, 10.773283685354031 ] ] ] } },
{ "type": "Feature", "properties": { "s2": "31752f2134", "resolution": 17, "center_lat": 10.773563198474864, "center_lon": 106.68034547489982, "avg_edge_len": 78.010782991328981, "cell_area": 6068.8986552804708, "cell_perimeter": 312.04313196531592, "code": "770", "name": "Quận 3", "name_en": "District 3", "level": "Quận", "prov_code": "79", "prov_name": "Thành phố Hồ Chí Minh", "region": "Đông Nam Bộ", "pop_2019": 190375.0, "pop_dens": 38852.0, "area": 4.92 }, "geometry": { "type": "Polygon", "coordinates": [ [ [ 106.679976977782019, 10.773243136110136 ], [ 106.68071397245798, 10.773202584978097 ], [ 106.68071397245798, 10.77388325959528 ], [ 106.679976977782019, 10.773923813167487 ], [ 106.679976977782019, 10.773243136110136 ] ] ] } },
{ "type": "Feature", "properties": { "s2": "31752f213c", "resolution": 17, "center_lat": 10.772882525209743, "center_lon": 106.68034547489981, "avg_edge_len": 78.01057969919259, "cell_area": 6068.8661529123783, "cell_perimeter": 312.04231879677036, "code": "770", "name": "Quận 3", "name_en": "District 3", "level": "Quận", "prov_code": "79", "prov_name": "Thành phố Hồ Chí Minh", "region": "Đông Nam Bộ", "pop_2019": 190375.0, "pop_dens": 38852.0, "area": 4.92 }, "geometry": { "type": "Polygon", "coordinates": [ [ [ 106.679976977782019, 10.772562464197078 ], [ 106.68071397245798, 10.772521915505211 ], [ 106.68071397245798, 10.773202584978097 ], [ 106.679976977782019, 10.773243136110136 ], [ 106.679976977782019, 10.772562464197078 ] ] ] } },
{ "type": "Feature", "properties": { "s2": "31752f2144", "resolution": 17, "center_lat": 10.772841974353755, "center_lon": 106.68108247081548, "avg_edge_len": 78.01059120421678, "cell_area": 6068.8656061142683, "cell_perimeter": 312.04236481686712, "code": "770", "name": "Quận 3", "name_en": "District 3", "level": "Quận", "prov_code": "79", "prov_name": "Thành phố Hồ Chí Minh", "region": "Đông Nam Bộ", "pop_2019": 190375.0, "pop_dens": 38852.0, "area": 4.92 }, "geometry": { "type": "Polygon", "coordinates": [ [ [ 106.68071397245798, 10.772521915505211 ], [ 106.681450969613365, 10.772481364925326 ], [ 106.681450969613365, 10.773162031957924 ], [ 106.68071397245798, 10.773202584978097 ], [ 106.68071397245798, 10.772521915505211 ] ] ] } },
{ "type": "Feature", "properties": { "s2": "31752f214c", "resolution": 17, "center_lat": 10.77352264517865, "center_lon": 106.68108247081548, "avg_edge_len": 78.010794498065309, "cell_area": 6068.8981133699417, "cell_perimeter": 312.04317799226123, "code": "770", "name": "Quận 3", "name_en": "District 3", "level": "Quận", "prov_code": "79", "prov_name": "Thành phố Hồ Chí Minh", "region": "Đông Nam Bộ", "pop_2019": 190375.0, "pop_dens": 38852.0, "area": 4.92 }, "geometry": { "type": "Polygon", "coordinates": [ [ [ 106.68071397245798, 10.773202584978097 ], [ 106.681450969613365, 10.773162031957924 ], [ 106.681450969613365, 10.773842704134827 ], [ 106.68071397245798, 10.77388325959528 ], [ 106.68071397245798, 10.773202584978097 ] ] ] } },
{ "type": "Feature", "properties": { "s2": "31752f2154", "resolution": 17, "center_lat": 10.773482089994245, "center_lon": 106.68181946921041, "avg_edge_len": 78.010805977712536, "cell_area": 6068.8975642621517, "cell_perimeter": 312.04322391085014, "code": "770", "name": "Quận 3", "name_en": "District 3", "level": "Quận", "prov_code": "79", "prov_name": "Thành phố Hồ Chí Minh", "region": "Đông Nam Bộ", "pop_2019": 190375.0, "pop_dens": 38852.0, "area": 4.92 }, "geometry": { "type": "Polygon", "coordinates": [ [ [ 106.681450969613365, 10.773162031957924 ], [ 106.682187969247806, 10.773121477049628 ], [ 106.682187969247806, 10.773802146786133 ], [ 106.681450969613365, 10.773842704134827 ], [ 106.681450969613365, 10.773162031957924 ] ] ] } },
{ "type": "Feature", "properties": { "s2": "31752f215c", "resolution": 17, "center_lat": 10.772801421609692, "center_lon": 106.68181946921038, "avg_edge_len": 78.010602682548949, "cell_area": 6068.8650611191988, "cell_perimeter": 312.0424107301958, "code": "770", "name": "Quận 3", "name_en": "District 3", "level": "Quận", "prov_code": "79", "prov_name": "Thành phố Hồ Chí Minh", "region": "Đông Nam Bộ", "pop_2019": 190375.0, "pop_dens": 38852.0, "area": 4.92 }, "geometry": { "type": "Polygon", "coordinates": [ [ [ 106.681450969613365, 10.772481364925326 ], [ 106.682187969247806, 10.772440812457431 ], [ 106.682187969247806, 10.773121477049628 ], [ 106.681450969613365, 10.773162031957924 ], [ 106.681450969613365, 10.772481364925326 ] ] ] } },
{ "type": "Feature", "properties": { "s2": "31752f2164", "resolution": 17, "center_lat": 10.772120758369589, "center_lon": 106.68181946921041, "avg_edge_len": 78.010399366558318, "cell_area": 6068.8325584977865, "cell_perimeter": 312.04159746623327, "code": "770", "name": "Quận 3", "name_en": "District 3", "level": "Quận", "prov_code": "79", "prov_name": "Thành phố Hồ Chí Minh", "region": "Đông Nam Bộ", "pop_2019": 190375.0, "pop_dens": 38852.0, "area": 4.92 }, "geometry": { "type": "Polygon", "coordinates": [ [ [ 106.681450969613365, 10.771800703037307 ], [ 106.682187969247806, 10.77176015300982 ], [ 106.682187969247806, 10.772440812457431 ], [ 106.681450969613365, 10.772481364925326 ], [ 106.681450969613365, 10.771800703037307 ] ] ] } },
{ "type": "Feature", "properties": { "s2": "31752f216c", "resolution": 17, "center_lat": 10.772161308673299, "center_lon": 106.68108247081548, "avg_edge_len": 78.010387889276728, "cell_area": 6068.8331046104431, "cell_perimeter": 312.04155155710691, "code": "770", "name": "Quận 3", "name_en": "District 3", "level": "Quận", "prov_code": "79", "prov_name": "Thành phố Hồ Chí Minh", "region": "Đông Nam Bộ", "pop_2019": 190375.0, "pop_dens": 38852.0, "area": 4.92 }, "geometry": { "type": "Polygon", "coordinates": [ [ [ 106.68071397245798, 10.771841251176902 ], [ 106.681450969613365, 10.771800703037307 ], [ 106.681450969613365, 10.772481364925326 ], [ 106.68071397245798, 10.772521915505211 ], [ 106.68071397245798, 10.771841251176902 ] ] ] } },
{ "type": "Feature", "properties": { "s2": "31752f2174", "resolution": 17, "center_lat": 10.771480648137567, "center_lon": 106.68108247081547, "avg_edge_len": 78.010184553200773, "cell_area": 6068.8005930781364, "cell_perimeter": 312.04073821280309, "code": "770", "name": "Quận 3", "name_en": "District 3", "level": "Quận", "prov_code": "79", "prov_name": "Thành phố Hồ Chí Minh", "region": "Đông Nam Bộ", "pop_2019": 190375.0, "pop_dens": 38852.0, "area": 4.92 }, "geometry": { "type": "Polygon", "coordinates": [ [ [ 106.68071397245798, 10.771160591993457 ], [ 106.681450969613365, 10.771120046294159 ], [ 106.681450969613365, 10.771800703037307 ], [ 106.68071397245798, 10.771841251176902 ], [ 106.68071397245798, 10.771160591993457 ] ] ] } },
{ "type": "Feature", "properties": { "s2": "31752f217c", "resolution": 17, "center_lat": 10.771440100274207, "center_lon": 106.68181946921038, "avg_edge_len": 78.01019602934366, "cell_area": 6068.8000398725271, "cell_perimeter": 312.04078411737464, "code": "770", "name": "Quận 3", "name_en": "District 3", "level": "Quận", "prov_code": "79", "prov_name": "Thành phố Hồ Chí Minh", "region": "Đông Nam Bộ", "pop_2019": 190375.0, "pop_dens": 38852.0, "area": 4.92 }, "geometry": { "type": "Polygon", "coordinates": [ [ [ 106.681450969613365, 10.771120046294159 ], [ 106.682187969247806, 10.771079498707081 ], [ 106.682187969247806, 10.77176015300982 ], [ 106.681450969613365, 10.771800703037307 ], [ 106.681450969613365, 10.771120046294159 ] ] ] } },
{ "type": "Feature", "properties": { "s2": "31752f2184", "resolution": 17, "center_lat": 10.770759447323838, "center_lon": 106.68181946921037, "avg_edge_len": 78.009992670552066, "cell_area": 6068.7675325274467, "cell_perimeter": 312.03997068220826, "code": "770", "name": "Quận 3", "name_en": "District 3", "level": "Quận", "prov_code": "79", "prov_name": "Thành phố Hồ Chí Minh", "region": "Đông Nam Bộ", "pop_2019": 190375.0, "pop_dens": 38852.0, "area": 4.92 }, "geometry": { "type": "Polygon", "coordinates": [ [ [ 106.681450969613365, 10.77043939469616 ], [ 106.682187969247806, 10.770398849549496 ], [ 106.682187969247806, 10.771079498707081 ], [ 106.681450969613365, 10.771120046294159 ], [ 106.681450969613365, 10.77043939469616 ] ] ] } },
{ "type": "Feature", "properties": { "s2": "31752f218c", "resolution": 17, "center_lat": 10.770078799518762, "center_lon": 106.68181946921038, "avg_edge_len": 78.009789290581139, "cell_area": 6068.7350091934204, "cell_perimeter": 312.03915716232456, "code": "770", "name": "Quận 3", "name_en": "District 3", "level": "Quận", "prov_code": "79", "prov_name": "Thành phố Hồ Chí Minh", "region": "Đông Nam Bộ", "pop_2019": 190375.0, "pop_dens": 38852.0, "area": 4.92 }, "geometry": { "type": "Polygon", "coordinates": [ [ [ 106.681450969613365, 10.769758748243591 ], [ 106.682187969247806, 10.769718205537346 ], [ 106.682187969247806, 10.770398849549496 ], [ 106.681450969613365, 10.77043939469616 ], [ 106.681450969613365, 10.769758748243591 ] ] ] } },
{ "type": "Feature", "properties": { "s2": "31752f2194", "resolution": 17, "center_lat": 10.770119342501413, "center_lon": 106.68108247081547, "avg_edge_len": 78.009777816936364, "cell_area": 6068.7355619370937, "cell_perimeter": 312.03911126774545, "code": "770", "name": "Quận 3", "name_en": "District 3", "level": "Quận", "prov_code": "79", "prov_name": "Thành phố Hồ Chí Minh", "region": "Đông Nam Bộ", "pop_2019": 190375.0, "pop_dens": 38852.0, "area": 4.92 }, "geometry": { "type": "Polygon", "coordinates": [ [ [ 106.68071397245798, 10.769799289062284 ], [ 106.681450969613365, 10.769758748243591 ], [ 106.681450969613365, 10.77043939469616 ], [ 106.68071397245798, 10.770479937955157 ], [ 106.68071397245798, 10.769799289062284 ] ] ] } },
{ "type": "Feature", "properties": { "s2": "31752f219c", "resolution": 17, "center_lat": 10.770799992746849, "center_lon": 106.68108247081548, "avg_edge_len": 78.009981195812884, "cell_area": 6068.7680773288012, "cell_perimeter": 312.03992478325154, "code": "770", "name": "Quận 3", "name_en": "District 3", "level": "Quận", "prov_code": "79", "prov_name": "Thành phố Hồ Chí Minh", "region": "Đông Nam Bộ", "pop_2019": 190375.0, "pop_dens": 38852.0, "area": 4.92 }, "geometry": { "type": "Polygon", "coordinates": [ [ [ 106.68071397245798, 10.770479937955157 ], [ 106.681450969613365, 10.77043939469616 ], [ 106.681450969613365, 10.771120046294159 ], [ 106.68071397245798, 10.771160591993457 ], [ 106.68071397245798, 10.770479937955157 ] ] ] } },
{ "type": "Feature", "properties": { "s2": "31752f21a4", "resolution": 17, "center_lat": 10.770840536282126, "center_lon": 106.6803454748998, "avg_edge_len": 78.009969694734593, "cell_area": 6068.7686276435852, "cell_perimeter": 312.03987877893837, "code": "770", "name": "Quận 3", "name_en": "District 3", "level": "Quận", "prov_code": "79", "prov_name": "Thành phố Hồ Chí Minh", "region": "Đông Nam Bộ", "pop_2019": 190375.0, "pop_dens": 38852.0, "area": 4.92 }, "geometry": { "type": "Polygon", "coordinates": [ [ [ 106.679976977782019, 10.770520479326482 ], [ 106.68071397245798, 10.770479937955157 ], [ 106.68071397245798, 10.771160591993457 ], [ 106.679976977782019, 10.771201135804967 ], [ 106.679976977782019, 10.770520479326482 ] ] ] } },
{ "type": "Feature", "properties": { "s2": "31752f21ac", "resolution": 17, "center_lat": 10.770881077929673, "center_lon": 106.67960848146379, "avg_edge_len": 78.009958167273325, "cell_area": 6068.7691646516323, "cell_perimeter": 312.0398326690933, "code": "770", "name": "Quận 3", "name_en": "District 3", "level": "Quận", "prov_code": "79", "prov_name": "Thành phố Hồ Chí Minh", "region": "Đông Nam Bộ", "pop_2019": 190375.0, "pop_dens": 38852.0, "area": 4.92 }, "geometry": { "type": "Polygon", "coordinates": [ [ [ 106.679239985585866, 10.770561018810126 ], [ 106.679976977782019, 10.770520479326482 ], [ 106.679976977782019, 10.771201135804967 ], [ 106.679239985585866, 10.77124167772868 ], [ 106.679239985585866, 10.770561018810126 ] ] ] } },
{ "type": "Feature", "properties": { "s2": "31752f21b4", "resolution": 17, "center_lat": 10.770200422803866, "center_lon": 106.67960848146377, "avg_edge_len": 78.009754790806568, "cell_area": 6068.7366445809603, "cell_perimeter": 312.03901916322627, "code": "770", "name": "Quận 3", "name_en": "District 3", "level": "Quận", "prov_code": "79", "prov_name": "Thành phố Hồ Chí Minh", "region": "Đông Nam Bộ", "pop_2019": 190375.0, "pop_dens": 38852.0, "area": 4.92 }, "geometry": { "type": "Polygon", "coordinates": [ [ [ 106.679239985585866, 10.76988036503699 ], [ 106.679976977782019, 10.769839827993421 ], [ 106.679976977782019, 10.770520479326482 ], [ 106.679239985585866, 10.770561018810126 ], [ 106.679239985585866, 10.76988036503699 ] ] ] } },
{ "type": "Feature", "properties": { "s2": "31752f21bc", "resolution": 17, "center_lat": 10.770159883596449, "center_lon": 106.68034547489982, "avg_edge_len": 78.009766317040999, "cell_area": 6068.7361022382975, "cell_perimeter": 312.03906526816399, "code": "770", "name": "Quận 3", "name_en": "District 3", "level": "Quận", "prov_code": "79", "prov_name": "Thành phố Hồ Chí Minh", "region": "Đông Nam Bộ", "pop_2019": 190375.0, "pop_dens": 38852.0, "area": 4.92 }, "geometry": { "type": "Polygon", "coordinates": [ [ [ 106.679976977782019, 10.769839827993421 ], [ 106.68071397245798, 10.769799289062284 ], [ 106.68071397245798, 10.770479937955157 ], [ 106.679976977782019, 10.770520479326482 ], [ 106.679976977782019, 10.769839827993421 ] ] ] } },
{ "type": "Feature", "properties": { "s2": "31752f21c4", "resolution": 17, "center_lat": 10.769479236056334, "center_lon": 106.6803454748998, "avg_edge_len": 78.009562917858645, "cell_area": 6068.7035886049271, "cell_perimeter": 312.03825167143458, "code": "770", "name": "Quận 3", "name_en": "District 3", "level": "Quận", "prov_code": "79", "prov_name": "Thành phố Hồ Chí Minh", "region": "Đông Nam Bộ", "pop_2019": 190375.0, "pop_dens": 38852.0, "area": 4.92 }, "geometry": { "type": "Polygon", "coordinates": [ [ [ 106.679976977782019, 10.769159181806065 ], [ 106.68071397245798, 10.769118645315125 ], [ 106.68071397245798, 10.769799289062284 ], [ 106.679976977782019, 10.769839827993421 ], [ 106.679976977782019, 10.769159181806065 ] ] ] } },
{ "type": "Feature", "properties": { "s2": "31752f21cc", "resolution": 17, "center_lat": 10.769519772823617, "center_lon": 106.67960848146377, "avg_edge_len": 78.009551392630812, "cell_area": 6068.704124584794, "cell_perimeter": 312.03820557052325, "code": "770", "name": "Quận 3", "name_en": "District 3", "level": "Quận", "prov_code": "79", "prov_name": "Thành phố Hồ Chí Minh", "region": "Đông Nam Bộ", "pop_2019": 190375.0, "pop_dens": 38852.0, "area": 4.92 }, "geometry": { "type": "Polygon", "coordinates": [ [ [ 106.679239985585866, 10.769199716409554 ], [ 106.679976977782019, 10.769159181806065 ], [ 106.679976977782019, 10.769839827993421 ], [ 106.679239985585866, 10.76988036503699 ], [ 106.679239985585866, 10.769199716409554 ] ] ] } },
{ "type": "Feature", "properties": { "s2": "31752f21d4", "resolution": 17, "center_lat": 10.768839127989217, "center_lon": 106.67960848146377, "avg_edge_len": 78.009347973760555, "cell_area": 6068.6716005653143, "cell_perimeter": 312.03739189504222, "code": "770", "name": "Quận 3", "name_en": "District 3", "level": "Quận", "prov_code": "79", "prov_name": "Thành phố Hồ Chí Minh", "region": "Đông Nam Bộ", "pop_2019": 190375.0, "pop_dens": 38852.0, "area": 4.92 }, "geometry": { "type": "Polygon", "coordinates": [ [ [ 106.679239985585866, 10.768519072928106 ], [ 106.679976977782019, 10.768478540764699 ], [ 106.679976977782019, 10.769159181806065 ], [ 106.679239985585866, 10.769199716409554 ], [ 106.679239985585866, 10.768519072928106 ] ] ] } },
{ "type": "Feature", "properties": { "s2": "31752f21dc", "resolution": 17, "center_lat": 10.768798593662071, "center_lon": 106.6803454748998, "avg_edge_len": 78.009359497893925, "cell_area": 6068.6710572689772, "cell_perimeter": 312.0374379915757, "code": "770", "name": "Quận 3", "name_en": "District 3", "level": "Quận", "prov_code": "79", "prov_name": "Thành phố Hồ Chí Minh", "region": "Đông Nam Bộ", "pop_2019": 190375.0, "pop_dens": 38852.0, "area": 4.92 }, "geometry": { "type": "Polygon", "coordinates": [ [ [ 106.679976977782019, 10.768478540764699 ], [ 106.68071397245798, 10.768438006713955 ], [ 106.68071397245798, 10.769118645315125 ], [ 106.679976977782019, 10.769159181806065 ], [ 106.679976977782019, 10.768478540764699 ] ] ] } },
{ "type": "Feature", "properties": { "s2": "31752f21e4", "resolution": 17, "center_lat": 10.768758057447535, "center_lon": 106.68108247081545, "avg_edge_len": 78.009370994938124, "cell_area": 6068.6705137491226, "cell_perimeter": 312.03748397975249, "code": "770", "name": "Quận 3", "name_en": "District 3", "level": "Quận", "prov_code": "79", "prov_name": "Thành phố Hồ Chí Minh", "region": "Đông Nam Bộ", "pop_2019": 190375.0, "pop_dens": 38852.0, "area": 4.92 }, "geometry": { "type": "Polygon", "coordinates": [ [ [ 106.68071397245798, 10.768438006713955 ], [ 106.681450969613365, 10.768397470775884 ], [ 106.681450969613365, 10.769078106936739 ], [ 106.68071397245798, 10.769118645315125 ], [ 106.68071397245798, 10.768438006713955 ] ] ] } },
{ "type": "Feature", "properties": { "s2": "31752f21ec", "resolution": 17, "center_lat": 10.769438697401547, "center_lon": 106.68108247081547, "avg_edge_len": 78.009574416703728, "cell_area": 6068.7030410021544, "cell_perimeter": 312.03829766681491, "code": "770", "name": "Quận 3", "name_en": "District 3", "level": "Quận", "prov_code": "79", "prov_name": "Thành phố Hồ Chí Minh", "region": "Đông Nam Bộ", "pop_2019": 190375.0, "pop_dens": 38852.0, "area": 4.92 }, "geometry": { "type": "Polygon", "coordinates": [ [ [ 106.68071397245798, 10.769118645315125 ], [ 106.681450969613365, 10.769078106936739 ], [ 106.681450969613365, 10.769758748243591 ], [ 106.68071397245798, 10.769799289062284 ], [ 106.68071397245798, 10.769118645315125 ] ] ] } },
{ "type": "Feature", "properties": { "s2": "31752f21f4", "resolution": 17, "center_lat": 10.76939815685926, "center_lon": 106.68181946921037, "avg_edge_len": 78.00958588898888, "cell_area": 6068.7024925649166, "cell_perimeter": 312.03834355595552, "code": "770", "name": "Quận 3", "name_en": "District 3", "level": "Quận", "prov_code": "79", "prov_name": "Thành phố Hồ Chí Minh", "region": "Đông Nam Bộ", "pop_2019": 190375.0, "pop_dens": 38852.0, "area": 4.92 }, "geometry": { "type": "Polygon", "coordinates": [ [ [ 106.681450969613365, 10.769078106936739 ], [ 106.682187969247806, 10.769037566670921 ], [ 106.682187969247806, 10.769718205537346 ], [ 106.681450969613365, 10.769758748243591 ], [ 106.681450969613365, 10.769078106936739 ] ] ] } },
{ "type": "Feature", "properties": { "s2": "31752f21fc", "resolution": 17, "center_lat": 10.768717519345621, "center_lon": 106.68181946921037, "avg_edge_len": 78.009382466261044, "cell_area": 6068.6699639260769, "cell_perimeter": 312.03752986504418, "code": "770", "name": "Quận 3", "name_en": "District 3", "level": "Quận", "prov_code": "79", "prov_name": "Thành phố Hồ Chí Minh", "region": "Đông Nam Bộ", "pop_2019": 190375.0, "pop_dens": 38852.0, "area": 4.92 }, "geometry": { "type": "Polygon", "coordinates": [ [ [ 106.681450969613365, 10.768397470775884 ], [ 106.682187969247806, 10.768356932950493 ], [ 106.682187969247806, 10.769037566670921 ], [ 106.681450969613365, 10.769078106936739 ], [ 106.681450969613365, 10.768397470775884 ] ] ] } },
{ "type": "Feature", "properties": { "s2": "31752f2204", "resolution": 17, "center_lat": 10.768676979356332, "center_lon": 106.68255647008415, "avg_edge_len": 78.009393912127479, "cell_area": 6068.6694088131189, "cell_perimeter": 312.03757564850991, "code": "770", "name": "Quận 3", "name_en": "District 3", "level": "Quận", "prov_code": "79", "prov_name": "Thành phố Hồ Chí Minh", "region": "Đông Nam Bộ", "pop_2019": 190375.0, "pop_dens": 38852.0, "area": 4.92 }, "geometry": { "type": "Polygon", "coordinates": [ [ [ 106.682187969247806, 10.768356932950493 ], [ 106.682924971360947, 10.768316393237788 ], [ 106.682924971360947, 10.768997024517672 ], [ 106.682187969247806, 10.769037566670921 ], [ 106.682187969247806, 10.768356932950493 ] ] ] } },
{ "type": "Feature", "properties": { "s2": "31752f220c", "resolution": 17, "center_lat": 10.768636437479676, "center_lon": 106.68329347343645, "avg_edge_len": 78.009405331831317, "cell_area": 6068.6688512861729, "cell_perimeter": 312.03762132732527, "code": "770", "name": "Quận 3", "name_en": "District 3", "level": "Quận", "prov_code": "79", "prov_name": "Thành phố Hồ Chí Minh", "region": "Đông Nam Bộ", "pop_2019": 190375.0, "pop_dens": 38852.0, "area": 4.92 }, "geometry": { "type": "Polygon", "coordinates": [ [ [ 106.682924971360947, 10.768316393237788 ], [ 106.683661975952418, 10.76827585163778 ], [ 106.683661975952418, 10.768956480477005 ], [ 106.682924971360947, 10.768997024517672 ], [ 106.682924971360947, 10.768316393237788 ] ] ] } },
{ "type": "Feature", "properties": { "s2": "31752f2214", "resolution": 17, "center_lat": 10.769317070112235, "center_lon": 106.68329347343646, "avg_edge_len": 78.009608756924521, "cell_area": 6068.7013831734657, "cell_perimeter": 312.03843502769809, "code": "770", "name": "Quận 3", "name_en": "District 3", "level": "Quận", "prov_code": "79", "prov_name": "Thành phố Hồ Chí Minh", "region": "Đông Nam Bộ", "pop_2019": 190375.0, "pop_dens": 38852.0, "area": 4.92 }, "geometry": { "type": "Polygon", "coordinates": [ [ [ 106.682924971360947, 10.768997024517672 ], [ 106.683661975952418, 10.768956480477005 ], [ 106.683661975952418, 10.769637114462242 ], [ 106.682924971360947, 10.769677660943561 ], [ 106.682924971360947, 10.768997024517672 ] ] ] } },
{ "type": "Feature", "properties": { "s2": "31752f221c", "resolution": 17, "center_lat": 10.769357614429492, "center_lon": 106.68255647008417, "avg_edge_len": 78.00959733599376, "cell_area": 6068.7019377946854, "cell_perimeter": 312.03838934397504, "code": "770", "name": "Quận 3", "name_en": "District 3", "level": "Quận", "prov_code": "79", "prov_name": "Thành phố Hồ Chí Minh", "region": "Đông Nam Bộ", "pop_2019": 190375.0, "pop_dens": 38852.0, "area": 4.92 }, "geometry": { "type": "Polygon", "coordinates": [ [ [ 106.682187969247806, 10.769037566670921 ], [ 106.682924971360947, 10.768997024517672 ], [ 106.682924971360947, 10.769677660943561 ], [ 106.682187969247806, 10.769718205537346 ], [ 106.682187969247806, 10.769037566670921 ] ] ] } },
{ "type": "Feature", "properties": { "s2": "31752f2224", "resolution": 17, "center_lat": 10.770038254648512, "center_lon": 106.68255647008417, "avg_edge_len": 78.009800738945472, "cell_area": 6068.7344567477703, "cell_perimeter": 312.03920295578189, "code": "770", "name": "Quận 3", "name_en": "District 3", "level": "Quận", "prov_code": "79", "prov_name": "Thành phố Hồ Chí Minh", "region": "Đông Nam Bộ", "pop_2019": 190375.0, "pop_dens": 38852.0, "area": 4.92 }, "geometry": { "type": "Polygon", "coordinates": [ [ [ 106.682187969247806, 10.769718205537346 ], [ 106.682924971360947, 10.769677660943561 ], [ 106.682924971360947, 10.770358302515175 ], [ 106.682187969247806, 10.770398849549496 ], [ 106.682187969247806, 10.769718205537346 ] ] ] } },
{ "type": "Feature", "properties": { "s2": "31752f222c", "resolution": 17, "center_lat": 10.77071890001311, "center_lon": 106.68255647008414, "avg_edge_len": 78.010004120408368, "cell_area": 6068.7669792920351, "cell_perimeter": 312.04001648163347, "code": "770", "name": "Quận 3", "name_en": "District 3", "level": "Quận", "prov_code": "79", "prov_name": "Thành phố Hồ Chí Minh", "region": "Đông Nam Bộ", "pop_2019": 190375.0, "pop_dens": 38852.0, "area": 4.92 }, "geometry": { "type": "Polygon", "coordinates": [ [ [ 106.682187969247806, 10.770398849549496 ], [ 106.682924971360947, 10.770358302515175 ], [ 106.682924971360947, 10.77103894923223 ], [ 106.682187969247806, 10.771079498707081 ], [ 106.682187969247806, 10.770398849549496 ] ] ] } },
{ "type": "Feature", "properties": { "s2": "31752f2234", "resolution": 17, "center_lat": 10.770678350814672, "center_lon": 106.68329347343644, "avg_edge_len": 78.01001554427846, "cell_area": 6068.7664233595133, "cell_perimeter": 312.04006217711384, "code": "770", "name": "Quận 3", "name_en": "District 3", "level": "Quận", "prov_code": "79", "prov_name": "Thành phố Hồ Chí Minh", "region": "Đông Nam Bộ", "pop_2019": 190375.0, "pop_dens": 38852.0, "area": 4.92 }, "geometry": { "type": "Polygon", "coordinates": [ [ [ 106.682924971360947, 10.770358302515175 ], [ 106.683661975952418, 10.770317753593204 ], [ 106.683661975952418, 10.770998397869615 ], [ 106.682924971360947, 10.77103894923223 ], [ 106.682924971360947, 10.770358302515175 ] ] ] } },
{ "type": "Feature", "properties": { "s2": "31752f223c", "resolution": 17, "center_lat": 10.769997707890658, "center_lon": 106.68329347343642, "avg_edge_len": 78.009812161147323, "cell_area": 6068.7338953912258, "cell_perimeter": 312.03924864458929, "code": "770", "name": "Quận 3", "name_en": "District 3", "level": "Quận", "prov_code": "79", "prov_name": "Thành phố Hồ Chí Minh", "region": "Đông Nam Bộ", "pop_2019": 190375.0, "pop_dens": 38852.0, "area": 4.92 }, "geometry": { "type": "Polygon", "coordinates": [ [ [ 106.682924971360947, 10.769677660943561 ], [ 106.683661975952418, 10.769637114462242 ], [ 106.683661975952418, 10.770317753593204 ], [ 106.682924971360947, 10.770358302515175 ], [ 106.682924971360947, 10.769677660943561 ] ] ] } },
{ "type": "Feature", "properties": { "s2": "31752f2244", "resolution": 17, "center_lat": 10.769957159245225, "center_lon": 106.68403047926685, "avg_edge_len": 78.00982355674553, "cell_area": 6068.7333372533321, "cell_perimeter": 312.03929422698212, "code": "770", "name": "Quận 3", "name_en": "District 3", "level": "Quận", "prov_code": "79", "prov_name": "Thành phố Hồ Chí Minh", "region": "Đông Nam Bộ", "pop_2019": 190375.0, "pop_dens": 38852.0, "area": 4.92 }, "geometry": { "type": "Polygon", "coordinates": [ [ [ 106.683661975952418, 10.769637114462242 ], [ 106.684398983021836, 10.769596566093393 ], [ 106.684398983021836, 10.770277202783593 ], [ 106.683661975952418, 10.770317753593204 ], [ 106.683661975952418, 10.769637114462242 ] ] ] } },
{ "type": "Feature", "properties": { "s2": "31752f224c", "resolution": 17, "center_lat": 10.770637799728533, "center_lon": 106.68403047926689, "avg_edge_len": 78.010026940750677, "cell_area": 6068.7658574730158, "cell_perimeter": 312.04010776300271, "code": "770", "name": "Quận 3", "name_en": "District 3", "level": "Quận", "prov_code": "79", "prov_name": "Thành phố Hồ Chí Minh", "region": "Đông Nam Bộ", "pop_2019": 190375.0, "pop_dens": 38852.0, "area": 4.92 }, "geometry": { "type": "Polygon", "coordinates": [ [ [ 106.683661975952418, 10.770317753593204 ], [ 106.684398983021836, 10.770277202783593 ], [ 106.684398983021836, 10.770957844619243 ], [ 106.683661975952418, 10.770998397869615 ], [ 106.683661975952418, 10.770317753593204 ] ] ] } },
{ "type": "Feature", "properties": { "s2": "31752f2254", "resolution": 17, "center_lat": 10.770597246754699, "center_lon": 106.6847674875751, "avg_edge_len": 78.010038312648689, "cell_area": 6068.7652925401926, "cell_perimeter": 312.04015325059476, "code": "770", "name": "Quận 3", "name_en": "District 3", "level": "Quận", "prov_code": "79", "prov_name": "Thành phố Hồ Chí Minh", "region": "Đông Nam Bộ", "pop_2019": 190375.0, "pop_dens": 38852.0, "area": 4.92 }, "geometry": { "type": "Polygon", "coordinates": [ [ [ 106.684398983021836, 10.770277202783593 ], [ 106.68513599256886, 10.770236650086348 ], [ 106.68513599256886, 10.770917289481122 ], [ 106.684398983021836, 10.770957844619243 ], [ 106.684398983021836, 10.770277202783593 ] ] ] } },
{ "type": "Feature", "properties": { "s2": "31752f225c", "resolution": 17, "center_lat": 10.769916608712208, "center_lon": 106.68476748757507, "avg_edge_len": 78.00983492776939, "cell_area": 6068.7327724695206, "cell_perimeter": 312.03933971107756, "code": "770", "name": "Quận 3", "name_en": "District 3", "level": "Quận", "prov_code": "79", "prov_name": "Thành phố Hồ Chí Minh", "region": "Đông Nam Bộ", "pop_2019": 190375.0, "pop_dens": 38852.0, "area": 4.92 }, "geometry": { "type": "Polygon", "coordinates": [ [ [ 106.684398983021836, 10.769596566093393 ], [ 106.68513599256886, 10.769556015837027 ], [ 106.68513599256886, 10.770236650086348 ], [ 106.684398983021836, 10.770277202783593 ], [ 106.684398983021836, 10.769596566093393 ] ] ] } },
{ "type": "Feature", "properties": { "s2": "31752f2264", "resolution": 17, "center_lat": 10.769235975815317, "center_lon": 106.68476748757507, "avg_edge_len": 78.009631521269085, "cell_area": 6068.7002526670694, "cell_perimeter": 312.03852608507634, "code": "770", "name": "Quận 3", "name_en": "District 3", "level": "Quận", "prov_code": "79", "prov_name": "Thành phố Hồ Chí Minh", "region": "Đông Nam Bộ", "pop_2019": 190375.0, "pop_dens": 38852.0, "area": 4.92 }, "geometry": { "type": "Polygon", "coordinates": [ [ [ 106.684398983021836, 10.768915934548927 ], [ 106.68513599256886, 10.768875386733443 ], [ 106.68513599256886, 10.769556015837027 ], [ 106.684398983021836, 10.769596566093393 ], [ 106.684398983021836, 10.768915934548927 ] ] ] } },
{ "type": "Feature", "properties": { "s2": "31752f226c", "resolution": 17, "center_lat": 10.769276523907509, "center_lon": 106.68403047926688, "avg_edge_len": 78.009620151472319, "cell_area": 6068.7008184343576, "cell_perimeter": 312.03848060588928, "code": "770", "name": "Quận 3", "name_en": "District 3", "level": "Quận", "prov_code": "79", "prov_name": "Thành phố Hồ Chí Minh", "region": "Đông Nam Bộ", "pop_2019": 190375.0, "pop_dens": 38852.0, "area": 4.92 }, "geometry": { "type": "Polygon", "coordinates": [ [ [ 106.683661975952418, 10.768956480477005 ], [ 106.684398983021836, 10.768915934548927 ], [ 106.684398983021836, 10.769596566093393 ], [ 106.683661975952418, 10.769637114462242 ], [ 106.683661975952418, 10.768956480477005 ] ] ] } },
{ "type": "Feature", "properties": { "s2": "31752f2274", "resolution": 17, "center_lat": 10.768595893715663, "center_lon": 106.68403047926687, "avg_edge_len": 78.009416724975438, "cell_area": 6068.6682904958725, "cell_perimeter": 312.03766689990175, "code": "770", "name": "Quận 3", "name_en": "District 3", "level": "Quận", "prov_code": "79", "prov_name": "Thành phố Hồ Chí Minh", "region": "Đông Nam Bộ", "pop_2019": 190375.0, "pop_dens": 38852.0, "area": 4.92 }, "geometry": { "type": "Polygon", "coordinates": [ [ [ 106.683661975952418, 10.76827585163778 ], [ 106.684398983021836, 10.768235308150475 ], [ 106.684398983021836, 10.768915934548927 ], [ 106.683661975952418, 10.768956480477005 ], [ 106.683661975952418, 10.76827585163778 ] ] ] } },
{ "type": "Feature", "properties": { "s2": "31752f227c", "resolution": 17, "center_lat": 10.768555348064297, "center_lon": 106.68476748757509, "avg_edge_len": 78.00942809341278, "cell_area": 6068.6677251160145, "cell_perimeter": 312.03771237365112, "code": "770", "name": "Quận 3", "name_en": "District 3", "level": "Quận", "prov_code": "79", "prov_name": "Thành phố Hồ Chí Minh", "region": "Đông Nam Bộ", "pop_2019": 190375.0, "pop_dens": 38852.0, "area": 4.92 }, "geometry": { "type": "Polygon", "coordinates": [ [ [ 106.684398983021836, 10.768235308150475 ], [ 106.68513599256886, 10.768194762775879 ], [ 106.68513599256886, 10.768875386733443 ], [ 106.684398983021836, 10.768915934548927 ], [ 106.684398983021836, 10.768235308150475 ] ] ] } },
{ "type": "Feature", "properties": { "s2": "31752f228c", "resolution": 17, "center_lat": 10.769195425835665, "center_lon": 106.6855044983607, "avg_edge_len": 78.009642864506318, "cell_area": 6068.699679017067, "cell_perimeter": 312.03857145802527, "code": "770", "name": "Quận 3", "name_en": "District 3", "level": "Quận", "prov_code": "79", "prov_name": "Thành phố Hồ Chí Minh", "region": "Đông Nam Bộ", "pop_2019": 190375.0, "pop_dens": 38852.0, "area": 4.92 }, "geometry": { "type": "Polygon", "coordinates": [ [ [ 106.68513599256886, 10.768875386733443 ], [ 106.685873004593105, 10.768834837030564 ], [ 106.685873004593105, 10.769515463693152 ], [ 106.68513599256886, 10.769556015837027 ], [ 106.68513599256886, 10.768875386733443 ] ] ] } },
{ "type": "Feature", "properties": { "s2": "31752f22dc", "resolution": 17, "center_lat": 10.770475576507097, "center_lon": 106.68697852736273, "avg_edge_len": 78.010072272117071, "cell_area": 6068.7635701078607, "cell_perimeter": 312.04028908846828, "code": "770", "name": "Quận 3", "name_en": "District 3", "level": "Quận", "prov_code": "79", "prov_name": "Thành phố Hồ Chí Minh", "region": "Đông Nam Bộ", "pop_2019": 190375.0, "pop_dens": 38852.0, "area": 4.92 }, "geometry": { "type": "Polygon", "coordinates": [ [ [ 106.686610019094218, 10.770155539028986 ], [ 106.687347036071813, 10.770114980668888 ], [ 106.687347036071813, 10.770795612740349 ], [ 106.686610019094203, 10.770836173541667 ], [ 106.686610019094218, 10.770155539028986 ] ] ] } },
{ "type": "Feature", "properties": { "s2": "31752f22e4", "resolution": 17, "center_lat": 10.770516135143971, "center_lon": 106.68624151162338, "avg_edge_len": 78.010060978177293, "cell_area": 6068.7641525488662, "cell_perimeter": 312.04024391270917, "code": "770", "name": "Quận 3", "name_en": "District 3", "level": "Quận", "prov_code": "79", "prov_name": "Thành phố Hồ Chí Minh", "region": "Đông Nam Bộ", "pop_2019": 190375.0, "pop_dens": 38852.0, "area": 4.92 }, "geometry": { "type": "Polygon", "coordinates": [ [ [ 106.685873004593105, 10.770196095501477 ], [ 106.686610019094218, 10.770155539028986 ], [ 106.686610019094203, 10.770836173541667 ], [ 106.685873004593105, 10.770876732455262 ], [ 106.685873004593105, 10.770196095501477 ] ] ] } },
{ "type": "Feature", "properties": { "s2": "31752f22ec", "resolution": 17, "center_lat": 10.769835501983467, "center_lon": 106.68624151162336, "avg_edge_len": 78.009857590756056, "cell_area": 6068.7316282093525, "cell_perimeter": 312.03943036302422, "code": "770", "name": "Quận 3", "name_en": "District 3", "level": "Quận", "prov_code": "79", "prov_name": "Thành phố Hồ Chí Minh", "region": "Đông Nam Bộ", "pop_2019": 190375.0, "pop_dens": 38852.0, "area": 4.92 }, "geometry": { "type": "Polygon", "coordinates": [ [ [ 106.685873004593105, 10.769515463693152 ], [ 106.686610019094218, 10.769474909661769 ], [ 106.686610019094218, 10.770155539028986 ], [ 106.685873004593105, 10.770196095501477 ], [ 106.685873004593105, 10.769515463693152 ] ] ] } },
{ "type": "Feature", "properties": { "s2": "31752f22f4", "resolution": 17, "center_lat": 10.76987605629162, "center_lon": 106.68550449836074, "avg_edge_len": 78.009846272189705, "cell_area": 6068.7322042733431, "cell_perimeter": 312.03938508875882, "code": "770", "name": "Quận 3", "name_en": "District 3", "level": "Quận", "prov_code": "79", "prov_name": "Thành phố Hồ Chí Minh", "region": "Đông Nam Bộ", "pop_2019": 190375.0, "pop_dens": 38852.0, "area": 4.92 }, "geometry": { "type": "Polygon", "coordinates": [ [ [ 106.68513599256886, 10.769556015837027 ], [ 106.685873004593105, 10.769515463693152 ], [ 106.685873004593105, 10.770196095501477 ], [ 106.68513599256886, 10.770236650086348 ], [ 106.68513599256886, 10.769556015837027 ] ] ] } },
{ "type": "Feature", "properties": { "s2": "31752f22fc", "resolution": 17, "center_lat": 10.770556691893169, "center_lon": 106.68550449836073, "avg_edge_len": 78.010049658516238, "cell_area": 6068.7647227346897, "cell_perimeter": 312.04019863406495, "code": "770", "name": "Quận 3", "name_en": "District 3", "level": "Quận", "prov_code": "79", "prov_name": "Thành phố Hồ Chí Minh", "region": "Đông Nam Bộ", "pop_2019": 190375.0, "pop_dens": 38852.0, "area": 4.92 }, "geometry": { "type": "Polygon", "coordinates": [ [ [ 106.68513599256886, 10.770236650086348 ], [ 106.685873004593105, 10.770196095501477 ], [ 106.685873004593105, 10.770876732455262 ], [ 106.68513599256886, 10.770917289481122 ], [ 106.68513599256886, 10.770236650086348 ] ] ] } },
{ "type": "Feature", "properties": { "s2": "31752f2304", "resolution": 17, "center_lat": 10.771237332640039, "center_lon": 106.6855044983607, "avg_edge_len": 78.010253023751517, "cell_area": 6068.7972389757633, "cell_perimeter": 312.04101209500607, "code": "770", "name": "Quận 3", "name_en": "District 3", "level": "Quận", "prov_code": "79", "prov_name": "Thành phố Hồ Chí Minh", "region": "Đông Nam Bộ", "pop_2019": 190375.0, "pop_dens": 38852.0, "area": 4.92 }, "geometry": { "type": "Polygon", "coordinates": [ [ [ 106.68513599256886, 10.770917289481122 ], [ 106.685873004593105, 10.770876732455262 ], [ 106.685873004593105, 10.771557374554224 ], [ 106.68513599256886, 10.771597934021068 ], [ 106.68513599256886, 10.770917289481122 ] ] ] } },
{ "type": "Feature", "properties": { "s2": "31752f230c", "resolution": 17, "center_lat": 10.771917978531938, "center_lon": 106.68550449836071, "avg_edge_len": 78.010456367233374, "cell_area": 6068.8297500014305, "cell_perimeter": 312.0418254689335, "code": "770", "name": "Quận 3", "name_en": "District 3", "level": "Quận", "prov_code": "79", "prov_name": "Thành phố Hồ Chí Minh", "region": "Đông Nam Bộ", "pop_2019": 190375.0, "pop_dens": 38852.0, "area": 4.92 }, "geometry": { "type": "Polygon", "coordinates": [ [ [ 106.68513599256886, 10.771597934021068 ], [ 106.685873004593105, 10.771557374554224 ], [ 106.685873004593105, 10.772238021798078 ], [ 106.68513599256886, 10.772278583705907 ], [ 106.68513599256886, 10.771597934021068 ] ] ] } },
{ "type": "Feature", "properties": { "s2": "31752f2314", "resolution": 17, "center_lat": 10.771877416900653, "center_lon": 106.68624151162336, "avg_edge_len": 78.010467688907241, "cell_area": 6068.8291728645563, "cell_perimeter": 312.04187075562896, "code": "770", "name": "Quận 3", "name_en": "District 3", "level": "Quận", "prov_code": "79", "prov_name": "Thành phố Hồ Chí Minh", "region": "Đông Nam Bộ", "pop_2019": 190375.0, "pop_dens": 38852.0, "area": 4.92 }, "geometry": { "type": "Polygon", "coordinates": [ [ [ 106.685873004593105, 10.771557374554224 ], [ 106.686610019094203, 10.771516813199527 ], [ 106.686610019094203, 10.772197458002289 ], [ 106.685873004593105, 10.772238021798078 ], [ 106.685873004593105, 10.771557374554224 ] ] ] } },
{ "type": "Feature", "properties": { "s2": "31752f231c", "resolution": 17, "center_lat": 10.771196773449791, "center_lon": 106.68624151162335, "avg_edge_len": 78.0102643442426, "cell_area": 6068.7966648638248, "cell_perimeter": 312.0410573769704, "code": "770", "name": "Quận 3", "name_en": "District 3", "level": "Quận", "prov_code": "79", "prov_name": "Thành phố Hồ Chí Minh", "region": "Đông Nam Bộ", "pop_2019": 190375.0, "pop_dens": 38852.0, "area": 4.92 }, "geometry": { "type": "Polygon", "coordinates": [ [ [ 106.685873004593105, 10.770876732455262 ], [ 106.686610019094203, 10.770836173541667 ], [ 106.686610019094203, 10.771516813199527 ], [ 106.685873004593105, 10.771557374554224 ], [ 106.685873004593105, 10.770876732455262 ] ] ] } },
{ "type": "Feature", "properties": { "s2": "31752f2324", "resolution": 17, "center_lat": 10.771156212371759, "center_lon": 106.68697852736273, "avg_edge_len": 78.010275640379632, "cell_area": 6068.7960881441832, "cell_perimeter": 312.04110256151853, "code": "770", "name": "Quận 3", "name_en": "District 3", "level": "Quận", "prov_code": "79", "prov_name": "Thành phố Hồ Chí Minh", "region": "Đông Nam Bộ", "pop_2019": 190375.0, "pop_dens": 38852.0, "area": 4.92 }, "geometry": { "type": "Polygon", "coordinates": [ [ [ 106.686610019094203, 10.770836173541667 ], [ 106.687347036071813, 10.770795612740349 ], [ 106.687347036071813, 10.771476249956995 ], [ 106.686610019094203, 10.771516813199527 ], [ 106.686610019094203, 10.770836173541667 ] ] ] } },
{ "type": "Feature", "properties": { "s2": "31752f232c", "resolution": 17, "center_lat": 10.771115649405946, "center_lon": 106.68771554557838, "avg_edge_len": 78.010286908722094, "cell_area": 6068.7955042421818, "cell_perimeter": 312.04114763488838, "code": "770", "name": "Quận 3", "name_en": "District 3", "level": "Quận", "prov_code": "79", "prov_name": "Thành phố Hồ Chí Minh", "region": "Đông Nam Bộ", "pop_2019": 190375.0, "pop_dens": 38852.0, "area": 4.92 }, "geometry": { "type": "Polygon", "coordinates": [ [ [ 106.687347036071813, 10.770795612740349 ], [ 106.688084055525536, 10.77075505005131 ], [ 106.688084055525536, 10.771435684826626 ], [ 106.687347036071813, 10.771476249956995 ], [ 106.687347036071813, 10.770795612740349 ] ] ] } },
{ "type": "Feature", "properties": { "s2": "31752f2334", "resolution": 17, "center_lat": 10.771796287974379, "center_lon": 106.68771554557836, "avg_edge_len": 78.01049025637036, "cell_area": 6068.8280166089535, "cell_perimeter": 312.04196102548144, "code": "770", "name": "Quận 3", "name_en": "District 3", "level": "Quận", "prov_code": "79", "prov_name": "Thành phố Hồ Chí Minh", "region": "Đông Nam Bộ", "pop_2019": 190375.0, "pop_dens": 38852.0, "area": 4.92 }, "geometry": { "type": "Polygon", "coordinates": [ [ [ 106.687347036071813, 10.771476249956995 ], [ 106.688084055525536, 10.771435684826626 ], [ 106.688084055525536, 10.772116324746849 ], [ 106.687347036071813, 10.772156892318543 ], [ 106.687347036071813, 10.771476249956995 ] ] ] } },
{ "type": "Feature", "properties": { "s2": "31752f233c", "resolution": 17, "center_lat": 10.771836853381464, "center_lon": 106.68697852736274, "avg_edge_len": 78.010478986580424, "cell_area": 6068.8285993039608, "cell_perimeter": 312.04191594632169, "code": "770", "name": "Quận 3", "name_en": "District 3", "level": "Quận", "prov_code": "79", "prov_name": "Thành phố Hồ Chí Minh", "region": "Đông Nam Bộ", "pop_2019": 190375.0, "pop_dens": 38852.0, "area": 4.92 }, "geometry": { "type": "Polygon", "coordinates": [ [ [ 106.686610019094203, 10.771516813199527 ], [ 106.687347036071813, 10.771476249956995 ], [ 106.687347036071813, 10.772156892318543 ], [ 106.686610019094203, 10.772197458002289 ], [ 106.686610019094203, 10.771516813199527 ] ] ] } },
{ "type": "Feature", "properties": { "s2": "31752f2344", "resolution": 17, "center_lat": 10.772517499535928, "center_lon": 106.68697852736273, "avg_edge_len": 78.010682311512809, "cell_area": 6068.8611081689596, "cell_perimeter": 312.04272924605124, "code": "770", "name": "Quận 3", "name_en": "District 3", "level": "Quận", "prov_code": "79", "prov_name": "Thành phố Hồ Chí Minh", "region": "Đông Nam Bộ", "pop_2019": 190375.0, "pop_dens": 38852.0, "area": 4.92 }, "geometry": { "type": "Polygon", "coordinates": [ [ [ 106.686610019094203, 10.772197458002289 ], [ 106.687347036071813, 10.772156892318543 ], [ 106.687347036071813, 10.772837539824708 ], [ 106.686610019094203, 10.772878107949664 ], [ 106.686610019094203, 10.772197458002289 ] ] ] } },
{ "type": "Feature", "properties": { "s2": "31752f234c", "resolution": 17, "center_lat": 10.772476931687578, "center_lon": 106.68771554557838, "avg_edge_len": 78.010693582088805, "cell_area": 6068.8605271577835, "cell_perimeter": 312.04277432835522, "code": "770", "name": "Quận 3", "name_en": "District 3", "level": "Quận", "prov_code": "79", "prov_name": "Thành phố Hồ Chí Minh", "region": "Đông Nam Bộ", "pop_2019": 190375.0, "pop_dens": 38852.0, "area": 4.92 }, "geometry": { "type": "Polygon", "coordinates": [ [ [ 106.687347036071813, 10.772156892318543 ], [ 106.688084055525536, 10.772116324746849 ], [ 106.688084055525536, 10.772796969811695 ], [ 106.687347036071813, 10.772837539824708 ], [ 106.687347036071813, 10.772156892318543 ] ] ] } },
{ "type": "Feature", "properties": { "s2": "31752f2354", "resolution": 17, "center_lat": 10.77315758054525, "center_lon": 106.68771554557837, "avg_edge_len": 78.010896887024302, "cell_area": 6068.8930343240499, "cell_perimeter": 312.04358754809721, "code": "770", "name": "Quận 3", "name_en": "District 3", "level": "Quận", "prov_code": "79", "prov_name": "Thành phố Hồ Chí Minh", "region": "Đông Nam Bộ", "pop_2019": 190375.0, "pop_dens": 38852.0, "area": 4.92 }, "geometry": { "type": "Polygon", "coordinates": [ [ [ 106.687347036071813, 10.772837539824708 ], [ 106.688084055525536, 10.772796969811695 ], [ 106.688084055525536, 10.773477620020882 ], [ 106.687347036071813, 10.773518192475214 ], [ 106.687347036071813, 10.772837539824708 ] ] ] } },
{ "type": "Feature", "properties": { "s2": "31752f235c", "resolution": 17, "center_lat": 10.773198150834864, "center_lon": 106.68697852736274, "avg_edge_len": 78.010885614515786, "cell_area": 6068.8936121745191, "cell_perimeter": 312.04354245806314, "code": "770", "name": "Quận 3", "name_en": "District 3", "level": "Quận", "prov_code": "79", "prov_name": "Thành phố Hồ Chí Minh", "region": "Đông Nam Bộ", "pop_2019": 190375.0, "pop_dens": 38852.0, "area": 4.92 }, "geometry": { "type": "Polygon", "coordinates": [ [ [ 106.686610019094203, 10.772878107949664 ], [ 106.687347036071813, 10.772837539824708 ], [ 106.687347036071813, 10.773518192475214 ], [ 106.686610019094218, 10.773558763041368 ], [ 106.686610019094203, 10.772878107949664 ] ] ] } },
{ "type": "Feature", "properties": { "s2": "31752f2364", "resolution": 17, "center_lat": 10.773238719236355, "center_lon": 106.68624151162339, "avg_edge_len": 78.010874315624093, "cell_area": 6068.8941917585053, "cell_perimeter": 312.04349726249637, "code": "770", "name": "Quận 3", "name_en": "District 3", "level": "Quận", "prov_code": "79", "prov_name": "Thành phố Hồ Chí Minh", "region": "Đông Nam Bộ", "pop_2019": 190375.0, "pop_dens": 38852.0, "area": 4.92 }, "geometry": { "type": "Polygon", "coordinates": [ [ [ 106.685873004593105, 10.772918674186544 ], [ 106.686610019094203, 10.772878107949664 ], [ 106.686610019094218, 10.773558763041368 ], [ 106.685873004593105, 10.773599331719337 ], [ 106.685873004593105, 10.772918674186544 ] ] ] } },
{ "type": "Feature", "properties": { "s2": "31752f236c", "resolution": 17, "center_lat": 10.772558065496266, "center_lon": 106.68624151162338, "avg_edge_len": 78.010671012877594, "cell_area": 6068.861685603857, "cell_perimeter": 312.04268405151038, "code": "770", "name": "Quận 3", "name_en": "District 3", "level": "Quận", "prov_code": "79", "prov_name": "Thành phố Hồ Chí Minh", "region": "Đông Nam Bộ", "pop_2019": 190375.0, "pop_dens": 38852.0, "area": 4.92 }, "geometry": { "type": "Polygon", "coordinates": [ [ [ 106.685873004593105, 10.772238021798078 ], [ 106.686610019094203, 10.772197458002289 ], [ 106.686610019094203, 10.772878107949664 ], [ 106.685873004593105, 10.772918674186544 ], [ 106.685873004593105, 10.772238021798078 ] ] ] } },
{ "type": "Feature", "properties": { "s2": "31752f2374", "resolution": 17, "center_lat": 10.77259862956859, "center_lon": 106.6855044983607, "avg_edge_len": 78.010659689535572, "cell_area": 6068.8622591197491, "cell_perimeter": 312.04263875814229, "code": "770", "name": "Quận 3", "name_en": "District 3", "level": "Quận", "prov_code": "79", "prov_name": "Thành phố Hồ Chí Minh", "region": "Đông Nam Bộ", "pop_2019": 190375.0, "pop_dens": 38852.0, "area": 4.92 }, "geometry": { "type": "Polygon", "coordinates": [ [ [ 106.68513599256886, 10.772278583705907 ], [ 106.685873004593105, 10.772238021798078 ], [ 106.685873004593105, 10.772918674186544 ], [ 106.68513599256886, 10.772959238535348 ], [ 106.68513599256886, 10.772278583705907 ] ] ] } },
{ "type": "Feature", "properties": { "s2": "31752f237c", "resolution": 17, "center_lat": 10.773279285749709, "center_lon": 106.68550449836071, "avg_edge_len": 78.010862990481428, "cell_area": 6068.8947612345219, "cell_perimeter": 312.04345196192571, "code": "770", "name": "Quận 3", "name_en": "District 3", "level": "Quận", "prov_code": "79", "prov_name": "Thành phố Hồ Chí Minh", "region": "Đông Nam Bộ", "pop_2019": 190375.0, "pop_dens": 38852.0, "area": 4.92 }, "geometry": { "type": "Polygon", "coordinates": [ [ [ 106.68513599256886, 10.772959238535348 ], [ 106.685873004593105, 10.772918674186544 ], [ 106.685873004593105, 10.773599331719337 ], [ 106.68513599256886, 10.773639898509115 ], [ 106.68513599256886, 10.772959238535348 ] ] ] } },
{ "type": "Feature", "properties": { "s2": "31752f2384", "resolution": 17, "center_lat": 10.773319850374925, "center_lon": 106.68476748757509, "avg_edge_len": 78.010851640455655, "cell_area": 6068.895335957408, "cell_perimeter": 312.04340656182262, "code": "770", "name": "Quận 3", "name_en": "District 3", "level": "Quận", "prov_code": "79", "prov_name": "Thành phố Hồ Chí Minh", "region": "Đông Nam Bộ", "pop_2019": 190375.0, "pop_dens": 38852.0, "area": 4.92 }, "geometry": { "type": "Polygon", "coordinates": [ [ [ 106.684398983021836, 10.772999800996066 ], [ 106.68513599256886, 10.772959238535348 ], [ 106.68513599256886, 10.773639898509115 ], [ 106.684398983021836, 10.77368046341069 ], [ 106.684398983021836, 10.772999800996066 ] ] ] } },
{ "type": "Feature", "properties": { "s2": "31752f238c", "resolution": 17, "center_lat": 10.773360413111998, "center_lon": 106.68403047926689, "avg_edge_len": 78.01084026281174, "cell_area": 6068.8958948552608, "cell_perimeter": 312.04336105124696, "code": "770", "name": "Quận 3", "name_en": "District 3", "level": "Quận", "prov_code": "79", "prov_name": "Thành phố Hồ Chí Minh", "region": "Đông Nam Bộ", "pop_2019": 190375.0, "pop_dens": 38852.0, "area": 4.92 }, "geometry": { "type": "Polygon", "coordinates": [ [ [ 106.683661975952418, 10.773040361568693 ], [ 106.684398983021836, 10.772999800996066 ], [ 106.684398983021836, 10.77368046341069 ], [ 106.683661975952418, 10.773721026424059 ], [ 106.683661975952418, 10.773040361568693 ] ] ] } },
{ "type": "Feature", "properties": { "s2": "31752f2394", "resolution": 17, "center_lat": 10.772679752049159, "center_lon": 106.68403047926688, "avg_edge_len": 78.010636963966803, "cell_area": 6068.86339430511, "cell_perimeter": 312.04254785586721, "code": "770", "name": "Quận 3", "name_en": "District 3", "level": "Quận", "prov_code": "79", "prov_name": "Thành phố Hồ Chí Minh", "region": "Đông Nam Bộ", "pop_2019": 190375.0, "pop_dens": 38852.0, "area": 4.92 }, "geometry": { "type": "Polygon", "coordinates": [ [ [ 106.683661975952418, 10.772359701857642 ], [ 106.684398983021836, 10.772319143725763 ], [ 106.684398983021836, 10.772999800996066 ], [ 106.683661975952418, 10.773040361568693 ], [ 106.683661975952418, 10.772359701857642 ] ] ] } },
{ "type": "Feature", "properties": { "s2": "31752f239c", "resolution": 17, "center_lat": 10.772639191752894, "center_lon": 106.68476748757509, "avg_edge_len": 78.010648341089635, "cell_area": 6068.8628273308277, "cell_perimeter": 312.04259336435854, "code": "770", "name": "Quận 3", "name_en": "District 3", "level": "Quận", "prov_code": "79", "prov_name": "Thành phố Hồ Chí Minh", "region": "Đông Nam Bộ", "pop_2019": 190375.0, "pop_dens": 38852.0, "area": 4.92 }, "geometry": { "type": "Polygon", "coordinates": [ [ [ 106.684398983021836, 10.772319143725763 ], [ 106.68513599256886, 10.772278583705907 ], [ 106.68513599256886, 10.772959238535348 ], [ 106.684398983021836, 10.772999800996066 ], [ 106.684398983021836, 10.772319143725763 ] ] ] } },
{ "type": "Feature", "properties": { "s2": "31752f23a4", "resolution": 17, "center_lat": 10.771958538275319, "center_lon": 106.68476748757509, "avg_edge_len": 78.010445019970675, "cell_area": 6068.830319494009, "cell_perimeter": 312.0417800798827, "code": "770", "name": "Quận 3", "name_en": "District 3", "level": "Quận", "prov_code": "79", "prov_name": "Thành phố Hồ Chí Minh", "region": "Đông Nam Bộ", "pop_2019": 190375.0, "pop_dens": 38852.0, "area": 4.92 }, "geometry": { "type": "Polygon", "coordinates": [ [ [ 106.684398983021836, 10.771638491600063 ], [ 106.68513599256886, 10.771597934021068 ], [ 106.68513599256886, 10.772278583705907 ], [ 106.684398983021836, 10.772319143725763 ], [ 106.684398983021836, 10.771638491600063 ] ] ] } },
{ "type": "Feature", "properties": { "s2": "31752f23ac", "resolution": 17, "center_lat": 10.771277889942496, "center_lon": 106.6847674875751, "avg_edge_len": 78.010241676744712, "cell_area": 6068.7978058457375, "cell_perimeter": 312.04096670697885, "code": "770", "name": "Quận 3", "name_en": "District 3", "level": "Quận", "prov_code": "79", "prov_name": "Thành phố Hồ Chí Minh", "region": "Đông Nam Bộ", "pop_2019": 190375.0, "pop_dens": 38852.0, "area": 4.92 }, "geometry": { "type": "Polygon", "coordinates": [ [ [ 106.684398983021836, 10.770957844619243 ], [ 106.68513599256886, 10.770917289481122 ], [ 106.68513599256886, 10.771597934021068 ], [ 106.684398983021836, 10.771638491600063 ], [ 106.684398983021836, 10.770957844619243 ] ] ] } },
{ "type": "Feature", "properties": { "s2": "31752f23b4", "resolution": 17, "center_lat": 10.771318445357146, "center_lon": 106.68403047926688, "avg_edge_len": 78.010230303311033, "cell_area": 6068.798378303647, "cell_perimeter": 312.04092121324413, "code": "770", "name": "Quận 3", "name_en": "District 3", "level": "Quận", "prov_code": "79", "prov_name": "Thành phố Hồ Chí Minh", "region": "Đông Nam Bộ", "pop_2019": 190375.0, "pop_dens": 38852.0, "area": 4.92 }, "geometry": { "type": "Polygon", "coordinates": [ [ [ 106.683661975952418, 10.770998397869615 ], [ 106.684398983021836, 10.770957844619243 ], [ 106.684398983021836, 10.771638491600063 ], [ 106.683661975952418, 10.77167904729119 ], [ 106.683661975952418, 10.770998397869615 ] ] ] } },
{ "type": "Feature", "properties": { "s2": "31752f23bc", "resolution": 17, "center_lat": 10.771999096130783, "center_lon": 106.68403047926689, "avg_edge_len": 78.010433643986318, "cell_area": 6068.8308780640364, "cell_perimeter": 312.04173457594527, "code": "770", "name": "Quận 3", "name_en": "District 3", "level": "Quận", "prov_code": "79", "prov_name": "Thành phố Hồ Chí Minh", "region": "Đông Nam Bộ", "pop_2019": 190375.0, "pop_dens": 38852.0, "area": 4.92 }, "geometry": { "type": "Polygon", "coordinates": [ [ [ 106.683661975952418, 10.77167904729119 ], [ 106.684398983021836, 10.771638491600063 ], [ 106.684398983021836, 10.772319143725763 ], [ 106.683661975952418, 10.772359701857642 ], [ 106.683661975952418, 10.77167904729119 ] ] ] } },
{ "type": "Feature", "properties": { "s2": "31752f23c4", "resolution": 17, "center_lat": 10.77203965209832, "center_lon": 106.68329347343644, "avg_edge_len": 78.01042224461878, "cell_area": 6068.8314452916384, "cell_perimeter": 312.04168897847512, "code": "770", "name": "Quận 3", "name_en": "District 3", "level": "Quận", "prov_code": "79", "prov_name": "Thành phố Hồ Chí Minh", "region": "Đông Nam Bộ", "pop_2019": 190375.0, "pop_dens": 38852.0, "area": 4.92 }, "geometry": { "type": "Polygon", "coordinates": [ [ [ 106.682924971360947, 10.771719601094444 ], [ 106.683661975952418, 10.77167904729119 ], [ 106.683661975952418, 10.772359701857642 ], [ 106.682924971360947, 10.772400258101534 ], [ 106.682924971360947, 10.771719601094444 ] ] ] } },
{ "type": "Feature", "properties": { "s2": "31752f23cc", "resolution": 17, "center_lat": 10.77135899888399, "center_lon": 106.68329347343648, "avg_edge_len": 78.010218905479604, "cell_area": 6068.7989341914654, "cell_perimeter": 312.04087562191842, "code": "770", "name": "Quận 3", "name_en": "District 3", "level": "Quận", "prov_code": "79", "prov_name": "Thành phố Hồ Chí Minh", "region": "Đông Nam Bộ", "pop_2019": 190375.0, "pop_dens": 38852.0, "area": 4.92 }, "geometry": { "type": "Polygon", "coordinates": [ [ [ 106.682924971360947, 10.77103894923223 ], [ 106.683661975952418, 10.770998397869615 ], [ 106.683661975952418, 10.77167904729119 ], [ 106.682924971360947, 10.771719601094444 ], [ 106.682924971360947, 10.77103894923223 ] ] ] } },
{ "type": "Feature", "properties": { "s2": "31752f23d4", "resolution": 17, "center_lat": 10.771399550523013, "center_lon": 106.68255647008417, "avg_edge_len": 78.010207480867848, "cell_area": 6068.7994862645864, "cell_perimeter": 312.04082992347139, "code": "770", "name": "Quận 3", "name_en": "District 3", "level": "Quận", "prov_code": "79", "prov_name": "Thành phố Hồ Chí Minh", "region": "Đông Nam Bộ", "pop_2019": 190375.0, "pop_dens": 38852.0, "area": 4.92 }, "geometry": { "type": "Polygon", "coordinates": [ [ [ 106.682187969247806, 10.771079498707081 ], [ 106.682924971360947, 10.77103894923223 ], [ 106.682924971360947, 10.771719601094444 ], [ 106.682187969247806, 10.77176015300982 ], [ 106.682187969247806, 10.771079498707081 ] ] ] } },
{ "type": "Feature", "properties": { "s2": "31752f23dc", "resolution": 17, "center_lat": 10.772080206177924, "center_lon": 106.68255647008417, "avg_edge_len": 78.010410819309541, "cell_area": 6068.8320050388575, "cell_perimeter": 312.04164327723817, "code": "770", "name": "Quận 3", "name_en": "District 3", "level": "Quận", "prov_code": "79", "prov_name": "Thành phố Hồ Chí Minh", "region": "Đông Nam Bộ", "pop_2019": 190375.0, "pop_dens": 38852.0, "area": 4.92 }, "geometry": { "type": "Polygon", "coordinates": [ [ [ 106.682187969247806, 10.77176015300982 ], [ 106.682924971360947, 10.771719601094444 ], [ 106.682924971360947, 10.772400258101534 ], [ 106.682187969247806, 10.772440812457431 ], [ 106.682187969247806, 10.77176015300982 ] ] ] } },
{ "type": "Feature", "properties": { "s2": "31752f23e4", "resolution": 17, "center_lat": 10.772760866977571, "center_lon": 106.68255647008415, "avg_edge_len": 78.010614136130044, "cell_area": 6068.8645109832287, "cell_perimeter": 312.04245654452018, "code": "770", "name": "Quận 3", "name_en": "District 3", "level": "Quận", "prov_code": "79", "prov_name": "Thành phố Hồ Chí Minh", "region": "Đông Nam Bộ", "pop_2019": 190375.0, "pop_dens": 38852.0, "area": 4.92 }, "geometry": { "type": "Polygon", "coordinates": [ [ [ 106.682187969247806, 10.772440812457431 ], [ 106.682924971360947, 10.772400258101534 ], [ 106.682924971360947, 10.773080920253214 ], [ 106.682187969247806, 10.773121477049628 ], [ 106.682187969247806, 10.772440812457431 ] ] ] } },
{ "type": "Feature", "properties": { "s2": "31752f23ec", "resolution": 17, "center_lat": 10.772720310457389, "center_lon": 106.68329347343645, "avg_edge_len": 78.01062556315172, "cell_area": 6068.8639487326145, "cell_perimeter": 312.04250225260688, "code": "770", "name": "Quận 3", "name_en": "District 3", "level": "Quận", "prov_code": "79", "prov_name": "Thành phố Hồ Chí Minh", "region": "Đông Nam Bộ", "pop_2019": 190375.0, "pop_dens": 38852.0, "area": 4.92 }, "geometry": { "type": "Polygon", "coordinates": [ [ [ 106.682924971360947, 10.772400258101534 ], [ 106.683661975952418, 10.772359701857642 ], [ 106.683661975952418, 10.773040361568693 ], [ 106.682924971360947, 10.773080920253214 ], [ 106.682924971360947, 10.772400258101534 ] ] ] } },
{ "type": "Feature", "properties": { "s2": "31752f23f4", "resolution": 17, "center_lat": 10.773400973960912, "center_lon": 106.68329347343648, "avg_edge_len": 78.010828860813859, "cell_area": 6068.896457478404, "cell_perimeter": 312.04331544325544, "code": "770", "name": "Quận 3", "name_en": "District 3", "level": "Quận", "prov_code": "79", "prov_name": "Thành phố Hồ Chí Minh", "region": "Đông Nam Bộ", "pop_2019": 190375.0, "pop_dens": 38852.0, "area": 4.92 }, "geometry": { "type": "Polygon", "coordinates": [ [ [ 106.682924971360947, 10.773080920253214 ], [ 106.683661975952418, 10.773040361568693 ], [ 106.683661975952418, 10.773721026424059 ], [ 106.682924971360947, 10.77376158754921 ], [ 106.682924971360947, 10.773080920253214 ] ] ] } },
{ "type": "Feature", "properties": { "s2": "31752f23fc", "resolution": 17, "center_lat": 10.773441532921664, "center_lon": 106.68255647008417, "avg_edge_len": 78.010817432167926, "cell_area": 6068.8970129489899, "cell_perimeter": 312.0432697286717, "code": "770", "name": "Quận 3", "name_en": "District 3", "level": "Quận", "prov_code": "79", "prov_name": "Thành phố Hồ Chí Minh", "region": "Đông Nam Bộ", "pop_2019": 190375.0, "pop_dens": 38852.0, "area": 4.92 }, "geometry": { "type": "Polygon", "coordinates": [ [ [ 106.682187969247806, 10.773121477049628 ], [ 106.682924971360947, 10.773080920253214 ], [ 106.682924971360947, 10.77376158754921 ], [ 106.682187969247806, 10.773802146786133 ], [ 106.682187969247806, 10.773121477049628 ] ] ] } },
{ "type": "Feature", "properties": { "s2": "31752f2404", "resolution": 17, "center_lat": 10.774122204009929, "center_lon": 106.68255647008419, "avg_edge_len": 78.011020706981896, "cell_area": 6068.9295115768909, "cell_perimeter": 312.04408282792758, "code": "770", "name": "Quận 3", "name_en": "District 3", "level": "Quận", "prov_code": "79", "prov_name": "Thành phố Hồ Chí Minh", "region": "Đông Nam Bộ", "pop_2019": 190375.0, "pop_dens": 38852.0, "area": 4.92 }, "geometry": { "type": "Polygon", "coordinates": [ [ [ 106.682187969247806, 10.773802146786133 ], [ 106.682924971360947, 10.77376158754921 ], [ 106.682924971360947, 10.774442259989229 ], [ 106.682187969247806, 10.774482821666663 ], [ 106.682187969247806, 10.773802146786133 ] ] ] } },
{ "type": "Feature", "properties": { "s2": "31752f240c", "resolution": 17, "center_lat": 10.774081642608609, "center_lon": 106.68329347343648, "avg_edge_len": 78.011032136457487, "cell_area": 6068.9289591610432, "cell_perimeter": 312.04412854582995, "code": "770", "name": "Quận 3", "name_en": "District 3", "level": "Quận", "prov_code": "79", "prov_name": "Thành phố Hồ Chí Minh", "region": "Đông Nam Bộ", "pop_2019": 190375.0, "pop_dens": 38852.0, "area": 4.92 }, "geometry": { "type": "Polygon", "coordinates": [ [ [ 106.682924971360947, 10.77376158754921 ], [ 106.683661975952418, 10.773721026424059 ], [ 106.683661975952418, 10.774401696423455 ], [ 106.682924971360947, 10.774442259989229 ], [ 106.682924971360947, 10.77376158754921 ] ] ] } },
{ "type": "Feature", "properties": { "s2": "31752f2414", "resolution": 17, "center_lat": 10.774762316400189, "center_lon": 106.68329347343645, "avg_edge_len": 78.011235390965822, "cell_area": 6068.9614512324333, "cell_perimeter": 312.04494156386329, "code": "770", "name": "Quận 3", "name_en": "District 3", "level": "Quận", "prov_code": "79", "prov_name": "Thành phố Hồ Chí Minh", "region": "Đông Nam Bộ", "pop_2019": 190375.0, "pop_dens": 38852.0, "area": 4.92 }, "geometry": { "type": "Polygon", "coordinates": [ [ [ 106.682924971360947, 10.774442259989229 ], [ 106.683661975952418, 10.774401696423455 ], [ 106.683661975952418, 10.775082371566599 ], [ 106.682924971360947, 10.775122937572993 ], [ 106.682924971360947, 10.774442259989229 ] ] ] } },
{ "type": "Feature", "properties": { "s2": "31752f241c", "resolution": 17, "center_lat": 10.774802880242076, "center_lon": 106.68255647008418, "avg_edge_len": 78.011223960263223, "cell_area": 6068.9620101451874, "cell_perimeter": 312.04489584105289, "code": "770", "name": "Quận 3", "name_en": "District 3", "level": "Quận", "prov_code": "79", "prov_name": "Thành phố Hồ Chí Minh", "region": "Đông Nam Bộ", "pop_2019": 190375.0, "pop_dens": 38852.0, "area": 4.92 }, "geometry": { "type": "Polygon", "coordinates": [ [ [ 106.682187969247806, 10.774482821666663 ], [ 106.682924971360947, 10.774442259989229 ], [ 106.682924971360947, 10.775122937572993 ], [ 106.682187969247806, 10.775163501690932 ], [ 106.682187969247806, 10.774482821666663 ] ] ] } },
{ "type": "Feature", "properties": { "s2": "31752f2424", "resolution": 17, "center_lat": 10.77548356161782, "center_lon": 106.68255647008418, "avg_edge_len": 78.011427191746805, "cell_area": 6068.9944975823164, "cell_perimeter": 312.04570876698722, "code": "770", "name": "Quận 3", "name_en": "District 3", "level": "Quận", "prov_code": "79", "prov_name": "Thành phố Hồ Chí Minh", "region": "Đông Nam Bộ", "pop_2019": 190375.0, "pop_dens": 38852.0, "area": 4.92 }, "geometry": { "type": "Polygon", "coordinates": [ [ [ 106.682187969247806, 10.775163501690932 ], [ 106.682924971360947, 10.775122937572993 ], [ 106.682924971360947, 10.77580362030022 ], [ 106.682187969247806, 10.775844186858654 ], [ 106.682187969247806, 10.775163501690932 ] ] ] } },
{ "type": "Feature", "properties": { "s2": "31752f242c", "resolution": 17, "center_lat": 10.776164248136885, "center_lon": 106.68255647008419, "avg_edge_len": 78.011630402403654, "cell_area": 6069.0269884765148, "cell_perimeter": 312.04652160961462, "code": "770", "name": "Quận 3", "name_en": "District 3", "level": "Quận", "prov_code": "79", "prov_name": "Thành phố Hồ Chí Minh", "region": "Đông Nam Bộ", "pop_2019": 190375.0, "pop_dens": 38852.0, "area": 4.92 }, "geometry": { "type": "Polygon", "coordinates": [ [ [ 106.682187969247806, 10.775844186858654 ], [ 106.682924971360947, 10.77580362030022 ], [ 106.682924971360947, 10.776484308170627 ], [ 106.682187969247806, 10.776524877169557 ], [ 106.682187969247806, 10.775844186858654 ] ] ] } },
{ "type": "Feature", "properties": { "s2": "31752f2434", "resolution": 17, "center_lat": 10.776123679413892, "center_lon": 106.68329347343646, "avg_edge_len": 78.0116418361781, "cell_area": 6069.0264386236668, "cell_perimeter": 312.0465673447124, "code": "770", "name": "Quận 3", "name_en": "District 3", "level": "Quận", "prov_code": "79", "prov_name": "Thành phố Hồ Chí Minh", "region": "Đông Nam Bộ", "pop_2019": 190375.0, "pop_dens": 38852.0, "area": 4.92 }, "geometry": { "type": "Polygon", "coordinates": [ [ [ 106.682924971360947, 10.77580362030022 ], [ 106.683661975952418, 10.775763051853215 ], [ 106.683661975952418, 10.77644373728301 ], [ 106.682924971360947, 10.776484308170627 ], [ 106.682924971360947, 10.77580362030022 ] ] ] } },
{ "type": "Feature", "properties": { "s2": "31752f243c", "resolution": 17, "center_lat": 10.77544299533538, "center_lon": 106.68329347343648, "avg_edge_len": 78.011438624338339, "cell_area": 6068.9939438551664, "cell_perimeter": 312.04575449735336, "code": "770", "name": "Quận 3", "name_en": "District 3", "level": "Quận", "prov_code": "79", "prov_name": "Thành phố Hồ Chí Minh", "region": "Đông Nam Bộ", "pop_2019": 190375.0, "pop_dens": 38852.0, "area": 4.92 }, "geometry": { "type": "Polygon", "coordinates": [ [ [ 106.682924971360947, 10.775122937572993 ], [ 106.683661975952418, 10.775082371566599 ], [ 106.683661975952418, 10.775763051853215 ], [ 106.682924971360947, 10.77580362030022 ], [ 106.682924971360947, 10.775122937572993 ] ] ] } },
{ "type": "Feature", "properties": { "s2": "31752f2444", "resolution": 17, "center_lat": 10.77540242716443, "center_lon": 106.68403047926689, "avg_edge_len": 78.01145003054674, "cell_area": 6068.9933853894472, "cell_perimeter": 312.04580012218696, "code": "770", "name": "Quận 3", "name_en": "District 3", "level": "Quận", "prov_code": "79", "prov_name": "Thành phố Hồ Chí Minh", "region": "Đông Nam Bộ", "pop_2019": 190375.0, "pop_dens": 38852.0, "area": 4.92 }, "geometry": { "type": "Polygon", "coordinates": [ [ [ 106.683661975952418, 10.775082371566599 ], [ 106.684398983021836, 10.775041803671764 ], [ 106.684398983021836, 10.775722481517647 ], [ 106.683661975952418, 10.775763051853215 ], [ 106.683661975952418, 10.775082371566599 ] ] ] } },
{ "type": "Feature", "properties": { "s2": "31752f244c", "resolution": 17, "center_lat": 10.776083108802272, "center_lon": 106.68403047926691, "avg_edge_len": 78.011653243569299, "cell_area": 6069.0258757323027, "cell_perimeter": 312.0466129742772, "code": "770", "name": "Quận 3", "name_en": "District 3", "level": "Quận", "prov_code": "79", "prov_name": "Thành phố Hồ Chí Minh", "region": "Đông Nam Bộ", "pop_2019": 190375.0, "pop_dens": 38852.0, "area": 4.92 }, "geometry": { "type": "Polygon", "coordinates": [ [ [ 106.683661975952418, 10.775763051853215 ], [ 106.684398983021836, 10.775722481517647 ], [ 106.684398983021836, 10.77640316450672 ], [ 106.683661975952418, 10.77644373728301 ], [ 106.683661975952418, 10.775763051853215 ] ] ] } },
{ "type": "Feature", "properties": { "s2": "31752f2454", "resolution": 17, "center_lat": 10.77604253630204, "center_lon": 106.68476748757512, "avg_edge_len": 78.011664625459588, "cell_area": 6069.0253120660782, "cell_perimeter": 312.04665850183835, "code": "770", "name": "Quận 3", "name_en": "District 3", "level": "Quận", "prov_code": "79", "prov_name": "Thành phố Hồ Chí Minh", "region": "Đông Nam Bộ", "pop_2019": 190375.0, "pop_dens": 38852.0, "area": 4.92 }, "geometry": { "type": "Polygon", "coordinates": [ [ [ 106.684398983021836, 10.775722481517647 ], [ 106.68513599256886, 10.77568190929353 ], [ 106.68513599256886, 10.77636258984176 ], [ 106.684398983021836, 10.77640316450672 ], [ 106.684398983021836, 10.775722481517647 ] ] ] } },
{ "type": "Feature", "properties": { "s2": "31752f245c", "resolution": 17, "center_lat": 10.775361857104979, "center_lon": 106.68476748757509, "avg_edge_len": 78.011461411210064, "cell_area": 6068.9928207993507, "cell_perimeter": 312.04584564484026, "code": "770", "name": "Quận 3", "name_en": "District 3", "level": "Quận", "prov_code": "79", "prov_name": "Thành phố Hồ Chí Minh", "region": "Đông Nam Bộ", "pop_2019": 190375.0, "pop_dens": 38852.0, "area": 4.92 }, "geometry": { "type": "Polygon", "coordinates": [ [ [ 106.684398983021836, 10.775041803671764 ], [ 106.68513599256886, 10.775001233888487 ], [ 106.68513599256886, 10.77568190929353 ], [ 106.684398983021836, 10.775722481517647 ], [ 106.684398983021836, 10.775041803671764 ] ] ] } },
{ "type": "Feature", "properties": { "s2": "31752f2464", "resolution": 17, "center_lat": 10.774681183051255, "center_lon": 106.68476748757509, "avg_edge_len": 78.011258175515792, "cell_area": 6068.9603307545185, "cell_perimeter": 312.04503270206317, "code": "770", "name": "Quận 3", "name_en": "District 3", "level": "Quận", "prov_code": "79", "prov_name": "Thành phố Hồ Chí Minh", "region": "Đông Nam Bộ", "pop_2019": 190375.0, "pop_dens": 38852.0, "area": 4.92 }, "geometry": { "type": "Polygon", "coordinates": [ [ [ 106.684398983021836, 10.774361130969352 ], [ 106.68513599256886, 10.774320563626922 ], [ 106.68513599256886, 10.775001233888487 ], [ 106.684398983021836, 10.775041803671764 ], [ 106.684398983021836, 10.774361130969352 ] ] ] } },
{ "type": "Feature", "properties": { "s2": "31752f246c", "resolution": 17, "center_lat": 10.774721750669915, "center_lon": 106.68403047926688, "avg_edge_len": 78.011246795417577, "cell_area": 6068.9608924388885, "cell_perimeter": 312.04498718167031, "code": "770", "name": "Quận 3", "name_en": "District 3", "level": "Quận", "prov_code": "79", "prov_name": "Thành phố Hồ Chí Minh", "region": "Đông Nam Bộ", "pop_2019": 190375.0, "pop_dens": 38852.0, "area": 4.92 }, "geometry": { "type": "Polygon", "coordinates": [ [ [ 106.683661975952418, 10.774401696423455 ], [ 106.684398983021836, 10.774361130969352 ], [ 106.684398983021836, 10.775041803671764 ], [ 106.683661975952418, 10.775082371566599 ], [ 106.683661975952418, 10.774401696423455 ] ] ] } },
{ "type": "Feature", "properties": { "s2": "31752f2474", "resolution": 17, "center_lat": 10.774041079319007, "center_lon": 106.68403047926689, "avg_edge_len": 78.011043539329577, "cell_area": 6068.9283967912197, "cell_perimeter": 312.04417415731831, "code": "770", "name": "Quận 3", "name_en": "District 3", "level": "Quận", "prov_code": "79", "prov_name": "Thành phố Hồ Chí Minh", "region": "Đông Nam Bộ", "pop_2019": 190375.0, "pop_dens": 38852.0, "area": 4.92 }, "geometry": { "type": "Polygon", "coordinates": [ [ [ 106.683661975952418, 10.773721026424059 ], [ 106.684398983021836, 10.77368046341069 ], [ 106.684398983021836, 10.774361130969352 ], [ 106.683661975952418, 10.774401696423455 ], [ 106.683661975952418, 10.773721026424059 ] ] ] } },
{ "type": "Feature", "properties": { "s2": "31752f247c", "resolution": 17, "center_lat": 10.774000514141143, "center_lon": 106.68476748757509, "avg_edge_len": 78.01105491842111, "cell_area": 6068.9278294444084, "cell_perimeter": 312.04421967368444, "code": "770", "name": "Quận 3", "name_en": "District 3", "level": "Quận", "prov_code": "79", "prov_name": "Thành phố Hồ Chí Minh", "region": "Đông Nam Bộ", "pop_2019": 190375.0, "pop_dens": 38852.0, "area": 4.92 }, "geometry": { "type": "Polygon", "coordinates": [ [ [ 106.684398983021836, 10.77368046341069 ], [ 106.68513599256886, 10.773639898509115 ], [ 106.68513599256886, 10.774320563626922 ], [ 106.684398983021836, 10.774361130969352 ], [ 106.684398983021836, 10.77368046341069 ] ] ] } },
{ "type": "Feature", "properties": { "s2": "31752f2484", "resolution": 17, "center_lat": 10.773959947075012, "center_lon": 106.68550449836074, "avg_edge_len": 78.011066270379885, "cell_area": 6068.9272620379925, "cell_perimeter": 312.04426508151954, "code": "770", "name": "Quận 3", "name_en": "District 3", "level": "Quận", "prov_code": "79", "prov_name": "Thành phố Hồ Chí Minh", "region": "Đông Nam Bộ", "pop_2019": 190375.0, "pop_dens": 38852.0, "area": 4.92 }, "geometry": { "type": "Polygon", "coordinates": [ [ [ 106.68513599256886, 10.773639898509115 ], [ 106.685873004593105, 10.773599331719337 ], [ 106.685873004593105, 10.774279994396178 ], [ 106.68513599256886, 10.774320563626922 ], [ 106.68513599256886, 10.773639898509115 ] ] ] } },
{ "type": "Feature", "properties": { "s2": "31752f248c", "resolution": 17, "center_lat": 10.774640613544218, "center_lon": 106.68550449836073, "avg_edge_len": 78.011269528657309, "cell_area": 6068.9597648829222, "cell_perimeter": 312.04507811462923, "code": "770", "name": "Quận 3", "name_en": "District 3", "level": "Quận", "prov_code": "79", "prov_name": "Thành phố Hồ Chí Minh", "region": "Đông Nam Bộ", "pop_2019": 190375.0, "pop_dens": 38852.0, "area": 4.92 }, "geometry": { "type": "Polygon", "coordinates": [ [ [ 106.68513599256886, 10.774320563626922 ], [ 106.685873004593105, 10.774279994396178 ], [ 106.685873004593105, 10.774960662216779 ], [ 106.68513599256886, 10.775001233888487 ], [ 106.68513599256886, 10.774320563626922 ] ] ] } },
{ "type": "Feature", "properties": { "s2": "31752f2494", "resolution": 17, "center_lat": 10.77460004214881, "center_lon": 106.68624151162342, "avg_edge_len": 78.011280856077349, "cell_area": 6068.9591958285191, "cell_perimeter": 312.04512342430939, "code": "770", "name": "Quận 3", "name_en": "District 3", "level": "Quận", "prov_code": "79", "prov_name": "Thành phố Hồ Chí Minh", "region": "Đông Nam Bộ", "pop_2019": 190375.0, "pop_dens": 38852.0, "area": 4.92 }, "geometry": { "type": "Polygon", "coordinates": [ [ [ 106.685873004593105, 10.774279994396178 ], [ 106.686610019094203, 10.774239423277127 ], [ 106.686610019094218, 10.774920088656648 ], [ 106.685873004593105, 10.774960662216779 ], [ 106.685873004593105, 10.774279994396178 ] ] ] } },
{ "type": "Feature", "properties": { "s2": "31752f249c", "resolution": 17, "center_lat": 10.773919378120629, "center_lon": 106.68624151162339, "avg_edge_len": 78.011077596793584, "cell_area": 6068.9266868344175, "cell_perimeter": 312.04431038717433, "code": "770", "name": "Quận 3", "name_en": "District 3", "level": "Quận", "prov_code": "79", "prov_name": "Thành phố Hồ Chí Minh", "region": "Đông Nam Bộ", "pop_2019": 190375.0, "pop_dens": 38852.0, "area": 4.92 }, "geometry": { "type": "Polygon", "coordinates": [ [ [ 106.685873004593105, 10.773599331719337 ], [ 106.686610019094218, 10.773558763041368 ], [ 106.686610019094203, 10.774239423277127 ], [ 106.685873004593105, 10.774279994396178 ], [ 106.685873004593105, 10.773599331719337 ] ] ] } },
{ "type": "Feature", "properties": { "s2": "31752f24a4", "resolution": 17, "center_lat": 10.773878807277999, "center_lon": 106.68697852736273, "avg_edge_len": 78.011088897088612, "cell_area": 6068.9261166342867, "cell_perimeter": 312.04435558835445, "code": "770", "name": "Quận 3", "name_en": "District 3", "level": "Quận", "prov_code": "79", "prov_name": "Thành phố Hồ Chí Minh", "region": "Đông Nam Bộ", "pop_2019": 190375.0, "pop_dens": 38852.0, "area": 4.92 }, "geometry": { "type": "Polygon", "coordinates": [ [ [ 106.686610019094218, 10.773558763041368 ], [ 106.687347036071813, 10.773518192475214 ], [ 106.687347036071813, 10.774198850269775 ], [ 106.686610019094203, 10.774239423277127 ], [ 106.686610019094218, 10.773558763041368 ] ] ] } },
{ "type": "Feature", "properties": { "s2": "31752f24ac", "resolution": 17, "center_lat": 10.77383823454713, "center_lon": 106.6877155455784, "avg_edge_len": 78.01110017139797, "cell_area": 6068.9255336374044, "cell_perimeter": 312.04440068559188, "code": "770", "name": "Quận 3", "name_en": "District 3", "level": "Quận", "prov_code": "79", "prov_name": "Thành phố Hồ Chí Minh", "region": "Đông Nam Bộ", "pop_2019": 190375.0, "pop_dens": 38852.0, "area": 4.92 }, "geometry": { "type": "Polygon", "coordinates": [ [ [ 106.687347036071813, 10.773518192475214 ], [ 106.688084055525536, 10.773477620020882 ], [ 106.688084055525536, 10.774158275374129 ], [ 106.687347036071813, 10.774198850269775 ], [ 106.687347036071813, 10.773518192475214 ] ] ] } },
{ "type": "Feature", "properties": { "s2": "31752f24b4", "resolution": 17, "center_lat": 10.774518893692919, "center_lon": 106.6877155455784, "avg_edge_len": 78.011303433091626, "cell_area": 6068.9580323249102, "cell_perimeter": 312.04521373236651, "code": "770", "name": "Quận 3", "name_en": "District 3", "level": "Quận", "prov_code": "79", "prov_name": "Thành phố Hồ Chí Minh", "region": "Đông Nam Bộ", "pop_2019": 190375.0, "pop_dens": 38852.0, "area": 4.92 }, "geometry": { "type": "Polygon", "coordinates": [ [ [ 106.687347036071813, 10.774198850269775 ], [ 106.688084055525536, 10.774158275374129 ], [ 106.688084055525536, 10.774838935871152 ], [ 106.687347036071813, 10.774879513208102 ], [ 106.687347036071813, 10.774198850269775 ] ] ] } },
{ "type": "Feature", "properties": { "s2": "31752f24bc", "resolution": 17, "center_lat": 10.774559468865037, "center_lon": 106.68697852736273, "avg_edge_len": 78.011292157687862, "cell_area": 6068.9586143135211, "cell_perimeter": 312.04516863075145, "code": "770", "name": "Quận 3", "name_en": "District 3", "level": "Quận", "prov_code": "79", "prov_name": "Thành phố Hồ Chí Minh", "region": "Đông Nam Bộ", "pop_2019": 190375.0, "pop_dens": 38852.0, "area": 4.92 }, "geometry": { "type": "Polygon", "coordinates": [ [ [ 106.686610019094203, 10.774239423277127 ], [ 106.687347036071813, 10.774198850269775 ], [ 106.687347036071813, 10.774879513208102 ], [ 106.686610019094218, 10.774920088656648 ], [ 106.686610019094203, 10.774239423277127 ] ] ] } },
{ "type": "Feature", "properties": { "s2": "31752f24c4", "resolution": 17, "center_lat": 10.775240135595709, "center_lon": 106.68697852736273, "avg_edge_len": 78.011495396886787, "cell_area": 6068.9911062717438, "cell_perimeter": 312.04598158754715, "code": "770", "name": "Quận 3", "name_en": "District 3", "level": "Quận", "prov_code": "79", "prov_name": "Thành phố Hồ Chí Minh", "region": "Đông Nam Bộ", "pop_2019": 190375.0, "pop_dens": 38852.0, "area": 4.92 }, "geometry": { "type": "Polygon", "coordinates": [ [ [ 106.686610019094218, 10.774920088656648 ], [ 106.687347036071813, 10.774879513208102 ], [ 106.687347036071813, 10.775560181289924 ], [ 106.686610019094218, 10.775600759179657 ], [ 106.686610019094218, 10.774920088656648 ] ] ] } },
{ "type": "Feature", "properties": { "s2": "31752f24cc", "resolution": 17, "center_lat": 10.775199557982338, "center_lon": 106.68771554557837, "avg_edge_len": 78.011506673517701, "cell_area": 6068.9905285984278, "cell_perimeter": 312.0460266940708, "code": "770", "name": "Quận 3", "name_en": "District 3", "level": "Quận", "prov_code": "79", "prov_name": "Thành phố Hồ Chí Minh", "region": "Đông Nam Bộ", "pop_2019": 190375.0, "pop_dens": 38852.0, "area": 4.92 }, "geometry": { "type": "Polygon", "coordinates": [ [ [ 106.687347036071813, 10.774879513208102 ], [ 106.688084055525536, 10.774838935871152 ], [ 106.688084055525536, 10.775519601511666 ], [ 106.687347036071813, 10.775560181289924 ], [ 106.687347036071813, 10.774879513208102 ] ] ] } },
{ "type": "Feature", "properties": { "s2": "31752f24d4", "resolution": 17, "center_lat": 10.775880227415112, "center_lon": 106.68771554557841, "avg_edge_len": 78.011709892675128, "cell_area": 6069.0230136215687, "cell_perimeter": 312.04683957070051, "code": "770", "name": "Quận 3", "name_en": "District 3", "level": "Quận", "prov_code": "79", "prov_name": "Thành phố Hồ Chí Minh", "region": "Đông Nam Bộ", "pop_2019": 190375.0, "pop_dens": 38852.0, "area": 4.92 }, "geometry": { "type": "Polygon", "coordinates": [ [ [ 106.687347036071813, 10.775560181289924 ], [ 106.688084055525536, 10.775519601511666 ], [ 106.688084055525536, 10.776200272295393 ], [ 106.687347036071813, 10.776240854514947 ], [ 106.687347036071813, 10.775560181289924 ] ] ] } },
{ "type": "Feature", "properties": { "s2": "31752f24dc", "resolution": 17, "center_lat": 10.775920807469728, "center_lon": 106.68697852736274, "avg_edge_len": 78.011698614993904, "cell_area": 6069.0235983684552, "cell_perimeter": 312.04679445997562, "code": "770", "name": "Quận 3", "name_en": "District 3", "level": "Quận", "prov_code": "79", "prov_name": "Thành phố Hồ Chí Minh", "region": "Đông Nam Bộ", "pop_2019": 190375.0, "pop_dens": 38852.0, "area": 4.92 }, "geometry": { "type": "Polygon", "coordinates": [ [ [ 106.686610019094218, 10.775600759179657 ], [ 106.687347036071813, 10.775560181289924 ], [ 106.687347036071813, 10.776240854514947 ], [ 106.686610019094203, 10.776281434845867 ], [ 106.686610019094218, 10.775600759179657 ] ] ] } },
{ "type": "Feature", "properties": { "s2": "31752f24e4", "resolution": 17, "center_lat": 10.775961385635757, "center_lon": 106.68624151162339, "avg_edge_len": 78.011687311061834, "cell_area": 6069.0241738155592, "cell_perimeter": 312.04674924424734, "code": "770", "name": "Quận 3", "name_en": "District 3", "level": "Quận", "prov_code": "79", "prov_name": "Thành phố Hồ Chí Minh", "region": "Đông Nam Bộ", "pop_2019": 190375.0, "pop_dens": 38852.0, "area": 4.92 }, "geometry": { "type": "Polygon", "coordinates": [ [ [ 106.685873004593105, 10.775641335180861 ], [ 106.686610019094218, 10.775600759179657 ], [ 106.686610019094203, 10.776281434845867 ], [ 106.685873004593105, 10.776322013288139 ], [ 106.685873004593105, 10.775641335180861 ] ] ] } },
{ "type": "Feature", "properties": { "s2": "31752f24ec", "resolution": 17, "center_lat": 10.775280711320612, "center_lon": 106.68624151162339, "avg_edge_len": 78.011484094313801, "cell_area": 6068.9916815459728, "cell_perimeter": 312.0459363772552, "code": "770", "name": "Quận 3", "name_en": "District 3", "level": "Quận", "prov_code": "79", "prov_name": "Thành phố Hồ Chí Minh", "region": "Đông Nam Bộ", "pop_2019": 190375.0, "pop_dens": 38852.0, "area": 4.92 }, "geometry": { "type": "Polygon", "coordinates": [ [ [ 106.685873004593105, 10.774960662216779 ], [ 106.686610019094218, 10.774920088656648 ], [ 106.686610019094218, 10.775600759179657 ], [ 106.685873004593105, 10.775641335180861 ], [ 106.685873004593105, 10.774960662216779 ] ] ] } },
{ "type": "Feature", "properties": { "s2": "31752f24f4", "resolution": 17, "center_lat": 10.775321285157037, "center_lon": 106.68550449836073, "avg_edge_len": 78.011472765402061, "cell_area": 6068.9922539293766, "cell_perimeter": 312.04589106160824, "code": "770", "name": "Quận 3", "name_en": "District 3", "level": "Quận", "prov_code": "79", "prov_name": "Thành phố Hồ Chí Minh", "region": "Đông Nam Bộ", "pop_2019": 190375.0, "pop_dens": 38852.0, "area": 4.92 }, "geometry": { "type": "Polygon", "coordinates": [ [ [ 106.68513599256886, 10.775001233888487 ], [ 106.685873004593105, 10.774960662216779 ], [ 106.685873004593105, 10.775641335180861 ], [ 106.68513599256886, 10.77568190929353 ], [ 106.68513599256886, 10.775001233888487 ] ] ] } },
{ "type": "Feature", "properties": { "s2": "31752f24fc", "resolution": 17, "center_lat": 10.776001961913195, "center_lon": 106.68550449836074, "avg_edge_len": 78.011675980834667, "cell_area": 6069.0247459262609, "cell_perimeter": 312.04670392333867, "code": "770", "name": "Quận 3", "name_en": "District 3", "level": "Quận", "prov_code": "79", "prov_name": "Thành phố Hồ Chí Minh", "region": "Đông Nam Bộ", "pop_2019": 190375.0, "pop_dens": 38852.0, "area": 4.92 }, "geometry": { "type": "Polygon", "coordinates": [ [ [ 106.68513599256886, 10.77568190929353 ], [ 106.685873004593105, 10.775641335180861 ], [ 106.685873004593105, 10.776322013288139 ], [ 106.68513599256886, 10.77636258984176 ], [ 106.68513599256886, 10.77568190929353 ] ] ] } },
{ "type": "Feature", "properties": { "s2": "31752f2504", "resolution": 17, "center_lat": 10.776682643812409, "center_lon": 106.68550449836073, "avg_edge_len": 78.011879175572858, "cell_area": 6069.0572299659252, "cell_perimeter": 312.04751670229143, "code": "770", "name": "Quận 3", "name_en": "District 3", "level": "Quận", "prov_code": "79", "prov_name": "Thành phố Hồ Chí Minh", "region": "Đông Nam Bộ", "pop_2019": 190375.0, "pop_dens": 38852.0, "area": 4.92 }, "geometry": { "type": "Polygon", "coordinates": [ [ [ 106.68513599256886, 10.77636258984176 ], [ 106.685873004593105, 10.776322013288139 ], [ 106.685873004593105, 10.777002696538332 ], [ 106.68513599256886, 10.777043275532902 ], [ 106.68513599256886, 10.77636258984176 ] ] ] } },
{ "type": "Feature", "properties": { "s2": "31752f250c", "resolution": 17, "center_lat": 10.777363330854392, "center_lon": 106.68550449836073, "avg_edge_len": 78.012082348116252, "cell_area": 6069.0897141993046, "cell_perimeter": 312.04832939246501, "code": "770", "name": "Quận 3", "name_en": "District 3", "level": "Quận", "prov_code": "79", "prov_name": "Thành phố Hồ Chí Minh", "region": "Đông Nam Bộ", "pop_2019": 190375.0, "pop_dens": 38852.0, "area": 4.92 }, "geometry": { "type": "Polygon", "coordinates": [ [ [ 106.68513599256886, 10.777043275532902 ], [ 106.685873004593105, 10.777002696538332 ], [ 106.685873004593105, 10.777683384931155 ], [ 106.68513599256886, 10.777723966366672 ], [ 106.68513599256886, 10.777043275532902 ] ] ] } },
{ "type": "Feature", "properties": { "s2": "31752f2514", "resolution": 17, "center_lat": 10.777322749694935, "center_lon": 106.68624151162341, "avg_edge_len": 78.012093680797392, "cell_area": 6069.0891428739878, "cell_perimeter": 312.04837472318957, "code": "770", "name": "Quận 3", "name_en": "District 3", "level": "Quận", "prov_code": "79", "prov_name": "Thành phố Hồ Chí Minh", "region": "Đông Nam Bộ", "pop_2019": 190375.0, "pop_dens": 38852.0, "area": 4.92 }, "geometry": { "type": "Polygon", "coordinates": [ [ [ 106.685873004593105, 10.777002696538332 ], [ 106.686610019094218, 10.776962115654992 ], [ 106.686610019094203, 10.777642801606758 ], [ 106.685873004593105, 10.777683384931155 ], [ 106.685873004593105, 10.777002696538332 ] ] ] } },
{ "type": "Feature", "properties": { "s2": "31752f251c", "resolution": 17, "center_lat": 10.776642065093963, "center_lon": 106.68624151162341, "avg_edge_len": 78.011890506850207, "cell_area": 6069.0566595918854, "cell_perimeter": 312.04756202740083, "code": "770", "name": "Quận 3", "name_en": "District 3", "level": "Quận", "prov_code": "79", "prov_name": "Thành phố Hồ Chí Minh", "region": "Đông Nam Bộ", "pop_2019": 190375.0, "pop_dens": 38852.0, "area": 4.92 }, "geometry": { "type": "Polygon", "coordinates": [ [ [ 106.685873004593105, 10.776322013288139 ], [ 106.686610019094203, 10.776281434845867 ], [ 106.686610019094218, 10.776962115654992 ], [ 106.685873004593105, 10.777002696538332 ], [ 106.685873004593105, 10.776322013288139 ] ] ] } },
{ "type": "Feature", "properties": { "s2": "31752f2524", "resolution": 17, "center_lat": 10.776601484486804, "center_lon": 106.68697852736277, "avg_edge_len": 78.011901812141744, "cell_area": 6069.0560829066317, "cell_perimeter": 312.04760724856698, "code": "770", "name": "Quận 3", "name_en": "District 3", "level": "Quận", "prov_code": "79", "prov_name": "Thành phố Hồ Chí Minh", "region": "Đông Nam Bộ", "pop_2019": 190375.0, "pop_dens": 38852.0, "area": 4.92 }, "geometry": { "type": "Polygon", "coordinates": [ [ [ 106.686610019094203, 10.776281434845867 ], [ 106.687347036071813, 10.776240854514947 ], [ 106.687347036071813, 10.776921532882897 ], [ 106.686610019094218, 10.776962115654992 ], [ 106.686610019094203, 10.776281434845867 ] ] ] } },
{ "type": "Feature", "properties": { "s2": "31752f252c", "resolution": 17, "center_lat": 10.776560901990951, "center_lon": 106.6877155455784, "avg_edge_len": 78.01191309113851, "cell_area": 6069.0555064231157, "cell_perimeter": 312.04765236455404, "code": "770", "name": "Quận 3", "name_en": "District 3", "level": "Quận", "prov_code": "79", "prov_name": "Thành phố Hồ Chí Minh", "region": "Đông Nam Bộ", "pop_2019": 190375.0, "pop_dens": 38852.0, "area": 4.92 }, "geometry": { "type": "Polygon", "coordinates": [ [ [ 106.687347036071813, 10.776240854514947 ], [ 106.688084055525536, 10.776200272295393 ], [ 106.688084055525536, 10.776880948222047 ], [ 106.687347036071813, 10.776921532882897 ], [ 106.687347036071813, 10.776240854514947 ] ] ] } },
{ "type": "Feature", "properties": { "s2": "31752f2534", "resolution": 17, "center_lat": 10.777241581709573, "center_lon": 106.68771554557838, "avg_edge_len": 78.012116267980531, "cell_area": 6069.0879928767681, "cell_perimeter": 312.04846507192212, "code": "770", "name": "Quận 3", "name_en": "District 3", "level": "Quận", "prov_code": "79", "prov_name": "Thành phố Hồ Chí Minh", "region": "Đông Nam Bộ", "pop_2019": 190375.0, "pop_dens": 38852.0, "area": 4.92 }, "geometry": { "type": "Polygon", "coordinates": [ [ [ 106.687347036071813, 10.776921532882897 ], [ 106.688084055525536, 10.776880948222047 ], [ 106.688084055525536, 10.777561629291343 ], [ 106.687347036071813, 10.777602216393484 ], [ 106.687347036071813, 10.776921532882897 ] ] ] } },
{ "type": "Feature", "properties": { "s2": "31752f253c", "resolution": 17, "center_lat": 10.777282166646666, "center_lon": 106.68697852736274, "avg_edge_len": 78.01210498784522, "cell_area": 6069.0885692535785, "cell_perimeter": 312.04841995138088, "code": "770", "name": "Quận 3", "name_en": "District 3", "level": "Quận", "prov_code": "79", "prov_name": "Thành phố Hồ Chí Minh", "region": "Đông Nam Bộ", "pop_2019": 190375.0, "pop_dens": 38852.0, "area": 4.92 }, "geometry": { "type": "Polygon", "coordinates": [ [ [ 106.686610019094218, 10.776962115654992 ], [ 106.687347036071813, 10.776921532882897 ], [ 106.687347036071813, 10.777602216393484 ], [ 106.686610019094203, 10.777642801606758 ], [ 106.686610019094218, 10.776962115654992 ] ] ] } },
{ "type": "Feature", "properties": { "s2": "31752f2544", "resolution": 17, "center_lat": 10.777962853949017, "center_lon": 106.68697852736274, "avg_edge_len": 78.012308142148143, "cell_area": 6069.1210496127605, "cell_perimeter": 312.04923256859257, "code": "770", "name": "Quận 3", "name_en": "District 3", "level": "Quận", "prov_code": "79", "prov_name": "Thành phố Hồ Chí Minh", "region": "Đông Nam Bộ", "pop_2019": 190375.0, "pop_dens": 38852.0, "area": 4.92 }, "geometry": { "type": "Polygon", "coordinates": [ [ [ 106.686610019094203, 10.777642801606758 ], [ 106.687347036071813, 10.777602216393484 ], [ 106.687347036071813, 10.778282905046431 ], [ 106.686610019094203, 10.778323492700874 ], [ 106.686610019094203, 10.777642801606758 ] ] ] } },
{ "type": "Feature", "properties": { "s2": "31752f254c", "resolution": 17, "center_lat": 10.777922266570698, "center_lon": 106.6877155455784, "avg_edge_len": 78.012319423290037, "cell_area": 6069.1204660832882, "cell_perimeter": 312.04927769316015, "code": "770", "name": "Quận 3", "name_en": "District 3", "level": "Quận", "prov_code": "79", "prov_name": "Thành phố Hồ Chí Minh", "region": "Đông Nam Bộ", "pop_2019": 190375.0, "pop_dens": 38852.0, "area": 4.92 }, "geometry": { "type": "Polygon", "coordinates": [ [ [ 106.687347036071813, 10.777602216393484 ], [ 106.688084055525536, 10.777561629291343 ], [ 106.688084055525536, 10.778242315503004 ], [ 106.687347036071813, 10.778282905046431 ], [ 106.687347036071813, 10.777602216393484 ] ] ] } },
{ "type": "Feature", "properties": { "s2": "31752f2554", "resolution": 17, "center_lat": 10.778602956574041, "center_lon": 106.68771554557841, "avg_edge_len": 78.012522557066887, "cell_area": 6069.15294675529, "cell_perimeter": 312.05009022826755, "code": "770", "name": "Quận 3", "name_en": "District 3", "level": "Quận", "prov_code": "79", "prov_name": "Thành phố Hồ Chí Minh", "region": "Đông Nam Bộ", "pop_2019": 190375.0, "pop_dens": 38852.0, "area": 4.92 }, "geometry": { "type": "Polygon", "coordinates": [ [ [ 106.687347036071813, 10.778282905046431 ], [ 106.688084055525536, 10.778242315503004 ], [ 106.688084055525536, 10.778923006856742 ], [ 106.687347036071813, 10.778963598841449 ], [ 106.687347036071813, 10.778282905046431 ] ] ] } },
{ "type": "Feature", "properties": { "s2": "31752f255c", "resolution": 17, "center_lat": 10.778643546393582, "center_lon": 106.68697852736274, "avg_edge_len": 78.012511274565654, "cell_area": 6069.1535249501467, "cell_perimeter": 312.05004509826261, "code": "770", "name": "Quận 3", "name_en": "District 3", "level": "Quận", "prov_code": "79", "prov_name": "Thành phố Hồ Chí Minh", "region": "Đông Nam Bộ", "pop_2019": 190375.0, "pop_dens": 38852.0, "area": 4.92 }, "geometry": { "type": "Polygon", "coordinates": [ [ [ 106.686610019094203, 10.778323492700874 ], [ 106.687347036071813, 10.778282905046431 ], [ 106.687347036071813, 10.778963598841449 ], [ 106.686610019094203, 10.77900418893706 ], [ 106.686610019094203, 10.778323492700874 ] ] ] } },
{ "type": "Feature", "properties": { "s2": "31752f2564", "resolution": 17, "center_lat": 10.778684134324086, "center_lon": 106.68624151162339, "avg_edge_len": 78.012499964534484, "cell_area": 6069.1540946960449, "cell_perimeter": 312.04999985813794, "code": "770", "name": "Quận 3", "name_en": "District 3", "level": "Quận", "prov_code": "79", "prov_name": "Thành phố Hồ Chí Minh", "region": "Đông Nam Bộ", "pop_2019": 190375.0, "pop_dens": 38852.0, "area": 4.92 }, "geometry": { "type": "Polygon", "coordinates": [ [ [ 106.685873004593105, 10.778364078466328 ], [ 106.686610019094203, 10.778323492700874 ], [ 106.686610019094203, 10.77900418893706 ], [ 106.685873004593105, 10.779044777143568 ], [ 106.685873004593105, 10.778364078466328 ] ] ] } },
{ "type": "Feature", "properties": { "s2": "31752f256c", "resolution": 17, "center_lat": 10.778003439438409, "center_lon": 106.68624151162339, "avg_edge_len": 78.012296833079205, "cell_area": 6069.1216246187687, "cell_perimeter": 312.04918733231682, "code": "770", "name": "Quận 3", "name_en": "District 3", "level": "Quận", "prov_code": "79", "prov_name": "Thành phố Hồ Chí Minh", "region": "Đông Nam Bộ", "pop_2019": 190375.0, "pop_dens": 38852.0, "area": 4.92 }, "geometry": { "type": "Polygon", "coordinates": [ [ [ 106.685873004593105, 10.777683384931155 ], [ 106.686610019094203, 10.777642801606758 ], [ 106.686610019094203, 10.778323492700874 ], [ 106.685873004593105, 10.778364078466328 ], [ 106.685873004593105, 10.777683384931155 ] ] ] } },
{ "type": "Feature", "properties": { "s2": "31752f2574", "resolution": 17, "center_lat": 10.778044023038865, "center_lon": 106.68550449836074, "avg_edge_len": 78.012285499612403, "cell_area": 6069.1221961975098, "cell_perimeter": 312.04914199844961, "code": "770", "name": "Quận 3", "name_en": "District 3", "level": "Quận", "prov_code": "79", "prov_name": "Thành phố Hồ Chí Minh", "region": "Đông Nam Bộ", "pop_2019": 190375.0, "pop_dens": 38852.0, "area": 4.92 }, "geometry": { "type": "Polygon", "coordinates": [ [ [ 106.68513599256886, 10.777723966366672 ], [ 106.685873004593105, 10.777683384931155 ], [ 106.685873004593105, 10.778364078466328 ], [ 106.68513599256886, 10.778404662342785 ], [ 106.68513599256886, 10.777723966366672 ] ] ] } },
{ "type": "Feature", "properties": { "s2": "31752f257c", "resolution": 17, "center_lat": 10.77872472036554, "center_lon": 106.68550449836073, "avg_edge_len": 78.012488629796565, "cell_area": 6069.1546650677919, "cell_perimeter": 312.04995451918626, "code": "770", "name": "Quận 3", "name_en": "District 3", "level": "Quận", "prov_code": "79", "prov_name": "Thành phố Hồ Chí Minh", "region": "Đông Nam Bộ", "pop_2019": 190375.0, "pop_dens": 38852.0, "area": 4.92 }, "geometry": { "type": "Polygon", "coordinates": [ [ [ 106.68513599256886, 10.778404662342785 ], [ 106.685873004593105, 10.778364078466328 ], [ 106.685873004593105, 10.779044777143568 ], [ 106.68513599256886, 10.779085363460961 ], [ 106.68513599256886, 10.778404662342785 ] ] ] } },
{ "type": "Feature", "properties": { "s2": "31752f2584", "resolution": 17, "center_lat": 10.778765304517934, "center_lon": 106.68476748757512, "avg_edge_len": 78.012477269292972, "cell_area": 6069.1552339047194, "cell_perimeter": 312.04990907717189, "code": "770", "name": "Quận 3", "name_en": "District 3", "level": "Quận", "prov_code": "79", "prov_name": "Thành phố Hồ Chí Minh", "region": "Đông Nam Bộ", "pop_2019": 190375.0, "pop_dens": 38852.0, "area": 4.92 }, "geometry": { "type": "Polygon", "coordinates": [ [ [ 106.684398983021836, 10.778445244330237 ], [ 106.68513599256886, 10.778404662342785 ], [ 106.68513599256886, 10.779085363460961 ], [ 106.684398983021836, 10.779125947889233 ], [ 106.684398983021836, 10.778445244330237 ] ] ] } },
{ "type": "Feature", "properties": { "s2": "31752f258c", "resolution": 17, "center_lat": 10.778805886781257, "center_lon": 106.68403047926689, "avg_edge_len": 78.012465881612172, "cell_area": 6069.1557979434729, "cell_perimeter": 312.04986352644869, "code": "770", "name": "Quận 3", "name_en": "District 3", "level": "Quận", "prov_code": "79", "prov_name": "Thành phố Hồ Chí Minh", "region": "Đông Nam Bộ", "pop_2019": 190375.0, "pop_dens": 38852.0, "area": 4.92 }, "geometry": { "type": "Polygon", "coordinates": [ [ [ 106.683661975952418, 10.778485824428675 ], [ 106.684398983021836, 10.778445244330237 ], [ 106.684398983021836, 10.779125947889233 ], [ 106.683661975952418, 10.779166530428377 ], [ 106.683661975952418, 10.778485824428675 ] ] ] } },
{ "type": "Feature", "properties": { "s2": "31752f2594", "resolution": 17, "center_lat": 10.778125184572932, "center_lon": 106.68403047926691, "avg_edge_len": 78.012262754411637, "cell_area": 6069.1233222891842, "cell_perimeter": 312.04905101764655, "code": "770", "name": "Quận 3", "name_en": "District 3", "level": "Quận", "prov_code": "79", "prov_name": "Thành phố Hồ Chí Minh", "region": "Đông Nam Bộ", "pop_2019": 190375.0, "pop_dens": 38852.0, "area": 4.92 }, "geometry": { "type": "Polygon", "coordinates": [ [ [ 106.683661975952404, 10.777805123571023 ], [ 106.684398983021836, 10.777764545913298 ], [ 106.684398983021836, 10.778445244330237 ], [ 106.683661975952418, 10.778485824428675 ], [ 106.683661975952404, 10.777805123571023 ] ] ] } },
{ "type": "Feature", "properties": { "s2": "31752f259c", "resolution": 17, "center_lat": 10.778084604750378, "center_lon": 106.68476748757512, "avg_edge_len": 78.012274140380157, "cell_area": 6069.1227629482746, "cell_perimeter": 312.04909656152063, "code": "770", "name": "Quận 3", "name_en": "District 3", "level": "Quận", "prov_code": "79", "prov_name": "Thành phố Hồ Chí Minh", "region": "Đông Nam Bộ", "pop_2019": 190375.0, "pop_dens": 38852.0, "area": 4.92 }, "geometry": { "type": "Polygon", "coordinates": [ [ [ 106.684398983021836, 10.777764545913298 ], [ 106.68513599256886, 10.777723966366672 ], [ 106.68513599256886, 10.778404662342785 ], [ 106.684398983021836, 10.778445244330237 ], [ 106.684398983021836, 10.777764545913298 ] ] ] } },
{ "type": "Feature", "properties": { "s2": "31752f25a4", "resolution": 17, "center_lat": 10.777403910125019, "center_lon": 106.68476748757512, "avg_edge_len": 78.012070990419403, "cell_area": 6069.0902762115002, "cell_perimeter": 312.04828396167761, "code": "770", "name": "Quận 3", "name_en": "District 3", "level": "Quận", "prov_code": "79", "prov_name": "Thành phố Hồ Chí Minh", "region": "Đông Nam Bộ", "pop_2019": 190375.0, "pop_dens": 38852.0, "area": 4.92 }, "geometry": { "type": "Polygon", "coordinates": [ [ [ 106.684398983021836, 10.777083852638697 ], [ 106.68513599256886, 10.777043275532902 ], [ 106.68513599256886, 10.777723966366672 ], [ 106.684398983021836, 10.777764545913298 ], [ 106.684398983021836, 10.777083852638697 ] ] ] } },
{ "type": "Feature", "properties": { "s2": "31752f25ac", "resolution": 17, "center_lat": 10.776723220642143, "center_lon": 106.68476748757512, "avg_edge_len": 78.011867818794556, "cell_area": 6069.0578024834394, "cell_perimeter": 312.04747127517822, "code": "770", "name": "Quận 3", "name_en": "District 3", "level": "Quận", "prov_code": "79", "prov_name": "Thành phố Hồ Chí Minh", "region": "Đông Nam Bộ", "pop_2019": 190375.0, "pop_dens": 38852.0, "area": 4.92 }, "geometry": { "type": "Polygon", "coordinates": [ [ [ 106.684398983021836, 10.77640316450672 ], [ 106.68513599256886, 10.77636258984176 ], [ 106.68513599256886, 10.777043275532902 ], [ 106.684398983021836, 10.777083852638697 ], [ 106.684398983021836, 10.77640316450672 ] ] ] } },
{ "type": "Feature", "properties": { "s2": "31752f25b4", "resolution": 17, "center_lat": 10.776763795583161, "center_lon": 106.68403047926691, "avg_edge_len": 78.011856435015289, "cell_area": 6069.0583628714085, "cell_perimeter": 312.04742574006116, "code": "770", "name": "Quận 3", "name_en": "District 3", "level": "Quận", "prov_code": "79", "prov_name": "Thành phố Hồ Chí Minh", "region": "Đông Nam Bộ", "pop_2019": 190375.0, "pop_dens": 38852.0, "area": 4.92 }, "geometry": { "type": "Polygon", "coordinates": [ [ [ 106.683661975952418, 10.77644373728301 ], [ 106.684398983021836, 10.77640316450672 ], [ 106.684398983021836, 10.777083852638697 ], [ 106.683661975952418, 10.777124427855709 ], [ 106.683661975952418, 10.77644373728301 ] ] ] } },
{ "type": "Feature", "properties": { "s2": "31752f25bc", "resolution": 17, "center_lat": 10.777444487506807, "center_lon": 106.68403047926689, "avg_edge_len": 78.012059605501676, "cell_area": 6069.0908441263482, "cell_perimeter": 312.0482384220067, "code": "770", "name": "Quận 3", "name_en": "District 3", "level": "Quận", "prov_code": "79", "prov_name": "Thành phố Hồ Chí Minh", "region": "Đông Nam Bộ", "pop_2019": 190375.0, "pop_dens": 38852.0, "area": 4.92 }, "geometry": { "type": "Polygon", "coordinates": [ [ [ 106.683661975952418, 10.777124427855709 ], [ 106.684398983021836, 10.777083852638697 ], [ 106.684398983021836, 10.777764545913298 ], [ 106.683661975952404, 10.777805123571023 ], [ 106.683661975952418, 10.777124427855709 ] ] ] } },
{ "type": "Feature", "properties": { "s2": "31752f25c4", "resolution": 17, "center_lat": 10.777485062999746, "center_lon": 106.68329347343646, "avg_edge_len": 78.012048195259666, "cell_area": 6069.091400815244, "cell_perimeter": 312.04819278103867, "code": "770", "name": "Quận 3", "name_en": "District 3", "level": "Quận", "prov_code": "79", "prov_name": "Thành phố Hồ Chí Minh", "region": "Đông Nam Bộ", "pop_2019": 190375.0, "pop_dens": 38852.0, "area": 4.92 }, "geometry": { "type": "Polygon", "coordinates": [ [ [ 106.682924971360947, 10.777165001183926 ], [ 106.683661975952418, 10.777124427855709 ], [ 106.683661975952404, 10.777805123571023 ], [ 106.682924971360947, 10.777845699339842 ], [ 106.682924971360947, 10.777165001183926 ] ] ] } },
{ "type": "Feature", "properties": { "s2": "31752f25cc", "resolution": 17, "center_lat": 10.776804368635441, "center_lon": 106.68329347343648, "avg_edge_len": 78.011845026176303, "cell_area": 6069.0589187145233, "cell_perimeter": 312.04738010470521, "code": "770", "name": "Quận 3", "name_en": "District 3", "level": "Quận", "prov_code": "79", "prov_name": "Thành phố Hồ Chí Minh", "region": "Đông Nam Bộ", "pop_2019": 190375.0, "pop_dens": 38852.0, "area": 4.92 }, "geometry": { "type": "Polygon", "coordinates": [ [ [ 106.682924971360947, 10.776484308170627 ], [ 106.683661975952418, 10.77644373728301 ], [ 106.683661975952418, 10.777124427855709 ], [ 106.682924971360947, 10.777165001183926 ], [ 106.682924971360947, 10.776484308170627 ] ] ] } },
{ "type": "Feature", "properties": { "s2": "31752f25d4", "resolution": 17, "center_lat": 10.776844939798984, "center_lon": 106.68255647008417, "avg_edge_len": 78.011833591439796, "cell_area": 6069.0594763457775, "cell_perimeter": 312.04733436575918, "code": "770", "name": "Quận 3", "name_en": "District 3", "level": "Quận", "prov_code": "79", "prov_name": "Thành phố Hồ Chí Minh", "region": "Đông Nam Bộ", "pop_2019": 190375.0, "pop_dens": 38852.0, "area": 4.92 }, "geometry": { "type": "Polygon", "coordinates": [ [ [ 106.682187969247806, 10.776524877169557 ], [ 106.682924971360947, 10.776484308170627 ], [ 106.682924971360947, 10.777165001183926 ], [ 106.682187969247806, 10.777205572623346 ], [ 106.682187969247806, 10.776524877169557 ] ] ] } },
{ "type": "Feature", "properties": { "s2": "31752f25dc", "resolution": 17, "center_lat": 10.777525636603837, "center_lon": 106.68255647008418, "avg_edge_len": 78.012036759428227, "cell_area": 6069.0919589996338, "cell_perimeter": 312.04814703771291, "code": "770", "name": "Quận 3", "name_en": "District 3", "level": "Quận", "prov_code": "79", "prov_name": "Thành phố Hồ Chí Minh", "region": "Đông Nam Bộ", "pop_2019": 190375.0, "pop_dens": 38852.0, "area": 4.92 }, "geometry": { "type": "Polygon", "coordinates": [ [ [ 106.682187969247806, 10.777205572623346 ], [ 106.682924971360947, 10.777165001183926 ], [ 106.682924971360947, 10.777845699339842 ], [ 106.682187969247806, 10.77788627321975 ], [ 106.682187969247806, 10.777205572623346 ] ] ] } },
{ "type": "Feature", "properties": { "s2": "31752f25e4", "resolution": 17, "center_lat": 10.778206338551165, "center_lon": 106.68255647008419, "avg_edge_len": 78.01223990579588, "cell_area": 6069.124431759119, "cell_perimeter": 312.04895962318352, "code": "770", "name": "Quận 3", "name_en": "District 3", "level": "Quận", "prov_code": "79", "prov_name": "Thành phố Hồ Chí Minh", "region": "Đông Nam Bộ", "pop_2019": 190375.0, "pop_dens": 38852.0, "area": 4.92 }, "geometry": { "type": "Polygon", "coordinates": [ [ [ 106.682187969247806, 10.77788627321975 ], [ 106.682924971360947, 10.777845699339842 ], [ 106.682924971360947, 10.778526402638091 ], [ 106.682187969247806, 10.778566978958477 ], [ 106.682187969247806, 10.77788627321975 ] ] ] } },
{ "type": "Feature", "properties": { "s2": "31752f25ec", "resolution": 17, "center_lat": 10.778165762506532, "center_lon": 106.68329347343646, "avg_edge_len": 78.012251343383497, "cell_area": 6069.1238844285454, "cell_perimeter": 312.04900537353399, "code": "770", "name": "Quận 3", "name_en": "District 3", "level": "Quận", "prov_code": "79", "prov_name": "Thành phố Hồ Chí Minh", "region": "Đông Nam Bộ", "pop_2019": 190375.0, "pop_dens": 38852.0, "area": 4.92 }, "geometry": { "type": "Polygon", "coordinates": [ [ [ 106.682924971360947, 10.777845699339842 ], [ 106.683661975952404, 10.777805123571023 ], [ 106.683661975952418, 10.778485824428675 ], [ 106.682924971360947, 10.778526402638091 ], [ 106.682924971360947, 10.777845699339842 ] ] ] } },
{ "type": "Feature", "properties": { "s2": "31752f25f4", "resolution": 17, "center_lat": 10.778846467155507, "center_lon": 106.68329347343648, "avg_edge_len": 78.012454469577548, "cell_area": 6069.156352981925, "cell_perimeter": 312.04981787831019, "code": "770", "name": "Quận 3", "name_en": "District 3", "level": "Quận", "prov_code": "79", "prov_name": "Thành phố Hồ Chí Minh", "region": "Đông Nam Bộ", "pop_2019": 190375.0, "pop_dens": 38852.0, "area": 4.92 }, "geometry": { "type": "Polygon", "coordinates": [ [ [ 106.682924971360947, 10.778526402638091 ], [ 106.683661975952418, 10.778485824428675 ], [ 106.683661975952418, 10.779166530428377 ], [ 106.682924971360947, 10.779207111078383 ], [ 106.682924971360947, 10.778526402638091 ] ] ] } },
{ "type": "Feature", "properties": { "s2": "31752f25fc", "resolution": 17, "center_lat": 10.778887045640673, "center_lon": 106.68255647008418, "avg_edge_len": 78.012443030365901, "cell_area": 6069.1569092124701, "cell_perimeter": 312.0497721214636, "code": "770", "name": "Quận 3", "name_en": "District 3", "level": "Quận", "prov_code": "79", "prov_name": "Thành phố Hồ Chí Minh", "region": "Đông Nam Bộ", "pop_2019": 190375.0, "pop_dens": 38852.0, "area": 4.92 }, "geometry": { "type": "Polygon", "coordinates": [ [ [ 106.682187969247806, 10.778566978958477 ], [ 106.682924971360947, 10.778526402638091 ], [ 106.682924971360947, 10.779207111078383 ], [ 106.682187969247806, 10.779247689839247 ], [ 106.682187969247806, 10.778566978958477 ] ] ] } },
{ "type": "Feature", "properties": { "s2": "31752f2604", "resolution": 17, "center_lat": 10.778927622236749, "center_lon": 106.68181946921042, "avg_edge_len": 78.01243156600637, "cell_area": 6069.1574573069811, "cell_perimeter": 312.04972626402548, "code": "770", "name": "Quận 3", "name_en": "District 3", "level": "Quận", "prov_code": "79", "prov_name": "Thành phố Hồ Chí Minh", "region": "Đông Nam Bộ", "pop_2019": 190375.0, "pop_dens": 38852.0, "area": 4.92 }, "geometry": { "type": "Polygon", "coordinates": [ [ [ 106.681450969613365, 10.778607553389826 ], [ 106.682187969247806, 10.778566978958477 ], [ 106.682187969247806, 10.779247689839247 ], [ 106.681450969613365, 10.779288266710957 ], [ 106.681450969613365, 10.778607553389826 ] ] ] } },
{ "type": "Feature", "properties": { "s2": "31752f260c", "resolution": 17, "center_lat": 10.778246912706814, "center_lon": 106.68181946921041, "avg_edge_len": 78.01222844222201, "cell_area": 6069.1249859929085, "cell_perimeter": 312.04891376888804, "code": "770", "name": "Quận 3", "name_en": "District 3", "level": "Quận", "prov_code": "79", "prov_name": "Thành phố Hồ Chí Minh", "region": "Đông Nam Bộ", "pop_2019": 190375.0, "pop_dens": 38852.0, "area": 4.92 }, "geometry": { "type": "Polygon", "coordinates": [ [ [ 106.681450969613365, 10.777926845210732 ], [ 106.682187969247806, 10.77788627321975 ], [ 106.682187969247806, 10.778566978958477 ], [ 106.681450969613365, 10.778607553389826 ], [ 106.681450969613365, 10.777926845210732 ] ] ] } },
{ "type": "Feature", "properties": { "s2": "31752f2614", "resolution": 17, "center_lat": 10.778287484973488, "center_lon": 106.68108247081551, "avg_edge_len": 78.012216953323872, "cell_area": 6069.1255289316177, "cell_perimeter": 312.04886781329549, "code": "770", "name": "Quận 3", "name_en": "District 3", "level": "Quận", "prov_code": "79", "prov_name": "Thành phố Hồ Chí Minh", "region": "Đông Nam Bộ", "pop_2019": 190375.0, "pop_dens": 38852.0, "area": 4.92 }, "geometry": { "type": "Polygon", "coordinates": [ [ [ 106.68071397245798, 10.777967415312785 ], [ 106.681450969613365, 10.777926845210732 ], [ 106.681450969613365, 10.778607553389826 ], [ 106.68071397245798, 10.778648125932131 ], [ 106.68071397245798, 10.777967415312785 ] ] ] } },
{ "type": "Feature", "properties": { "s2": "31752f261c", "resolution": 17, "center_lat": 10.778968196943723, "center_lon": 106.68108247081548, "avg_edge_len": 78.012420075175498, "cell_area": 6069.1580024510622, "cell_perimeter": 312.04968030070199, "code": "770", "name": "Quận 3", "name_en": "District 3", "level": "Quận", "prov_code": "79", "prov_name": "Thành phố Hồ Chí Minh", "region": "Đông Nam Bộ", "pop_2019": 190375.0, "pop_dens": 38852.0, "area": 4.92 }, "geometry": { "type": "Polygon", "coordinates": [ [ [ 106.68071397245798, 10.778648125932131 ], [ 106.681450969613365, 10.778607553389826 ], [ 106.681450969613365, 10.779288266710957 ], [ 106.68071397245798, 10.779328841693507 ], [ 106.68071397245798, 10.778648125932131 ] ] ] } },
{ "type": "Feature", "properties": { "s2": "31752f2624", "resolution": 17, "center_lat": 10.779008769761598, "center_lon": 106.68034547489982, "avg_edge_len": 78.012408559373071, "cell_area": 6069.1585417091846, "cell_perimeter": 312.04963423749228, "code": "770", "name": "Quận 3", "name_en": "District 3", "level": "Quận", "prov_code": "79", "prov_name": "Thành phố Hồ Chí Minh", "region": "Đông Nam Bộ", "pop_2019": 190375.0, "pop_dens": 38852.0, "area": 4.92 }, "geometry": { "type": "Polygon", "coordinates": [ [ [ 106.679976977782019, 10.778688696585382 ], [ 106.68071397245798, 10.778648125932131 ], [ 106.68071397245798, 10.779328841693507 ], [ 106.679976977782019, 10.77936941478689 ], [ 106.679976977782019, 10.778688696585382 ] ] ] } },
{ "type": "Feature", "properties": { "s2": "31752f262c", "resolution": 17, "center_lat": 10.779049340690353, "center_lon": 106.67960848146379, "avg_edge_len": 78.012397015952232, "cell_area": 6069.1590804755688, "cell_perimeter": 312.04958806380893, "code": "770", "name": "Quận 3", "name_en": "District 3", "level": "Quận", "prov_code": "79", "prov_name": "Thành phố Hồ Chí Minh", "region": "Đông Nam Bộ", "pop_2019": 190375.0, "pop_dens": 38852.0, "area": 4.92 }, "geometry": { "type": "Polygon", "coordinates": [ [ [ 106.679239985585866, 10.778729265349572 ], [ 106.679976977782019, 10.778688696585382 ], [ 106.679976977782019, 10.77936941478689 ], [ 106.679239985585866, 10.779409985991098 ], [ 106.679239985585866, 10.778729265349572 ] ] ] } },
{ "type": "Feature", "properties": { "s2": "31752f263c", "resolution": 17, "center_lat": 10.778328055351169, "center_lon": 106.68034547489985, "avg_edge_len": 78.01220543804277, "cell_area": 6069.1260712593794, "cell_perimeter": 312.04882175217108, "code": "770", "name": "Quận 3", "name_en": "District 3", "level": "Quận", "prov_code": "79", "prov_name": "Thành phố Hồ Chí Minh", "region": "Đông Nam Bộ", "pop_2019": 190375.0, "pop_dens": 38852.0, "area": 4.92 }, "geometry": { "type": "Polygon", "coordinates": [ [ [ 106.679976977782019, 10.778007983525901 ], [ 106.68071397245798, 10.777967415312785 ], [ 106.68071397245798, 10.778648125932131 ], [ 106.679976977782019, 10.778688696585382 ], [ 106.679976977782019, 10.778007983525901 ] ] ] } },
{ "type": "Feature", "properties": { "s2": "31752f266c", "resolution": 17, "center_lat": 10.777606778145426, "center_lon": 106.68108247081548, "avg_edge_len": 78.012013809586776, "cell_area": 6069.0930504500866, "cell_perimeter": 312.0480552383471, "code": "770", "name": "Quận 3", "name_en": "District 3", "level": "Quận", "prov_code": "79", "prov_name": "Thành phố Hồ Chí Minh", "region": "Đông Nam Bộ", "pop_2019": 190375.0, "pop_dens": 38852.0, "area": 4.92 }, "geometry": { "type": "Polygon", "coordinates": [ [ [ 106.68071397245798, 10.777286709835757 ], [ 106.681450969613365, 10.77724614217396 ], [ 106.681450969613365, 10.777926845210732 ], [ 106.68071397245798, 10.777967415312785 ], [ 106.68071397245798, 10.777286709835757 ] ] ] } },
{ "type": "Feature", "properties": { "s2": "31752f2674", "resolution": 17, "center_lat": 10.777566208319067, "center_lon": 106.6818194692104, "avg_edge_len": 78.012025296949162, "cell_area": 6069.0925054997206, "cell_perimeter": 312.04810118779665, "code": "770", "name": "Quận 3", "name_en": "District 3", "level": "Quận", "prov_code": "79", "prov_name": "Thành phố Hồ Chí Minh", "region": "Đông Nam Bộ", "pop_2019": 190375.0, "pop_dens": 38852.0, "area": 4.92 }, "geometry": { "type": "Polygon", "coordinates": [ [ [ 106.681450969613365, 10.77724614217396 ], [ 106.682187969247806, 10.777205572623346 ], [ 106.682187969247806, 10.77788627321975 ], [ 106.681450969613365, 10.777926845210732 ], [ 106.681450969613365, 10.77724614217396 ] ] ] } },
{ "type": "Feature", "properties": { "s2": "31752f267c", "resolution": 17, "center_lat": 10.776885509073786, "center_lon": 106.68181946921041, "avg_edge_len": 78.011822130187696, "cell_area": 6069.0600255280733, "cell_perimeter": 312.04728852075078, "code": "770", "name": "Quận 3", "name_en": "District 3", "level": "Quận", "prov_code": "79", "prov_name": "Thành phố Hồ Chí Minh", "region": "Đông Nam Bộ", "pop_2019": 190375.0, "pop_dens": 38852.0, "area": 4.92 }, "geometry": { "type": "Polygon", "coordinates": [ [ [ 106.681450969613365, 10.776565444279795 ], [ 106.682187969247806, 10.776524877169557 ], [ 106.682187969247806, 10.777205572623346 ], [ 106.681450969613365, 10.77724614217396 ], [ 106.681450969613365, 10.776565444279795 ] ] ] } },
{ "type": "Feature", "properties": { "s2": "31752f269c", "resolution": 17, "center_lat": 10.775524126011744, "center_lon": 106.68181946921038, "avg_edge_len": 78.011415732992944, "cell_area": 6068.9950487166643, "cell_perimeter": 312.04566293197178, "code": "770", "name": "Quận 3", "name_en": "District 3", "level": "Quận", "prov_code": "79", "prov_name": "Thành phố Hồ Chí Minh", "region": "Đông Nam Bộ", "pop_2019": 190375.0, "pop_dens": 38852.0, "area": 4.92 }, "geometry": { "type": "Polygon", "coordinates": [ [ [ 106.681450969613365, 10.775204063920405 ], [ 106.682187969247806, 10.775163501690932 ], [ 106.682187969247806, 10.775844186858654 ], [ 106.681450969613365, 10.775884751528514 ], [ 106.681450969613365, 10.775204063920405 ] ] ] } },
{ "type": "Feature", "properties": { "s2": "31752f26a4", "resolution": 17, "center_lat": 10.774843442195555, "center_lon": 106.68181946921041, "avg_edge_len": 78.011212502647993, "cell_area": 6068.9625603556633, "cell_perimeter": 312.04485001059197, "code": "770", "name": "Quận 3", "name_en": "District 3", "level": "Quận", "prov_code": "79", "prov_name": "Thành phố Hồ Chí Minh", "region": "Đông Nam Bộ", "pop_2019": 190375.0, "pop_dens": 38852.0, "area": 4.92 }, "geometry": { "type": "Polygon", "coordinates": [ [ [ 106.681450969613365, 10.774523381455749 ], [ 106.682187969247806, 10.774482821666663 ], [ 106.682187969247806, 10.775163501690932 ], [ 106.681450969613365, 10.775204063920405 ], [ 106.681450969613365, 10.774523381455749 ] ] ] } },
{ "type": "Feature", "properties": { "s2": "31752f26ac", "resolution": 17, "center_lat": 10.774162763522963, "center_lon": 106.68181946921041, "avg_edge_len": 78.011009250770002, "cell_area": 6068.9300619661808, "cell_perimeter": 312.04403700308001, "code": "770", "name": "Quận 3", "name_en": "District 3", "level": "Quận", "prov_code": "79", "prov_name": "Thành phố Hồ Chí Minh", "region": "Đông Nam Bộ", "pop_2019": 190375.0, "pop_dens": 38852.0, "area": 4.92 }, "geometry": { "type": "Polygon", "coordinates": [ [ [ 106.681450969613365, 10.773842704134827 ], [ 106.682187969247806, 10.773802146786133 ], [ 106.682187969247806, 10.774482821666663 ], [ 106.681450969613365, 10.774523381455749 ], [ 106.681450969613365, 10.773842704134827 ] ] ] } },
{ "type": "Feature", "properties": { "s2": "31752f26b4", "resolution": 17, "center_lat": 10.774203321147699, "center_lon": 106.68108247081545, "avg_edge_len": 78.010997769542655, "cell_area": 6068.9306142926216, "cell_perimeter": 312.04399107817062, "code": "770", "name": "Quận 3", "name_en": "District 3", "level": "Quận", "prov_code": "79", "prov_name": "Thành phố Hồ Chí Minh", "region": "Đông Nam Bộ", "pop_2019": 190375.0, "pop_dens": 38852.0, "area": 4.92 }, "geometry": { "type": "Polygon", "coordinates": [ [ [ 106.68071397245798, 10.77388325959528 ], [ 106.681450969613365, 10.773842704134827 ], [ 106.681450969613365, 10.774523381455749 ], [ 106.68071397245798, 10.774563939356479 ], [ 106.68071397245798, 10.77388325959528 ] ] ] } },
{ "type": "Feature", "properties": { "s2": "31752f26bc", "resolution": 17, "center_lat": 10.774884002260626, "center_lon": 106.6810824708155, "avg_edge_len": 78.011201020237507, "cell_area": 6068.9631069749594, "cell_perimeter": 312.04480408095003, "code": "770", "name": "Quận 3", "name_en": "District 3", "level": "Quận", "prov_code": "79", "prov_name": "Thành phố Hồ Chí Minh", "region": "Đông Nam Bộ", "pop_2019": 190375.0, "pop_dens": 38852.0, "area": 4.92 }, "geometry": { "type": "Polygon", "coordinates": [ [ [ 106.68071397245798, 10.774563939356479 ], [ 106.681450969613365, 10.774523381455749 ], [ 106.681450969613365, 10.775204063920405 ], [ 106.68071397245798, 10.775244624261408 ], [ 106.68071397245798, 10.774563939356479 ] ] ] } },
{ "type": "Feature", "properties": { "s2": "31752f26cc", "resolution": 17, "center_lat": 10.774243876884141, "center_lon": 106.68034547489985, "avg_edge_len": 78.010986262241204, "cell_area": 6068.9311572909355, "cell_perimeter": 312.04394504896482, "code": "770", "name": "Quận 3", "name_en": "District 3", "level": "Quận", "prov_code": "79", "prov_name": "Thành phố Hồ Chí Minh", "region": "Đông Nam Bộ", "pop_2019": 190375.0, "pop_dens": 38852.0, "area": 4.92 }, "geometry": { "type": "Polygon", "coordinates": [ [ [ 106.679976977782019, 10.773923813167487 ], [ 106.68071397245798, 10.77388325959528 ], [ 106.68071397245798, 10.774563939356479 ], [ 106.679976977782019, 10.774604495368846 ], [ 106.679976977782019, 10.773923813167487 ] ] ] } },
{ "type": "Feature", "properties": { "s2": "31752f27d4", "resolution": 17, "center_lat": 10.779089909729985, "center_lon": 106.6788714905077, "avg_edge_len": 78.012385448398092, "cell_area": 6069.1596165597439, "cell_perimeter": 312.04954179359237, "code": "770", "name": "Quận 3", "name_en": "District 3", "level": "Quận", "prov_code": "79", "prov_name": "Thành phố Hồ Chí Minh", "region": "Đông Nam Bộ", "pop_2019": 190375.0, "pop_dens": 38852.0, "area": 4.92 }, "geometry": { "type": "Polygon", "coordinates": [ [ [ 106.678502995869863, 10.778769832224693 ], [ 106.679239985585866, 10.778729265349572 ], [ 106.679239985585866, 10.779409985991098 ], [ 106.678502995869863, 10.77945055530612 ], [ 106.678502995869863, 10.778769832224693 ] ] ] } },
{ "type": "Feature", "properties": { "s2": "31752f280c", "resolution": 17, "center_lat": 10.77985177145378, "center_lon": 106.67739751603699, "avg_edge_len": 78.012565328368652, "cell_area": 6069.1931353956461, "cell_perimeter": 312.05026131347461, "code": "770", "name": "Quận 3", "name_en": "District 3", "level": "Quận", "prov_code": "79", "prov_name": "Thành phố Hồ Chí Minh", "region": "Đông Nam Bộ", "pop_2019": 190375.0, "pop_dens": 38852.0, "area": 4.92 }, "geometry": { "type": "Polygon", "coordinates": [ [ [ 106.677029023879825, 10.779531688268587 ], [ 106.677766008634393, 10.779491122731955 ], [ 106.677766008634393, 10.780171853394904 ], [ 106.677029023879825, 10.780212421371203 ], [ 106.677029023879825, 10.779531688268587 ] ] ] } },
{ "type": "Feature", "properties": { "s2": "31752f2814", "resolution": 17, "center_lat": 10.780532505907285, "center_lon": 106.67739751603702, "avg_edge_len": 78.012768401504729, "cell_area": 6069.2256056070328, "cell_perimeter": 312.05107360601892, "code": "770", "name": "Quận 3", "name_en": "District 3", "level": "Quận", "prov_code": "79", "prov_name": "Thành phố Hồ Chí Minh", "region": "Đông Nam Bộ", "pop_2019": 190375.0, "pop_dens": 38852.0, "area": 4.92 }, "geometry": { "type": "Polygon", "coordinates": [ [ [ 106.677029023879825, 10.780212421371203 ], [ 106.677766008634393, 10.780171853394904 ], [ 106.677766008634393, 10.780852589199302 ], [ 106.677029023879825, 10.780893159615264 ], [ 106.677029023879825, 10.780212421371203 ] ] ] } },
{ "type": "Feature", "properties": { "s2": "31752f281c", "resolution": 17, "center_lat": 10.780573074158724, "center_lon": 106.67666053252309, "avg_edge_len": 78.012756752788249, "cell_area": 6069.2261166870594, "cell_perimeter": 312.051027011153, "code": "770", "name": "Quận 3", "name_en": "District 3", "level": "Quận", "prov_code": "79", "prov_name": "Thành phố Hồ Chí Minh", "region": "Đông Nam Bộ", "pop_2019": 190375.0, "pop_dens": 38852.0, "area": 4.92 }, "geometry": { "type": "Polygon", "coordinates": [ [ [ 106.676292041606516, 10.780252987458182 ], [ 106.677029023879825, 10.780212421371203 ], [ 106.677029023879825, 10.780893159615264 ], [ 106.676292041606516, 10.780933728141791 ], [ 106.676292041606516, 10.780252987458182 ] ] ] } },
{ "type": "Feature", "properties": { "s2": "31752f2824", "resolution": 17, "center_lat": 10.781253816193141, "center_lon": 106.6766605325231, "avg_edge_len": 78.012959804003302, "cell_area": 6069.2585812956095, "cell_perimeter": 312.05183921601321, "code": "770", "name": "Quận 3", "name_en": "District 3", "level": "Quận", "prov_code": "79", "prov_name": "Thành phố Hồ Chí Minh", "region": "Đông Nam Bộ", "pop_2019": 190375.0, "pop_dens": 38852.0, "area": 4.92 }, "geometry": { "type": "Polygon", "coordinates": [ [ [ 106.676292041606516, 10.780933728141791 ], [ 106.677029023879825, 10.780893159615264 ], [ 106.677029023879825, 10.78157390300049 ], [ 106.676292041606516, 10.78161447396656 ], [ 106.676292041606516, 10.780933728141791 ] ] ] } },
{ "type": "Feature", "properties": { "s2": "31752f282c", "resolution": 17, "center_lat": 10.78193456336858, "center_lon": 106.67666053252309, "avg_edge_len": 78.013162833641289, "cell_area": 6069.2910390347242, "cell_perimeter": 312.05265133456516, "code": "770", "name": "Quận 3", "name_en": "District 3", "level": "Quận", "prov_code": "79", "prov_name": "Thành phố Hồ Chí Minh", "region": "Đông Nam Bộ", "pop_2019": 190375.0, "pop_dens": 38852.0, "area": 4.92 }, "geometry": { "type": "Polygon", "coordinates": [ [ [ 106.676292041606516, 10.78161447396656 ], [ 106.677029023879825, 10.78157390300049 ], [ 106.677029023879825, 10.782254651526598 ], [ 106.676292041606516, 10.782295224932202 ], [ 106.676292041606516, 10.78161447396656 ] ] ] } },
{ "type": "Feature", "properties": { "s2": "31752f2834", "resolution": 17, "center_lat": 10.78189399023794, "center_lon": 106.67739751603702, "avg_edge_len": 78.013174484678871, "cell_area": 6069.2905198931694, "cell_perimeter": 312.05269793871548, "code": "770", "name": "Quận 3", "name_en": "District 3", "level": "Quận", "prov_code": "79", "prov_name": "Thành phố Hồ Chí Minh", "region": "Đông Nam Bộ", "pop_2019": 190375.0, "pop_dens": 38852.0, "area": 4.92 }, "geometry": { "type": "Polygon", "coordinates": [ [ [ 106.677029023879825, 10.78157390300049 ], [ 106.677766008634393, 10.781533330144871 ], [ 106.677766008634393, 10.782214076231321 ], [ 106.677029023879825, 10.782254651526598 ], [ 106.677029023879825, 10.78157390300049 ] ] ] } },
{ "type": "Feature", "properties": { "s2": "31752f283c", "resolution": 17, "center_lat": 10.7812132455021, "center_lon": 106.677397516037, "avg_edge_len": 78.012971453990673, "cell_area": 6069.2580581903458, "cell_perimeter": 312.05188581596269, "code": "770", "name": "Quận 3", "name_en": "District 3", "level": "Quận", "prov_code": "79", "prov_name": "Thành phố Hồ Chí Minh", "region": "Đông Nam Bộ", "pop_2019": 190375.0, "pop_dens": 38852.0, "area": 4.92 }, "geometry": { "type": "Polygon", "coordinates": [ [ [ 106.677029023879825, 10.780893159615264 ], [ 106.677766008634393, 10.780852589199302 ], [ 106.677766008634393, 10.781533330144871 ], [ 106.677029023879825, 10.78157390300049 ], [ 106.677029023879825, 10.780893159615264 ] ] ] } },
{ "type": "Feature", "properties": { "s2": "31752f2844", "resolution": 17, "center_lat": 10.781172672921565, "center_lon": 106.67813450203204, "avg_edge_len": 78.012983078521245, "cell_area": 6069.2575460225344, "cell_perimeter": 312.05193231408498, "code": "770", "name": "Quận 3", "name_en": "District 3", "level": "Quận", "prov_code": "79", "prov_name": "Thành phố Hồ Chí Minh", "region": "Đông Nam Bộ", "pop_2019": 190375.0, "pop_dens": 38852.0, "area": 4.92 }, "geometry": { "type": "Polygon", "coordinates": [ [ [ 106.677766008634393, 10.780852589199302 ], [ 106.678502995869863, 10.780812016893909 ], [ 106.678502995869863, 10.781492755399704 ], [ 106.677766008634393, 10.781533330144871 ], [ 106.677766008634393, 10.780852589199302 ] ] ] } },
{ "type": "Feature", "properties": { "s2": "31752f284c", "resolution": 17, "center_lat": 10.781853415217689, "center_lon": 106.67813450203204, "avg_edge_len": 78.013186109818975, "cell_area": 6069.2899929732084, "cell_perimeter": 312.0527444392759, "code": "770", "name": "Quận 3", "name_en": "District 3", "level": "Quận", "prov_code": "79", "prov_name": "Thành phố Hồ Chí Minh", "region": "Đông Nam Bộ", "pop_2019": 190375.0, "pop_dens": 38852.0, "area": 4.92 }, "geometry": { "type": "Polygon", "coordinates": [ [ [ 106.677766008634393, 10.781533330144871 ], [ 106.678502995869863, 10.781492755399704 ], [ 106.678502995869863, 10.782173499046388 ], [ 106.677766008634393, 10.782214076231321 ], [ 106.677766008634393, 10.781533330144871 ] ] ] } },
{ "type": "Feature", "properties": { "s2": "31752f2854", "resolution": 17, "center_lat": 10.781812838307841, "center_lon": 106.67887149050773, "avg_edge_len": 78.013197709899671, "cell_area": 6069.289467766881, "cell_perimeter": 312.05279083959869, "code": "770", "name": "Quận 3", "name_en": "District 3", "level": "Quận", "prov_code": "79", "prov_name": "Thành phố Hồ Chí Minh", "region": "Đông Nam Bộ", "pop_2019": 190375.0, "pop_dens": 38852.0, "area": 4.92 }, "geometry": { "type": "Polygon", "coordinates": [ [ [ 106.678502995869863, 10.781492755399704 ], [ 106.679239985585866, 10.781452178765003 ], [ 106.679239985585866, 10.782132919971803 ], [ 106.678502995869863, 10.782173499046388 ], [ 106.678502995869863, 10.781492755399704 ] ] ] } },
{ "type": "Feature", "properties": { "s2": "31752f285c", "resolution": 17, "center_lat": 10.781132098451549, "center_lon": 106.67887149050773, "avg_edge_len": 78.01299467627166, "cell_area": 6069.2570075243711, "cell_perimeter": 312.05197870508664, "code": "770", "name": "Quận 3", "name_en": "District 3", "level": "Quận", "prov_code": "79", "prov_name": "Thành phố Hồ Chí Minh", "region": "Đông Nam Bộ", "pop_2019": 190375.0, "pop_dens": 38852.0, "area": 4.92 }, "geometry": { "type": "Polygon", "coordinates": [ [ [ 106.678502995869863, 10.780812016893909 ], [ 106.679239985585866, 10.780771442699097 ], [ 106.679239985585866, 10.781452178765003 ], [ 106.678502995869863, 10.781492755399704 ], [ 106.678502995869863, 10.780812016893909 ] ] ] } },
{ "type": "Feature", "properties": { "s2": "31752f2864", "resolution": 17, "center_lat": 10.780451363736283, "center_lon": 106.67887149050773, "avg_edge_len": 78.01279162155258, "cell_area": 6069.2245518267155, "cell_perimeter": 312.05116648621032, "code": "770", "name": "Quận 3", "name_en": "District 3", "level": "Quận", "prov_code": "79", "prov_name": "Thành phố Hồ Chí Minh", "region": "Đông Nam Bộ", "pop_2019": 190375.0, "pop_dens": 38852.0, "area": 4.92 }, "geometry": { "type": "Polygon", "coordinates": [ [ [ 106.678502995869863, 10.780131283529288 ], [ 106.679239985585866, 10.780090711774367 ], [ 106.679239985585866, 10.780771442699097 ], [ 106.678502995869863, 10.780812016893909 ], [ 106.678502995869863, 10.780131283529288 ] ] ] } },
{ "type": "Feature", "properties": { "s2": "31752f286c", "resolution": 17, "center_lat": 10.78049193576647, "center_lon": 106.67813450203201, "avg_edge_len": 78.012780025249725, "cell_area": 6069.2250715345144, "cell_perimeter": 312.0511201009989, "code": "770", "name": "Quận 3", "name_en": "District 3", "level": "Quận", "prov_code": "79", "prov_name": "Thành phố Hồ Chí Minh", "region": "Đông Nam Bộ", "pop_2019": 190375.0, "pop_dens": 38852.0, "area": 4.92 }, "geometry": { "type": "Polygon", "coordinates": [ [ [ 106.677766008634393, 10.780171853394904 ], [ 106.678502995869863, 10.780131283529288 ], [ 106.678502995869863, 10.780812016893909 ], [ 106.677766008634393, 10.780852589199302 ], [ 106.677766008634393, 10.780171853394904 ] ] ] } },
{ "type": "Feature", "properties": { "s2": "31752f2874", "resolution": 17, "center_lat": 10.779811203752685, "center_lon": 106.67813450203204, "avg_edge_len": 78.012576950268681, "cell_area": 6069.192613273859, "cell_perimeter": 312.05030780107472, "code": "770", "name": "Quận 3", "name_en": "District 3", "level": "Quận", "prov_code": "79", "prov_name": "Thành phố Hồ Chí Minh", "region": "Đông Nam Bộ", "pop_2019": 190375.0, "pop_dens": 38852.0, "area": 4.92 }, "geometry": { "type": "Polygon", "coordinates": [ [ [ 106.677766008634393, 10.779491122731955 ], [ 106.678502995869863, 10.77945055530612 ], [ 106.678502995869863, 10.780131283529288 ], [ 106.677766008634393, 10.780171853394904 ], [ 106.677766008634393, 10.779491122731955 ] ] ] } },
{ "type": "Feature", "properties": { "s2": "31752f287c", "resolution": 17, "center_lat": 10.779770634162336, "center_lon": 106.67887149050773, "avg_edge_len": 78.01258854552114, "cell_area": 6069.1920831948519, "cell_perimeter": 312.05035418208456, "code": "770", "name": "Quận 3", "name_en": "District 3", "level": "Quận", "prov_code": "79", "prov_name": "Thành phố Hồ Chí Minh", "region": "Đông Nam Bộ", "pop_2019": 190375.0, "pop_dens": 38852.0, "area": 4.92 }, "geometry": { "type": "Polygon", "coordinates": [ [ [ 106.678502995869863, 10.77945055530612 ], [ 106.679239985585866, 10.779409985991098 ], [ 106.679239985585866, 10.780090711774367 ], [ 106.678502995869863, 10.780131283529288 ], [ 106.678502995869863, 10.77945055530612 ] ] ] } },
{ "type": "Feature", "properties": { "s2": "31752f2884", "resolution": 17, "center_lat": 10.779730062682741, "center_lon": 106.67960848146382, "avg_edge_len": 78.012600114875795, "cell_area": 6069.1915455162525, "cell_perimeter": 312.05040045950318, "code": "770", "name": "Quận 3", "name_en": "District 3", "level": "Quận", "prov_code": "79", "prov_name": "Thành phố Hồ Chí Minh", "region": "Đông Nam Bộ", "pop_2019": 190375.0, "pop_dens": 38852.0, "area": 4.92 }, "geometry": { "type": "Polygon", "coordinates": [ [ [ 106.679239985585866, 10.779409985991098 ], [ 106.679976977782019, 10.77936941478689 ], [ 106.679976977782019, 10.780050138130148 ], [ 106.679239985585866, 10.780090711774367 ], [ 106.679239985585866, 10.779409985991098 ] ] ] } },
{ "type": "Feature", "properties": { "s2": "31752f288c", "resolution": 17, "center_lat": 10.780410789816738, "center_lon": 106.6796084814638, "avg_edge_len": 78.012803192531024, "cell_area": 6069.2240197360516, "cell_perimeter": 312.0512127701241, "code": "770", "name": "Quận 3", "name_en": "District 3", "level": "Quận", "prov_code": "79", "prov_name": "Thành phố Hồ Chí Minh", "region": "Đông Nam Bộ", "pop_2019": 190375.0, "pop_dens": 38852.0, "area": 4.92 }, "geometry": { "type": "Polygon", "coordinates": [ [ [ 106.679239985585866, 10.780090711774367 ], [ 106.679976977782019, 10.780050138130148 ], [ 106.679976977782019, 10.780730866614869 ], [ 106.679239985585866, 10.780771442699097 ], [ 106.679239985585866, 10.780090711774367 ] ] ] } },
{ "type": "Feature", "properties": { "s2": "31752f2894", "resolution": 17, "center_lat": 10.780370214007844, "center_lon": 106.68034547489982, "avg_edge_len": 78.012814737920579, "cell_area": 6069.2234786301851, "cell_perimeter": 312.05125895168231, "code": "770", "name": "Quận 3", "name_en": "District 3", "level": "Quận", "prov_code": "79", "prov_name": "Thành phố Hồ Chí Minh", "region": "Đông Nam Bộ", "pop_2019": 190375.0, "pop_dens": 38852.0, "area": 4.92 }, "geometry": { "type": "Polygon", "coordinates": [ [ [ 106.679976977782019, 10.780050138130148 ], [ 106.68071397245798, 10.780009562596639 ], [ 106.68071397245798, 10.780690288641237 ], [ 106.679976977782019, 10.780730866614869 ], [ 106.679976977782019, 10.780050138130148 ] ] ] } },
{ "type": "Feature", "properties": { "s2": "31752f289c", "resolution": 17, "center_lat": 10.779689489313919, "center_lon": 106.68034547489985, "avg_edge_len": 78.012611659611693, "cell_area": 6069.1910148859024, "cell_perimeter": 312.05044663844677, "code": "770", "name": "Quận 3", "name_en": "District 3", "level": "Quận", "prov_code": "79", "prov_name": "Thành phố Hồ Chí Minh", "region": "Đông Nam Bộ", "pop_2019": 190375.0, "pop_dens": 38852.0, "area": 4.92 }, "geometry": { "type": "Polygon", "coordinates": [ [ [ 106.679976977782019, 10.77936941478689 ], [ 106.68071397245798, 10.779328841693507 ], [ 106.68071397245798, 10.780009562596639 ], [ 106.679976977782019, 10.780050138130148 ], [ 106.679976977782019, 10.77936941478689 ] ] ] } },
{ "type": "Feature", "properties": { "s2": "31752f28a4", "resolution": 17, "center_lat": 10.779648914055858, "center_lon": 106.68108247081551, "avg_edge_len": 78.012623177082332, "cell_area": 6069.190472766757, "cell_perimeter": 312.05049270832933, "code": "770", "name": "Quận 3", "name_en": "District 3", "level": "Quận", "prov_code": "79", "prov_name": "Thành phố Hồ Chí Minh", "region": "Đông Nam Bộ", "pop_2019": 190375.0, "pop_dens": 38852.0, "area": 4.92 }, "geometry": { "type": "Polygon", "coordinates": [ [ [ 106.68071397245798, 10.779328841693507 ], [ 106.681450969613365, 10.779288266710957 ], [ 106.681450969613365, 10.779968985173845 ], [ 106.68071397245798, 10.780009562596639 ], [ 106.68071397245798, 10.779328841693507 ] ] ] } },
{ "type": "Feature", "properties": { "s2": "31752f28ac", "resolution": 17, "center_lat": 10.779608336908579, "center_lon": 106.68181946921041, "avg_edge_len": 78.01263466852285, "cell_area": 6069.1899279356003, "cell_perimeter": 312.0505386740914, "code": "770", "name": "Quận 3", "name_en": "District 3", "level": "Quận", "prov_code": "79", "prov_name": "Thành phố Hồ Chí Minh", "region": "Đông Nam Bộ", "pop_2019": 190375.0, "pop_dens": 38852.0, "area": 4.92 }, "geometry": { "type": "Polygon", "coordinates": [ [ [ 106.681450969613365, 10.779288266710957 ], [ 106.682187969247806, 10.779247689839247 ], [ 106.682187969247806, 10.779928405861778 ], [ 106.681450969613365, 10.779968985173845 ], [ 106.681450969613365, 10.779288266710957 ] ] ] } },
{ "type": "Feature", "properties": { "s2": "31752f28b4", "resolution": 17, "center_lat": 10.780289056722026, "center_lon": 106.68181946921042, "avg_edge_len": 78.012837749285609, "cell_area": 6069.2223957926035, "cell_perimeter": 312.05135099714244, "code": "770", "name": "Quận 3", "name_en": "District 3", "level": "Quận", "prov_code": "79", "prov_name": "Thành phố Hồ Chí Minh", "region": "Đông Nam Bộ", "pop_2019": 190375.0, "pop_dens": 38852.0, "area": 4.92 }, "geometry": { "type": "Polygon", "coordinates": [ [ [ 106.681450969613365, 10.779968985173845 ], [ 106.682187969247806, 10.779928405861778 ], [ 106.682187969247806, 10.780609127025786 ], [ 106.681450969613365, 10.780649708778206 ], [ 106.681450969613365, 10.779968985173845 ] ] ] } },
{ "type": "Feature", "properties": { "s2": "31752f28bc", "resolution": 17, "center_lat": 10.780329636309604, "center_lon": 106.6810824708155, "avg_edge_len": 78.012826256441826, "cell_area": 6069.2229405939579, "cell_perimeter": 312.05130502576731, "code": "770", "name": "Quận 3", "name_en": "District 3", "level": "Quận", "prov_code": "79", "prov_name": "Thành phố Hồ Chí Minh", "region": "Đông Nam Bộ", "pop_2019": 190375.0, "pop_dens": 38852.0, "area": 4.92 }, "geometry": { "type": "Polygon", "coordinates": [ [ [ 106.68071397245798, 10.780009562596639 ], [ 106.681450969613365, 10.779968985173845 ], [ 106.681450969613365, 10.780649708778206 ], [ 106.68071397245798, 10.780690288641237 ], [ 106.68071397245798, 10.780009562596639 ] ] ] } },
{ "type": "Feature", "properties": { "s2": "31752f28c4", "resolution": 17, "center_lat": 10.781010363704679, "center_lon": 106.6810824708155, "avg_edge_len": 78.013029314974276, "cell_area": 6069.2554008811712, "cell_perimeter": 312.0521172598971, "code": "770", "name": "Quận 3", "name_en": "District 3", "level": "Quận", "prov_code": "79", "prov_name": "Thành phố Hồ Chí Minh", "region": "Đông Nam Bộ", "pop_2019": 190375.0, "pop_dens": 38852.0, "area": 4.92 }, "geometry": { "type": "Polygon", "coordinates": [ [ [ 106.68071397245798, 10.780690288641237 ], [ 106.681450969613365, 10.780649708778206 ], [ 106.681450969613365, 10.781330437523758 ], [ 106.68071397245798, 10.781371019827022 ], [ 106.68071397245798, 10.780690288641237 ] ] ] } },
{ "type": "Feature", "properties": { "s2": "31752f28cc", "resolution": 17, "center_lat": 10.780969781676806, "center_lon": 106.68181946921042, "avg_edge_len": 78.013040809353839, "cell_area": 6069.2548557817936, "cell_perimeter": 312.05216323741536, "code": "770", "name": "Quận 3", "name_en": "District 3", "level": "Quận", "prov_code": "79", "prov_name": "Thành phố Hồ Chí Minh", "region": "Đông Nam Bộ", "pop_2019": 190375.0, "pop_dens": 38852.0, "area": 4.92 }, "geometry": { "type": "Polygon", "coordinates": [ [ [ 106.681450969613365, 10.780649708778206 ], [ 106.682187969247806, 10.780609127025786 ], [ 106.682187969247806, 10.781289853330989 ], [ 106.681450969613365, 10.781330437523758 ], [ 106.681450969613365, 10.780649708778206 ] ] ] } },
{ "type": "Feature", "properties": { "s2": "31752f28d4", "resolution": 17, "center_lat": 10.781650511772643, "center_lon": 106.68181946921042, "avg_edge_len": 78.013243847713312, "cell_area": 6069.2873188555241, "cell_perimeter": 312.05297539085325, "code": "770", "name": "Quận 3", "name_en": "District 3", "level": "Quận", "prov_code": "79", "prov_name": "Thành phố Hồ Chí Minh", "region": "Đông Nam Bộ", "pop_2019": 190375.0, "pop_dens": 38852.0, "area": 4.92 }, "geometry": { "type": "Polygon", "coordinates": [ [ [ 106.681450969613365, 10.781330437523758 ], [ 106.682187969247806, 10.781289853330989 ], [ 106.682187969247806, 10.781970584777106 ], [ 106.681450969613365, 10.782011171410218 ], [ 106.681450969613365, 10.781330437523758 ] ] ] } },
{ "type": "Feature", "properties": { "s2": "31752f28dc", "resolution": 17, "center_lat": 10.781691096240799, "center_lon": 106.6810824708155, "avg_edge_len": 78.013232352106769, "cell_area": 6069.2878607362509, "cell_perimeter": 312.05292940842708, "code": "770", "name": "Quận 3", "name_en": "District 3", "level": "Quận", "prov_code": "79", "prov_name": "Thành phố Hồ Chí Minh", "region": "Đông Nam Bộ", "pop_2019": 190375.0, "pop_dens": 38852.0, "area": 4.92 }, "geometry": { "type": "Polygon", "coordinates": [ [ [ 106.68071397245798, 10.781371019827022 ], [ 106.681450969613365, 10.781330437523758 ], [ 106.681450969613365, 10.782011171410218 ], [ 106.68071397245798, 10.782051756153709 ], [ 106.68071397245798, 10.781371019827022 ] ] ] } },
{ "type": "Feature", "properties": { "s2": "31752f28e4", "resolution": 17, "center_lat": 10.781731678819391, "center_lon": 106.68034547489985, "avg_edge_len": 78.013220830822917, "cell_area": 6069.288401260972, "cell_perimeter": 312.05288332329167, "code": "770", "name": "Quận 3", "name_en": "District 3", "level": "Quận", "prov_code": "79", "prov_name": "Thành phố Hồ Chí Minh", "region": "Đông Nam Bộ", "pop_2019": 190375.0, "pop_dens": 38852.0, "area": 4.92 }, "geometry": { "type": "Polygon", "coordinates": [ [ [ 106.679976977782019, 10.781411600240771 ], [ 106.68071397245798, 10.781371019827022 ], [ 106.68071397245798, 10.782051756153709 ], [ 106.679976977782019, 10.782092339007574 ], [ 106.679976977782019, 10.781411600240771 ] ] ] } },
{ "type": "Feature", "properties": { "s2": "31752f28ec", "resolution": 17, "center_lat": 10.781050943843097, "center_lon": 106.68034547489985, "avg_edge_len": 78.013017795490867, "cell_area": 6069.2559433281422, "cell_perimeter": 312.05207118196347, "code": "770", "name": "Quận 3", "name_en": "District 3", "level": "Quận", "prov_code": "79", "prov_name": "Thành phố Hồ Chí Minh", "region": "Đông Nam Bộ", "pop_2019": 190375.0, "pop_dens": 38852.0, "area": 4.92 }, "geometry": { "type": "Polygon", "coordinates": [ [ [ 106.679976977782019, 10.780730866614869 ], [ 106.68071397245798, 10.780690288641237 ], [ 106.68071397245798, 10.781371019827022 ], [ 106.679976977782019, 10.781411600240771 ], [ 106.679976977782019, 10.780730866614869 ] ] ] } },
{ "type": "Feature", "properties": { "s2": "31752f28f4", "resolution": 17, "center_lat": 10.781091522092057, "center_lon": 106.67960848146382, "avg_edge_len": 78.01300624816858, "cell_area": 6069.2564764618874, "cell_perimeter": 312.05202499267432, "code": "770", "name": "Quận 3", "name_en": "District 3", "level": "Quận", "prov_code": "79", "prov_name": "Thành phố Hồ Chí Minh", "region": "Đông Nam Bộ", "pop_2019": 190375.0, "pop_dens": 38852.0, "area": 4.92 }, "geometry": { "type": "Polygon", "coordinates": [ [ [ 106.679239985585866, 10.780771442699097 ], [ 106.679976977782019, 10.780730866614869 ], [ 106.679976977782019, 10.781411600240771 ], [ 106.679239985585866, 10.781452178765003 ], [ 106.679239985585866, 10.780771442699097 ] ] ] } },
{ "type": "Feature", "properties": { "s2": "31752f28fc", "resolution": 17, "center_lat": 10.781772259508406, "center_lon": 106.6796084814638, "avg_edge_len": 78.01320928267063, "cell_area": 6069.2889364659786, "cell_perimeter": 312.05283713068252, "code": "770", "name": "Quận 3", "name_en": "District 3", "level": "Quận", "prov_code": "79", "prov_name": "Thành phố Hồ Chí Minh", "region": "Đông Nam Bộ", "pop_2019": 190375.0, "pop_dens": 38852.0, "area": 4.92 }, "geometry": { "type": "Polygon", "coordinates": [ [ [ 106.679239985585866, 10.781452178765003 ], [ 106.679976977782019, 10.781411600240771 ], [ 106.679976977782019, 10.782092339007574 ], [ 106.679239985585866, 10.782132919971803 ], [ 106.679239985585866, 10.781452178765003 ] ] ] } },
{ "type": "Feature", "properties": { "s2": "31752f2904", "resolution": 17, "center_lat": 10.782453002065518, "center_lon": 106.67960848146382, "avg_edge_len": 78.013412296168354, "cell_area": 6069.3213928341866, "cell_perimeter": 312.05364918467342, "code": "770", "name": "Quận 3", "name_en": "District 3", "level": "Quận", "prov_code": "79", "prov_name": "Thành phố Hồ Chí Minh", "region": "Đông Nam Bộ", "pop_2019": 190375.0, "pop_dens": 38852.0, "area": 4.92 }, "geometry": { "type": "Polygon", "coordinates": [ [ [ 106.679239985585866, 10.782132919971803 ], [ 106.679976977782019, 10.782092339007574 ], [ 106.679976977782019, 10.782773082914991 ], [ 106.679239985585866, 10.782813666319214 ], [ 106.679239985585866, 10.782132919971803 ] ] ] } },
{ "type": "Feature", "properties": { "s2": "31752f290c", "resolution": 17, "center_lat": 10.783133749763099, "center_lon": 106.67960848146382, "avg_edge_len": 78.01361528760512, "cell_area": 6069.3538443893194, "cell_perimeter": 312.05446115042048, "code": "770", "name": "Quận 3", "name_en": "District 3", "level": "Quận", "prov_code": "79", "prov_name": "Thành phố Hồ Chí Minh", "region": "Đông Nam Bộ", "pop_2019": 190375.0, "pop_dens": 38852.0, "area": 4.92 }, "geometry": { "type": "Polygon", "coordinates": [ [ [ 106.679239985585866, 10.782813666319214 ], [ 106.679976977782019, 10.782773082914991 ], [ 106.679976977782019, 10.78345383196274 ], [ 106.679239985585866, 10.783494417806953 ], [ 106.679239985585866, 10.782813666319214 ] ] ] } },
{ "type": "Feature", "properties": { "s2": "31752f2914", "resolution": 17, "center_lat": 10.783093164193975, "center_lon": 106.68034547489985, "avg_edge_len": 78.01362683852021, "cell_area": 6069.3533102720976, "cell_perimeter": 312.05450735408084, "code": "770", "name": "Quận 3", "name_en": "District 3", "level": "Quận", "prov_code": "79", "prov_name": "Thành phố Hồ Chí Minh", "region": "Đông Nam Bộ", "pop_2019": 190375.0, "pop_dens": 38852.0, "area": 4.92 }, "geometry": { "type": "Polygon", "coordinates": [ [ [ 106.679976977782019, 10.782773082914991 ], [ 106.68071397245798, 10.782732497621017 ], [ 106.68071397245798, 10.783413244228662 ], [ 106.679976977782019, 10.78345383196274 ], [ 106.679976977782019, 10.782773082914991 ] ] ] } },
{ "type": "Feature", "properties": { "s2": "31752f291c", "resolution": 17, "center_lat": 10.782412418936445, "center_lon": 106.68034547489984, "avg_edge_len": 78.013423845238975, "cell_area": 6069.3208578526974, "cell_perimeter": 312.0536953809559, "code": "770", "name": "Quận 3", "name_en": "District 3", "level": "Quận", "prov_code": "79", "prov_name": "Thành phố Hồ Chí Minh", "region": "Đông Nam Bộ", "pop_2019": 190375.0, "pop_dens": 38852.0, "area": 4.92 }, "geometry": { "type": "Polygon", "coordinates": [ [ [ 106.679976977782019, 10.782092339007574 ], [ 106.68071397245798, 10.782051756153709 ], [ 106.68071397245798, 10.782732497621017 ], [ 106.679976977782019, 10.782773082914991 ], [ 106.679976977782019, 10.782092339007574 ] ] ] } },
{ "type": "Feature", "properties": { "s2": "31752f2924", "resolution": 17, "center_lat": 10.782371833917688, "center_lon": 106.68108247081551, "avg_edge_len": 78.013435367529397, "cell_area": 6069.320316016674, "cell_perimeter": 312.05374147011759, "code": "770", "name": "Quận 3", "name_en": "District 3", "level": "Quận", "prov_code": "79", "prov_name": "Thành phố Hồ Chí Minh", "region": "Đông Nam Bộ", "pop_2019": 190375.0, "pop_dens": 38852.0, "area": 4.92 }, "geometry": { "type": "Polygon", "coordinates": [ [ [ 106.68071397245798, 10.782051756153709 ], [ 106.681450969613365, 10.782011171410218 ], [ 106.681450969613365, 10.782691910437302 ], [ 106.68071397245798, 10.782732497621017 ], [ 106.68071397245798, 10.782051756153709 ] ] ] } },
{ "type": "Feature", "properties": { "s2": "31752f292c", "resolution": 17, "center_lat": 10.782331247009246, "center_lon": 106.68181946921042, "avg_edge_len": 78.013446864363146, "cell_area": 6069.3197689652443, "cell_perimeter": 312.05378745745259, "code": "770", "name": "Quận 3", "name_en": "District 3", "level": "Quận", "prov_code": "79", "prov_name": "Thành phố Hồ Chí Minh", "region": "Đông Nam Bộ", "pop_2019": 190375.0, "pop_dens": 38852.0, "area": 4.92 }, "geometry": { "type": "Polygon", "coordinates": [ [ [ 106.681450969613365, 10.782011171410218 ], [ 106.682187969247806, 10.781970584777106 ], [ 106.682187969247806, 10.782651321363851 ], [ 106.681450969613365, 10.782691910437302 ], [ 106.681450969613365, 10.782011171410218 ] ] ] } },
{ "type": "Feature", "properties": { "s2": "31752f2934", "resolution": 17, "center_lat": 10.783011987386327, "center_lon": 106.68181946921042, "avg_edge_len": 78.013649860186518, "cell_area": 6069.3522256165743, "cell_perimeter": 312.05459944074607, "code": "770", "name": "Quận 3", "name_en": "District 3", "level": "Quận", "prov_code": "79", "prov_name": "Thành phố Hồ Chí Minh", "region": "Đông Nam Bộ", "pop_2019": 190375.0, "pop_dens": 38852.0, "area": 4.92 }, "geometry": { "type": "Polygon", "coordinates": [ [ [ 106.681450969613365, 10.782691910437302 ], [ 106.682187969247806, 10.782651321363851 ], [ 106.682187969247806, 10.78333206309094 ], [ 106.681450969613365, 10.783372654604726 ], [ 106.681450969613365, 10.782691910437302 ] ] ] } },
{ "type": "Feature", "properties": { "s2": "31752f293c", "resolution": 17, "center_lat": 10.783052576735054, "center_lon": 106.68108247081554, "avg_edge_len": 78.013638361949461, "cell_area": 6069.3527660220861, "cell_perimeter": 312.05455344779784, "code": "770", "name": "Quận 3", "name_en": "District 3", "level": "Quận", "prov_code": "79", "prov_name": "Thành phố Hồ Chí Minh", "region": "Đông Nam Bộ", "pop_2019": 190375.0, "pop_dens": 38852.0, "area": 4.92 }, "geometry": { "type": "Polygon", "coordinates": [ [ [ 106.68071397245798, 10.782732497621017 ], [ 106.681450969613365, 10.782691910437302 ], [ 106.681450969613365, 10.783372654604726 ], [ 106.68071397245798, 10.783413244228662 ], [ 106.68071397245798, 10.782732497621017 ] ] ] } },
{ "type": "Feature", "properties": { "s2": "31752f2944", "resolution": 17, "center_lat": 10.783733324692614, "center_lon": 106.6810824708155, "avg_edge_len": 78.013841334924805, "cell_area": 6069.3852196782827, "cell_perimeter": 312.05536533969922, "code": "770", "name": "Quận 3", "name_en": "District 3", "level": "Quận", "prov_code": "79", "prov_name": "Thành phố Hồ Chí Minh", "region": "Đông Nam Bộ", "pop_2019": 190375.0, "pop_dens": 38852.0, "area": 4.92 }, "geometry": { "type": "Polygon", "coordinates": [ [ [ 106.68071397245798, 10.783413244228662 ], [ 106.681450969613365, 10.783372654604726 ], [ 106.681450969613365, 10.78405340391221 ], [ 106.68071397245798, 10.784093995976361 ], [ 106.68071397245798, 10.783413244228662 ] ] ] } },
{ "type": "Feature", "properties": { "s2": "31752f294c", "resolution": 17, "center_lat": 10.783692732903615, "center_lon": 106.68181946921042, "avg_edge_len": 78.013852834168333, "cell_area": 6069.3846722841263, "cell_perimeter": 312.05541133667333, "code": "770", "name": "Quận 3", "name_en": "District 3", "level": "Quận", "prov_code": "79", "prov_name": "Thành phố Hồ Chí Minh", "region": "Đông Nam Bộ", "pop_2019": 190375.0, "pop_dens": 38852.0, "area": 4.92 }, "geometry": { "type": "Polygon", "coordinates": [ [ [ 106.681450969613365, 10.783372654604726 ], [ 106.682187969247806, 10.78333206309094 ], [ 106.682187969247806, 10.784012809958096 ], [ 106.681450969613365, 10.78405340391221 ], [ 106.681450969613365, 10.783372654604726 ] ] ] } },
{ "type": "Feature", "properties": { "s2": "31752f2954", "resolution": 17, "center_lat": 10.784373483560829, "center_lon": 106.68181946921044, "avg_edge_len": 78.014055786793591, "cell_area": 6069.4171197116375, "cell_perimeter": 312.05622314717436, "code": "770", "name": "Quận 3", "name_en": "District 3", "level": "Quận", "prov_code": "79", "prov_name": "Thành phố Hồ Chí Minh", "region": "Đông Nam Bộ", "pop_2019": 190375.0, "pop_dens": 38852.0, "area": 4.92 }, "geometry": { "type": "Polygon", "coordinates": [ [ [ 106.681450969613365, 10.78405340391221 ], [ 106.682187969247806, 10.784012809958096 ], [ 106.682187969247806, 10.784693561965032 ], [ 106.681450969613365, 10.78473415835947 ], [ 106.681450969613365, 10.78405340391221 ] ] ] } },
{ "type": "Feature", "properties": { "s2": "31752f295c", "resolution": 17, "center_lat": 10.784414077790098, "center_lon": 106.68108247081554, "avg_edge_len": 78.014044286499583, "cell_area": 6069.417660549283, "cell_perimeter": 312.05617714599833, "code": "770", "name": "Quận 3", "name_en": "District 3", "level": "Quận", "prov_code": "79", "prov_name": "Thành phố Hồ Chí Minh", "region": "Đông Nam Bộ", "pop_2019": 190375.0, "pop_dens": 38852.0, "area": 4.92 }, "geometry": { "type": "Polygon", "coordinates": [ [ [ 106.68071397245798, 10.784093995976361 ], [ 106.681450969613365, 10.78405340391221 ], [ 106.681450969613365, 10.78473415835947 ], [ 106.68071397245798, 10.784774752863832 ], [ 106.68071397245798, 10.784093995976361 ] ] ] } },
{ "type": "Feature", "properties": { "s2": "31752f2964", "resolution": 17, "center_lat": 10.784454670129332, "center_lon": 106.68034547489985, "avg_edge_len": 78.014032759910805, "cell_area": 6069.4181979447603, "cell_perimeter": 312.05613103964322, "code": "770", "name": "Quận 3", "name_en": "District 3", "level": "Quận", "prov_code": "79", "prov_name": "Thành phố Hồ Chí Minh", "region": "Đông Nam Bộ", "pop_2019": 190375.0, "pop_dens": 38852.0, "area": 4.92 }, "geometry": { "type": "Polygon", "coordinates": [ [ [ 106.679976977782019, 10.78413458615054 ], [ 106.68071397245798, 10.784093995976361 ], [ 106.68071397245798, 10.784774752863832 ], [ 106.679976977782019, 10.784815345478108 ], [ 106.679976977782019, 10.78413458615054 ] ] ] } },
{ "type": "Feature", "properties": { "s2": "31752f296c", "resolution": 17, "center_lat": 10.783773914591698, "center_lon": 106.68034547489985, "avg_edge_len": 78.013829809695039, "cell_area": 6069.3857542872429, "cell_perimeter": 312.05531923878016, "code": "770", "name": "Quận 3", "name_en": "District 3", "level": "Quận", "prov_code": "79", "prov_name": "Thành phố Hồ Chí Minh", "region": "Đông Nam Bộ", "pop_2019": 190375.0, "pop_dens": 38852.0, "area": 4.92 }, "geometry": { "type": "Polygon", "coordinates": [ [ [ 106.679976977782019, 10.78345383196274 ], [ 106.68071397245798, 10.783413244228662 ], [ 106.68071397245798, 10.784093995976361 ], [ 106.679976977782019, 10.78413458615054 ], [ 106.679976977782019, 10.78345383196274 ] ] ] } },
{ "type": "Feature", "properties": { "s2": "31752f2974", "resolution": 17, "center_lat": 10.783814502600867, "center_lon": 106.67960848146382, "avg_edge_len": 78.013818257597038, "cell_area": 6069.3862848579884, "cell_perimeter": 312.05527303038815, "code": "770", "name": "Quận 3", "name_en": "District 3", "level": "Quận", "prov_code": "79", "prov_name": "Thành phố Hồ Chí Minh", "region": "Đông Nam Bộ", "pop_2019": 190375.0, "pop_dens": 38852.0, "area": 4.92 }, "geometry": { "type": "Polygon", "coordinates": [ [ [ 106.679239985585866, 10.783494417806953 ], [ 106.679976977782019, 10.78345383196274 ], [ 106.679976977782019, 10.78413458615054 ], [ 106.679239985585866, 10.784175174434738 ], [ 106.679239985585866, 10.783494417806953 ] ] ] } },
{ "type": "Feature", "properties": { "s2": "31752f297c", "resolution": 17, "center_lat": 10.784495260578542, "center_lon": 106.67960848146383, "avg_edge_len": 78.014021206850259, "cell_area": 6069.4187380671501, "cell_perimeter": 312.05608482740104, "code": "770", "name": "Quận 3", "name_en": "District 3", "level": "Quận", "prov_code": "79", "prov_name": "Thành phố Hồ Chí Minh", "region": "Đông Nam Bộ", "pop_2019": 190375.0, "pop_dens": 38852.0, "area": 4.92 }, "geometry": { "type": "Polygon", "coordinates": [ [ [ 106.679239985585866, 10.784175174434738 ], [ 106.679976977782019, 10.78413458615054 ], [ 106.679976977782019, 10.784815345478108 ], [ 106.679239985585866, 10.784855936202286 ], [ 106.679239985585866, 10.784175174434738 ] ] ] } },
{ "type": "Feature", "properties": { "s2": "31752f2984", "resolution": 17, "center_lat": 10.784535849137708, "center_lon": 106.67887149050776, "avg_edge_len": 78.01400962912696, "cell_area": 6069.4192663431168, "cell_perimeter": 312.05603851650784, "code": "770", "name": "Quận 3", "name_en": "District 3", "level": "Quận", "prov_code": "79", "prov_name": "Thành phố Hồ Chí Minh", "region": "Đông Nam Bộ", "pop_2019": 190375.0, "pop_dens": 38852.0, "area": 4.92 }, "geometry": { "type": "Polygon", "coordinates": [ [ [ 106.678502995869863, 10.784215760828948 ], [ 106.679239985585866, 10.784175174434738 ], [ 106.679239985585866, 10.784855936202286 ], [ 106.678502995869863, 10.784896525036361 ], [ 106.678502995869863, 10.784215760828948 ] ] ] } },
{ "type": "Feature", "properties": { "s2": "31752f298c", "resolution": 17, "center_lat": 10.784576435806818, "center_lon": 106.67813450203202, "avg_edge_len": 78.013998024226751, "cell_area": 6069.4197918772697, "cell_perimeter": 312.055992096907, "code": "770", "name": "Quận 3", "name_en": "District 3", "level": "Quận", "prov_code": "79", "prov_name": "Thành phố Hồ Chí Minh", "region": "Đông Nam Bộ", "pop_2019": 190375.0, "pop_dens": 38852.0, "area": 4.92 }, "geometry": { "type": "Polygon", "coordinates": [ [ [ 106.677766008634393, 10.78425634533316 ], [ 106.678502995869863, 10.784215760828948 ], [ 106.678502995869863, 10.784896525036361 ], [ 106.677766008634393, 10.784937111980325 ], [ 106.677766008634393, 10.78425634533316 ] ] ] } },
{ "type": "Feature", "properties": { "s2": "31752f2994", "resolution": 17, "center_lat": 10.783895672949411, "center_lon": 106.67813450203204, "avg_edge_len": 78.013795077824767, "cell_area": 6069.3873475044966, "cell_perimeter": 312.05518031129907, "code": "770", "name": "Quận 3", "name_en": "District 3", "level": "Quận", "prov_code": "79", "prov_name": "Thành phố Hồ Chí Minh", "region": "Đông Nam Bộ", "pop_2019": 190375.0, "pop_dens": 38852.0, "area": 4.92 }, "geometry": { "type": "Polygon", "coordinates": [ [ [ 106.677766008634393, 10.783575583825751 ], [ 106.678502995869863, 10.783535001761292 ], [ 106.678502995869863, 10.784215760828948 ], [ 106.677766008634393, 10.78425634533316 ], [ 106.677766008634393, 10.783575583825751 ] ] ] } },
{ "type": "Feature", "properties": { "s2": "31752f299c", "resolution": 17, "center_lat": 10.783855088720104, "center_lon": 106.67887149050775, "avg_edge_len": 78.01380668127743, "cell_area": 6069.3868221640587, "cell_perimeter": 312.05522672510972, "code": "770", "name": "Quận 3", "name_en": "District 3", "level": "Quận", "prov_code": "79", "prov_name": "Thành phố Hồ Chí Minh", "region": "Đông Nam Bộ", "pop_2019": 190375.0, "pop_dens": 38852.0, "area": 4.92 }, "geometry": { "type": "Polygon", "coordinates": [ [ [ 106.678502995869863, 10.783535001761292 ], [ 106.679239985585866, 10.783494417806953 ], [ 106.679239985585866, 10.784175174434738 ], [ 106.678502995869863, 10.784215760828948 ], [ 106.678502995869863, 10.783535001761292 ] ] ] } },
{ "type": "Feature", "properties": { "s2": "31752f29a4", "resolution": 17, "center_lat": 10.783174333442405, "center_lon": 106.67887149050775, "avg_edge_len": 78.013603711939098, "cell_area": 6069.3543710112572, "cell_perimeter": 312.05441484775639, "code": "770", "name": "Quận 3", "name_en": "District 3", "level": "Quận", "prov_code": "79", "prov_name": "Thành phố Hồ Chí Minh", "region": "Đông Nam Bộ", "pop_2019": 190375.0, "pop_dens": 38852.0, "area": 4.92 }, "geometry": { "type": "Polygon", "coordinates": [ [ [ 106.678502995869863, 10.782854247833676 ], [ 106.679239985585866, 10.782813666319214 ], [ 106.679239985585866, 10.783494417806953 ], [ 106.678502995869863, 10.783535001761292 ], [ 106.678502995869863, 10.782854247833676 ] ] ] } },
{ "type": "Feature", "properties": { "s2": "31752f29ac", "resolution": 17, "center_lat": 10.782493583304891, "center_lon": 106.67887149050773, "avg_edge_len": 78.013400721641318, "cell_area": 6069.3219253122807, "cell_perimeter": 312.05360288656527, "code": "770", "name": "Quận 3", "name_en": "District 3", "level": "Quận", "prov_code": "79", "prov_name": "Thành phố Hồ Chí Minh", "region": "Đông Nam Bộ", "pop_2019": 190375.0, "pop_dens": 38852.0, "area": 4.92 }, "geometry": { "type": "Polygon", "coordinates": [ [ [ 106.678502995869863, 10.782173499046388 ], [ 106.679239985585866, 10.782132919971803 ], [ 106.679239985585866, 10.782813666319214 ], [ 106.678502995869863, 10.782854247833676 ], [ 106.678502995869863, 10.782173499046388 ] ] ] } },
{ "type": "Feature", "properties": { "s2": "31752f29b4", "resolution": 17, "center_lat": 10.78253416265456, "center_lon": 106.67813450203201, "avg_edge_len": 78.01338912046657, "cell_area": 6069.3224508613348, "cell_perimeter": 312.05355648186628, "code": "770", "name": "Quận 3", "name_en": "District 3", "level": "Quận", "prov_code": "79", "prov_name": "Thành phố Hồ Chí Minh", "region": "Đông Nam Bộ", "pop_2019": 190375.0, "pop_dens": 38852.0, "area": 4.92 }, "geometry": { "type": "Polygon", "coordinates": [ [ [ 106.677766008634393, 10.782214076231321 ], [ 106.678502995869863, 10.782173499046388 ], [ 106.678502995869863, 10.782854247833676 ], [ 106.677766008634393, 10.782894827458376 ], [ 106.677766008634393, 10.782214076231321 ] ] ] } },
{ "type": "Feature", "properties": { "s2": "31752f29bc", "resolution": 17, "center_lat": 10.783214915231895, "center_lon": 106.67813450203202, "avg_edge_len": 78.013592110154633, "cell_area": 6069.3548999726772, "cell_perimeter": 312.05436844061853, "code": "770", "name": "Quận 3", "name_en": "District 3", "level": "Quận", "prov_code": "79", "prov_name": "Thành phố Hồ Chí Minh", "region": "Đông Nam Bộ", "pop_2019": 190375.0, "pop_dens": 38852.0, "area": 4.92 }, "geometry": { "type": "Polygon", "coordinates": [ [ [ 106.677766008634393, 10.782894827458376 ], [ 106.678502995869863, 10.782854247833676 ], [ 106.678502995869863, 10.783535001761292 ], [ 106.677766008634393, 10.783575583825751 ], [ 106.677766008634393, 10.782894827458376 ] ] ] } },
{ "type": "Feature", "properties": { "s2": "31752f29c4", "resolution": 17, "center_lat": 10.783255495131556, "center_lon": 106.677397516037, "avg_edge_len": 78.013580481854888, "cell_area": 6069.3554257154465, "cell_perimeter": 312.05432192741955, "code": "770", "name": "Quận 3", "name_en": "District 3", "level": "Quận", "prov_code": "79", "prov_name": "Thành phố Hồ Chí Minh", "region": "Đông Nam Bộ", "pop_2019": 190375.0, "pop_dens": 38852.0, "area": 4.92 }, "geometry": { "type": "Polygon", "coordinates": [ [ [ 106.677029023879825, 10.7829354051933 ], [ 106.677766008634393, 10.782894827458376 ], [ 106.677766008634393, 10.783575583825751 ], [ 106.677029023879825, 10.783616164000318 ], [ 106.677029023879825, 10.7829354051933 ] ] ] } },
{ "type": "Feature", "properties": { "s2": "31752f29cc", "resolution": 17, "center_lat": 10.782574740114518, "center_lon": 106.67739751603703, "avg_edge_len": 78.013377493614172, "cell_area": 6069.3229713737965, "cell_perimeter": 312.05350997445669, "code": "770", "name": "Quận 3", "name_en": "District 3", "level": "Quận", "prov_code": "79", "prov_name": "Thành phố Hồ Chí Minh", "region": "Đông Nam Bộ", "pop_2019": 190375.0, "pop_dens": 38852.0, "area": 4.92 }, "geometry": { "type": "Polygon", "coordinates": [ [ [ 106.677029023879825, 10.782254651526598 ], [ 106.677766008634393, 10.782214076231321 ], [ 106.677766008634393, 10.782894827458376 ], [ 106.677029023879825, 10.7829354051933 ], [ 106.677029023879825, 10.782254651526598 ] ] ] } },
{ "type": "Feature", "properties": { "s2": "31752f29d4", "resolution": 17, "center_lat": 10.782615315684751, "center_lon": 106.67666053252307, "avg_edge_len": 78.013365841481416, "cell_area": 6069.3234930485487, "cell_perimeter": 312.05346336592567, "code": "770", "name": "Quận 3", "name_en": "District 3", "level": "Quận", "prov_code": "79", "prov_name": "Thành phố Hồ Chí Minh", "region": "Đông Nam Bộ", "pop_2019": 190375.0, "pop_dens": 38852.0, "area": 4.92 }, "geometry": { "type": "Polygon", "coordinates": [ [ [ 106.676292041606516, 10.782295224932202 ], [ 106.677029023879825, 10.782254651526598 ], [ 106.677029023879825, 10.7829354051933 ], [ 106.676292041606516, 10.782975981038442 ], [ 106.676292041606516, 10.782295224932202 ] ] ] } },
{ "type": "Feature", "properties": { "s2": "31752f29dc", "resolution": 17, "center_lat": 10.783296073141379, "center_lon": 106.67666053252309, "avg_edge_len": 78.013568828186493, "cell_area": 6069.3559409230947, "cell_perimeter": 312.05427531274597, "code": "770", "name": "Quận 3", "name_en": "District 3", "level": "Quận", "prov_code": "79", "prov_name": "Thành phố Hồ Chí Minh", "region": "Đông Nam Bộ", "pop_2019": 190375.0, "pop_dens": 38852.0, "area": 4.92 }, "geometry": { "type": "Polygon", "coordinates": [ [ [ 106.676292041606516, 10.782975981038442 ], [ 106.677029023879825, 10.7829354051933 ], [ 106.677029023879825, 10.783616164000318 ], [ 106.676292041606516, 10.783656742284991 ], [ 106.676292041606516, 10.782975981038442 ] ] ] } },
{ "type": "Feature", "properties": { "s2": "31752f29e4", "resolution": 17, "center_lat": 10.783976835738176, "center_lon": 106.67666053252307, "avg_edge_len": 78.013771793446296, "cell_area": 6069.3883866220713, "cell_perimeter": 312.05508717378518, "code": "770", "name": "Quận 3", "name_en": "District 3", "level": "Quận", "prov_code": "79", "prov_name": "Thành phố Hồ Chí Minh", "region": "Đông Nam Bộ", "pop_2019": 190375.0, "pop_dens": 38852.0, "area": 4.92 }, "geometry": { "type": "Polygon", "coordinates": [ [ [ 106.676292041606516, 10.783656742284991 ], [ 106.677029023879825, 10.783616164000318 ], [ 106.677029023879825, 10.78429692794737 ], [ 106.676292041606516, 10.784337508671566 ], [ 106.676292041606516, 10.783656742284991 ] ] ] } },
{ "type": "Feature", "properties": { "s2": "31752f29ec", "resolution": 17, "center_lat": 10.783936255288772, "center_lon": 106.67739751603702, "avg_edge_len": 78.013783448077135, "cell_area": 6069.3878680020571, "cell_perimeter": 312.05513379230854, "code": "770", "name": "Quận 3", "name_en": "District 3", "level": "Quận", "prov_code": "79", "prov_name": "Thành phố Hồ Chí Minh", "region": "Đông Nam Bộ", "pop_2019": 190375.0, "pop_dens": 38852.0, "area": 4.92 }, "geometry": { "type": "Polygon", "coordinates": [ [ [ 106.677029023879825, 10.783616164000318 ], [ 106.677766008634393, 10.783575583825751 ], [ 106.677766008634393, 10.78425634533316 ], [ 106.677029023879825, 10.78429692794737 ], [ 106.677029023879825, 10.783616164000318 ] ] ] } },
{ "type": "Feature", "properties": { "s2": "31752f29f4", "resolution": 17, "center_lat": 10.784617020585877, "center_lon": 106.677397516037, "avg_edge_len": 78.013986393252424, "cell_area": 6069.4203105419874, "cell_perimeter": 312.05594557300969, "code": "770", "name": "Quận 3", "name_en": "District 3", "level": "Quận", "prov_code": "79", "prov_name": "Thành phố Hồ Chí Minh", "region": "Đông Nam Bộ", "pop_2019": 190375.0, "pop_dens": 38852.0, "area": 4.92 }, "geometry": { "type": "Polygon", "coordinates": [ [ [ 106.677029023879825, 10.78429692794737 ], [ 106.677766008634393, 10.78425634533316 ], [ 106.677766008634393, 10.784937111980325 ], [ 106.677029023879825, 10.784977697034169 ], [ 106.677029023879825, 10.78429692794737 ] ] ] } },
{ "type": "Feature", "properties": { "s2": "31752f29fc", "resolution": 17, "center_lat": 10.784657603474868, "center_lon": 106.6766605325231, "avg_edge_len": 78.013974737438986, "cell_area": 6069.4208322316408, "cell_perimeter": 312.05589894975594, "code": "770", "name": "Quận 3", "name_en": "District 3", "level": "Quận", "prov_code": "79", "prov_name": "Thành phố Hồ Chí Minh", "region": "Đông Nam Bộ", "pop_2019": 190375.0, "pop_dens": 38852.0, "area": 4.92 }, "geometry": { "type": "Polygon", "coordinates": [ [ [ 106.676292041606516, 10.784337508671566 ], [ 106.677029023879825, 10.78429692794737 ], [ 106.677029023879825, 10.784977697034169 ], [ 106.676292041606516, 10.785018280197887 ], [ 106.676292041606516, 10.784337508671566 ] ] ] } },
{ "type": "Feature", "properties": { "s2": "31752f2a04", "resolution": 17, "center_lat": 10.785338376351159, "center_lon": 106.6766605325231, "avg_edge_len": 78.014177659721796, "cell_area": 6069.4532716572285, "cell_perimeter": 312.05671063888718, "code": "770", "name": "Quận 3", "name_en": "District 3", "level": "Quận", "prov_code": "79", "prov_name": "Thành phố Hồ Chí Minh", "region": "Đông Nam Bộ", "pop_2019": 190375.0, "pop_dens": 38852.0, "area": 4.92 }, "geometry": { "type": "Polygon", "coordinates": [ [ [ 106.676292041606516, 10.785018280197887 ], [ 106.677029023879825, 10.784977697034169 ], [ 106.677029023879825, 10.785658471260433 ], [ 106.676292041606516, 10.785699056863669 ], [ 106.676292041606516, 10.785018280197887 ] ] ] } },
{ "type": "Feature", "properties": { "s2": "31752f2a0c", "resolution": 17, "center_lat": 10.786019154366771, "center_lon": 106.67666053252309, "avg_edge_len": 78.01438056060482, "cell_area": 6069.4857030063868, "cell_perimeter": 312.05752224241928, "code": "770", "name": "Quận 3", "name_en": "District 3", "level": "Quận", "prov_code": "79", "prov_name": "Thành phố Hồ Chí Minh", "region": "Đông Nam Bộ", "pop_2019": 190375.0, "pop_dens": 38852.0, "area": 4.92 }, "geometry": { "type": "Polygon", "coordinates": [ [ [ 106.676292041606516, 10.785699056863669 ], [ 106.677029023879825, 10.785658471260433 ], [ 106.677029023879825, 10.786339250625883 ], [ 106.676292041606516, 10.786379838668628 ], [ 106.676292041606516, 10.785699056863669 ] ] ] } },
{ "type": "Feature", "properties": { "s2": "31752f2a14", "resolution": 17, "center_lat": 10.785978566598637, "center_lon": 106.67739751603703, "avg_edge_len": 78.014392219710757, "cell_area": 6069.4851858764887, "cell_perimeter": 312.05756887884303, "code": "770", "name": "Quận 3", "name_en": "District 3", "level": "Quận", "prov_code": "79", "prov_name": "Thành phố Hồ Chí Minh", "region": "Đông Nam Bộ", "pop_2019": 190375.0, "pop_dens": 38852.0, "area": 4.92 }, "geometry": { "type": "Polygon", "coordinates": [ [ [ 106.677029023879825, 10.785658471260433 ], [ 106.677766008634393, 10.785617883766957 ], [ 106.677766008634393, 10.786298660692781 ], [ 106.677029023879825, 10.786339250625883 ], [ 106.677029023879825, 10.785658471260433 ] ] ] } },
{ "type": "Feature", "properties": { "s2": "31752f2a1c", "resolution": 17, "center_lat": 10.785297791022593, "center_lon": 106.67739751603703, "avg_edge_len": 78.014189317071356, "cell_area": 6069.4527523070574, "cell_perimeter": 312.05675726828542, "code": "770", "name": "Quận 3", "name_en": "District 3", "level": "Quận", "prov_code": "79", "prov_name": "Thành phố Hồ Chí Minh", "region": "Đông Nam Bộ", "pop_2019": 190375.0, "pop_dens": 38852.0, "area": 4.92 }, "geometry": { "type": "Polygon", "coordinates": [ [ [ 106.677029023879825, 10.784977697034169 ], [ 106.677766008634393, 10.784937111980325 ], [ 106.677766008634393, 10.785617883766957 ], [ 106.677029023879825, 10.785658471260433 ], [ 106.677029023879825, 10.784977697034169 ] ] ] } },
{ "type": "Feature", "properties": { "s2": "31752f2a24", "resolution": 17, "center_lat": 10.785257203803845, "center_lon": 106.67813450203205, "avg_edge_len": 78.01420094922895, "cell_area": 6069.4522269815207, "cell_perimeter": 312.0568037969158, "code": "770", "name": "Quận 3", "name_en": "District 3", "level": "Quận", "prov_code": "79", "prov_name": "Thành phố Hồ Chí Minh", "region": "Đông Nam Bộ", "pop_2019": 190375.0, "pop_dens": 38852.0, "area": 4.92 }, "geometry": { "type": "Polygon", "coordinates": [ [ [ 106.677766008634393, 10.784937111980325 ], [ 106.678502995869863, 10.784896525036361 ], [ 106.678502995869863, 10.785577294383248 ], [ 106.677766008634393, 10.785617883766957 ], [ 106.677766008634393, 10.784937111980325 ] ] ] } },
{ "type": "Feature", "properties": { "s2": "31752f2a2c", "resolution": 17, "center_lat": 10.785216614694923, "center_lon": 106.67887149050773, "avg_edge_len": 78.014212555179839, "cell_area": 6069.4517015516758, "cell_perimeter": 312.05685022071935, "code": "770", "name": "Quận 3", "name_en": "District 3", "level": "Quận", "prov_code": "79", "prov_name": "Thành phố Hồ Chí Minh", "region": "Đông Nam Bộ", "pop_2019": 190375.0, "pop_dens": 38852.0, "area": 4.92 }, "geometry": { "type": "Polygon", "coordinates": [ [ [ 106.678502995869863, 10.784896525036361 ], [ 106.679239985585866, 10.784855936202286 ], [ 106.679239985585866, 10.785536703109312 ], [ 106.678502995869863, 10.785577294383248 ], [ 106.678502995869863, 10.784896525036361 ] ] ] } },
{ "type": "Feature", "properties": { "s2": "31752f2a34", "resolution": 17, "center_lat": 10.785897385391479, "center_lon": 106.67887149050773, "avg_edge_len": 78.014415460360738, "cell_area": 6069.4841378331184, "cell_perimeter": 312.05766184144295, "code": "770", "name": "Quận 3", "name_en": "District 3", "level": "Quận", "prov_code": "79", "prov_name": "Thành phố Hồ Chí Minh", "region": "Đông Nam Bộ", "pop_2019": 190375.0, "pop_dens": 38852.0, "area": 4.92 }, "geometry": { "type": "Polygon", "coordinates": [ [ [ 106.678502995869863, 10.785577294383248 ], [ 106.679239985585866, 10.785536703109312 ], [ 106.679239985585866, 10.786217475155537 ], [ 106.678502995869863, 10.786258068869328 ], [ 106.678502995869863, 10.785577294383248 ] ] ] } },
{ "type": "Feature", "properties": { "s2": "31752f2a3c", "resolution": 17, "center_lat": 10.7859379769402, "center_lon": 106.67813450203202, "avg_edge_len": 78.014403853183168, "cell_area": 6069.484667122364, "cell_perimeter": 312.05761541273267, "code": "770", "name": "Quận 3", "name_en": "District 3", "level": "Quận", "prov_code": "79", "prov_name": "Thành phố Hồ Chí Minh", "region": "Đông Nam Bộ", "pop_2019": 190375.0, "pop_dens": 38852.0, "area": 4.92 }, "geometry": { "type": "Polygon", "coordinates": [ [ [ 106.677766008634393, 10.785617883766957 ], [ 106.678502995869863, 10.785577294383248 ], [ 106.678502995869863, 10.786258068869328 ], [ 106.677766008634393, 10.786298660692781 ], [ 106.677766008634393, 10.785617883766957 ] ] ] } },
{ "type": "Feature", "properties": { "s2": "31752f2a44", "resolution": 17, "center_lat": 10.786618755215606, "center_lon": 106.67813450203204, "avg_edge_len": 78.014606735560434, "cell_area": 6069.5170972794294, "cell_perimeter": 312.05842694224174, "code": "770", "name": "Quận 3", "name_en": "District 3", "level": "Quận", "prov_code": "79", "prov_name": "Thành phố Hồ Chí Minh", "region": "Đông Nam Bộ", "pop_2019": 190375.0, "pop_dens": 38852.0, "area": 4.92 }, "geometry": { "type": "Polygon", "coordinates": [ [ [ 106.677766008634393, 10.786298660692781 ], [ 106.678502995869863, 10.786258068869328 ], [ 106.678502995869863, 10.786938848494318 ], [ 106.677766008634393, 10.786979442757506 ], [ 106.677766008634393, 10.786298660692781 ] ] ] } },
{ "type": "Feature", "properties": { "s2": "31752f2a4c", "resolution": 17, "center_lat": 10.786578161227087, "center_lon": 106.67887149050775, "avg_edge_len": 78.01461834396504, "cell_area": 6069.5165737718344, "cell_perimeter": 312.05847337586016, "code": "770", "name": "Quận 3", "name_en": "District 3", "level": "Quận", "prov_code": "79", "prov_name": "Thành phố Hồ Chí Minh", "region": "Đông Nam Bộ", "pop_2019": 190375.0, "pop_dens": 38852.0, "area": 4.92 }, "geometry": { "type": "Polygon", "coordinates": [ [ [ 106.678502995869863, 10.786258068869328 ], [ 106.679239985585866, 10.786217475155537 ], [ 106.679239985585866, 10.786898252340674 ], [ 106.678502995869863, 10.786938848494318 ], [ 106.678502995869863, 10.786258068869328 ] ] ] } },
{ "type": "Feature", "properties": { "s2": "31752f2a54", "resolution": 17, "center_lat": 10.787258942201465, "center_lon": 106.67887149050776, "avg_edge_len": 78.014821206169728, "cell_area": 6069.5490028858185, "cell_perimeter": 312.05928482467891, "code": "770", "name": "Quận 3", "name_en": "District 3", "level": "Quận", "prov_code": "79", "prov_name": "Thành phố Hồ Chí Minh", "region": "Đông Nam Bộ", "pop_2019": 190375.0, "pop_dens": 38852.0, "area": 4.92 }, "geometry": { "type": "Polygon", "coordinates": [ [ [ 106.678502995869863, 10.786938848494318 ], [ 106.679239985585866, 10.786898252340674 ], [ 106.679239985585866, 10.787579034664439 ], [ 106.678502995869863, 10.787619633257931 ], [ 106.678502995869863, 10.786938848494318 ] ] ] } },
{ "type": "Feature", "properties": { "s2": "31752f2a5c", "resolution": 17, "center_lat": 10.787299538629775, "center_lon": 106.67813450203204, "avg_edge_len": 78.01480959640557, "cell_area": 6069.5495266318321, "cell_perimeter": 312.05923838562228, "code": "770", "name": "Quận 3", "name_en": "District 3", "level": "Quận", "prov_code": "79", "prov_name": "Thành phố Hồ Chí Minh", "region": "Đông Nam Bộ", "pop_2019": 190375.0, "pop_dens": 38852.0, "area": 4.92 }, "geometry": { "type": "Polygon", "coordinates": [ [ [ 106.677766008634393, 10.786979442757506 ], [ 106.678502995869863, 10.786938848494318 ], [ 106.678502995869863, 10.787619633257931 ], [ 106.677766008634393, 10.787660229960855 ], [ 106.677766008634393, 10.786979442757506 ] ] ] } },
{ "type": "Feature", "properties": { "s2": "31752f2a64", "resolution": 17, "center_lat": 10.78734013316757, "center_lon": 106.677397516037, "avg_edge_len": 78.014797960567009, "cell_area": 6069.5500456690788, "cell_perimeter": 312.05919184226804, "code": "770", "name": "Quận 3", "name_en": "District 3", "level": "Quận", "prov_code": "79", "prov_name": "Thành phố Hồ Chí Minh", "region": "Đông Nam Bộ", "pop_2019": 190375.0, "pop_dens": 38852.0, "area": 4.92 }, "geometry": { "type": "Polygon", "coordinates": [ [ [ 106.677029023879825, 10.787020035130231 ], [ 106.677766008634393, 10.786979442757506 ], [ 106.677766008634393, 10.787660229960855 ], [ 106.677029023879825, 10.787700824773196 ], [ 106.677029023879825, 10.787020035130231 ] ] ] } },
{ "type": "Feature", "properties": { "s2": "31752f2a6c", "resolution": 17, "center_lat": 10.786659347313721, "center_lon": 106.67739751603702, "avg_edge_len": 78.014595100772667, "cell_area": 6069.5176206082106, "cell_perimeter": 312.05838040309067, "code": "770", "name": "Quận 3", "name_en": "District 3", "level": "Quận", "prov_code": "79", "prov_name": "Thành phố Hồ Chí Minh", "region": "Đông Nam Bộ", "pop_2019": 190375.0, "pop_dens": 38852.0, "area": 4.92 }, "geometry": { "type": "Polygon", "coordinates": [ [ [ 106.677029023879825, 10.786339250625883 ], [ 106.677766008634393, 10.786298660692781 ], [ 106.677766008634393, 10.786979442757506 ], [ 106.677029023879825, 10.787020035130231 ], [ 106.677029023879825, 10.786339250625883 ] ] ] } },
{ "type": "Feature", "properties": { "s2": "31752f2a74", "resolution": 17, "center_lat": 10.786699937521428, "center_lon": 106.6766605325231, "avg_edge_len": 78.0145834408371, "cell_area": 6069.5181355625391, "cell_perimeter": 312.0583337633484, "code": "770", "name": "Quận 3", "name_en": "District 3", "level": "Quận", "prov_code": "79", "prov_name": "Thành phố Hồ Chí Minh", "region": "Đông Nam Bộ", "pop_2019": 190375.0, "pop_dens": 38852.0, "area": 4.92 }, "geometry": { "type": "Polygon", "coordinates": [ [ [ 106.676292041606516, 10.786379838668628 ], [ 106.677029023879825, 10.786339250625883 ], [ 106.677029023879825, 10.787020035130231 ], [ 106.676292041606516, 10.787060625612483 ], [ 106.676292041606516, 10.786379838668628 ] ] ] } },
{ "type": "Feature", "properties": { "s2": "31752f2a7c", "resolution": 17, "center_lat": 10.787380725814835, "center_lon": 106.67666053252309, "avg_edge_len": 78.014786299359969, "cell_area": 6069.5505644977093, "cell_perimeter": 312.05914519743988, "code": "770", "name": "Quận 3", "name_en": "District 3", "level": "Quận", "prov_code": "79", "prov_name": "Thành phố Hồ Chí Minh", "region": "Đông Nam Bộ", "pop_2019": 190375.0, "pop_dens": 38852.0, "area": 4.92 }, "geometry": { "type": "Polygon", "coordinates": [ [ [ 106.676292041606516, 10.787060625612483 ], [ 106.677029023879825, 10.787020035130231 ], [ 106.677029023879825, 10.787700824773196 ], [ 106.676292041606516, 10.787741417694953 ], [ 106.676292041606516, 10.787060625612483 ] ] ] } },
{ "type": "Feature", "properties": { "s2": "31752f2a84", "resolution": 17, "center_lat": 10.788061519246723, "center_lon": 106.6766605325231, "avg_edge_len": 78.014989136879819, "cell_area": 6069.5829878543564, "cell_perimeter": 312.05995654751928, "code": "770", "name": "Quận 3", "name_en": "District 3", "level": "Quận", "prov_code": "79", "prov_name": "Thành phố Hồ Chí Minh", "region": "Đông Nam Bộ", "pop_2019": 190375.0, "pop_dens": 38852.0, "area": 4.92 }, "geometry": { "type": "Polygon", "coordinates": [ [ [ 106.676292041606516, 10.787741417694953 ], [ 106.677029023879825, 10.787700824773196 ], [ 106.677029023879825, 10.788381619554496 ], [ 106.676292041606501, 10.78842221491575 ], [ 106.676292041606516, 10.787741417694953 ] ] ] } },
{ "type": "Feature", "properties": { "s2": "31752f2a8c", "resolution": 17, "center_lat": 10.788020924159895, "center_lon": 106.67739751603705, "avg_edge_len": 78.015000799269501, "cell_area": 6069.5824698656797, "cell_perimeter": 312.060003197078, "code": "770", "name": "Quận 3", "name_en": "District 3", "level": "Quận", "prov_code": "79", "prov_name": "Thành phố Hồ Chí Minh", "region": "Đông Nam Bộ", "pop_2019": 190375.0, "pop_dens": 38852.0, "area": 4.92 }, "geometry": { "type": "Polygon", "coordinates": [ [ [ 106.677029023879825, 10.787700824773196 ], [ 106.677766008634393, 10.787660229960855 ], [ 106.677766008634393, 10.788341022302541 ], [ 106.677029023879825, 10.788381619554496 ], [ 106.677029023879825, 10.787700824773196 ] ] ] } },
{ "type": "Feature", "properties": { "s2": "31752f2a94", "resolution": 17, "center_lat": 10.788701720290417, "center_lon": 106.67739751603703, "avg_edge_len": 78.015203615998487, "cell_area": 6069.6148947924376, "cell_perimeter": 312.06081446399395, "code": "770", "name": "Quận 3", "name_en": "District 3", "level": "Quận", "prov_code": "79", "prov_name": "Thành phố Hồ Chí Minh", "region": "Đông Nam Bộ", "pop_2019": 190375.0, "pop_dens": 38852.0, "area": 4.92 }, "geometry": { "type": "Polygon", "coordinates": [ [ [ 106.677029023879825, 10.788381619554496 ], [ 106.677766008634393, 10.788341022302541 ], [ 106.677766008634393, 10.789021819782283 ], [ 106.677029023879825, 10.789062419473849 ], [ 106.677029023879825, 10.788381619554496 ] ] ] } },
{ "type": "Feature", "properties": { "s2": "31752f2a9c", "resolution": 17, "center_lat": 10.788742317816794, "center_lon": 106.6766605325231, "avg_edge_len": 78.015191952910939, "cell_area": 6069.6154069900513, "cell_perimeter": 312.06076781164376, "code": "770", "name": "Quận 3", "name_en": "District 3", "level": "Quận", "prov_code": "79", "prov_name": "Thành phố Hồ Chí Minh", "region": "Đông Nam Bộ", "pop_2019": 190375.0, "pop_dens": 38852.0, "area": 4.92 }, "geometry": { "type": "Polygon", "coordinates": [ [ [ 106.676292041606501, 10.78842221491575 ], [ 106.677029023879825, 10.788381619554496 ], [ 106.677029023879825, 10.789062419473849 ], [ 106.676292041606501, 10.789103017274595 ], [ 106.676292041606501, 10.78842221491575 ] ] ] } },
{ "type": "Feature", "properties": { "s2": "31752f2aa4", "resolution": 17, "center_lat": 10.789423121524777, "center_lon": 106.67666053252312, "avg_edge_len": 78.015394746483182, "cell_area": 6069.6478244673735, "cell_perimeter": 312.06157898593273, "code": "770", "name": "Quận 3", "name_en": "District 3", "level": "Quận", "prov_code": "79", "prov_name": "Thành phố Hồ Chí Minh", "region": "Đông Nam Bộ", "pop_2019": 190375.0, "pop_dens": 38852.0, "area": 4.92 }, "geometry": { "type": "Polygon", "coordinates": [ [ [ 106.676292041606501, 10.789103017274595 ], [ 106.677029023879825, 10.789062419473849 ], [ 106.677029023879825, 10.789743224530968 ], [ 106.676292041606516, 10.789783824771202 ], [ 106.676292041606501, 10.789103017274595 ] ] ] } },
{ "type": "Feature", "properties": { "s2": "31752f2aac", "resolution": 17, "center_lat": 10.790103930370385, "center_lon": 106.6766605325231, "avg_edge_len": 78.015597519536996, "cell_area": 6069.6802386343479, "cell_perimeter": 312.06239007814798, "code": "770", "name": "Quận 3", "name_en": "District 3", "level": "Quận", "prov_code": "79", "prov_name": "Thành phố Hồ Chí Minh", "region": "Đông Nam Bộ", "pop_2019": 190375.0, "pop_dens": 38852.0, "area": 4.92 }, "geometry": { "type": "Polygon", "coordinates": [ [ [ 106.676292041606516, 10.789783824771202 ], [ 106.677029023879825, 10.789743224530968 ], [ 106.677029023879825, 10.790424034725573 ], [ 106.676292041606516, 10.790464637405295 ], [ 106.676292041606516, 10.789783824771202 ] ] ] } },
{ "type": "Feature", "properties": { "s2": "31752f2ab4", "resolution": 17, "center_lat": 10.79006332796491, "center_lon": 106.67739751603703, "avg_edge_len": 78.015609185916702, "cell_area": 6069.6797193735838, "cell_perimeter": 312.06243674366681, "code": "770", "name": "Quận 3", "name_en": "District 3", "level": "Quận", "prov_code": "79", "prov_name": "Thành phố Hồ Chí Minh", "region": "Đông Nam Bộ", "pop_2019": 190375.0, "pop_dens": 38852.0, "area": 4.92 }, "geometry": { "type": "Polygon", "coordinates": [ [ [ 106.677029023879825, 10.789743224530968 ], [ 106.677766008634393, 10.789702622399801 ], [ 106.677766008634393, 10.790383430154805 ], [ 106.677029023879825, 10.790424034725573 ], [ 106.677029023879825, 10.789743224530968 ] ] ] } },
{ "type": "Feature", "properties": { "s2": "31752f2abc", "resolution": 17, "center_lat": 10.789382521558847, "center_lon": 106.67739751603705, "avg_edge_len": 78.015406411194476, "cell_area": 6069.6473126113415, "cell_perimeter": 312.06162564477791, "code": "770", "name": "Quận 3", "name_en": "District 3", "level": "Quận", "prov_code": "79", "prov_name": "Thành phố Hồ Chí Minh", "region": "Đông Nam Bộ", "pop_2019": 190375.0, "pop_dens": 38852.0, "area": 4.92 }, "geometry": { "type": "Polygon", "coordinates": [ [ [ 106.677029023879825, 10.789062419473849 ], [ 106.677766008634393, 10.789021819782283 ], [ 106.677766008634393, 10.789702622399801 ], [ 106.677029023879825, 10.789743224530968 ], [ 106.677029023879825, 10.789062419473849 ] ] ] } },
{ "type": "Feature", "properties": { "s2": "31752f2ac4", "resolution": 17, "center_lat": 10.789341919702052, "center_lon": 106.67813450203205, "avg_edge_len": 78.015418051552047, "cell_area": 6069.6467884033918, "cell_perimeter": 312.06167220620819, "code": "770", "name": "Quận 3", "name_en": "District 3", "level": "Quận", "prov_code": "79", "prov_name": "Thành phố Hồ Chí Minh", "region": "Đông Nam Bộ", "pop_2019": 190375.0, "pop_dens": 38852.0, "area": 4.92 }, "geometry": { "type": "Polygon", "coordinates": [ [ [ 106.677766008634393, 10.789021819782283 ], [ 106.678502995869863, 10.788981218199909 ], [ 106.678502995869863, 10.789662018377706 ], [ 106.677766008634393, 10.789702622399801 ], [ 106.677766008634393, 10.789021819782283 ] ] ] } },
{ "type": "Feature", "properties": { "s2": "31752f2acc", "resolution": 17, "center_lat": 10.790022723668452, "center_lon": 106.67813450203205, "avg_edge_len": 78.015620826839665, "cell_area": 6069.6792055815458, "cell_perimeter": 312.06248330735866, "code": "770", "name": "Quận 3", "name_en": "District 3", "level": "Quận", "prov_code": "79", "prov_name": "Thành phố Hồ Chí Minh", "region": "Đông Nam Bộ", "pop_2019": 190375.0, "pop_dens": 38852.0, "area": 4.92 }, "geometry": { "type": "Polygon", "coordinates": [ [ [ 106.677766008634393, 10.789702622399801 ], [ 106.678502995869863, 10.789662018377706 ], [ 106.678502995869863, 10.790342823692997 ], [ 106.677766008634393, 10.790383430154805 ], [ 106.677766008634393, 10.789702622399801 ] ] ] } },
{ "type": "Feature", "properties": { "s2": "31752f2ad4", "resolution": 17, "center_lat": 10.789982117481017, "center_lon": 106.67887149050776, "avg_edge_len": 78.015632441203053, "cell_area": 6069.6786800324917, "cell_perimeter": 312.06252976481221, "code": "770", "name": "Quận 3", "name_en": "District 3", "level": "Quận", "prov_code": "79", "prov_name": "Thành phố Hồ Chí Minh", "region": "Đông Nam Bộ", "pop_2019": 190375.0, "pop_dens": 38852.0, "area": 4.92 }, "geometry": { "type": "Polygon", "coordinates": [ [ [ 106.678502995869863, 10.789662018377706 ], [ 106.679239985585866, 10.789621412464697 ], [ 106.679239985585866, 10.790302215340159 ], [ 106.678502995869863, 10.790342823692997 ], [ 106.678502995869863, 10.789662018377706 ] ] ] } },
{ "type": "Feature", "properties": { "s2": "31752f2adc", "resolution": 17, "center_lat": 10.789301315954388, "center_lon": 106.67887149050775, "avg_edge_len": 78.01542966437961, "cell_area": 6069.6462621688843, "cell_perimeter": 312.06171865751844, "code": "770", "name": "Quận 3", "name_en": "District 3", "level": "Quận", "prov_code": "79", "prov_name": "Thành phố Hồ Chí Minh", "region": "Đông Nam Bộ", "pop_2019": 190375.0, "pop_dens": 38852.0, "area": 4.92 }, "geometry": { "type": "Polygon", "coordinates": [ [ [ 106.678502995869863, 10.788981218199909 ], [ 106.679239985585866, 10.788940614726737 ], [ 106.679239985585866, 10.789621412464697 ], [ 106.678502995869863, 10.789662018377706 ], [ 106.678502995869863, 10.788981218199909 ] ] ] } },
{ "type": "Feature", "properties": { "s2": "31752f2ae4", "resolution": 17, "center_lat": 10.7886205195654, "center_lon": 106.67887149050776, "avg_edge_len": 78.015226866288444, "cell_area": 6069.6138480454683, "cell_perimeter": 312.06090746515378, "code": "770", "name": "Quận 3", "name_en": "District 3", "level": "Quận", "prov_code": "79", "prov_name": "Thành phố Hồ Chí Minh", "region": "Đông Nam Bộ", "pop_2019": 190375.0, "pop_dens": 38852.0, "area": 4.92 }, "geometry": { "type": "Polygon", "coordinates": [ [ [ 106.678502995869863, 10.788300423159892 ], [ 106.679239985585866, 10.788259822126555 ], [ 106.679239985585866, 10.788940614726737 ], [ 106.678502995869863, 10.788981218199909 ], [ 106.678502995869863, 10.788300423159892 ] ] ] } },
{ "type": "Feature", "properties": { "s2": "31752f2aec", "resolution": 17, "center_lat": 10.788661120873282, "center_lon": 106.67813450203205, "avg_edge_len": 78.015215254246868, "cell_area": 6069.6143724620342, "cell_perimeter": 312.06086101698747, "code": "770", "name": "Quận 3", "name_en": "District 3", "level": "Quận", "prov_code": "79", "prov_name": "Thành phố Hồ Chí Minh", "region": "Đông Nam Bộ", "pop_2019": 190375.0, "pop_dens": 38852.0, "area": 4.92 }, "geometry": { "type": "Polygon", "coordinates": [ [ [ 106.677766008634393, 10.788341022302541 ], [ 106.678502995869863, 10.788300423159892 ], [ 106.678502995869863, 10.788981218199909 ], [ 106.677766008634393, 10.789021819782283 ], [ 106.677766008634393, 10.788341022302541 ] ] ] } },
{ "type": "Feature", "properties": { "s2": "31752f2af4", "resolution": 17, "center_lat": 10.787980327182426, "center_lon": 106.67813450203202, "avg_edge_len": 78.015012435937905, "cell_area": 6069.5819499492645, "cell_perimeter": 312.06004974375162, "code": "770", "name": "Quận 3", "name_en": "District 3", "level": "Quận", "prov_code": "79", "prov_name": "Thành phố Hồ Chí Minh", "region": "Đông Nam Bộ", "pop_2019": 190375.0, "pop_dens": 38852.0, "area": 4.92 }, "geometry": { "type": "Polygon", "coordinates": [ [ [ 106.677766008634393, 10.787660229960855 ], [ 106.678502995869863, 10.787619633257931 ], [ 106.678502995869863, 10.788300423159892 ], [ 106.677766008634393, 10.788341022302541 ], [ 106.677766008634393, 10.787660229960855 ] ] ] } },
{ "type": "Feature", "properties": { "s2": "31752f2afc", "resolution": 17, "center_lat": 10.787939728314328, "center_lon": 106.67887149050773, "avg_edge_len": 78.015024047282054, "cell_area": 6069.5814247280359, "cell_perimeter": 312.06009618912822, "code": "770", "name": "Quận 3", "name_en": "District 3", "level": "Quận", "prov_code": "79", "prov_name": "Thành phố Hồ Chí Minh", "region": "Đông Nam Bộ", "pop_2019": 190375.0, "pop_dens": 38852.0, "area": 4.92 }, "geometry": { "type": "Polygon", "coordinates": [ [ [ 106.678502995869863, 10.787619633257931 ], [ 106.679239985585866, 10.787579034664439 ], [ 106.679239985585866, 10.788259822126555 ], [ 106.678502995869863, 10.788300423159892 ], [ 106.678502995869863, 10.787619633257931 ] ] ] } },
{ "type": "Feature", "properties": { "s2": "31752f2b04", "resolution": 17, "center_lat": 10.78789912755561, "center_lon": 106.67960848146386, "avg_edge_len": 78.015035630434241, "cell_area": 6069.5808963477612, "cell_perimeter": 312.06014252173696, "code": "770", "name": "Quận 3", "name_en": "District 3", "level": "Quận", "prov_code": "79", "prov_name": "Thành phố Hồ Chí Minh", "region": "Đông Nam Bộ", "pop_2019": 190375.0, "pop_dens": 38852.0, "area": 4.92 }, "geometry": { "type": "Polygon", "coordinates": [ [ [ 106.679239985585866, 10.787579034664439 ], [ 106.679976977782019, 10.787538434180384 ], [ 106.679976977782019, 10.788219219202542 ], [ 106.679239985585866, 10.788259822126555 ], [ 106.679239985585866, 10.787579034664439 ] ] ] } },
{ "type": "Feature", "properties": { "s2": "31752f2b0c", "resolution": 17, "center_lat": 10.787858524906266, "center_lon": 106.68034547489987, "avg_edge_len": 78.015047190864792, "cell_area": 6069.5803636014462, "cell_perimeter": 312.06018876345917, "code": "770", "name": "Quận 3", "name_en": "District 3", "level": "Quận", "prov_code": "79", "prov_name": "Thành phố Hồ Chí Minh", "region": "Đông Nam Bộ", "pop_2019": 190375.0, "pop_dens": 38852.0, "area": 4.92 }, "geometry": { "type": "Polygon", "coordinates": [ [ [ 106.679976977782019, 10.787538434180384 ], [ 106.68071397245798, 10.787497831805773 ], [ 106.68071397245798, 10.788178614387856 ], [ 106.679976977782019, 10.788219219202542 ], [ 106.679976977782019, 10.787538434180384 ] ] ] } },
{ "type": "Feature", "properties": { "s2": "31752f2b14", "resolution": 17, "center_lat": 10.788539311277423, "center_lon": 106.68034547489985, "avg_edge_len": 78.015250012678109, "cell_area": 6069.6127886474133, "cell_perimeter": 312.06100005071244, "code": "770", "name": "Quận 3", "name_en": "District 3", "level": "Quận", "prov_code": "79", "prov_name": "Thành phố Hồ Chí Minh", "region": "Đông Nam Bộ", "pop_2019": 190375.0, "pop_dens": 38852.0, "area": 4.92 }, "geometry": { "type": "Polygon", "coordinates": [ [ [ 106.679976977782019, 10.788219219202542 ], [ 106.68071397245798, 10.788178614387856 ], [ 106.68071397245798, 10.788859402108015 ], [ 106.679976977782019, 10.788900009362766 ], [ 106.679976977782019, 10.788219219202542 ] ] ] } },
{ "type": "Feature", "properties": { "s2": "31752f2b1c", "resolution": 17, "center_lat": 10.788579916366777, "center_lon": 106.67960848146386, "avg_edge_len": 78.015238451549848, "cell_area": 6069.6133212447166, "cell_perimeter": 312.06095380619939, "code": "770", "name": "Quận 3", "name_en": "District 3", "level": "Quận", "prov_code": "79", "prov_name": "Thành phố Hồ Chí Minh", "region": "Đông Nam Bộ", "pop_2019": 190375.0, "pop_dens": 38852.0, "area": 4.92 }, "geometry": { "type": "Polygon", "coordinates": [ [ [ 106.679239985585866, 10.788259822126555 ], [ 106.679976977782019, 10.788219219202542 ], [ 106.679976977782019, 10.788900009362766 ], [ 106.679239985585866, 10.788940614726737 ], [ 106.679239985585866, 10.788259822126555 ] ] ] } },
{ "type": "Feature", "properties": { "s2": "31752f2b24", "resolution": 17, "center_lat": 10.789260710315874, "center_lon": 106.67960848146384, "avg_edge_len": 78.015441251485612, "cell_area": 6069.6457381844521, "cell_perimeter": 312.06176500594245, "code": "770", "name": "Quận 3", "name_en": "District 3", "level": "Quận", "prov_code": "79", "prov_name": "Thành phố Hồ Chí Minh", "region": "Đông Nam Bộ", "pop_2019": 190375.0, "pop_dens": 38852.0, "area": 4.92 }, "geometry": { "type": "Polygon", "coordinates": [ [ [ 106.679239985585866, 10.788940614726737 ], [ 106.679976977782019, 10.788900009362766 ], [ 106.679976977782019, 10.789580804660782 ], [ 106.679239985585866, 10.789621412464697 ], [ 106.679239985585866, 10.788940614726737 ] ] ] } },
{ "type": "Feature", "properties": { "s2": "31752f2b2c", "resolution": 17, "center_lat": 10.789941509402608, "center_lon": 106.67960848146382, "avg_edge_len": 78.015644029491995, "cell_area": 6069.6781441867352, "cell_perimeter": 312.06257611796798, "code": "770", "name": "Quận 3", "name_en": "District 3", "level": "Quận", "prov_code": "79", "prov_name": "Thành phố Hồ Chí Minh", "region": "Đông Nam Bộ", "pop_2019": 190375.0, "pop_dens": 38852.0, "area": 4.92 }, "geometry": { "type": "Polygon", "coordinates": [ [ [ 106.679239985585866, 10.789621412464697 ], [ 106.679976977782019, 10.789580804660782 ], [ 106.679976977782019, 10.790261605096298 ], [ 106.679239985585866, 10.790302215340159 ], [ 106.679239985585866, 10.789621412464697 ] ] ] } },
{ "type": "Feature", "properties": { "s2": "31752f2b34", "resolution": 17, "center_lat": 10.789900899433245, "center_lon": 106.68034547489987, "avg_edge_len": 78.015655593250571, "cell_area": 6069.6776198595762, "cell_perimeter": 312.06262237300228, "code": "770", "name": "Quận 3", "name_en": "District 3", "level": "Quận", "prov_code": "79", "prov_name": "Thành phố Hồ Chí Minh", "region": "Đông Nam Bộ", "pop_2019": 190375.0, "pop_dens": 38852.0, "area": 4.92 }, "geometry": { "type": "Polygon", "coordinates": [ [ [ 106.679976977782019, 10.789580804660782 ], [ 106.68071397245798, 10.789540194965966 ], [ 106.68071397245798, 10.790220992961421 ], [ 106.679976977782019, 10.790261605096298 ], [ 106.679976977782019, 10.789580804660782 ] ] ] } },
{ "type": "Feature", "properties": { "s2": "31752f2b3c", "resolution": 17, "center_lat": 10.78922010278651, "center_lon": 106.68034547489987, "avg_edge_len": 78.015452813840724, "cell_area": 6069.6452027708292, "cell_perimeter": 312.0618112553629, "code": "770", "name": "Quận 3", "name_en": "District 3", "level": "Quận", "prov_code": "79", "prov_name": "Thành phố Hồ Chí Minh", "region": "Đông Nam Bộ", "pop_2019": 190375.0, "pop_dens": 38852.0, "area": 4.92 }, "geometry": { "type": "Polygon", "coordinates": [ [ [ 106.679976977782019, 10.788900009362766 ], [ 106.68071397245798, 10.788859402108015 ], [ 106.68071397245798, 10.789540194965966 ], [ 106.679976977782019, 10.789580804660782 ], [ 106.679976977782019, 10.788900009362766 ] ] ] } },
{ "type": "Feature", "properties": { "s2": "31752f2b44", "resolution": 17, "center_lat": 10.78917949336631, "center_lon": 106.68108247081554, "avg_edge_len": 78.015464348445192, "cell_area": 6069.6446695178747, "cell_perimeter": 312.06185739378077, "code": "770", "name": "Quận 3", "name_en": "District 3", "level": "Quận", "prov_code": "79", "prov_name": "Thành phố Hồ Chí Minh", "region": "Đông Nam Bộ", "pop_2019": 190375.0, "pop_dens": 38852.0, "area": 4.92 }, "geometry": { "type": "Polygon", "coordinates": [ [ [ 106.68071397245798, 10.788859402108015 ], [ 106.681450969613365, 10.788818792962484 ], [ 106.681450969613365, 10.789499583380255 ], [ 106.68071397245798, 10.789540194965966 ], [ 106.68071397245798, 10.788859402108015 ] ] ] } },
{ "type": "Feature", "properties": { "s2": "31752f2b4c", "resolution": 17, "center_lat": 10.789860287572925, "center_lon": 106.68108247081553, "avg_edge_len": 78.015667129743761, "cell_area": 6069.6770819276571, "cell_perimeter": 312.06266851897504, "code": "770", "name": "Quận 3", "name_en": "District 3", "level": "Quận", "prov_code": "79", "prov_name": "Thành phố Hồ Chí Minh", "region": "Đông Nam Bộ", "pop_2019": 190375.0, "pop_dens": 38852.0, "area": 4.92 }, "geometry": { "type": "Polygon", "coordinates": [ [ [ 106.68071397245798, 10.789540194965966 ], [ 106.681450969613365, 10.789499583380255 ], [ 106.681450969613365, 10.790180378935537 ], [ 106.68071397245798, 10.790220992961421 ], [ 106.68071397245798, 10.789540194965966 ] ] ] } },
{ "type": "Feature", "properties": { "s2": "31752f2b54", "resolution": 17, "center_lat": 10.789819673821656, "center_lon": 106.68181946921044, "avg_edge_len": 78.015678640559642, "cell_area": 6069.6765442788601, "cell_perimeter": 312.06271456223857, "code": "770", "name": "Quận 3", "name_en": "District 3", "level": "Quận", "prov_code": "79", "prov_name": "Thành phố Hồ Chí Minh", "region": "Đông Nam Bộ", "pop_2019": 190375.0, "pop_dens": 38852.0, "area": 4.92 }, "geometry": { "type": "Polygon", "coordinates": [ [ [ 106.681450969613365, 10.789499583380255 ], [ 106.682187969247806, 10.789458969903661 ], [ 106.682187969247806, 10.790139763018653 ], [ 106.681450969613365, 10.790180378935537 ], [ 106.681450969613365, 10.789499583380255 ] ] ] } },
{ "type": "Feature", "properties": { "s2": "31752f2b5c", "resolution": 17, "center_lat": 10.789138882055278, "center_lon": 106.68181946921045, "avg_edge_len": 78.015475858563619, "cell_area": 6069.6441267579794, "cell_perimeter": 312.06190343425448, "code": "770", "name": "Quận 3", "name_en": "District 3", "level": "Quận", "prov_code": "79", "prov_name": "Thành phố Hồ Chí Minh", "region": "Đông Nam Bộ", "pop_2019": 190375.0, "pop_dens": 38852.0, "area": 4.92 }, "geometry": { "type": "Polygon", "coordinates": [ [ [ 106.681450969613365, 10.788818792962484 ], [ 106.682187969247806, 10.788778181926185 ], [ 106.682187969247806, 10.789458969903661 ], [ 106.681450969613365, 10.789499583380255 ], [ 106.681450969613365, 10.788818792962484 ] ] ] } },
{ "type": "Feature", "properties": { "s2": "31752f2b64", "resolution": 17, "center_lat": 10.788458095426552, "center_lon": 106.68181946921044, "avg_edge_len": 78.015273054990786, "cell_area": 6069.6117087006569, "cell_perimeter": 312.06109221996314, "code": "770", "name": "Quận 3", "name_en": "District 3", "level": "Quận", "prov_code": "79", "prov_name": "Thành phố Hồ Chí Minh", "region": "Đông Nam Bộ", "pop_2019": 190375.0, "pop_dens": 38852.0, "area": 4.92 }, "geometry": { "type": "Polygon", "coordinates": [ [ [ 106.681450969613365, 10.788138007682509 ], [ 106.682187969247806, 10.788097399086508 ], [ 106.682187969247806, 10.788778181926185 ], [ 106.681450969613365, 10.788818792962484 ], [ 106.681450969613365, 10.788138007682509 ] ] ] } },
{ "type": "Feature", "properties": { "s2": "31752f2b6c", "resolution": 17, "center_lat": 10.788498704297346, "center_lon": 106.68108247081551, "avg_edge_len": 78.015261546805533, "cell_area": 6069.6122481524944, "cell_perimeter": 312.06104618722213, "code": "770", "name": "Quận 3", "name_en": "District 3", "level": "Quận", "prov_code": "79", "prov_name": "Thành phố Hồ Chí Minh", "region": "Đông Nam Bộ", "pop_2019": 190375.0, "pop_dens": 38852.0, "area": 4.92 }, "geometry": { "type": "Polygon", "coordinates": [ [ [ 106.68071397245798, 10.788178614387856 ], [ 106.681450969613365, 10.788138007682509 ], [ 106.681450969613365, 10.788818792962484 ], [ 106.68071397245798, 10.788859402108015 ], [ 106.68071397245798, 10.788178614387856 ] ] ] } },
{ "type": "Feature", "properties": { "s2": "31752f2b74", "resolution": 17, "center_lat": 10.787817920366317, "center_lon": 106.68108247081554, "avg_edge_len": 78.015058723853571, "cell_area": 6069.5798275917768, "cell_perimeter": 312.06023489541428, "code": "770", "name": "Quận 3", "name_en": "District 3", "level": "Quận", "prov_code": "79", "prov_name": "Thành phố Hồ Chí Minh", "region": "Đông Nam Bộ", "pop_2019": 190375.0, "pop_dens": 38852.0, "area": 4.92 }, "geometry": { "type": "Polygon", "coordinates": [ [ [ 106.68071397245798, 10.787497831805773 ], [ 106.681450969613365, 10.787457227540614 ], [ 106.681450969613365, 10.788138007682509 ], [ 106.68071397245798, 10.788178614387856 ], [ 106.68071397245798, 10.787497831805773 ] ] ] } },
{ "type": "Feature", "properties": { "s2": "31752f2b7c", "resolution": 17, "center_lat": 10.787777313935765, "center_lon": 106.68181946921045, "avg_edge_len": 78.015070230547423, "cell_area": 6069.5792770385742, "cell_perimeter": 312.06028092218969, "code": "770", "name": "Quận 3", "name_en": "District 3", "level": "Quận", "prov_code": "79", "prov_name": "Thành phố Hồ Chí Minh", "region": "Đông Nam Bộ", "pop_2019": 190375.0, "pop_dens": 38852.0, "area": 4.92 }, "geometry": { "type": "Polygon", "coordinates": [ [ [ 106.681450969613365, 10.787457227540614 ], [ 106.682187969247806, 10.787416621384914 ], [ 106.682187969247806, 10.788097399086508 ], [ 106.681450969613365, 10.788138007682509 ], [ 106.681450969613365, 10.787457227540614 ] ] ] } },
{ "type": "Feature", "properties": { "s2": "31752f2b84", "resolution": 17, "center_lat": 10.787096537583203, "center_lon": 106.68181946921042, "avg_edge_len": 78.014867384262061, "cell_area": 6069.5468610078096, "cell_perimeter": 312.05946953704824, "code": "770", "name": "Quận 3", "name_en": "District 3", "level": "Quận", "prov_code": "79", "prov_name": "Thành phố Hồ Chí Minh", "region": "Đông Nam Bộ", "pop_2019": 190375.0, "pop_dens": 38852.0, "area": 4.92 }, "geometry": { "type": "Polygon", "coordinates": [ [ [ 106.681450969613365, 10.786776452537081 ], [ 106.682187969247806, 10.78673584882169 ], [ 106.682187969247806, 10.787416621384914 ], [ 106.681450969613365, 10.787457227540614 ], [ 106.681450969613365, 10.786776452537081 ] ] ] } },
{ "type": "Feature", "properties": { "s2": "31752f2b8c", "resolution": 17, "center_lat": 10.786415766369146, "center_lon": 106.68181946921045, "avg_edge_len": 78.014664517282199, "cell_area": 6069.5144295841455, "cell_perimeter": 312.0586580691288, "code": "770", "name": "Quận 3", "name_en": "District 3", "level": "Quận", "prov_code": "79", "prov_name": "Thành phố Hồ Chí Minh", "region": "Đông Nam Bộ", "pop_2019": 190375.0, "pop_dens": 38852.0, "area": 4.92 }, "geometry": { "type": "Polygon", "coordinates": [ [ [ 106.681450969613365, 10.786095682672189 ], [ 106.682187969247806, 10.786055081397111 ], [ 106.682187969247806, 10.78673584882169 ], [ 106.681450969613365, 10.786776452537081 ], [ 106.681450969613365, 10.786095682672189 ] ] ] } },
{ "type": "Feature", "properties": { "s2": "31752f2b94", "resolution": 17, "center_lat": 10.786456367919198, "center_lon": 106.6810824708155, "avg_edge_len": 78.014653013218791, "cell_area": 6069.5149680972099, "cell_perimeter": 312.05861205287516, "code": "770", "name": "Quận 3", "name_en": "District 3", "level": "Quận", "prov_code": "79", "prov_name": "Thành phố Hồ Chí Minh", "region": "Đông Nam Bộ", "pop_2019": 190375.0, "pop_dens": 38852.0, "area": 4.92 }, "geometry": { "type": "Polygon", "coordinates": [ [ [ 106.68071397245798, 10.786136282056958 ], [ 106.681450969613365, 10.786095682672189 ], [ 106.681450969613365, 10.786776452537081 ], [ 106.68071397245798, 10.786817054362047 ], [ 106.68071397245798, 10.786136282056958 ] ] ] } },
{ "type": "Feature", "properties": { "s2": "31752f2b9c", "resolution": 17, "center_lat": 10.787137141573506, "center_lon": 106.68108247081553, "avg_edge_len": 78.014855879236379, "cell_area": 6069.5474031418562, "cell_perimeter": 312.05942351694551, "code": "770", "name": "Quận 3", "name_en": "District 3", "level": "Quận", "prov_code": "79", "prov_name": "Thành phố Hồ Chí Minh", "region": "Đông Nam Bộ", "pop_2019": 190375.0, "pop_dens": 38852.0, "area": 4.92 }, "geometry": { "type": "Polygon", "coordinates": [ [ [ 106.68071397245798, 10.786817054362047 ], [ 106.681450969613365, 10.786776452537081 ], [ 106.681450969613365, 10.787457227540614 ], [ 106.68071397245798, 10.787497831805773 ], [ 106.68071397245798, 10.786817054362047 ] ] ] } },
{ "type": "Feature", "properties": { "s2": "31752f2ba4", "resolution": 17, "center_lat": 10.787177743673324, "center_lon": 106.68034547489985, "avg_edge_len": 78.014844347562828, "cell_area": 6069.5479345917702, "cell_perimeter": 312.05937739025131, "code": "770", "name": "Quận 3", "name_en": "District 3", "level": "Quận", "prov_code": "79", "prov_name": "Thành phố Hồ Chí Minh", "region": "Đông Nam Bộ", "pop_2019": 190375.0, "pop_dens": 38852.0, "area": 4.92 }, "geometry": { "type": "Polygon", "coordinates": [ [ [ 106.679976977782019, 10.786857654296581 ], [ 106.68071397245798, 10.786817054362047 ], [ 106.68071397245798, 10.787497831805773 ], [ 106.679976977782019, 10.787538434180384 ], [ 106.679976977782019, 10.786857654296581 ] ] ] } },
{ "type": "Feature", "properties": { "s2": "31752f2bac", "resolution": 17, "center_lat": 10.787218343882646, "center_lon": 106.67960848146383, "avg_edge_len": 78.014832788624219, "cell_area": 6069.5484720617533, "cell_perimeter": 312.05933115449687, "code": "770", "name": "Quận 3", "name_en": "District 3", "level": "Quận", "prov_code": "79", "prov_name": "Thành phố Hồ Chí Minh", "region": "Đông Nam Bộ", "pop_2019": 190375.0, "pop_dens": 38852.0, "area": 4.92 }, "geometry": { "type": "Polygon", "coordinates": [ [ [ 106.679239985585866, 10.786898252340674 ], [ 106.679976977782019, 10.786857654296581 ], [ 106.679976977782019, 10.787538434180384 ], [ 106.679239985585866, 10.787579034664439 ], [ 106.679239985585866, 10.786898252340674 ] ] ] } },
{ "type": "Feature", "properties": { "s2": "31752f2bb4", "resolution": 17, "center_lat": 10.786537565348175, "center_lon": 106.67960848146382, "avg_edge_len": 78.014629925545734, "cell_area": 6069.5160412192345, "cell_perimeter": 312.05851970218293, "code": "770", "name": "Quận 3", "name_en": "District 3", "level": "Quận", "prov_code": "79", "prov_name": "Thành phố Hồ Chí Minh", "region": "Đông Nam Bộ", "pop_2019": 190375.0, "pop_dens": 38852.0, "area": 4.92 }, "geometry": { "type": "Polygon", "coordinates": [ [ [ 106.679239985585866, 10.786217475155537 ], [ 106.679976977782019, 10.786176879551411 ], [ 106.679976977782019, 10.786857654296581 ], [ 106.679239985585866, 10.786898252340674 ], [ 106.679239985585866, 10.786217475155537 ] ] ] } },
{ "type": "Feature", "properties": { "s2": "31752f2bbc", "resolution": 17, "center_lat": 10.786496967578877, "center_lon": 106.68034547489987, "avg_edge_len": 78.014641482948946, "cell_area": 6069.5155122131109, "cell_perimeter": 312.05856593179578, "code": "770", "name": "Quận 3", "name_en": "District 3", "level": "Quận", "prov_code": "79", "prov_name": "Thành phố Hồ Chí Minh", "region": "Đông Nam Bộ", "pop_2019": 190375.0, "pop_dens": 38852.0, "area": 4.92 }, "geometry": { "type": "Polygon", "coordinates": [ [ [ 106.679976977782019, 10.786176879551411 ], [ 106.68071397245798, 10.786136282056958 ], [ 106.68071397245798, 10.786817054362047 ], [ 106.679976977782019, 10.786857654296581 ], [ 106.679976977782019, 10.786176879551411 ] ] ] } },
{ "type": "Feature", "properties": { "s2": "31752f2bc4", "resolution": 17, "center_lat": 10.785816196623205, "center_lon": 106.68034547489985, "avg_edge_len": 78.014438596581215, "cell_area": 6069.4830741584301, "cell_perimeter": 312.05775438632486, "code": "770", "name": "Quận 3", "name_en": "District 3", "level": "Quận", "prov_code": "79", "prov_name": "Thành phố Hồ Chí Minh", "region": "Đông Nam Bộ", "pop_2019": 190375.0, "pop_dens": 38852.0, "area": 4.92 }, "geometry": { "type": "Polygon", "coordinates": [ [ [ 106.679976977782019, 10.785496109945157 ], [ 106.68071397245798, 10.785455514890792 ], [ 106.68071397245798, 10.786136282056958 ], [ 106.679976977782019, 10.786176879551411 ], [ 106.679976977782019, 10.785496109945157 ] ] ] } },
{ "type": "Feature", "properties": { "s2": "31752f2bcc", "resolution": 17, "center_lat": 10.785856791952479, "center_lon": 106.67960848146383, "avg_edge_len": 78.014427040537655, "cell_area": 6069.4836111217737, "cell_perimeter": 312.05770816215062, "code": "770", "name": "Quận 3", "name_en": "District 3", "level": "Quận", "prov_code": "79", "prov_name": "Thành phố Hồ Chí Minh", "region": "Đông Nam Bộ", "pop_2019": 190375.0, "pop_dens": 38852.0, "area": 4.92 }, "geometry": { "type": "Polygon", "coordinates": [ [ [ 106.679239985585866, 10.785536703109312 ], [ 106.679976977782019, 10.785496109945157 ], [ 106.679976977782019, 10.786176879551411 ], [ 106.679239985585866, 10.786217475155537 ], [ 106.679239985585866, 10.785536703109312 ] ] ] } },
{ "type": "Feature", "properties": { "s2": "31752f2bd4", "resolution": 17, "center_lat": 10.785176023695838, "center_lon": 106.67960848146379, "avg_edge_len": 78.014224134129648, "cell_area": 6069.4511708468199, "cell_perimeter": 312.05689653651859, "code": "770", "name": "Quận 3", "name_en": "District 3", "level": "Quận", "prov_code": "79", "prov_name": "Thành phố Hồ Chí Minh", "region": "Đông Nam Bộ", "pop_2019": 190375.0, "pop_dens": 38852.0, "area": 4.92 }, "geometry": { "type": "Polygon", "coordinates": [ [ [ 106.679239985585866, 10.784855936202286 ], [ 106.679976977782019, 10.784815345478108 ], [ 106.679976977782019, 10.785496109945157 ], [ 106.679239985585866, 10.785536703109312 ], [ 106.679239985585866, 10.784855936202286 ] ] ] } },
{ "type": "Feature", "properties": { "s2": "31752f2bdc", "resolution": 17, "center_lat": 10.785135430806598, "center_lon": 106.68034547489982, "avg_edge_len": 78.01423568859326, "cell_area": 6069.4506385922432, "cell_perimeter": 312.05694275437304, "code": "770", "name": "Quận 3", "name_en": "District 3", "level": "Quận", "prov_code": "79", "prov_name": "Thành phố Hồ Chí Minh", "region": "Đông Nam Bộ", "pop_2019": 190375.0, "pop_dens": 38852.0, "area": 4.92 }, "geometry": { "type": "Polygon", "coordinates": [ [ [ 106.679976977782019, 10.784815345478108 ], [ 106.68071397245798, 10.784774752863832 ], [ 106.68071397245798, 10.785455514890792 ], [ 106.679976977782019, 10.785496109945157 ], [ 106.679976977782019, 10.784815345478108 ] ] ] } },
{ "type": "Feature", "properties": { "s2": "31752f2be4", "resolution": 17, "center_lat": 10.785094836027206, "center_lon": 106.68108247081553, "avg_edge_len": 78.014247216762101, "cell_area": 6069.4501009881496, "cell_perimeter": 312.0569888670484, "code": "770", "name": "Quận 3", "name_en": "District 3", "level": "Quận", "prov_code": "79", "prov_name": "Thành phố Hồ Chí Minh", "region": "Đông Nam Bộ", "pop_2019": 190375.0, "pop_dens": 38852.0, "area": 4.92 }, "geometry": { "type": "Polygon", "coordinates": [ [ [ 106.68071397245798, 10.784774752863832 ], [ 106.681450969613365, 10.78473415835947 ], [ 106.681450969613365, 10.785414917946227 ], [ 106.68071397245798, 10.785455514890792 ], [ 106.68071397245798, 10.784774752863832 ] ] ] } },
{ "type": "Feature", "properties": { "s2": "31752f2bec", "resolution": 17, "center_lat": 10.785775599403671, "center_lon": 106.68108247081551, "avg_edge_len": 78.014450125668631, "cell_area": 6069.4825366586447, "cell_perimeter": 312.05780050267452, "code": "770", "name": "Quận 3", "name_en": "District 3", "level": "Quận", "prov_code": "79", "prov_name": "Thành phố Hồ Chí Minh", "region": "Đông Nam Bộ", "pop_2019": 190375.0, "pop_dens": 38852.0, "area": 4.92 }, "geometry": { "type": "Polygon", "coordinates": [ [ [ 106.68071397245798, 10.785455514890792 ], [ 106.681450969613365, 10.785414917946227 ], [ 106.681450969613365, 10.786095682672189 ], [ 106.68071397245798, 10.786136282056958 ], [ 106.68071397245798, 10.785455514890792 ] ] ] } },
{ "type": "Feature", "properties": { "s2": "31752f2bf4", "resolution": 17, "center_lat": 10.785735000293872, "center_lon": 106.68181946921042, "avg_edge_len": 78.014461628769922, "cell_area": 6069.4819978177547, "cell_perimeter": 312.05784651507969, "code": "770", "name": "Quận 3", "name_en": "District 3", "level": "Quận", "prov_code": "79", "prov_name": "Thành phố Hồ Chí Minh", "region": "Đông Nam Bộ", "pop_2019": 190375.0, "pop_dens": 38852.0, "area": 4.92 }, "geometry": { "type": "Polygon", "coordinates": [ [ [ 106.681450969613365, 10.785414917946227 ], [ 106.682187969247806, 10.785374319111463 ], [ 106.682187969247806, 10.786055081397111 ], [ 106.681450969613365, 10.786095682672189 ], [ 106.681450969613365, 10.785414917946227 ] ] ] } },
{ "type": "Feature", "properties": { "s2": "31752f2bfc", "resolution": 17, "center_lat": 10.785054239357676, "center_lon": 106.68181946921042, "avg_edge_len": 78.014258718327198, "cell_area": 6069.449555337429, "cell_perimeter": 312.05703487330879, "code": "770", "name": "Quận 3", "name_en": "District 3", "level": "Quận", "prov_code": "79", "prov_name": "Thành phố Hồ Chí Minh", "region": "Đông Nam Bộ", "pop_2019": 190375.0, "pop_dens": 38852.0, "area": 4.92 }, "geometry": { "type": "Polygon", "coordinates": [ [ [ 106.681450969613365, 10.78473415835947 ], [ 106.682187969247806, 10.784693561965032 ], [ 106.682187969247806, 10.785374319111463 ], [ 106.681450969613365, 10.785414917946227 ], [ 106.681450969613365, 10.78473415835947 ] ] ] } },
{ "type": "Feature", "properties": { "s2": "31752f2c04", "resolution": 17, "center_lat": 10.785013640798008, "center_lon": 106.68255647008421, "avg_edge_len": 78.014270194877028, "cell_area": 6069.4490066468716, "cell_perimeter": 312.05708077950811, "code": "770", "name": "Quận 3", "name_en": "District 3", "level": "Quận", "prov_code": "79", "prov_name": "Thành phố Hồ Chí Minh", "region": "Đông Nam Bộ", "pop_2019": 190375.0, "pop_dens": 38852.0, "area": 4.92 }, "geometry": { "type": "Polygon", "coordinates": [ [ [ 106.682187969247806, 10.784693561965032 ], [ 106.682924971360947, 10.784652963680518 ], [ 106.682924971360947, 10.785333718386513 ], [ 106.682187969247806, 10.785374319111463 ], [ 106.682187969247806, 10.784693561965032 ] ] ] } },
{ "type": "Feature", "properties": { "s2": "31752f2c0c", "resolution": 17, "center_lat": 10.785694399293831, "center_lon": 106.68255647008419, "avg_edge_len": 78.014473106237503, "cell_area": 6069.4814515858889, "cell_perimeter": 312.05789242495001, "code": "770", "name": "Quận 3", "name_en": "District 3", "level": "Quận", "prov_code": "79", "prov_name": "Thành phố Hồ Chí Minh", "region": "Đông Nam Bộ", "pop_2019": 190375.0, "pop_dens": 38852.0, "area": 4.92 }, "geometry": { "type": "Polygon", "coordinates": [ [ [ 106.682187969247806, 10.785374319111463 ], [ 106.682924971360947, 10.785333718386513 ], [ 106.682924971360947, 10.786014478231728 ], [ 106.682187969247806, 10.786055081397111 ], [ 106.682187969247806, 10.785374319111463 ] ] ] } },
{ "type": "Feature", "properties": { "s2": "31752f2c14", "resolution": 17, "center_lat": 10.785653796403549, "center_lon": 106.68329347343648, "avg_edge_len": 78.014484557939667, "cell_area": 6069.4808990210295, "cell_perimeter": 312.05793823175867, "code": "770", "name": "Quận 3", "name_en": "District 3", "level": "Quận", "prov_code": "79", "prov_name": "Thành phố Hồ Chí Minh", "region": "Đông Nam Bộ", "pop_2019": 190375.0, "pop_dens": 38852.0, "area": 4.92 }, "geometry": { "type": "Polygon", "coordinates": [ [ [ 106.682924971360947, 10.785333718386513 ], [ 106.683661975952418, 10.785293115771385 ], [ 106.683661975952418, 10.785973873176054 ], [ 106.682924971360947, 10.786014478231728 ], [ 106.682924971360947, 10.785333718386513 ] ] ] } },
{ "type": "Feature", "properties": { "s2": "31752f2c1c", "resolution": 17, "center_lat": 10.784973040348216, "center_lon": 106.68329347343649, "avg_edge_len": 78.014281645440661, "cell_area": 6069.4484603255987, "cell_perimeter": 312.05712658176265, "code": "770", "name": "Quận 3", "name_en": "District 3", "level": "Quận", "prov_code": "79", "prov_name": "Thành phố Hồ Chí Minh", "region": "Đông Nam Bộ", "pop_2019": 190375.0, "pop_dens": 38852.0, "area": 4.92 }, "geometry": { "type": "Polygon", "coordinates": [ [ [ 106.682924971360947, 10.784652963680518 ], [ 106.683661975952418, 10.784612363505941 ], [ 106.683661975952418, 10.785293115771385 ], [ 106.682924971360947, 10.785333718386513 ], [ 106.682924971360947, 10.784652963680518 ] ] ] } },
{ "type": "Feature", "properties": { "s2": "31752f2c24", "resolution": 17, "center_lat": 10.784932438008312, "center_lon": 106.68403047926692, "avg_edge_len": 78.014293068474046, "cell_area": 6069.4479043185711, "cell_perimeter": 312.05717227389619, "code": "770", "name": "Quận 3", "name_en": "District 3", "level": "Quận", "prov_code": "79", "prov_name": "Thành phố Hồ Chí Minh", "region": "Đông Nam Bộ", "pop_2019": 190375.0, "pop_dens": 38852.0, "area": 4.92 }, "geometry": { "type": "Polygon", "coordinates": [ [ [ 106.683661975952418, 10.784612363505941 ], [ 106.684398983021836, 10.784571761441306 ], [ 106.684398983021836, 10.785252511266084 ], [ 106.683661975952418, 10.785293115771385 ], [ 106.683661975952418, 10.784612363505941 ] ] ] } },
{ "type": "Feature", "properties": { "s2": "31752f2c2c", "resolution": 17, "center_lat": 10.784891833778291, "center_lon": 106.68476748757513, "avg_edge_len": 78.014304467815435, "cell_area": 6069.4473458826542, "cell_perimeter": 312.05721787126174, "code": "770", "name": "Quận 3", "name_en": "District 3", "level": "Quận", "prov_code": "79", "prov_name": "Thành phố Hồ Chí Minh", "region": "Đông Nam Bộ", "pop_2019": 190375.0, "pop_dens": 38852.0, "area": 4.92 }, "geometry": { "type": "Polygon", "coordinates": [ [ [ 106.684398983021836, 10.784571761441306 ], [ 106.68513599256886, 10.784531157486622 ], [ 106.68513599256886, 10.785211904870621 ], [ 106.684398983021836, 10.785252511266084 ], [ 106.684398983021836, 10.784571761441306 ] ] ] } },
{ "type": "Feature", "properties": { "s2": "31752f2c34", "resolution": 17, "center_lat": 10.785572584952295, "center_lon": 106.68476748757513, "avg_edge_len": 78.014507383033262, "cell_area": 6069.4797841310501, "cell_perimeter": 312.05802953213305, "code": "770", "name": "Quận 3", "name_en": "District 3", "level": "Quận", "prov_code": "79", "prov_name": "Thành phố Hồ Chí Minh", "region": "Đông Nam Bộ", "pop_2019": 190375.0, "pop_dens": 38852.0, "area": 4.92 }, "geometry": { "type": "Polygon", "coordinates": [ [ [ 106.684398983021836, 10.785252511266084 ], [ 106.68513599256886, 10.785211904870621 ], [ 106.68513599256886, 10.785892657393852 ], [ 106.684398983021836, 10.785933266230092 ], [ 106.684398983021836, 10.785252511266084 ] ] ] } },
{ "type": "Feature", "properties": { "s2": "31752f2c3c", "resolution": 17, "center_lat": 10.785613191623035, "center_lon": 106.68403047926691, "avg_edge_len": 78.01449598286203, "cell_area": 6069.4803397059441, "cell_perimeter": 312.05798393144812, "code": "770", "name": "Quận 3", "name_en": "District 3", "level": "Quận", "prov_code": "79", "prov_name": "Thành phố Hồ Chí Minh", "region": "Đông Nam Bộ", "pop_2019": 190375.0, "pop_dens": 38852.0, "area": 4.92 }, "geometry": { "type": "Polygon", "coordinates": [ [ [ 106.683661975952418, 10.785293115771385 ], [ 106.684398983021836, 10.785252511266084 ], [ 106.684398983021836, 10.785933266230092 ], [ 106.683661975952418, 10.785973873176054 ], [ 106.683661975952418, 10.785293115771385 ] ] ] } },
{ "type": "Feature", "properties": { "s2": "31752f2c44", "resolution": 17, "center_lat": 10.786293950376846, "center_lon": 106.68403047926694, "avg_edge_len": 78.014698875055444, "cell_area": 6069.5127804726362, "cell_perimeter": 312.05879550022178, "code": "770", "name": "Quận 3", "name_en": "District 3", "level": "Quận", "prov_code": "79", "prov_name": "Thành phố Hồ Chí Minh", "region": "Đông Nam Bộ", "pop_2019": 190375.0, "pop_dens": 38852.0, "area": 4.92 }, "geometry": { "type": "Polygon", "coordinates": [ [ [ 106.683661975952418, 10.785973873176054 ], [ 106.684398983021836, 10.785933266230092 ], [ 106.684398983021836, 10.786614026333044 ], [ 106.683661975952418, 10.786654635719662 ], [ 106.683661975952418, 10.785973873176054 ] ] ] } },
{ "type": "Feature", "properties": { "s2": "31752f2c4c", "resolution": 17, "center_lat": 10.786253341265388, "center_lon": 106.68476748757516, "avg_edge_len": 78.014710276850906, "cell_area": 6069.5122201740742, "cell_perimeter": 312.05884110740362, "code": "770", "name": "Quận 3", "name_en": "District 3", "level": "Quận", "prov_code": "79", "prov_name": "Thành phố Hồ Chí Minh", "region": "Đông Nam Bộ", "pop_2019": 190375.0, "pop_dens": 38852.0, "area": 4.92 }, "geometry": { "type": "Polygon", "coordinates": [ [ [ 106.684398983021836, 10.785933266230092 ], [ 106.68513599256886, 10.785892657393852 ], [ 106.68513599256886, 10.786573415056031 ], [ 106.684398983021836, 10.786614026333044 ], [ 106.684398983021836, 10.785933266230092 ] ] ] } },
{ "type": "Feature", "properties": { "s2": "31752f2c54", "resolution": 17, "center_lat": 10.786934102717288, "center_lon": 106.68476748757514, "avg_edge_len": 78.01491314918006, "cell_area": 6069.5446512401104, "cell_perimeter": 312.05965259672024, "code": "770", "name": "Quận 3", "name_en": "District 3", "level": "Quận", "prov_code": "79", "prov_name": "Thành phố Hồ Chí Minh", "region": "Đông Nam Bộ", "pop_2019": 190375.0, "pop_dens": 38852.0, "area": 4.92 }, "geometry": { "type": "Polygon", "coordinates": [ [ [ 106.684398983021836, 10.786614026333044 ], [ 106.68513599256886, 10.786573415056031 ], [ 106.68513599256886, 10.787254177856878 ], [ 106.684398983021836, 10.787294791574658 ], [ 106.684398983021836, 10.786614026333044 ] ] ] } },
{ "type": "Feature", "properties": { "s2": "31752f2c5c", "resolution": 17, "center_lat": 10.786974714269457, "center_lon": 106.68403047926694, "avg_edge_len": 78.014901746201701, "cell_area": 6069.5452116280794, "cell_perimeter": 312.05960698480681, "code": "770", "name": "Quận 3", "name_en": "District 3", "level": "Quận", "prov_code": "79", "prov_name": "Thành phố Hồ Chí Minh", "region": "Đông Nam Bộ", "pop_2019": 190375.0, "pop_dens": 38852.0, "area": 4.92 }, "geometry": { "type": "Polygon", "coordinates": [ [ [ 106.683661975952418, 10.786654635719662 ], [ 106.684398983021836, 10.786614026333044 ], [ 106.684398983021836, 10.787294791574658 ], [ 106.683661975952418, 10.787335403401928 ], [ 106.683661975952418, 10.786654635719662 ] ] ] } },
{ "type": "Feature", "properties": { "s2": "31752f2c64", "resolution": 17, "center_lat": 10.78701532393117, "center_lon": 106.68329347343648, "avg_edge_len": 78.01489031886959, "cell_area": 6069.5457595735788, "cell_perimeter": 312.05956127547836, "code": "770", "name": "Quận 3", "name_en": "District 3", "level": "Quận", "prov_code": "79", "prov_name": "Thành phố Hồ Chí Minh", "region": "Đông Nam Bộ", "pop_2019": 190375.0, "pop_dens": 38852.0, "area": 4.92 }, "geometry": { "type": "Polygon", "coordinates": [ [ [ 106.682924971360947, 10.786695243215879 ], [ 106.683661975952418, 10.786654635719662 ], [ 106.683661975952418, 10.787335403401928 ], [ 106.682924971360947, 10.787376013338685 ], [ 106.682924971360947, 10.786695243215879 ] ] ] } },
{ "type": "Feature", "properties": { "s2": "31752f2c6c", "resolution": 17, "center_lat": 10.786334557597963, "center_lon": 106.68329347343649, "avg_edge_len": 78.014687448906358, "cell_area": 6069.5133347958326, "cell_perimeter": 312.05874979562543, "code": "770", "name": "Quận 3", "name_en": "District 3", "level": "Quận", "prov_code": "79", "prov_name": "Thành phố Hồ Chí Minh", "region": "Đông Nam Bộ", "pop_2019": 190375.0, "pop_dens": 38852.0, "area": 4.92 }, "geometry": { "type": "Polygon", "coordinates": [ [ [ 106.682924971360947, 10.786014478231728 ], [ 106.683661975952418, 10.785973873176054 ], [ 106.683661975952418, 10.786654635719662 ], [ 106.682924971360947, 10.786695243215879 ], [ 106.682924971360947, 10.786014478231728 ] ] ] } },
{ "type": "Feature", "properties": { "s2": "31752f2c74", "resolution": 17, "center_lat": 10.786375162928731, "center_lon": 106.68255647008421, "avg_edge_len": 78.014675995844826, "cell_area": 6069.5138859897852, "cell_perimeter": 312.0587039833793, "code": "770", "name": "Quận 3", "name_en": "District 3", "level": "Quận", "prov_code": "79", "prov_name": "Thành phố Hồ Chí Minh", "region": "Đông Nam Bộ", "pop_2019": 190375.0, "pop_dens": 38852.0, "area": 4.92 }, "geometry": { "type": "Polygon", "coordinates": [ [ [ 106.682187969247806, 10.786055081397111 ], [ 106.682924971360947, 10.786014478231728 ], [ 106.682924971360947, 10.786695243215879 ], [ 106.682187969247806, 10.78673584882169 ], [ 106.682187969247806, 10.786055081397111 ] ] ] } },
{ "type": "Feature", "properties": { "s2": "31752f2c7c", "resolution": 17, "center_lat": 10.787055931702422, "center_lon": 106.68255647008422, "avg_edge_len": 78.014878864492744, "cell_area": 6069.5463081747293, "cell_perimeter": 312.05951545797097, "code": "770", "name": "Quận 3", "name_en": "District 3", "level": "Quận", "prov_code": "79", "prov_name": "Thành phố Hồ Chí Minh", "region": "Đông Nam Bộ", "pop_2019": 190375.0, "pop_dens": 38852.0, "area": 4.92 }, "geometry": { "type": "Polygon", "coordinates": [ [ [ 106.682187969247806, 10.78673584882169 ], [ 106.682924971360947, 10.786695243215879 ], [ 106.682924971360947, 10.787376013338685 ], [ 106.682187969247806, 10.787416621384914 ], [ 106.682187969247806, 10.78673584882169 ] ] ] } },
{ "type": "Feature", "properties": { "s2": "31752f2c84", "resolution": 17, "center_lat": 10.787736705614623, "center_lon": 106.68255647008421, "avg_edge_len": 78.015081712269662, "cell_area": 6069.5787406414747, "cell_perimeter": 312.06032684907865, "code": "770", "name": "Quận 3", "name_en": "District 3", "level": "Quận", "prov_code": "79", "prov_name": "Thành phố Hồ Chí Minh", "region": "Đông Nam Bộ", "pop_2019": 190375.0, "pop_dens": 38852.0, "area": 4.92 }, "geometry": { "type": "Polygon", "coordinates": [ [ [ 106.682187969247806, 10.787416621384914 ], [ 106.682924971360947, 10.787376013338685 ], [ 106.682924971360947, 10.78805678859986 ], [ 106.682187969247806, 10.788097399086508 ], [ 106.682187969247806, 10.787416621384914 ] ] ] } },
{ "type": "Feature", "properties": { "s2": "31752f2c8c", "resolution": 17, "center_lat": 10.787696095402895, "center_lon": 106.68329347343652, "avg_edge_len": 78.015093167388216, "cell_area": 6069.5781905204058, "cell_perimeter": 312.06037266955286, "code": "770", "name": "Quận 3", "name_en": "District 3", "level": "Quận", "prov_code": "79", "prov_name": "Thành phố Hồ Chí Minh", "region": "Đông Nam Bộ", "pop_2019": 190375.0, "pop_dens": 38852.0, "area": 4.92 }, "geometry": { "type": "Polygon", "coordinates": [ [ [ 106.682924971360947, 10.787376013338685 ], [ 106.683661975952418, 10.787335403401928 ], [ 106.683661975952418, 10.788016176222571 ], [ 106.682924971360947, 10.78805678859986 ], [ 106.682924971360947, 10.787376013338685 ] ] ] } },
{ "type": "Feature", "properties": { "s2": "31752f2c94", "resolution": 17, "center_lat": 10.788376872012845, "center_lon": 106.68329347343649, "avg_edge_len": 78.015295994683015, "cell_area": 6069.6106147021055, "cell_perimeter": 312.06118397873206, "code": "770", "name": "Quận 3", "name_en": "District 3", "level": "Quận", "prov_code": "79", "prov_name": "Thành phố Hồ Chí Minh", "region": "Đông Nam Bộ", "pop_2019": 190375.0, "pop_dens": 38852.0, "area": 4.92 }, "geometry": { "type": "Polygon", "coordinates": [ [ [ 106.682924971360947, 10.78805678859986 ], [ 106.683661975952418, 10.788016176222571 ], [ 106.683661975952418, 10.788696954181304 ], [ 106.682924971360947, 10.788737568999121 ], [ 106.682924971360947, 10.78805678859986 ] ] ] } },
{ "type": "Feature", "properties": { "s2": "31752f2c9c", "resolution": 17, "center_lat": 10.788417484665048, "center_lon": 106.68255647008419, "avg_edge_len": 78.015284537851969, "cell_area": 6069.6111659258604, "cell_perimeter": 312.06113815140787, "code": "770", "name": "Quận 3", "name_en": "District 3", "level": "Quận", "prov_code": "79", "prov_name": "Thành phố Hồ Chí Minh", "region": "Đông Nam Bộ", "pop_2019": 190375.0, "pop_dens": 38852.0, "area": 4.92 }, "geometry": { "type": "Polygon", "coordinates": [ [ [ 106.682187969247806, 10.788097399086508 ], [ 106.682924971360947, 10.78805678859986 ], [ 106.682924971360947, 10.788737568999121 ], [ 106.682187969247806, 10.788778181926185 ], [ 106.682187969247806, 10.788097399086508 ] ] ] } },
{ "type": "Feature", "properties": { "s2": "31752f2ca4", "resolution": 17, "center_lat": 10.789098268853419, "center_lon": 106.68255647008421, "avg_edge_len": 78.015487342475311, "cell_area": 6069.6435787379742, "cell_perimeter": 312.06194936990124, "code": "770", "name": "Quận 3", "name_en": "District 3", "level": "Quận", "prov_code": "79", "prov_name": "Thành phố Hồ Chí Minh", "region": "Đông Nam Bộ", "pop_2019": 190375.0, "pop_dens": 38852.0, "area": 4.92 }, "geometry": { "type": "Polygon", "coordinates": [ [ [ 106.682187969247806, 10.788778181926185 ], [ 106.682924971360947, 10.788737568999121 ], [ 106.682924971360947, 10.789418354536188 ], [ 106.682187969247806, 10.789458969903661 ], [ 106.682187969247806, 10.788778181926185 ] ] ] } },
{ "type": "Feature", "properties": { "s2": "31752f2cac", "resolution": 17, "center_lat": 10.789779058179453, "center_lon": 106.68255647008421, "avg_edge_len": 78.015690125962792, "cell_area": 6069.6759976297617, "cell_perimeter": 312.06276050385117, "code": "770", "name": "Quận 3", "name_en": "District 3", "level": "Quận", "prov_code": "79", "prov_name": "Thành phố Hồ Chí Minh", "region": "Đông Nam Bộ", "pop_2019": 190375.0, "pop_dens": 38852.0, "area": 4.92 }, "geometry": { "type": "Polygon", "coordinates": [ [ [ 106.682187969247806, 10.789458969903661 ], [ 106.682924971360947, 10.789418354536188 ], [ 106.682924971360947, 10.790099145210778 ], [ 106.682187969247806, 10.790139763018653 ], [ 106.682187969247806, 10.789458969903661 ] ] ] } },
{ "type": "Feature", "properties": { "s2": "31752f2cb4", "resolution": 17, "center_lat": 10.789738440646319, "center_lon": 106.68329347343652, "avg_edge_len": 78.015701584365544, "cell_area": 6069.6754453145541, "cell_perimeter": 312.06280633746218, "code": "770", "name": "Quận 3", "name_en": "District 3", "level": "Quận", "prov_code": "79", "prov_name": "Thành phố Hồ Chí Minh", "region": "Đông Nam Bộ", "pop_2019": 190375.0, "pop_dens": 38852.0, "area": 4.92 }, "geometry": { "type": "Polygon", "coordinates": [ [ [ 106.682924971360947, 10.789418354536188 ], [ 106.683661975952404, 10.789377737277848 ], [ 106.683661975952418, 10.790058525511915 ], [ 106.682924971360947, 10.790099145210778 ], [ 106.682924971360947, 10.789418354536188 ] ] ] } },
{ "type": "Feature", "properties": { "s2": "31752f2cbc", "resolution": 17, "center_lat": 10.789057653760748, "center_lon": 106.68329347343648, "avg_edge_len": 78.015498799827427, "cell_area": 6069.643035387875, "cell_perimeter": 312.06199519930971, "code": "770", "name": "Quận 3", "name_en": "District 3", "level": "Quận", "prov_code": "79", "prov_name": "Thành phố Hồ Chí Minh", "region": "Đông Nam Bộ", "pop_2019": 190375.0, "pop_dens": 38852.0, "area": 4.92 }, "geometry": { "type": "Polygon", "coordinates": [ [ [ 106.682924971360947, 10.788737568999121 ], [ 106.683661975952418, 10.788696954181304 ], [ 106.683661975952404, 10.789377737277848 ], [ 106.682924971360947, 10.789418354536188 ], [ 106.682924971360947, 10.788737568999121 ] ] ] } },
{ "type": "Feature", "properties": { "s2": "31752f2cc4", "resolution": 17, "center_lat": 10.78901703677727, "center_lon": 106.68403047926692, "avg_edge_len": 78.015510232296137, "cell_area": 6069.6424808443771, "cell_perimeter": 312.06204092918455, "code": "770", "name": "Quận 3", "name_en": "District 3", "level": "Quận", "prov_code": "79", "prov_name": "Thành phố Hồ Chí Minh", "region": "Đông Nam Bộ", "pop_2019": 190375.0, "pop_dens": 38852.0, "area": 4.92 }, "geometry": { "type": "Polygon", "coordinates": [ [ [ 106.683661975952418, 10.788696954181304 ], [ 106.684398983021836, 10.788656337472743 ], [ 106.684398983021836, 10.789337118128644 ], [ 106.683661975952404, 10.789377737277848 ], [ 106.683661975952418, 10.788696954181304 ] ] ] } },
{ "type": "Feature", "properties": { "s2": "31752f2ccc", "resolution": 17, "center_lat": 10.789697821222257, "center_lon": 106.68403047926694, "avg_edge_len": 78.015713017973439, "cell_area": 6069.6748894936763, "cell_perimeter": 312.06285207189376, "code": "770", "name": "Quận 3", "name_en": "District 3", "level": "Quận", "prov_code": "79", "prov_name": "Thành phố Hồ Chí Minh", "region": "Đông Nam Bộ", "pop_2019": 190375.0, "pop_dens": 38852.0, "area": 4.92 }, "geometry": { "type": "Polygon", "coordinates": [ [ [ 106.683661975952404, 10.789377737277848 ], [ 106.684398983021836, 10.789337118128644 ], [ 106.684398983021836, 10.790017903922081 ], [ 106.683661975952418, 10.790058525511915 ], [ 106.683661975952404, 10.789377737277848 ] ] ] } },
{ "type": "Feature", "properties": { "s2": "31752f2cd4", "resolution": 17, "center_lat": 10.789657199907287, "center_lon": 106.68476748757517, "avg_edge_len": 78.015724425330163, "cell_area": 6069.6743369102478, "cell_perimeter": 312.06289770132065, "code": "770", "name": "Quận 3", "name_en": "District 3", "level": "Quận", "prov_code": "79", "prov_name": "Thành phố Hồ Chí Minh", "region": "Đông Nam Bộ", "pop_2019": 190375.0, "pop_dens": 38852.0, "area": 4.92 }, "geometry": { "type": "Polygon", "coordinates": [ [ [ 106.684398983021836, 10.789337118128644 ], [ 106.68513599256886, 10.789296497088591 ], [ 106.68513599256886, 10.789977280441276 ], [ 106.684398983021836, 10.790017903922081 ], [ 106.684398983021836, 10.789337118128644 ] ] ] } },
{ "type": "Feature", "properties": { "s2": "31752f2cdc", "resolution": 17, "center_lat": 10.788976417902994, "center_lon": 106.68476748757517, "avg_edge_len": 78.015521638293706, "cell_area": 6069.6419258564711, "cell_perimeter": 312.06208655317482, "code": "770", "name": "Quận 3", "name_en": "District 3", "level": "Quận", "prov_code": "79", "prov_name": "Thành phố Hồ Chí Minh", "region": "Đông Nam Bộ", "pop_2019": 190375.0, "pop_dens": 38852.0, "area": 4.92 }, "geometry": { "type": "Polygon", "coordinates": [ [ [ 106.684398983021836, 10.788656337472743 ], [ 106.68513599256886, 10.788615718873441 ], [ 106.68513599256886, 10.789296497088591 ], [ 106.684398983021836, 10.789337118128644 ], [ 106.684398983021836, 10.788656337472743 ] ] ] } },
{ "type": "Feature", "properties": { "s2": "31752f2ce4", "resolution": 17, "center_lat": 10.788295641036372, "center_lon": 106.68476748757516, "avg_edge_len": 78.015318830298213, "cell_area": 6069.6094954311848, "cell_perimeter": 312.06127532119285, "code": "770", "name": "Quận 3", "name_en": "District 3", "level": "Quận", "prov_code": "79", "prov_name": "Thành phố Hồ Chí Minh", "region": "Đông Nam Bộ", "pop_2019": 190375.0, "pop_dens": 38852.0, "area": 4.92 }, "geometry": { "type": "Polygon", "coordinates": [ [ [ 106.684398983021836, 10.787975561954651 ], [ 106.68513599256886, 10.78793494579611 ], [ 106.68513599256886, 10.788615718873441 ], [ 106.684398983021836, 10.788656337472743 ], [ 106.684398983021836, 10.787975561954651 ] ] ] } },
{ "type": "Feature", "properties": { "s2": "31752f2cec", "resolution": 17, "center_lat": 10.78833625746995, "center_lon": 106.68403047926694, "avg_edge_len": 78.015307424689553, "cell_area": 6069.6100591421127, "cell_perimeter": 312.06122969875821, "code": "770", "name": "Quận 3", "name_en": "District 3", "level": "Quận", "prov_code": "79", "prov_name": "Thành phố Hồ Chí Minh", "region": "Đông Nam Bộ", "pop_2019": 190375.0, "pop_dens": 38852.0, "area": 4.92 }, "geometry": { "type": "Polygon", "coordinates": [ [ [ 106.683661975952418, 10.788016176222571 ], [ 106.684398983021836, 10.787975561954651 ], [ 106.684398983021836, 10.788656337472743 ], [ 106.683661975952418, 10.788696954181304 ], [ 106.683661975952418, 10.788016176222571 ] ] ] } },
{ "type": "Feature", "properties": { "s2": "31752f2cf4", "resolution": 17, "center_lat": 10.787655483300584, "center_lon": 106.68403047926694, "avg_edge_len": 78.015104595947193, "cell_area": 6069.5776355713606, "cell_perimeter": 312.06041838378877, "code": "770", "name": "Quận 3", "name_en": "District 3", "level": "Quận", "prov_code": "79", "prov_name": "Thành phố Hồ Chí Minh", "region": "Đông Nam Bộ", "pop_2019": 190375.0, "pop_dens": 38852.0, "area": 4.92 }, "geometry": { "type": "Polygon", "coordinates": [ [ [ 106.683661975952418, 10.787335403401928 ], [ 106.684398983021836, 10.787294791574658 ], [ 106.684398983021836, 10.787975561954651 ], [ 106.683661975952418, 10.788016176222571 ], [ 106.683661975952418, 10.787335403401928 ] ] ] } },
{ "type": "Feature", "properties": { "s2": "31752f2cfc", "resolution": 17, "center_lat": 10.787614869307708, "center_lon": 106.68476748757514, "avg_edge_len": 78.015116000461148, "cell_area": 6069.5770782232285, "cell_perimeter": 312.06046400184459, "code": "770", "name": "Quận 3", "name_en": "District 3", "level": "Quận", "prov_code": "79", "prov_name": "Thành phố Hồ Chí Minh", "region": "Đông Nam Bộ", "pop_2019": 190375.0, "pop_dens": 38852.0, "area": 4.92 }, "geometry": { "type": "Polygon", "coordinates": [ [ [ 106.684398983021836, 10.787294791574658 ], [ 106.68513599256886, 10.787254177856878 ], [ 106.68513599256886, 10.78793494579611 ], [ 106.684398983021836, 10.787975561954651 ], [ 106.684398983021836, 10.787294791574658 ] ] ] } },
{ "type": "Feature", "properties": { "s2": "31752f2d04", "resolution": 17, "center_lat": 10.787574253424273, "center_lon": 106.68550449836077, "avg_edge_len": 78.0151273774011, "cell_area": 6069.5765145123005, "cell_perimeter": 312.0605095096044, "code": "770", "name": "Quận 3", "name_en": "District 3", "level": "Quận", "prov_code": "79", "prov_name": "Thành phố Hồ Chí Minh", "region": "Đông Nam Bộ", "pop_2019": 190375.0, "pop_dens": 38852.0, "area": 4.92 }, "geometry": { "type": "Polygon", "coordinates": [ [ [ 106.68513599256886, 10.787254177856878 ], [ 106.685873004593105, 10.787213562248599 ], [ 106.685873004593105, 10.787894327746951 ], [ 106.68513599256886, 10.78793494579611 ], [ 106.68513599256886, 10.787254177856878 ] ] ] } },
{ "type": "Feature", "properties": { "s2": "31752f2d0c", "resolution": 17, "center_lat": 10.787533635650279, "center_lon": 106.68624151162344, "avg_edge_len": 78.015138729016371, "cell_area": 6069.5759514988931, "cell_perimeter": 312.06055491606548, "code": "770", "name": "Quận 3", "name_en": "District 3", "level": "Quận", "prov_code": "79", "prov_name": "Thành phố Hồ Chí Minh", "region": "Đông Nam Bộ", "pop_2019": 190375.0, "pop_dens": 38852.0, "area": 4.92 }, "geometry": { "type": "Polygon", "coordinates": [ [ [ 106.685873004593105, 10.787213562248599 ], [ 106.686610019094218, 10.787172944749825 ], [ 106.686610019094203, 10.787853707807185 ], [ 106.685873004593105, 10.787894327746951 ], [ 106.685873004593105, 10.787213562248599 ] ] ] } },
{ "type": "Feature", "properties": { "s2": "31752f2d14", "resolution": 17, "center_lat": 10.788214402497188, "center_lon": 106.68624151162342, "avg_edge_len": 78.015341561484021, "cell_area": 6069.6083720674569, "cell_perimeter": 312.06136624593609, "code": "770", "name": "Quận 3", "name_en": "District 3", "level": "Quận", "prov_code": "79", "prov_name": "Thành phố Hồ Chí Minh", "region": "Đông Nam Bộ", "pop_2019": 190375.0, "pop_dens": 38852.0, "area": 4.92 }, "geometry": { "type": "Polygon", "coordinates": [ [ [ 106.685873004593105, 10.787894327746951 ], [ 106.686610019094203, 10.787853707807185 ], [ 106.686610019094218, 10.788534476002656 ], [ 106.685873004593105, 10.78857509838341 ], [ 106.685873004593105, 10.787894327746951 ] ] ] } },
{ "type": "Feature", "properties": { "s2": "31752f2d1c", "resolution": 17, "center_lat": 10.788255022712113, "center_lon": 106.68550449836077, "avg_edge_len": 78.015330208288589, "cell_area": 6069.6089377403259, "cell_perimeter": 312.06132083315435, "code": "770", "name": "Quận 3", "name_en": "District 3", "level": "Quận", "prov_code": "79", "prov_name": "Thành phố Hồ Chí Minh", "region": "Đông Nam Bộ", "pop_2019": 190375.0, "pop_dens": 38852.0, "area": 4.92 }, "geometry": { "type": "Polygon", "coordinates": [ [ [ 106.68513599256886, 10.78793494579611 ], [ 106.685873004593105, 10.787894327746951 ], [ 106.685873004593105, 10.78857509838341 ], [ 106.68513599256886, 10.788615718873441 ], [ 106.68513599256886, 10.78793494579611 ] ] ] } },
{ "type": "Feature", "properties": { "s2": "31752f2d24", "resolution": 17, "center_lat": 10.788935797137921, "center_lon": 106.6855044983608, "avg_edge_len": 78.015533017863959, "cell_area": 6069.6413608789444, "cell_perimeter": 312.06213207145584, "code": "770", "name": "Quận 3", "name_en": "District 3", "level": "Quận", "prov_code": "79", "prov_name": "Thành phố Hồ Chí Minh", "region": "Đông Nam Bộ", "pop_2019": 190375.0, "pop_dens": 38852.0, "area": 4.92 }, "geometry": { "type": "Polygon", "coordinates": [ [ [ 106.68513599256886, 10.788615718873441 ], [ 106.685873004593105, 10.78857509838341 ], [ 106.685873004593105, 10.789255874157691 ], [ 106.68513599256886, 10.789296497088591 ], [ 106.68513599256886, 10.788615718873441 ] ] ] } },
{ "type": "Feature", "properties": { "s2": "31752f2d2c", "resolution": 17, "center_lat": 10.789616576701407, "center_lon": 106.68550449836077, "avg_edge_len": 78.015735806303724, "cell_area": 6069.6737762242556, "cell_perimeter": 312.06294322521489, "code": "770", "name": "Quận 3", "name_en": "District 3", "level": "Quận", "prov_code": "79", "prov_name": "Thành phố Hồ Chí Minh", "region": "Đông Nam Bộ", "pop_2019": 190375.0, "pop_dens": 38852.0, "area": 4.92 }, "geometry": { "type": "Polygon", "coordinates": [ [ [ 106.68513599256886, 10.789296497088591 ], [ 106.685873004593105, 10.789255874157691 ], [ 106.685873004593105, 10.789936655069512 ], [ 106.68513599256886, 10.789977280441276 ], [ 106.68513599256886, 10.789296497088591 ] ] ] } },
{ "type": "Feature", "properties": { "s2": "31752f2d34", "resolution": 17, "center_lat": 10.789575951604627, "center_lon": 106.68624151162346, "avg_edge_len": 78.015747162041208, "cell_area": 6069.673207372427, "cell_perimeter": 312.06298864816483, "code": "770", "name": "Quận 3", "name_en": "District 3", "level": "Quận", "prov_code": "79", "prov_name": "Thành phố Hồ Chí Minh", "region": "Đông Nam Bộ", "pop_2019": 190375.0, "pop_dens": 38852.0, "area": 4.92 }, "geometry": { "type": "Polygon", "coordinates": [ [ [ 106.685873004593105, 10.789255874157691 ], [ 106.686610019094218, 10.789215249335953 ], [ 106.686610019094218, 10.789896027806794 ], [ 106.685873004593105, 10.789936655069512 ], [ 106.685873004593105, 10.789255874157691 ] ] ] } },
{ "type": "Feature", "properties": { "s2": "31752f2d3c", "resolution": 17, "center_lat": 10.788895174482064, "center_lon": 106.68624151162344, "avg_edge_len": 78.015544372903847, "cell_area": 6069.6407992094755, "cell_perimeter": 312.06217749161539, "code": "770", "name": "Quận 3", "name_en": "District 3", "level": "Quận", "prov_code": "79", "prov_name": "Thành phố Hồ Chí Minh", "region": "Đông Nam Bộ", "pop_2019": 190375.0, "pop_dens": 38852.0, "area": 4.92 }, "geometry": { "type": "Polygon", "coordinates": [ [ [ 106.685873004593105, 10.78857509838341 ], [ 106.686610019094218, 10.788534476002656 ], [ 106.686610019094218, 10.789215249335953 ], [ 106.685873004593105, 10.789255874157691 ], [ 106.685873004593105, 10.78857509838341 ] ] ] } },
{ "type": "Feature", "properties": { "s2": "31752f2d44", "resolution": 17, "center_lat": 10.788854549935433, "center_lon": 106.6869785273628, "avg_edge_len": 78.015555700457838, "cell_area": 6069.6402257531881, "cell_perimeter": 312.06222280183135, "code": "770", "name": "Quận 3", "name_en": "District 3", "level": "Quận", "prov_code": "79", "prov_name": "Thành phố Hồ Chí Minh", "region": "Đông Nam Bộ", "pop_2019": 190375.0, "pop_dens": 38852.0, "area": 4.92 }, "geometry": { "type": "Polygon", "coordinates": [ [ [ 106.686610019094218, 10.788534476002656 ], [ 106.687347036071813, 10.788493851731186 ], [ 106.687347036071813, 10.789174622623385 ], [ 106.686610019094218, 10.789215249335953 ], [ 106.686610019094218, 10.788534476002656 ] ] ] } },
{ "type": "Feature", "properties": { "s2": "31752f2d4c", "resolution": 17, "center_lat": 10.789535324616958, "center_lon": 106.6869785273628, "avg_edge_len": 78.015758491395601, "cell_area": 6069.6726406663656, "cell_perimeter": 312.06303396558241, "code": "770", "name": "Quận 3", "name_en": "District 3", "level": "Quận", "prov_code": "79", "prov_name": "Thành phố Hồ Chí Minh", "region": "Đông Nam Bộ", "pop_2019": 190375.0, "pop_dens": 38852.0, "area": 4.92 }, "geometry": { "type": "Polygon", "coordinates": [ [ [ 106.686610019094218, 10.789215249335953 ], [ 106.687347036071813, 10.789174622623385 ], [ 106.687347036071813, 10.789855398653133 ], [ 106.686610019094218, 10.789896027806794 ], [ 106.686610019094218, 10.789215249335953 ] ] ] } },
{ "type": "Feature", "properties": { "s2": "31752f2d54", "resolution": 17, "center_lat": 10.789494695738403, "center_lon": 106.68771554557844, "avg_edge_len": 78.015769794587371, "cell_area": 6069.6720654368401, "cell_perimeter": 312.06307917834948, "code": "770", "name": "Quận 3", "name_en": "District 3", "level": "Quận", "prov_code": "79", "prov_name": "Thành phố Hồ Chí Minh", "region": "Đông Nam Bộ", "pop_2019": 190375.0, "pop_dens": 38852.0, "area": 4.92 }, "geometry": { "type": "Polygon", "coordinates": [ [ [ 106.687347036071813, 10.789174622623385 ], [ 106.688084055525536, 10.789133994019995 ], [ 106.688084055525536, 10.789814767608535 ], [ 106.687347036071813, 10.789855398653133 ], [ 106.687347036071813, 10.789174622623385 ] ] ] } },
{ "type": "Feature", "properties": { "s2": "31752f2d5c", "resolution": 17, "center_lat": 10.788813923498038, "center_lon": 106.68771554557843, "avg_edge_len": 78.015567002422657, "cell_area": 6069.6396531909704, "cell_perimeter": 312.06226800969063, "code": "770", "name": "Quận 3", "name_en": "District 3", "level": "Quận", "prov_code": "79", "prov_name": "Thành phố Hồ Chí Minh", "region": "Đông Nam Bộ", "pop_2019": 190375.0, "pop_dens": 38852.0, "area": 4.92 }, "geometry": { "type": "Polygon", "coordinates": [ [ [ 106.687347036071813, 10.788493851731186 ], [ 106.688084055525536, 10.788453225569011 ], [ 106.688084055525536, 10.789133994019995 ], [ 106.687347036071813, 10.789174622623385 ], [ 106.687347036071813, 10.788493851731186 ] ] ] } },
{ "type": "Feature", "properties": { "s2": "31752f2d64", "resolution": 17, "center_lat": 10.788133156395361, "center_lon": 106.68771554557843, "avg_edge_len": 78.015364189386915, "cell_area": 6069.6072308123112, "cell_perimeter": 312.06145675754766, "code": "770", "name": "Quận 3", "name_en": "District 3", "level": "Quận", "prov_code": "79", "prov_name": "Thành phố Hồ Chí Minh", "region": "Đông Nam Bộ", "pop_2019": 190375.0, "pop_dens": 38852.0, "area": 4.92 }, "geometry": { "type": "Polygon", "coordinates": [ [ [ 106.687347036071813, 10.787813085976824 ], [ 106.688084055525536, 10.787772462255866 ], [ 106.688084055525536, 10.788453225569011 ], [ 106.687347036071813, 10.788493851731186 ], [ 106.687347036071813, 10.787813085976824 ] ] ] } },
{ "type": "Feature", "properties": { "s2": "31752f2d6c", "resolution": 17, "center_lat": 10.788173780391601, "center_lon": 106.68697852736277, "avg_edge_len": 78.015352888340374, "cell_area": 6069.6077998081391, "cell_perimeter": 312.06141155336149, "code": "770", "name": "Quận 3", "name_en": "District 3", "level": "Quận", "prov_code": "79", "prov_name": "Thành phố Hồ Chí Minh", "region": "Đông Nam Bộ", "pop_2019": 190375.0, "pop_dens": 38852.0, "area": 4.92 }, "geometry": { "type": "Polygon", "coordinates": [ [ [ 106.686610019094203, 10.787853707807185 ], [ 106.687347036071813, 10.787813085976824 ], [ 106.687347036071813, 10.788493851731186 ], [ 106.686610019094218, 10.788534476002656 ], [ 106.686610019094203, 10.787853707807185 ] ] ] } },
{ "type": "Feature", "properties": { "s2": "31752f2d74", "resolution": 17, "center_lat": 10.787493015985742, "center_lon": 106.6869785273628, "avg_edge_len": 78.015150054645545, "cell_area": 6069.5753797321049, "cell_perimeter": 312.06060021858218, "code": "770", "name": "Quận 3", "name_en": "District 3", "level": "Quận", "prov_code": "79", "prov_name": "Thành phố Hồ Chí Minh", "region": "Đông Nam Bộ", "pop_2019": 190375.0, "pop_dens": 38852.0, "area": 4.92 }, "geometry": { "type": "Polygon", "coordinates": [ [ [ 106.686610019094218, 10.787172944749825 ], [ 106.687347036071813, 10.78713232536057 ], [ 106.687347036071813, 10.787813085976824 ], [ 106.686610019094203, 10.787853707807185 ], [ 106.686610019094218, 10.787172944749825 ] ] ] } },
{ "type": "Feature", "properties": { "s2": "31752f2d7c", "resolution": 17, "center_lat": 10.787452394430661, "center_lon": 106.68771554557841, "avg_edge_len": 78.015161354994788, "cell_area": 6069.5748006850481, "cell_perimeter": 312.06064541997915, "code": "770", "name": "Quận 3", "name_en": "District 3", "level": "Quận", "prov_code": "79", "prov_name": "Thành phố Hồ Chí Minh", "region": "Đông Nam Bộ", "pop_2019": 190375.0, "pop_dens": 38852.0, "area": 4.92 }, "geometry": { "type": "Polygon", "coordinates": [ [ [ 106.687347036071813, 10.78713232536057 ], [ 106.688084055525536, 10.787091704080835 ], [ 106.688084055525536, 10.787772462255866 ], [ 106.687347036071813, 10.787813085976824 ], [ 106.687347036071813, 10.78713232536057 ] ] ] } },
{ "type": "Feature", "properties": { "s2": "31752f2d84", "resolution": 17, "center_lat": 10.786771637604222, "center_lon": 106.68771554557841, "avg_edge_len": 78.014958498143841, "cell_area": 6069.5423712283373, "cell_perimeter": 312.05983399257536, "code": "770", "name": "Quận 3", "name_en": "District 3", "level": "Quận", "prov_code": "79", "prov_name": "Thành phố Hồ Chí Minh", "region": "Đông Nam Bộ", "pop_2019": 190375.0, "pop_dens": 38852.0, "area": 4.92 }, "geometry": { "type": "Polygon", "coordinates": [ [ [ 106.687347036071813, 10.786451569882715 ], [ 106.688084055525536, 10.786410951044209 ], [ 106.688084055525536, 10.787091704080835 ], [ 106.687347036071813, 10.78713232536057 ], [ 106.687347036071813, 10.786451569882715 ] ] ] } },
{ "type": "Feature", "properties": { "s2": "31752f2d8c", "resolution": 17, "center_lat": 10.786090885916318, "center_lon": 106.68771554557843, "avg_edge_len": 78.014755620245055, "cell_area": 6069.5099442601204, "cell_perimeter": 312.05902248098022, "code": "770", "name": "Quận 3", "name_en": "District 3", "level": "Quận", "prov_code": "79", "prov_name": "Thành phố Hồ Chí Minh", "region": "Đông Nam Bộ", "pop_2019": 190375.0, "pop_dens": 38852.0, "area": 4.92 }, "geometry": { "type": "Polygon", "coordinates": [ [ [ 106.687347036071813, 10.78577081954354 ], [ 106.688084055525536, 10.785730203146265 ], [ 106.688084055525536, 10.786410951044209 ], [ 106.687347036071813, 10.786451569882715 ], [ 106.687347036071813, 10.78577081954354 ] ] ] } },
{ "type": "Feature", "properties": { "s2": "31752f2d94", "resolution": 17, "center_lat": 10.786131502589058, "center_lon": 106.68697852736277, "avg_edge_len": 78.014744323585091, "cell_area": 6069.5105143636465, "cell_perimeter": 312.05897729434037, "code": "770", "name": "Quận 3", "name_en": "District 3", "level": "Quận", "prov_code": "79", "prov_name": "Thành phố Hồ Chí Minh", "region": "Đông Nam Bộ", "pop_2019": 190375.0, "pop_dens": 38852.0, "area": 4.92 }, "geometry": { "type": "Polygon", "coordinates": [ [ [ 106.686610019094218, 10.785811434050569 ], [ 106.687347036071813, 10.78577081954354 ], [ 106.687347036071813, 10.786451569882715 ], [ 106.686610019094218, 10.786492186830861 ], [ 106.686610019094218, 10.785811434050569 ] ] ] } },
{ "type": "Feature", "properties": { "s2": "31752f2d9c", "resolution": 17, "center_lat": 10.786812256718129, "center_lon": 106.68697852736278, "avg_edge_len": 78.014947199462966, "cell_area": 6069.542951464653, "cell_perimeter": 312.05978879785187, "code": "770", "name": "Quận 3", "name_en": "District 3", "level": "Quận", "prov_code": "79", "prov_name": "Thành phố Hồ Chí Minh", "region": "Đông Nam Bộ", "pop_2019": 190375.0, "pop_dens": 38852.0, "area": 4.92 }, "geometry": { "type": "Polygon", "coordinates": [ [ [ 106.686610019094218, 10.786492186830861 ], [ 106.687347036071813, 10.786451569882715 ], [ 106.687347036071813, 10.78713232536057 ], [ 106.686610019094218, 10.787172944749825 ], [ 106.686610019094218, 10.786492186830861 ] ] ] } },
{ "type": "Feature", "properties": { "s2": "31752f2da4", "resolution": 17, "center_lat": 10.786852873941617, "center_lon": 106.68624151162342, "avg_edge_len": 78.014935875634109, "cell_area": 6069.5435196906328, "cell_perimeter": 312.05974350253643, "code": "770", "name": "Quận 3", "name_en": "District 3", "level": "Quận", "prov_code": "79", "prov_name": "Thành phố Hồ Chí Minh", "region": "Đông Nam Bộ", "pop_2019": 190375.0, "pop_dens": 38852.0, "area": 4.92 }, "geometry": { "type": "Polygon", "coordinates": [ [ [ 106.685873004593105, 10.786532801888635 ], [ 106.686610019094218, 10.786492186830861 ], [ 106.686610019094218, 10.787172944749825 ], [ 106.685873004593105, 10.787213562248599 ], [ 106.685873004593105, 10.786532801888635 ] ] ] } },
{ "type": "Feature", "properties": { "s2": "31752f2dac", "resolution": 17, "center_lat": 10.786893489274673, "center_lon": 106.68550449836077, "avg_edge_len": 78.014924524936902, "cell_area": 6069.5440906733274, "cell_perimeter": 312.05969809974761, "code": "770", "name": "Quận 3", "name_en": "District 3", "level": "Quận", "prov_code": "79", "prov_name": "Thành phố Hồ Chí Minh", "region": "Đông Nam Bộ", "pop_2019": 190375.0, "pop_dens": 38852.0, "area": 4.92 }, "geometry": { "type": "Polygon", "coordinates": [ [ [ 106.68513599256886, 10.786573415056031 ], [ 106.685873004593105, 10.786532801888635 ], [ 106.685873004593105, 10.787213562248599 ], [ 106.68513599256886, 10.787254177856878 ], [ 106.68513599256886, 10.786573415056031 ] ] ] } },
{ "type": "Feature", "properties": { "s2": "31752f2db4", "resolution": 17, "center_lat": 10.7862127302636, "center_lon": 106.68550449836077, "avg_edge_len": 78.014721650983702, "cell_area": 6069.5116526037455, "cell_perimeter": 312.05888660393481, "code": "770", "name": "Quận 3", "name_en": "District 3", "level": "Quận", "prov_code": "79", "prov_name": "Thành phố Hồ Chí Minh", "region": "Đông Nam Bộ", "pop_2019": 190375.0, "pop_dens": 38852.0, "area": 4.92 }, "geometry": { "type": "Polygon", "coordinates": [ [ [ 106.68513599256886, 10.785892657393852 ], [ 106.685873004593105, 10.785852046667342 ], [ 106.685873004593105, 10.786532801888635 ], [ 106.68513599256886, 10.786573415056031 ], [ 106.68513599256886, 10.785892657393852 ] ] ] } },
{ "type": "Feature", "properties": { "s2": "31752f2dbc", "resolution": 17, "center_lat": 10.786172117371486, "center_lon": 106.68624151162342, "avg_edge_len": 78.014733000409649, "cell_area": 6069.5110863596201, "cell_perimeter": 312.0589320016386, "code": "770", "name": "Quận 3", "name_en": "District 3", "level": "Quận", "prov_code": "79", "prov_name": "Thành phố Hồ Chí Minh", "region": "Đông Nam Bộ", "pop_2019": 190375.0, "pop_dens": 38852.0, "area": 4.92 }, "geometry": { "type": "Polygon", "coordinates": [ [ [ 106.685873004593105, 10.785852046667342 ], [ 106.686610019094218, 10.785811434050569 ], [ 106.686610019094218, 10.786492186830861 ], [ 106.685873004593105, 10.786532801888635 ], [ 106.685873004593105, 10.785852046667342 ] ] ] } },
{ "type": "Feature", "properties": { "s2": "31752f2dc4", "resolution": 17, "center_lat": 10.785491365940173, "center_lon": 106.68624151162344, "avg_edge_len": 78.014530104138288, "cell_area": 6069.4786537289619, "cell_perimeter": 312.05812041655315, "code": "770", "name": "Quận 3", "name_en": "District 3", "level": "Quận", "prov_code": "79", "prov_name": "Thành phố Hồ Chí Minh", "region": "Đông Nam Bộ", "pop_2019": 190375.0, "pop_dens": 38852.0, "area": 4.92 }, "geometry": { "type": "Polygon", "coordinates": [ [ [ 106.685873004593105, 10.785171296585002 ], [ 106.686610019094218, 10.785130686409236 ], [ 106.686610019094218, 10.785811434050569 ], [ 106.685873004593105, 10.785852046667342 ], [ 106.685873004593105, 10.785171296585002 ] ] ] } },
{ "type": "Feature", "properties": { "s2": "31752f2dcc", "resolution": 17, "center_lat": 10.785531976391338, "center_lon": 106.68550449836076, "avg_edge_len": 78.014518756115464, "cell_area": 6069.4792239964008, "cell_perimeter": 312.05807502446186, "code": "770", "name": "Quận 3", "name_en": "District 3", "level": "Quận", "prov_code": "79", "prov_name": "Thành phố Hồ Chí Minh", "region": "Đông Nam Bộ", "pop_2019": 190375.0, "pop_dens": 38852.0, "area": 4.92 }, "geometry": { "type": "Polygon", "coordinates": [ [ [ 106.68513599256886, 10.785211904870621 ], [ 106.685873004593105, 10.785171296585002 ], [ 106.685873004593105, 10.785852046667342 ], [ 106.68513599256886, 10.785892657393852 ], [ 106.68513599256886, 10.785211904870621 ] ] ] } },
{ "type": "Feature", "properties": { "s2": "31752f2dd4", "resolution": 17, "center_lat": 10.784851227658173, "center_lon": 106.68550449836077, "avg_edge_len": 78.01431583997973, "cell_area": 6069.4467794448137, "cell_perimeter": 312.05726335991892, "code": "770", "name": "Quận 3", "name_en": "District 3", "level": "Quận", "prov_code": "79", "prov_name": "Thành phố Hồ Chí Minh", "region": "Đông Nam Bộ", "pop_2019": 190375.0, "pop_dens": 38852.0, "area": 4.92 }, "geometry": { "type": "Polygon", "coordinates": [ [ [ 106.68513599256886, 10.784531157486622 ], [ 106.685873004593105, 10.7844905516419 ], [ 106.685873004593105, 10.785171296585002 ], [ 106.68513599256886, 10.785211904870621 ], [ 106.68513599256886, 10.784531157486622 ] ] ] } },
{ "type": "Feature", "properties": { "s2": "31752f2ddc", "resolution": 17, "center_lat": 10.784810619647955, "center_lon": 106.68624151162342, "avg_edge_len": 78.014327186025525, "cell_area": 6069.4462175012404, "cell_perimeter": 312.0573087441021, "code": "770", "name": "Quận 3", "name_en": "District 3", "level": "Quận", "prov_code": "79", "prov_name": "Thành phố Hồ Chí Minh", "region": "Đông Nam Bộ", "pop_2019": 190375.0, "pop_dens": 38852.0, "area": 4.92 }, "geometry": { "type": "Polygon", "coordinates": [ [ [ 106.685873004593105, 10.7844905516419 ], [ 106.686610019094203, 10.784449943907143 ], [ 106.686610019094218, 10.785130686409236 ], [ 106.685873004593105, 10.785171296585002 ], [ 106.685873004593105, 10.7844905516419 ] ] ] } },
{ "type": "Feature", "properties": { "s2": "31752f2de4", "resolution": 17, "center_lat": 10.784770009747652, "center_lon": 106.68697852736277, "avg_edge_len": 78.014338506834932, "cell_area": 6069.4456445186561, "cell_perimeter": 312.05735402733973, "code": "770", "name": "Quận 3", "name_en": "District 3", "level": "Quận", "prov_code": "79", "prov_name": "Thành phố Hồ Chí Minh", "region": "Đông Nam Bộ", "pop_2019": 190375.0, "pop_dens": 38852.0, "area": 4.92 }, "geometry": { "type": "Polygon", "coordinates": [ [ [ 106.686610019094203, 10.784449943907143 ], [ 106.687347036071813, 10.784409334282364 ], [ 106.687347036071813, 10.78509007434333 ], [ 106.686610019094218, 10.785130686409236 ], [ 106.686610019094203, 10.784449943907143 ] ] ] } },
{ "type": "Feature", "properties": { "s2": "31752f2dec", "resolution": 17, "center_lat": 10.785450753598806, "center_lon": 106.68697852736275, "avg_edge_len": 78.01454142586617, "cell_area": 6069.4780819714069, "cell_perimeter": 312.05816570346468, "code": "770", "name": "Quận 3", "name_en": "District 3", "level": "Quận", "prov_code": "79", "prov_name": "Thành phố Hồ Chí Minh", "region": "Đông Nam Bộ", "pop_2019": 190375.0, "pop_dens": 38852.0, "area": 4.92 }, "geometry": { "type": "Polygon", "coordinates": [ [ [ 106.686610019094218, 10.785130686409236 ], [ 106.687347036071813, 10.78509007434333 ], [ 106.687347036071813, 10.78577081954354 ], [ 106.686610019094218, 10.785811434050569 ], [ 106.686610019094218, 10.785130686409236 ] ] ] } },
{ "type": "Feature", "properties": { "s2": "31752f2df4", "resolution": 17, "center_lat": 10.785410139367245, "center_lon": 106.68771554557843, "avg_edge_len": 78.014552721254802, "cell_area": 6069.4775039851665, "cell_perimeter": 312.05821088501921, "code": "770", "name": "Quận 3", "name_en": "District 3", "level": "Quận", "prov_code": "79", "prov_name": "Thành phố Hồ Chí Minh", "region": "Đông Nam Bộ", "pop_2019": 190375.0, "pop_dens": 38852.0, "area": 4.92 }, "geometry": { "type": "Polygon", "coordinates": [ [ [ 106.687347036071813, 10.78509007434333 ], [ 106.688084055525536, 10.78504946038729 ], [ 106.688084055525536, 10.785730203146265 ], [ 106.687347036071813, 10.78577081954354 ], [ 106.687347036071813, 10.78509007434333 ] ] ] } },
{ "type": "Feature", "properties": { "s2": "31752f2dfc", "resolution": 17, "center_lat": 10.784729397957275, "center_lon": 106.68771554557841, "avg_edge_len": 78.014349801128674, "cell_area": 6069.4450729638338, "cell_perimeter": 312.0573992045147, "code": "770", "name": "Quận 3", "name_en": "District 3", "level": "Quận", "prov_code": "79", "prov_name": "Thành phố Hồ Chí Minh", "region": "Đông Nam Bộ", "pop_2019": 190375.0, "pop_dens": 38852.0, "area": 4.92 }, "geometry": { "type": "Polygon", "coordinates": [ [ [ 106.687347036071813, 10.784409334282364 ], [ 106.688084055525536, 10.784368722767567 ], [ 106.688084055525536, 10.78504946038729 ], [ 106.687347036071813, 10.78509007434333 ], [ 106.687347036071813, 10.784409334282364 ] ] ] } },
{ "type": "Feature", "properties": { "s2": "31752f2e04", "resolution": 17, "center_lat": 10.784048661686693, "center_lon": 106.68771554557841, "avg_edge_len": 78.014146859867353, "cell_area": 6069.4126231223345, "cell_perimeter": 312.05658743946941, "code": "770", "name": "Quận 3", "name_en": "District 3", "level": "Quận", "prov_code": "79", "prov_name": "Thành phố Hồ Chí Minh", "region": "Đông Nam Bộ", "pop_2019": 190375.0, "pop_dens": 38852.0, "area": 4.92 }, "geometry": { "type": "Polygon", "coordinates": [ [ [ 106.687347036071813, 10.783728599360927 ], [ 106.688084055525536, 10.783687990287376 ], [ 106.688084055525536, 10.784368722767567 ], [ 106.687347036071813, 10.784409334282364 ], [ 106.687347036071813, 10.783728599360927 ] ] ] } },
{ "type": "Feature", "properties": { "s2": "31752f2e0c", "resolution": 17, "center_lat": 10.784089271035889, "center_lon": 106.68697852736277, "avg_edge_len": 78.01413556653543, "cell_area": 6069.4132019349763, "cell_perimeter": 312.05654226614172, "code": "770", "name": "Quận 3", "name_en": "District 3", "level": "Quận", "prov_code": "79", "prov_name": "Thành phố Hồ Chí Minh", "region": "Đông Nam Bộ", "pop_2019": 190375.0, "pop_dens": 38852.0, "area": 4.92 }, "geometry": { "type": "Polygon", "coordinates": [ [ [ 106.686610019094218, 10.783769206544578 ], [ 106.687347036071813, 10.783728599360927 ], [ 106.687347036071813, 10.784409334282364 ], [ 106.686610019094203, 10.784449943907143 ], [ 106.686610019094218, 10.783769206544578 ] ] ] } },
{ "type": "Feature", "properties": { "s2": "31752f2e14", "resolution": 17, "center_lat": 10.78340853746379, "center_lon": 106.68697852736277, "avg_edge_len": 78.013932605056368, "cell_area": 6069.380752573722, "cell_perimeter": 312.05573042022547, "code": "770", "name": "Quận 3", "name_en": "District 3", "level": "Quận", "prov_code": "79", "prov_name": "Thành phố Hồ Chí Minh", "region": "Đông Nam Bộ", "pop_2019": 190375.0, "pop_dens": 38852.0, "area": 4.92 }, "geometry": { "type": "Polygon", "coordinates": [ [ [ 106.686610019094203, 10.78308847432182 ], [ 106.687347036071813, 10.783047869579303 ], [ 106.687347036071813, 10.783728599360927 ], [ 106.686610019094218, 10.783769206544578 ], [ 106.686610019094203, 10.78308847432182 ] ] ] } },
{ "type": "Feature", "properties": { "s2": "31752f2e1c", "resolution": 17, "center_lat": 10.783367930555787, "center_lon": 106.6877155455784, "avg_edge_len": 78.013943896764317, "cell_area": 6069.3801757842302, "cell_perimeter": 312.05577558705727, "code": "770", "name": "Quận 3", "name_en": "District 3", "level": "Quận", "prov_code": "79", "prov_name": "Thành phố Hồ Chí Minh", "region": "Đông Nam Bộ", "pop_2019": 190375.0, "pop_dens": 38852.0, "area": 4.92 }, "geometry": { "type": "Polygon", "coordinates": [ [ [ 106.687347036071813, 10.783047869579303 ], [ 106.688084055525536, 10.783007262947002 ], [ 106.688084055525536, 10.783687990287376 ], [ 106.687347036071813, 10.783728599360927 ], [ 106.687347036071813, 10.783047869579303 ] ] ] } },
{ "type": "Feature", "properties": { "s2": "31752f2e24", "resolution": 17, "center_lat": 10.782687204564841, "center_lon": 106.68771554557843, "avg_edge_len": 78.013740912216534, "cell_area": 6069.3477242738008, "cell_perimeter": 312.05496364886613, "code": "770", "name": "Quận 3", "name_en": "District 3", "level": "Quận", "prov_code": "79", "prov_name": "Thành phố Hồ Chí Minh", "region": "Đông Nam Bộ", "pop_2019": 190375.0, "pop_dens": 38852.0, "area": 4.92 }, "geometry": { "type": "Polygon", "coordinates": [ [ [ 106.687347036071813, 10.782367144937776 ], [ 106.688084055525536, 10.782326540746729 ], [ 106.688084055525536, 10.783007262947002 ], [ 106.687347036071813, 10.783047869579303 ], [ 106.687347036071813, 10.782367144937776 ] ] ] } },
{ "type": "Feature", "properties": { "s2": "31752f2e2c", "resolution": 17, "center_lat": 10.782006483714126, "center_lon": 106.68771554557841, "avg_edge_len": 78.013537906621352, "cell_area": 6069.3152742236853, "cell_perimeter": 312.05415162648541, "code": "770", "name": "Quận 3", "name_en": "District 3", "level": "Quận", "prov_code": "79", "prov_name": "Thành phố Hồ Chí Minh", "region": "Đông Nam Bộ", "pop_2019": 190375.0, "pop_dens": 38852.0, "area": 4.92 }, "geometry": { "type": "Polygon", "coordinates": [ [ [ 106.687347036071813, 10.781686425436623 ], [ 106.688084055525536, 10.781645823686835 ], [ 106.688084055525536, 10.782326540746729 ], [ 106.687347036071813, 10.782367144937776 ], [ 106.687347036071813, 10.781686425436623 ] ] ] } },
{ "type": "Feature", "properties": { "s2": "31752f2e34", "resolution": 17, "center_lat": 10.782047085739732, "center_lon": 106.68697852736275, "avg_edge_len": 78.013526617279496, "cell_area": 6069.3158498850535, "cell_perimeter": 312.05410646911798, "code": "770", "name": "Quận 3", "name_en": "District 3", "level": "Quận", "prov_code": "79", "prov_name": "Thành phố Hồ Chí Minh", "region": "Đông Nam Bộ", "pop_2019": 190375.0, "pop_dens": 38852.0, "area": 4.92 }, "geometry": { "type": "Polygon", "coordinates": [ [ [ 106.686610019094203, 10.781727025296856 ], [ 106.687347036071813, 10.781686425436623 ], [ 106.687347036071813, 10.782367144937776 ], [ 106.686610019094218, 10.782407747239152 ], [ 106.686610019094203, 10.781727025296856 ] ] ] } },
{ "type": "Feature", "properties": { "s2": "31752f2e3c", "resolution": 17, "center_lat": 10.782727809031648, "center_lon": 106.68697852736275, "avg_edge_len": 78.01372962173582, "cell_area": 6069.3483027393522, "cell_perimeter": 312.05491848694328, "code": "770", "name": "Quận 3", "name_en": "District 3", "level": "Quận", "prov_code": "79", "prov_name": "Thành phố Hồ Chí Minh", "region": "Đông Nam Bộ", "pop_2019": 190375.0, "pop_dens": 38852.0, "area": 4.92 }, "geometry": { "type": "Polygon", "coordinates": [ [ [ 106.686610019094218, 10.782407747239152 ], [ 106.687347036071813, 10.782367144937776 ], [ 106.687347036071813, 10.783047869579303 ], [ 106.686610019094203, 10.78308847432182 ], [ 106.686610019094218, 10.782407747239152 ] ] ] } },
{ "type": "Feature", "properties": { "s2": "31752f2e44", "resolution": 17, "center_lat": 10.782768411608719, "center_lon": 106.68624151162341, "avg_edge_len": 78.013718304254425, "cell_area": 6069.348875549942, "cell_perimeter": 312.0548732170177, "code": "770", "name": "Quận 3", "name_en": "District 3", "level": "Quận", "prov_code": "79", "prov_name": "Thành phố Hồ Chí Minh", "region": "Đông Nam Bộ", "pop_2019": 190375.0, "pop_dens": 38852.0, "area": 4.92 }, "geometry": { "type": "Polygon", "coordinates": [ [ [ 106.685873004593105, 10.782448347650845 ], [ 106.686610019094218, 10.782407747239152 ], [ 106.686610019094203, 10.78308847432182 ], [ 106.685873004593105, 10.783129077174539 ], [ 106.685873004593105, 10.782448347650845 ] ] ] } },
{ "type": "Feature", "properties": { "s2": "31752f2e4c", "resolution": 17, "center_lat": 10.782087685875727, "center_lon": 106.68624151162342, "avg_edge_len": 78.013515301554406, "cell_area": 6069.3164250257541, "cell_perimeter": 312.05406120621763, "code": "770", "name": "Quận 3", "name_en": "District 3", "level": "Quận", "prov_code": "79", "prov_name": "Thành phố Hồ Chí Minh", "region": "Đông Nam Bộ", "pop_2019": 190375.0, "pop_dens": 38852.0, "area": 4.92 }, "geometry": { "type": "Polygon", "coordinates": [ [ [ 106.685873004593105, 10.78176762326752 ], [ 106.686610019094203, 10.781727025296856 ], [ 106.686610019094218, 10.782407747239152 ], [ 106.685873004593105, 10.782448347650845 ], [ 106.685873004593105, 10.78176762326752 ] ] ] } },
{ "type": "Feature", "properties": { "s2": "31752f2e54", "resolution": 17, "center_lat": 10.78212828412209, "center_lon": 106.68550449836074, "avg_edge_len": 78.013503960372489, "cell_area": 6069.316988542676, "cell_perimeter": 312.05401584148996, "code": "770", "name": "Quận 3", "name_en": "District 3", "level": "Quận", "prov_code": "79", "prov_name": "Thành phố Hồ Chí Minh", "region": "Đông Nam Bộ", "pop_2019": 190375.0, "pop_dens": 38852.0, "area": 4.92 }, "geometry": { "type": "Polygon", "coordinates": [ [ [ 106.68513599256886, 10.781808219348616 ], [ 106.685873004593105, 10.78176762326752 ], [ 106.685873004593105, 10.782448347650845 ], [ 106.68513599256886, 10.782488946172855 ], [ 106.68513599256886, 10.781808219348616 ] ] ] } },
{ "type": "Feature", "properties": { "s2": "31752f2e5c", "resolution": 17, "center_lat": 10.782809012296056, "center_lon": 106.68550449836076, "avg_edge_len": 78.013706962198313, "cell_area": 6069.3494437634945, "cell_perimeter": 312.05482784879325, "code": "770", "name": "Quận 3", "name_en": "District 3", "level": "Quận", "prov_code": "79", "prov_name": "Thành phố Hồ Chí Minh", "region": "Đông Nam Bộ", "pop_2019": 190375.0, "pop_dens": 38852.0, "area": 4.92 }, "geometry": { "type": "Polygon", "coordinates": [ [ [ 106.68513599256886, 10.782488946172855 ], [ 106.685873004593105, 10.782448347650845 ], [ 106.685873004593105, 10.783129077174539 ], [ 106.68513599256886, 10.783169678137456 ], [ 106.68513599256886, 10.782488946172855 ] ] ] } },
{ "type": "Feature", "properties": { "s2": "31752f2e64", "resolution": 17, "center_lat": 10.783489745610247, "center_lon": 106.68550449836074, "avg_edge_len": 78.013909942667979, "cell_area": 6069.3818954378366, "cell_perimeter": 312.05563977067192, "code": "770", "name": "Quận 3", "name_en": "District 3", "level": "Quận", "prov_code": "79", "prov_name": "Thành phố Hồ Chí Minh", "region": "Đông Nam Bộ", "pop_2019": 190375.0, "pop_dens": 38852.0, "area": 4.92 }, "geometry": { "type": "Polygon", "coordinates": [ [ [ 106.68513599256886, 10.783169678137456 ], [ 106.685873004593105, 10.783129077174539 ], [ 106.685873004593105, 10.783809811838319 ], [ 106.68513599256886, 10.78385041524214 ], [ 106.68513599256886, 10.783169678137456 ] ] ] } },
{ "type": "Feature", "properties": { "s2": "31752f2e6c", "resolution": 17, "center_lat": 10.783449142481949, "center_lon": 106.68624151162342, "avg_edge_len": 78.013921286303642, "cell_area": 6069.3813242660826, "cell_perimeter": 312.05568514521457, "code": "770", "name": "Quận 3", "name_en": "District 3", "level": "Quận", "prov_code": "79", "prov_name": "Thành phố Hồ Chí Minh", "region": "Đông Nam Bộ", "pop_2019": 190375.0, "pop_dens": 38852.0, "area": 4.92 }, "geometry": { "type": "Polygon", "coordinates": [ [ [ 106.685873004593105, 10.783129077174539 ], [ 106.686610019094203, 10.78308847432182 ], [ 106.686610019094218, 10.783769206544578 ], [ 106.685873004593105, 10.783809811838319 ], [ 106.685873004593105, 10.783129077174539 ] ] ] } },
{ "type": "Feature", "properties": { "s2": "31752f2e74", "resolution": 17, "center_lat": 10.78412987849512, "center_lon": 106.68624151162345, "avg_edge_len": 78.014124246996943, "cell_area": 6069.4137701919844, "cell_perimeter": 312.05649698798777, "code": "770", "name": "Quận 3", "name_en": "District 3", "level": "Quận", "prov_code": "79", "prov_name": "Thành phố Hồ Chí Minh", "region": "Đông Nam Bộ", "pop_2019": 190375.0, "pop_dens": 38852.0, "area": 4.92 }, "geometry": { "type": "Polygon", "coordinates": [ [ [ 106.685873004593105, 10.783809811838319 ], [ 106.686610019094218, 10.783769206544578 ], [ 106.686610019094203, 10.784449943907143 ], [ 106.685873004593105, 10.7844905516419 ], [ 106.685873004593105, 10.783809811838319 ] ] ] } },
{ "type": "Feature", "properties": { "s2": "31752f2e7c", "resolution": 17, "center_lat": 10.784170484064376, "center_lon": 106.68550449836074, "avg_edge_len": 78.014112901869396, "cell_area": 6069.4143422096968, "cell_perimeter": 312.05645160747758, "code": "770", "name": "Quận 3", "name_en": "District 3", "level": "Quận", "prov_code": "79", "prov_name": "Thành phố Hồ Chí Minh", "region": "Đông Nam Bộ", "pop_2019": 190375.0, "pop_dens": 38852.0, "area": 4.92 }, "geometry": { "type": "Polygon", "coordinates": [ [ [ 106.68513599256886, 10.78385041524214 ], [ 106.685873004593105, 10.783809811838319 ], [ 106.685873004593105, 10.7844905516419 ], [ 106.68513599256886, 10.784531157486622 ], [ 106.68513599256886, 10.78385041524214 ] ] ] } },
{ "type": "Feature", "properties": { "s2": "31752f2e84", "resolution": 17, "center_lat": 10.784211087743659, "center_lon": 106.68476748757514, "avg_edge_len": 78.014101531108693, "cell_area": 6069.4149027019739, "cell_perimeter": 312.05640612443477, "code": "770", "name": "Quận 3", "name_en": "District 3", "level": "Quận", "prov_code": "79", "prov_name": "Thành phố Hồ Chí Minh", "region": "Đông Nam Bộ", "pop_2019": 190375.0, "pop_dens": 38852.0, "area": 4.92 }, "geometry": { "type": "Polygon", "coordinates": [ [ [ 106.684398983021836, 10.783891016756037 ], [ 106.68513599256886, 10.78385041524214 ], [ 106.68513599256886, 10.784531157486622 ], [ 106.684398983021836, 10.784571761441306 ], [ 106.684398983021836, 10.783891016756037 ] ] ] } },
{ "type": "Feature", "properties": { "s2": "31752f2e8c", "resolution": 17, "center_lat": 10.78353034684868, "center_lon": 106.68476748757513, "avg_edge_len": 78.013898573134384, "cell_area": 6069.3824570178986, "cell_perimeter": 312.05559429253753, "code": "770", "name": "Quận 3", "name_en": "District 3", "level": "Quận", "prov_code": "79", "prov_name": "Thành phố Hồ Chí Minh", "region": "Đông Nam Bộ", "pop_2019": 190375.0, "pop_dens": 38852.0, "area": 4.92 }, "geometry": { "type": "Polygon", "coordinates": [ [ [ 106.684398983021836, 10.783210277210562 ], [ 106.68513599256886, 10.783169678137456 ], [ 106.68513599256886, 10.78385041524214 ], [ 106.684398983021836, 10.783891016756037 ], [ 106.684398983021836, 10.783210277210562 ] ] ] } },
{ "type": "Feature", "properties": { "s2": "31752f2e94", "resolution": 17, "center_lat": 10.783570946197242, "center_lon": 106.68403047926694, "avg_edge_len": 78.013887176599823, "cell_area": 6069.3830137848854, "cell_perimeter": 312.05554870639929, "code": "770", "name": "Quận 3", "name_en": "District 3", "level": "Quận", "prov_code": "79", "prov_name": "Thành phố Hồ Chí Minh", "region": "Đông Nam Bộ", "pop_2019": 190375.0, "pop_dens": 38852.0, "area": 4.92 }, "geometry": { "type": "Polygon", "coordinates": [ [ [ 106.683661975952418, 10.783250874393852 ], [ 106.684398983021836, 10.783210277210562 ], [ 106.684398983021836, 10.783891016756037 ], [ 106.683661975952418, 10.783931616380002 ], [ 106.683661975952418, 10.783250874393852 ] ] ] } },
{ "type": "Feature", "properties": { "s2": "31752f2e9c", "resolution": 17, "center_lat": 10.784251689532953, "center_lon": 106.68403047926691, "avg_edge_len": 78.01409013339152, "cell_area": 6069.4154613316059, "cell_perimeter": 312.05636053356608, "code": "770", "name": "Quận 3", "name_en": "District 3", "level": "Quận", "prov_code": "79", "prov_name": "Thành phố Hồ Chí Minh", "region": "Đông Nam Bộ", "pop_2019": 190375.0, "pop_dens": 38852.0, "area": 4.92 }, "geometry": { "type": "Polygon", "coordinates": [ [ [ 106.683661975952418, 10.783931616380002 ], [ 106.684398983021836, 10.783891016756037 ], [ 106.684398983021836, 10.784571761441306 ], [ 106.683661975952418, 10.784612363505941 ], [ 106.683661975952418, 10.783931616380002 ] ] ] } },
{ "type": "Feature", "properties": { "s2": "31752f2ea4", "resolution": 17, "center_lat": 10.784292289432251, "center_lon": 106.68329347343648, "avg_edge_len": 78.014078711408601, "cell_area": 6069.4160162955523, "cell_perimeter": 312.0563148456344, "code": "770", "name": "Quận 3", "name_en": "District 3", "level": "Quận", "prov_code": "79", "prov_name": "Thành phố Hồ Chí Minh", "region": "Đông Nam Bộ", "pop_2019": 190375.0, "pop_dens": 38852.0, "area": 4.92 }, "geometry": { "type": "Polygon", "coordinates": [ [ [ 106.682924971360947, 10.783972214114023 ], [ 106.683661975952418, 10.783931616380002 ], [ 106.683661975952418, 10.784612363505941 ], [ 106.682924971360947, 10.784652963680518 ], [ 106.682924971360947, 10.783972214114023 ] ] ] } },
{ "type": "Feature", "properties": { "s2": "31752f2eac", "resolution": 17, "center_lat": 10.784332887441545, "center_lon": 106.68255647008422, "avg_edge_len": 78.014067261675024, "cell_area": 6069.416570559144, "cell_perimeter": 312.05626904670009, "code": "770", "name": "Quận 3", "name_en": "District 3", "level": "Quận", "prov_code": "79", "prov_name": "Thành phố Hồ Chí Minh", "region": "Đông Nam Bộ", "pop_2019": 190375.0, "pop_dens": 38852.0, "area": 4.92 }, "geometry": { "type": "Polygon", "coordinates": [ [ [ 106.682187969247806, 10.784012809958096 ], [ 106.682924971360947, 10.783972214114023 ], [ 106.682924971360947, 10.784652963680518 ], [ 106.682187969247806, 10.784693561965032 ], [ 106.682187969247806, 10.784012809958096 ] ] ] } },
{ "type": "Feature", "properties": { "s2": "31752f2eb4", "resolution": 17, "center_lat": 10.783652139224719, "center_lon": 106.68255647008421, "avg_edge_len": 78.013864308131517, "cell_area": 6069.3841228187084, "cell_perimeter": 312.05545723252607, "code": "770", "name": "Quận 3", "name_en": "District 3", "level": "Quận", "prov_code": "79", "prov_name": "Thành phố Hồ Chí Minh", "region": "Đông Nam Bộ", "pop_2019": 190375.0, "pop_dens": 38852.0, "area": 4.92 }, "geometry": { "type": "Polygon", "coordinates": [ [ [ 106.682187969247806, 10.78333206309094 ], [ 106.682924971360947, 10.783291469687311 ], [ 106.682924971360947, 10.783972214114023 ], [ 106.682187969247806, 10.784012809958096 ], [ 106.682187969247806, 10.78333206309094 ] ] ] } },
{ "type": "Feature", "properties": { "s2": "31752f2ebc", "resolution": 17, "center_lat": 10.783611543655924, "center_lon": 106.68329347343649, "avg_edge_len": 78.013875755888051, "cell_area": 6069.3835763633251, "cell_perimeter": 312.05550302355221, "code": "770", "name": "Quận 3", "name_en": "District 3", "level": "Quận", "prov_code": "79", "prov_name": "Thành phố Hồ Chí Minh", "region": "Đông Nam Bộ", "pop_2019": 190375.0, "pop_dens": 38852.0, "area": 4.92 }, "geometry": { "type": "Polygon", "coordinates": [ [ [ 106.682924971360947, 10.783291469687311 ], [ 106.683661975952418, 10.783250874393852 ], [ 106.683661975952418, 10.783931616380002 ], [ 106.682924971360947, 10.783972214114023 ], [ 106.682924971360947, 10.783291469687311 ] ] ] } },
{ "type": "Feature", "properties": { "s2": "31752f2ec4", "resolution": 17, "center_lat": 10.78293080301953, "center_lon": 106.68329347343648, "avg_edge_len": 78.013672778702528, "cell_area": 6069.351122200489, "cell_perimeter": 312.05469111481011, "code": "770", "name": "Quận 3", "name_en": "District 3", "level": "Quận", "prov_code": "79", "prov_name": "Thành phố Hồ Chí Minh", "region": "Đông Nam Bộ", "pop_2019": 190375.0, "pop_dens": 38852.0, "area": 4.92 }, "geometry": { "type": "Polygon", "coordinates": [ [ [ 106.682924971360947, 10.782610730400673 ], [ 106.683661975952418, 10.782570137547774 ], [ 106.683661975952418, 10.783250874393852 ], [ 106.682924971360947, 10.783291469687311 ], [ 106.682924971360947, 10.782610730400673 ] ] ] } },
{ "type": "Feature", "properties": { "s2": "31752f2ecc", "resolution": 17, "center_lat": 10.782971396147822, "center_lon": 106.68255647008421, "avg_edge_len": 78.013661332746238, "cell_area": 6069.3516771197319, "cell_perimeter": 312.05464533098495, "code": "770", "name": "Quận 3", "name_en": "District 3", "level": "Quận", "prov_code": "79", "prov_name": "Thành phố Hồ Chí Minh", "region": "Đông Nam Bộ", "pop_2019": 190375.0, "pop_dens": 38852.0, "area": 4.92 }, "geometry": { "type": "Polygon", "coordinates": [ [ [ 106.682187969247806, 10.782651321363851 ], [ 106.682924971360947, 10.782610730400673 ], [ 106.682924971360947, 10.783291469687311 ], [ 106.682187969247806, 10.78333206309094 ], [ 106.682187969247806, 10.782651321363851 ] ] ] } },
{ "type": "Feature", "properties": { "s2": "31752f2ed4", "resolution": 17, "center_lat": 10.782290658211132, "center_lon": 106.68255647008421, "avg_edge_len": 78.013458335255081, "cell_area": 6069.3192229419947, "cell_perimeter": 312.05383334102032, "code": "770", "name": "Quận 3", "name_en": "District 3", "level": "Quận", "prov_code": "79", "prov_name": "Thành phố Hồ Chí Minh", "region": "Đông Nam Bộ", "pop_2019": 190375.0, "pop_dens": 38852.0, "area": 4.92 }, "geometry": { "type": "Polygon", "coordinates": [ [ [ 106.682187969247806, 10.781970584777106 ], [ 106.682924971360947, 10.781929996254382 ], [ 106.682924971360947, 10.782610730400673 ], [ 106.682187969247806, 10.782651321363851 ], [ 106.682187969247806, 10.781970584777106 ] ] ] } },
{ "type": "Feature", "properties": { "s2": "31752f2edc", "resolution": 17, "center_lat": 10.782250067523348, "center_lon": 106.68329347343649, "avg_edge_len": 78.013469780822376, "cell_area": 6069.3186746239662, "cell_perimeter": 312.05387912328951, "code": "770", "name": "Quận 3", "name_en": "District 3", "level": "Quận", "prov_code": "79", "prov_name": "Thành phố Hồ Chí Minh", "region": "Đông Nam Bộ", "pop_2019": 190375.0, "pop_dens": 38852.0, "area": 4.92 }, "geometry": { "type": "Polygon", "coordinates": [ [ [ 106.682924971360947, 10.781929996254382 ], [ 106.683661975952418, 10.781889405842053 ], [ 106.683661975952418, 10.782570137547774 ], [ 106.682924971360947, 10.782610730400673 ], [ 106.682924971360947, 10.781929996254382 ] ] ] } },
{ "type": "Feature", "properties": { "s2": "31752f2ee4", "resolution": 17, "center_lat": 10.782209474945907, "center_lon": 106.68403047926691, "avg_edge_len": 78.013481199168339, "cell_area": 6069.3181142807007, "cell_perimeter": 312.05392479667336, "code": "770", "name": "Quận 3", "name_en": "District 3", "level": "Quận", "prov_code": "79", "prov_name": "Thành phố Hồ Chí Minh", "region": "Đông Nam Bộ", "pop_2019": 190375.0, "pop_dens": 38852.0, "area": 4.92 }, "geometry": { "type": "Polygon", "coordinates": [ [ [ 106.683661975952418, 10.781889405842053 ], [ 106.684398983021836, 10.781848813540128 ], [ 106.684398983021836, 10.782529542805166 ], [ 106.683661975952418, 10.782570137547774 ], [ 106.683661975952418, 10.781889405842053 ] ] ] } },
{ "type": "Feature", "properties": { "s2": "31752f2eec", "resolution": 17, "center_lat": 10.782890208001465, "center_lon": 106.68403047926691, "avg_edge_len": 78.013684198452069, "cell_area": 6069.3505739122629, "cell_perimeter": 312.05473679380827, "code": "770", "name": "Quận 3", "name_en": "District 3", "level": "Quận", "prov_code": "79", "prov_name": "Thành phố Hồ Chí Minh", "region": "Đông Nam Bộ", "pop_2019": 190375.0, "pop_dens": 38852.0, "area": 4.92 }, "geometry": { "type": "Polygon", "coordinates": [ [ [ 106.683661975952418, 10.782570137547774 ], [ 106.684398983021836, 10.782529542805166 ], [ 106.684398983021836, 10.783210277210562 ], [ 106.683661975952418, 10.783250874393852 ], [ 106.683661975952418, 10.782570137547774 ] ] ] } },
{ "type": "Feature", "properties": { "s2": "31752f2ef4", "resolution": 17, "center_lat": 10.782849611093638, "center_lon": 106.68476748757513, "avg_edge_len": 78.013695593847558, "cell_area": 6069.3500107079744, "cell_perimeter": 312.05478237539023, "code": "770", "name": "Quận 3", "name_en": "District 3", "level": "Quận", "prov_code": "79", "prov_name": "Thành phố Hồ Chí Minh", "region": "Đông Nam Bộ", "pop_2019": 190375.0, "pop_dens": 38852.0, "area": 4.92 }, "geometry": { "type": "Polygon", "coordinates": [ [ [ 106.684398983021836, 10.782529542805166 ], [ 106.68513599256886, 10.782488946172855 ], [ 106.68513599256886, 10.783169678137456 ], [ 106.684398983021836, 10.783210277210562 ], [ 106.684398983021836, 10.782529542805166 ] ] ] } },
{ "type": "Feature", "properties": { "s2": "31752f2efc", "resolution": 17, "center_lat": 10.782168880478821, "center_lon": 106.68476748757512, "avg_edge_len": 78.013492593381073, "cell_area": 6069.3175560981035, "cell_perimeter": 312.05397037352429, "code": "770", "name": "Quận 3", "name_en": "District 3", "level": "Quận", "prov_code": "79", "prov_name": "Thành phố Hồ Chí Minh", "region": "Đông Nam Bộ", "pop_2019": 190375.0, "pop_dens": 38852.0, "area": 4.92 }, "geometry": { "type": "Polygon", "coordinates": [ [ [ 106.684398983021836, 10.781848813540128 ], [ 106.68513599256886, 10.781808219348616 ], [ 106.68513599256886, 10.782488946172855 ], [ 106.684398983021836, 10.782529542805166 ], [ 106.684398983021836, 10.781848813540128 ] ] ] } },
{ "type": "Feature", "properties": { "s2": "31752f2f04", "resolution": 17, "center_lat": 10.781488155004503, "center_lon": 106.68476748757513, "avg_edge_len": 78.013289571205448, "cell_area": 6069.2850969582796, "cell_perimeter": 312.05315828482179, "code": "770", "name": "Quận 3", "name_en": "District 3", "level": "Quận", "prov_code": "79", "prov_name": "Thành phố Hồ Chí Minh", "region": "Đông Nam Bộ", "pop_2019": 190375.0, "pop_dens": 38852.0, "area": 4.92 }, "geometry": { "type": "Polygon", "coordinates": [ [ [ 106.684398983021836, 10.781168089415733 ], [ 106.68513599256886, 10.781127497665022 ], [ 106.68513599256886, 10.781808219348616 ], [ 106.684398983021836, 10.781848813540128 ], [ 106.684398983021836, 10.781168089415733 ] ] ] } },
{ "type": "Feature", "properties": { "s2": "31752f2f0c", "resolution": 17, "center_lat": 10.780807434670972, "center_lon": 106.68476748757512, "avg_edge_len": 78.013086527805768, "cell_area": 6069.2526378333569, "cell_perimeter": 312.05234611122307, "code": "770", "name": "Quận 3", "name_en": "District 3", "level": "Quận", "prov_code": "79", "prov_name": "Thành phố Hồ Chí Minh", "region": "Đông Nam Bộ", "pop_2019": 190375.0, "pop_dens": 38852.0, "area": 4.92 }, "geometry": { "type": "Polygon", "coordinates": [ [ [ 106.684398983021836, 10.780487370432262 ], [ 106.68513599256886, 10.780446781122363 ], [ 106.68513599256886, 10.781127497665022 ], [ 106.684398983021836, 10.781168089415733 ], [ 106.684398983021836, 10.780487370432262 ] ] ] } },
{ "type": "Feature", "properties": { "s2": "31752f2f14", "resolution": 17, "center_lat": 10.780848024256569, "center_lon": 106.68403047926692, "avg_edge_len": 78.013075136223392, "cell_area": 6069.2531968802214, "cell_perimeter": 312.05230054489357, "code": "770", "name": "Quận 3", "name_en": "District 3", "level": "Quận", "prov_code": "79", "prov_name": "Thành phố Hồ Chí Minh", "region": "Đông Nam Bộ", "pop_2019": 190375.0, "pop_dens": 38852.0, "area": 4.92 }, "geometry": { "type": "Polygon", "coordinates": [ [ [ 106.683661975952418, 10.780527957852806 ], [ 106.684398983021836, 10.780487370432262 ], [ 106.684398983021836, 10.781168089415733 ], [ 106.683661975952418, 10.78120867927697 ], [ 106.683661975952418, 10.780527957852806 ] ] ] } },
{ "type": "Feature", "properties": { "s2": "31752f2f1c", "resolution": 17, "center_lat": 10.781528747030848, "center_lon": 106.68403047926691, "avg_edge_len": 78.013278178307786, "cell_area": 6069.2856634408236, "cell_perimeter": 312.05311271323114, "code": "770", "name": "Quận 3", "name_en": "District 3", "level": "Quận", "prov_code": "79", "prov_name": "Thành phố Hồ Chí Minh", "region": "Đông Nam Bộ", "pop_2019": 190375.0, "pop_dens": 38852.0, "area": 4.92 }, "geometry": { "type": "Polygon", "coordinates": [ [ [ 106.683661975952418, 10.78120867927697 ], [ 106.684398983021836, 10.781168089415733 ], [ 106.684398983021836, 10.781848813540128 ], [ 106.683661975952418, 10.781889405842053 ], [ 106.683661975952418, 10.78120867927697 ] ] ] } },
{ "type": "Feature", "properties": { "s2": "31752f2f24", "resolution": 17, "center_lat": 10.78156933716766, "center_lon": 106.68329347343649, "avg_edge_len": 78.0132667615418, "cell_area": 6069.2862153500319, "cell_perimeter": 312.0530670461672, "code": "770", "name": "Quận 3", "name_en": "District 3", "level": "Quận", "prov_code": "79", "prov_name": "Thành phố Hồ Chí Minh", "region": "Đông Nam Bộ", "pop_2019": 190375.0, "pop_dens": 38852.0, "area": 4.92 }, "geometry": { "type": "Polygon", "coordinates": [ [ [ 106.682924971360947, 10.781249267248725 ], [ 106.683661975952418, 10.78120867927697 ], [ 106.683661975952418, 10.781889405842053 ], [ 106.682924971360947, 10.781929996254382 ], [ 106.682924971360947, 10.781249267248725 ] ] ] } },
{ "type": "Feature", "properties": { "s2": "31752f2f2c", "resolution": 17, "center_lat": 10.781609925414926, "center_lon": 106.68255647008417, "avg_edge_len": 78.013255317025042, "cell_area": 6069.2867725938559, "cell_perimeter": 312.05302126810017, "code": "770", "name": "Quận 3", "name_en": "District 3", "level": "Quận", "prov_code": "79", "prov_name": "Thành phố Hồ Chí Minh", "region": "Đông Nam Bộ", "pop_2019": 190375.0, "pop_dens": 38852.0, "area": 4.92 }, "geometry": { "type": "Polygon", "coordinates": [ [ [ 106.682187969247806, 10.781289853330989 ], [ 106.682924971360947, 10.781249267248725 ], [ 106.682924971360947, 10.781929996254382 ], [ 106.682187969247806, 10.781970584777106 ], [ 106.682187969247806, 10.781289853330989 ] ] ] } },
{ "type": "Feature", "properties": { "s2": "31752f2f34", "resolution": 17, "center_lat": 10.780929197759495, "center_lon": 106.68255647008418, "avg_edge_len": 78.013052278056136, "cell_area": 6069.2543090879917, "cell_perimeter": 312.05220911222455, "code": "770", "name": "Quận 3", "name_en": "District 3", "level": "Quận", "prov_code": "79", "prov_name": "Thành phố Hồ Chí Minh", "region": "Đông Nam Bộ", "pop_2019": 190375.0, "pop_dens": 38852.0, "area": 4.92 }, "geometry": { "type": "Polygon", "coordinates": [ [ [ 106.682187969247806, 10.780609127025786 ], [ 106.682924971360947, 10.780568543383984 ], [ 106.682924971360947, 10.781249267248725 ], [ 106.682187969247806, 10.781289853330989 ], [ 106.682187969247806, 10.780609127025786 ] ] ] } },
{ "type": "Feature", "properties": { "s2": "31752f2f3c", "resolution": 17, "center_lat": 10.780888611952747, "center_lon": 106.68329347343646, "avg_edge_len": 78.013063720816461, "cell_area": 6069.2537559717894, "cell_perimeter": 312.05225488326585, "code": "770", "name": "Quận 3", "name_en": "District 3", "level": "Quận", "prov_code": "79", "prov_name": "Thành phố Hồ Chí Minh", "region": "Đông Nam Bộ", "pop_2019": 190375.0, "pop_dens": 38852.0, "area": 4.92 }, "geometry": { "type": "Polygon", "coordinates": [ [ [ 106.682924971360947, 10.780568543383984 ], [ 106.683661975952418, 10.780527957852806 ], [ 106.683661975952418, 10.78120867927697 ], [ 106.682924971360947, 10.781249267248725 ], [ 106.682924971360947, 10.780568543383984 ] ] ] } },
{ "type": "Feature", "properties": { "s2": "31752f2f44", "resolution": 17, "center_lat": 10.780207891878897, "center_lon": 106.68329347343648, "avg_edge_len": 78.012860658250361, "cell_area": 6069.2212909311056, "cell_perimeter": 312.05144263300144, "code": "770", "name": "Quận 3", "name_en": "District 3", "level": "Quận", "prov_code": "79", "prov_name": "Thành phố Hồ Chí Minh", "region": "Đông Nam Bộ", "pop_2019": 190375.0, "pop_dens": 38852.0, "area": 4.92 }, "geometry": { "type": "Polygon", "coordinates": [ [ [ 106.682924971360947, 10.779887824660443 ], [ 106.683661975952418, 10.779847241569849 ], [ 106.683661975952418, 10.780527957852806 ], [ 106.682924971360947, 10.780568543383984 ], [ 106.682924971360947, 10.779887824660443 ] ] ] } },
{ "type": "Feature", "properties": { "s2": "31752f2f4c", "resolution": 17, "center_lat": 10.780248475245122, "center_lon": 106.68255647008419, "avg_edge_len": 78.012849216805023, "cell_area": 6069.2218462228775, "cell_perimeter": 312.05139686722009, "code": "770", "name": "Quận 3", "name_en": "District 3", "level": "Quận", "prov_code": "79", "prov_name": "Thành phố Hồ Chí Minh", "region": "Đông Nam Bộ", "pop_2019": 190375.0, "pop_dens": 38852.0, "area": 4.92 }, "geometry": { "type": "Polygon", "coordinates": [ [ [ 106.682187969247806, 10.779928405861778 ], [ 106.682924971360947, 10.779887824660443 ], [ 106.682924971360947, 10.780568543383984 ], [ 106.682187969247806, 10.780609127025786 ], [ 106.682187969247806, 10.779928405861778 ] ] ] } },
{ "type": "Feature", "properties": { "s2": "31752f2f54", "resolution": 17, "center_lat": 10.779567757872087, "center_lon": 106.68255647008419, "avg_edge_len": 78.012646134241805, "cell_area": 6069.1893770098686, "cell_perimeter": 312.05058453696722, "code": "770", "name": "Quận 3", "name_en": "District 3", "level": "Quận", "prov_code": "79", "prov_name": "Thành phố Hồ Chí Minh", "region": "Đông Nam Bộ", "pop_2019": 190375.0, "pop_dens": 38852.0, "area": 4.92 }, "geometry": { "type": "Polygon", "coordinates": [ [ [ 106.682187969247806, 10.779247689839247 ], [ 106.682924971360947, 10.779207111078383 ], [ 106.682924971360947, 10.779887824660443 ], [ 106.682187969247806, 10.779928405861778 ], [ 106.682187969247806, 10.779247689839247 ] ] ] } },
{ "type": "Feature", "properties": { "s2": "31752f2f5c", "resolution": 17, "center_lat": 10.779527176946386, "center_lon": 106.68329347343645, "avg_edge_len": 78.012657574459922, "cell_area": 6069.1888245344162, "cell_perimeter": 312.05063029783969, "code": "770", "name": "Quận 3", "name_en": "District 3", "level": "Quận", "prov_code": "79", "prov_name": "Thành phố Hồ Chí Minh", "region": "Đông Nam Bộ", "pop_2019": 190375.0, "pop_dens": 38852.0, "area": 4.92 }, "geometry": { "type": "Polygon", "coordinates": [ [ [ 106.682924971360947, 10.779207111078383 ], [ 106.683661975952418, 10.779166530428377 ], [ 106.683661975952418, 10.779847241569849 ], [ 106.682924971360947, 10.779887824660443 ], [ 106.682924971360947, 10.779207111078383 ] ] ] } },
{ "type": "Feature", "properties": { "s2": "31752f2f64", "resolution": 17, "center_lat": 10.779486594131493, "center_lon": 106.68403047926691, "avg_edge_len": 78.012668987632992, "cell_area": 6069.1882655322552, "cell_perimeter": 312.05067595053197, "code": "770", "name": "Quận 3", "name_en": "District 3", "level": "Quận", "prov_code": "79", "prov_name": "Thành phố Hồ Chí Minh", "region": "Đông Nam Bộ", "pop_2019": 190375.0, "pop_dens": 38852.0, "area": 4.92 }, "geometry": { "type": "Polygon", "coordinates": [ [ [ 106.683661975952418, 10.779166530428377 ], [ 106.684398983021836, 10.779125947889233 ], [ 106.684398983021836, 10.779806656590003 ], [ 106.683661975952418, 10.779847241569849 ], [ 106.683661975952418, 10.779166530428377 ] ] ] } },
{ "type": "Feature", "properties": { "s2": "31752f2f6c", "resolution": 17, "center_lat": 10.780167306623357, "center_lon": 106.68403047926692, "avg_edge_len": 78.012872072827193, "cell_area": 6069.2207347899675, "cell_perimeter": 312.05148829130877, "code": "770", "name": "Quận 3", "name_en": "District 3", "level": "Quận", "prov_code": "79", "prov_name": "Thành phố Hồ Chí Minh", "region": "Đông Nam Bộ", "pop_2019": 190375.0, "pop_dens": 38852.0, "area": 4.92 }, "geometry": { "type": "Polygon", "coordinates": [ [ [ 106.683661975952418, 10.779847241569849 ], [ 106.684398983021836, 10.779806656590003 ], [ 106.684398983021836, 10.780487370432262 ], [ 106.683661975952418, 10.780527957852806 ], [ 106.683661975952418, 10.779847241569849 ] ] ] } },
{ "type": "Feature", "properties": { "s2": "31752f2f74", "resolution": 17, "center_lat": 10.780126719478515, "center_lon": 106.68476748757513, "avg_edge_len": 78.012883463182405, "cell_area": 6069.2201728224754, "cell_perimeter": 312.05153385272962, "code": "770", "name": "Quận 3", "name_en": "District 3", "level": "Quận", "prov_code": "79", "prov_name": "Thành phố Hồ Chí Minh", "region": "Đông Nam Bộ", "pop_2019": 190375.0, "pop_dens": 38852.0, "area": 4.92 }, "geometry": { "type": "Polygon", "coordinates": [ [ [ 106.684398983021836, 10.779806656590003 ], [ 106.68513599256886, 10.779766069720914 ], [ 106.68513599256886, 10.780446781122363 ], [ 106.684398983021836, 10.780487370432262 ], [ 106.684398983021836, 10.779806656590003 ] ] ] } },
{ "type": "Feature", "properties": { "s2": "31752f2f7c", "resolution": 17, "center_lat": 10.779446009427405, "center_lon": 106.68476748757512, "avg_edge_len": 78.012680376981663, "cell_area": 6069.1877075284719, "cell_perimeter": 312.05072150792665, "code": "770", "name": "Quận 3", "name_en": "District 3", "level": "Quận", "prov_code": "79", "prov_name": "Thành phố Hồ Chí Minh", "region": "Đông Nam Bộ", "pop_2019": 190375.0, "pop_dens": 38852.0, "area": 4.92 }, "geometry": { "type": "Polygon", "coordinates": [ [ [ 106.684398983021836, 10.779125947889233 ], [ 106.68513599256886, 10.779085363460961 ], [ 106.68513599256886, 10.779766069720914 ], [ 106.684398983021836, 10.779806656590003 ], [ 106.684398983021836, 10.779125947889233 ] ] ] } },
{ "type": "Feature", "properties": { "s2": "31752f2f84", "resolution": 17, "center_lat": 10.779405422834136, "center_lon": 106.68550449836073, "avg_edge_len": 78.012691738756246, "cell_area": 6069.1871417313814, "cell_perimeter": 312.05076695502498, "code": "770", "name": "Quận 3", "name_en": "District 3", "level": "Quận", "prov_code": "79", "prov_name": "Thành phố Hồ Chí Minh", "region": "Đông Nam Bộ", "pop_2019": 190375.0, "pop_dens": 38852.0, "area": 4.92 }, "geometry": { "type": "Polygon", "coordinates": [ [ [ 106.68513599256886, 10.779085363460961 ], [ 106.685873004593105, 10.779044777143568 ], [ 106.685873004593105, 10.77972548096259 ], [ 106.68513599256886, 10.779766069720914 ], [ 106.68513599256886, 10.779085363460961 ] ] ] } },
{ "type": "Feature", "properties": { "s2": "31752f2f8c", "resolution": 17, "center_lat": 10.779364834351693, "center_lon": 106.68624151162341, "avg_edge_len": 78.012703074721344, "cell_area": 6069.1865735650063, "cell_perimeter": 312.05081229888538, "code": "770", "name": "Quận 3", "name_en": "District 3", "level": "Quận", "prov_code": "79", "prov_name": "Thành phố Hồ Chí Minh", "region": "Đông Nam Bộ", "pop_2019": 190375.0, "pop_dens": 38852.0, "area": 4.92 }, "geometry": { "type": "Polygon", "coordinates": [ [ [ 106.685873004593105, 10.779044777143568 ], [ 106.686610019094203, 10.77900418893706 ], [ 106.686610019094203, 10.779684890315036 ], [ 106.685873004593105, 10.77972548096259 ], [ 106.685873004593105, 10.779044777143568 ] ] ] } },
{ "type": "Feature", "properties": { "s2": "31752f2f94", "resolution": 17, "center_lat": 10.780045539520941, "center_lon": 106.68624151162342, "avg_edge_len": 78.012906163993677, "cell_area": 6069.219037213621, "cell_perimeter": 312.05162465597471, "code": "770", "name": "Quận 3", "name_en": "District 3", "level": "Quận", "prov_code": "79", "prov_name": "Thành phố Hồ Chí Minh", "region": "Đông Nam Bộ", "pop_2019": 190375.0, "pop_dens": 38852.0, "area": 4.92 }, "geometry": { "type": "Polygon", "coordinates": [ [ [ 106.685873004593105, 10.77972548096259 ], [ 106.686610019094203, 10.779684890315036 ], [ 106.686610019094218, 10.780365596834514 ], [ 106.685873004593105, 10.780406189923109 ], [ 106.685873004593105, 10.77972548096259 ] ] ] } },
{ "type": "Feature", "properties": { "s2": "31752f2f9c", "resolution": 17, "center_lat": 10.780086130444372, "center_lon": 106.68550449836074, "avg_edge_len": 78.012894826140013, "cell_area": 6069.2196108102798, "cell_perimeter": 312.05157930456005, "code": "770", "name": "Quận 3", "name_en": "District 3", "level": "Quận", "prov_code": "79", "prov_name": "Thành phố Hồ Chí Minh", "region": "Đông Nam Bộ", "pop_2019": 190375.0, "pop_dens": 38852.0, "area": 4.92 }, "geometry": { "type": "Polygon", "coordinates": [ [ [ 106.68513599256886, 10.779766069720914 ], [ 106.685873004593105, 10.77972548096259 ], [ 106.685873004593105, 10.780406189923109 ], [ 106.68513599256886, 10.780446781122363 ], [ 106.68513599256886, 10.779766069720914 ] ] ] } },
{ "type": "Feature", "properties": { "s2": "31752f2fa4", "resolution": 17, "center_lat": 10.780766843195966, "center_lon": 106.68550449836074, "avg_edge_len": 78.01309789212273, "cell_area": 6069.2520717382431, "cell_perimeter": 312.05239156849092, "code": "770", "name": "Quận 3", "name_en": "District 3", "level": "Quận", "prov_code": "79", "prov_name": "Thành phố Hồ Chí Minh", "region": "Đông Nam Bộ", "pop_2019": 190375.0, "pop_dens": 38852.0, "area": 4.92 }, "geometry": { "type": "Polygon", "coordinates": [ [ [ 106.68513599256886, 10.780446781122363 ], [ 106.685873004593105, 10.780406189923109 ], [ 106.685873004593105, 10.781086904024848 ], [ 106.68513599256886, 10.781127497665022 ], [ 106.68513599256886, 10.780446781122363 ] ] ] } },
{ "type": "Feature", "properties": { "s2": "31752f2fac", "resolution": 17, "center_lat": 10.781447561088632, "center_lon": 106.68550449836076, "avg_edge_len": 78.013300936970055, "cell_area": 6069.2845325171947, "cell_perimeter": 312.05320374788022, "code": "770", "name": "Quận 3", "name_en": "District 3", "level": "Quận", "prov_code": "79", "prov_name": "Thành phố Hồ Chí Minh", "region": "Đông Nam Bộ", "pop_2019": 190375.0, "pop_dens": 38852.0, "area": 4.92 }, "geometry": { "type": "Polygon", "coordinates": [ [ [ 106.68513599256886, 10.781127497665022 ], [ 106.685873004593105, 10.781086904024848 ], [ 106.685873004593105, 10.78176762326752 ], [ 106.68513599256886, 10.781808219348616 ], [ 106.68513599256886, 10.781127497665022 ] ] ] } },
{ "type": "Feature", "properties": { "s2": "31752f2fb4", "resolution": 17, "center_lat": 10.781406965283242, "center_lon": 106.68624151162339, "avg_edge_len": 78.013312277101136, "cell_area": 6069.2839644700289, "cell_perimeter": 312.05324910840454, "code": "770", "name": "Quận 3", "name_en": "District 3", "level": "Quận", "prov_code": "79", "prov_name": "Thành phố Hồ Chí Minh", "region": "Đông Nam Bộ", "pop_2019": 190375.0, "pop_dens": 38852.0, "area": 4.92 }, "geometry": { "type": "Polygon", "coordinates": [ [ [ 106.685873004593105, 10.781086904024848 ], [ 106.686610019094203, 10.781046308495213 ], [ 106.686610019094203, 10.781727025296856 ], [ 106.685873004593105, 10.78176762326752 ], [ 106.685873004593105, 10.781086904024848 ] ] ] } },
{ "type": "Feature", "properties": { "s2": "31752f2fbc", "resolution": 17, "center_lat": 10.780726249831551, "center_lon": 106.68624151162342, "avg_edge_len": 78.013109231424139, "cell_area": 6069.2515020113224, "cell_perimeter": 312.05243692569655, "code": "770", "name": "Quận 3", "name_en": "District 3", "level": "Quận", "prov_code": "79", "prov_name": "Thành phố Hồ Chí Minh", "region": "Đông Nam Bộ", "pop_2019": 190375.0, "pop_dens": 38852.0, "area": 4.92 }, "geometry": { "type": "Polygon", "coordinates": [ [ [ 106.685873004593105, 10.780406189923109 ], [ 106.686610019094218, 10.780365596834514 ], [ 106.686610019094203, 10.781046308495213 ], [ 106.685873004593105, 10.781086904024848 ], [ 106.685873004593105, 10.780406189923109 ] ] ] } },
{ "type": "Feature", "properties": { "s2": "31752f2fc4", "resolution": 17, "center_lat": 10.780685654577745, "center_lon": 106.68697852736277, "avg_edge_len": 78.013120544165702, "cell_area": 6069.2509301115042, "cell_perimeter": 312.05248217666281, "code": "770", "name": "Quận 3", "name_en": "District 3", "level": "Quận", "prov_code": "79", "prov_name": "Thành phố Hồ Chí Minh", "region": "Đông Nam Bộ", "pop_2019": 190375.0, "pop_dens": 38852.0, "area": 4.92 }, "geometry": { "type": "Polygon", "coordinates": [ [ [ 106.686610019094218, 10.780365596834514 ], [ 106.687347036071813, 10.780325001856585 ], [ 106.687347036071813, 10.781005711076133 ], [ 106.686610019094203, 10.781046308495213 ], [ 106.686610019094218, 10.780365596834514 ] ] ] } },
{ "type": "Feature", "properties": { "s2": "31752f2fcc", "resolution": 17, "center_lat": 10.781366367588344, "center_lon": 106.68697852736277, "avg_edge_len": 78.013323592040322, "cell_area": 6069.2833906859159, "cell_perimeter": 312.05329436816129, "code": "770", "name": "Quận 3", "name_en": "District 3", "level": "Quận", "prov_code": "79", "prov_name": "Thành phố Hồ Chí Minh", "region": "Đông Nam Bộ", "pop_2019": 190375.0, "pop_dens": 38852.0, "area": 4.92 }, "geometry": { "type": "Polygon", "coordinates": [ [ [ 106.686610019094203, 10.781046308495213 ], [ 106.687347036071813, 10.781005711076133 ], [ 106.687347036071813, 10.781686425436623 ], [ 106.686610019094203, 10.781727025296856 ], [ 106.686610019094203, 10.781046308495213 ] ] ] } },
{ "type": "Feature", "properties": { "s2": "31752f2fd4", "resolution": 17, "center_lat": 10.781325768003933, "center_lon": 106.6877155455784, "avg_edge_len": 78.013334879670111, "cell_area": 6069.282811075449, "cell_perimeter": 312.05333951868045, "code": "770", "name": "Quận 3", "name_en": "District 3", "level": "Quận", "prov_code": "79", "prov_name": "Thành phố Hồ Chí Minh", "region": "Đông Nam Bộ", "pop_2019": 190375.0, "pop_dens": 38852.0, "area": 4.92 }, "geometry": { "type": "Polygon", "coordinates": [ [ [ 106.687347036071813, 10.781005711076133 ], [ 106.688084055525536, 10.780965111767607 ], [ 106.688084055525536, 10.781645823686835 ], [ 106.687347036071813, 10.781686425436623 ], [ 106.687347036071813, 10.781005711076133 ] ] ] } },
{ "type": "Feature", "properties": { "s2": "31752f2fdc", "resolution": 17, "center_lat": 10.780645057434548, "center_lon": 106.6877155455784, "avg_edge_len": 78.013131830921225, "cell_area": 6069.2503551542759, "cell_perimeter": 312.0525273236849, "code": "770", "name": "Quận 3", "name_en": "District 3", "level": "Quận", "prov_code": "79", "prov_name": "Thành phố Hồ Chí Minh", "region": "Đông Nam Bộ", "pop_2019": 190375.0, "pop_dens": 38852.0, "area": 4.92 }, "geometry": { "type": "Polygon", "coordinates": [ [ [ 106.687347036071813, 10.780325001856585 ], [ 106.688084055525536, 10.780284404989329 ], [ 106.688084055525536, 10.780965111767607 ], [ 106.687347036071813, 10.781005711076133 ], [ 106.687347036071813, 10.780325001856585 ] ] ] } },
{ "type": "Feature", "properties": { "s2": "31752f2fe4", "resolution": 17, "center_lat": 10.779964352006246, "center_lon": 106.68771554557838, "avg_edge_len": 78.012928761433983, "cell_area": 6069.2178870141506, "cell_perimeter": 312.05171504573593, "code": "770", "name": "Quận 3", "name_en": "District 3", "level": "Quận", "prov_code": "79", "prov_name": "Thành phố Hồ Chí Minh", "region": "Đông Nam Bộ", "pop_2019": 190375.0, "pop_dens": 38852.0, "area": 4.92 }, "geometry": { "type": "Polygon", "coordinates": [ [ [ 106.687347036071813, 10.779644297778264 ], [ 106.688084055525536, 10.779603703352279 ], [ 106.688084055525536, 10.780284404989329 ], [ 106.687347036071813, 10.780325001856585 ], [ 106.687347036071813, 10.779644297778264 ] ] ] } },
{ "type": "Feature", "properties": { "s2": "31752f2fec", "resolution": 17, "center_lat": 10.78000494670823, "center_lon": 106.68697852736275, "avg_edge_len": 78.012917475552456, "cell_area": 6069.2184634718324, "cell_perimeter": 312.05166990220982, "code": "770", "name": "Quận 3", "name_en": "District 3", "level": "Quận", "prov_code": "79", "prov_name": "Thành phố Hồ Chí Minh", "region": "Đông Nam Bộ", "pop_2019": 190375.0, "pop_dens": 38852.0, "area": 4.92 }, "geometry": { "type": "Polygon", "coordinates": [ [ [ 106.686610019094203, 10.779684890315036 ], [ 106.687347036071813, 10.779644297778264 ], [ 106.687347036071813, 10.780325001856585 ], [ 106.686610019094218, 10.780365596834514 ], [ 106.686610019094203, 10.779684890315036 ] ] ] } },
{ "type": "Feature", "properties": { "s2": "31752f2ff4", "resolution": 17, "center_lat": 10.779324243980081, "center_lon": 106.68697852736274, "avg_edge_len": 78.012714385759352, "cell_area": 6069.1859945505857, "cell_perimeter": 312.05085754303741, "code": "770", "name": "Quận 3", "name_en": "District 3", "level": "Quận", "prov_code": "79", "prov_name": "Thành phố Hồ Chí Minh", "region": "Đông Nam Bộ", "pop_2019": 190375.0, "pop_dens": 38852.0, "area": 4.92 }, "geometry": { "type": "Polygon", "coordinates": [ [ [ 106.686610019094203, 10.77900418893706 ], [ 106.687347036071813, 10.778963598841449 ], [ 106.687347036071813, 10.779644297778264 ], [ 106.686610019094203, 10.779684890315036 ], [ 106.686610019094203, 10.77900418893706 ] ] ] } },
{ "type": "Feature", "properties": { "s2": "31752f2ffc", "resolution": 17, "center_lat": 10.779283651719316, "center_lon": 106.6877155455784, "avg_edge_len": 78.012725669796453, "cell_area": 6069.1854142695665, "cell_perimeter": 312.05090267918581, "code": "770", "name": "Quận 3", "name_en": "District 3", "level": "Quận", "prov_code": "79", "prov_name": "Thành phố Hồ Chí Minh", "region": "Đông Nam Bộ", "pop_2019": 190375.0, "pop_dens": 38852.0, "area": 4.92 }, "geometry": { "type": "Polygon", "coordinates": [ [ [ 106.687347036071813, 10.778963598841449 ], [ 106.688084055525536, 10.778923006856742 ], [ 106.688084055525536, 10.779603703352279 ], [ 106.687347036071813, 10.779644297778264 ], [ 106.687347036071813, 10.778963598841449 ] ] ] } },
{ "type": "Feature", "properties": { "s2": "31752f3004", "resolution": 17, "center_lat": 10.779243057569396, "center_lon": 106.68845256626999, "avg_edge_len": 78.012736928376398, "cell_area": 6069.1848377734423, "cell_perimeter": 312.05094771350559, "code": "770", "name": "Quận 3", "name_en": "District 3", "level": "Quận", "prov_code": "79", "prov_name": "Thành phố Hồ Chí Minh", "region": "Đông Nam Bộ", "pop_2019": 190375.0, "pop_dens": 38852.0, "area": 4.92 }, "geometry": { "type": "Polygon", "coordinates": [ [ [ 106.688084055525536, 10.778923006856742 ], [ 106.688821077455017, 10.778882412982945 ], [ 106.688821077455017, 10.779563107037092 ], [ 106.688084055525536, 10.779603703352279 ], [ 106.688084055525536, 10.778923006856742 ] ] ] } },
{ "type": "Feature", "properties": { "s2": "31752f300c", "resolution": 17, "center_lat": 10.779202461530339, "center_lon": 106.68918958943715, "avg_edge_len": 78.01274816079399, "cell_area": 6069.1842479705811, "cell_perimeter": 312.05099264317596, "code": "770", "name": "Quận 3", "name_en": "District 3", "level": "Quận", "prov_code": "79", "prov_name": "Thành phố Hồ Chí Minh", "region": "Đông Nam Bộ", "pop_2019": 190375.0, "pop_dens": 38852.0, "area": 4.92 }, "geometry": { "type": "Polygon", "coordinates": [ [ [ 106.688821077455017, 10.778882412982945 ], [ 106.689558101859888, 10.778841817220068 ], [ 106.689558101859888, 10.779522508832706 ], [ 106.688821077455017, 10.779563107037092 ], [ 106.688821077455017, 10.778882412982945 ] ] ] } },
{ "type": "Feature", "properties": { "s2": "31752f3014", "resolution": 17, "center_lat": 10.77988315693449, "center_lon": 106.68918958943718, "avg_edge_len": 78.012951254797684, "cell_area": 6069.2167195298271, "cell_perimeter": 312.05180501919074, "code": "770", "name": "Quận 3", "name_en": "District 3", "level": "Quận", "prov_code": "79", "prov_name": "Thành phố Hồ Chí Minh", "region": "Đông Nam Bộ", "pop_2019": 190375.0, "pop_dens": 38852.0, "area": 4.92 }, "geometry": { "type": "Polygon", "coordinates": [ [ [ 106.688821077455017, 10.779563107037092 ], [ 106.689558101859888, 10.779522508832706 ], [ 106.689558101859902, 10.780203205586865 ], [ 106.688821077455017, 10.780243806232752 ], [ 106.688821077455017, 10.779563107037092 ] ] ] } },
{ "type": "Feature", "properties": { "s2": "31752f301c", "resolution": 17, "center_lat": 10.779923755414998, "center_lon": 106.68845256626997, "avg_edge_len": 78.012940020932405, "cell_area": 6069.2173018604517, "cell_perimeter": 312.05176008372962, "code": "770", "name": "Quận 3", "name_en": "District 3", "level": "Quận", "prov_code": "79", "prov_name": "Thành phố Hồ Chí Minh", "region": "Đông Nam Bộ", "pop_2019": 190375.0, "pop_dens": 38852.0, "area": 4.92 }, "geometry": { "type": "Polygon", "coordinates": [ [ [ 106.688084055525536, 10.779603703352279 ], [ 106.688821077455017, 10.779563107037092 ], [ 106.688821077455017, 10.780243806232752 ], [ 106.688084055525536, 10.780284404989329 ], [ 106.688084055525536, 10.779603703352279 ] ] ] } },
{ "type": "Feature", "properties": { "s2": "31752f3024", "resolution": 17, "center_lat": 10.780604458401969, "center_lon": 106.68845256626996, "avg_edge_len": 78.01314309208793, "cell_area": 6069.2497699409723, "cell_perimeter": 312.05257236835172, "code": "770", "name": "Quận 3", "name_en": "District 3", "level": "Quận", "prov_code": "79", "prov_name": "Thành phố Hồ Chí Minh", "region": "Đông Nam Bộ", "pop_2019": 190375.0, "pop_dens": 38852.0, "area": 4.92 }, "geometry": { "type": "Polygon", "coordinates": [ [ [ 106.688084055525536, 10.780284404989329 ], [ 106.688821077455017, 10.780243806232752 ], [ 106.688821077455017, 10.780924510569648 ], [ 106.688084055525536, 10.780965111767607 ], [ 106.688084055525536, 10.780284404989329 ] ] ] } },
{ "type": "Feature", "properties": { "s2": "31752f302c", "resolution": 17, "center_lat": 10.781285166530029, "center_lon": 106.68845256626999, "avg_edge_len": 78.013346142063611, "cell_area": 6069.282229706645, "cell_perimeter": 312.05338456825444, "code": "770", "name": "Quận 3", "name_en": "District 3", "level": "Quận", "prov_code": "79", "prov_name": "Thành phố Hồ Chí Minh", "region": "Đông Nam Bộ", "pop_2019": 190375.0, "pop_dens": 38852.0, "area": 4.92 }, "geometry": { "type": "Polygon", "coordinates": [ [ [ 106.688084055525536, 10.780965111767607 ], [ 106.688821077455017, 10.780924510569648 ], [ 106.688821077455017, 10.781605220047497 ], [ 106.688084055525536, 10.781645823686835 ], [ 106.688084055525536, 10.780965111767607 ] ] ] } },
{ "type": "Feature", "properties": { "s2": "31752f3034", "resolution": 17, "center_lat": 10.781244563166643, "center_lon": 106.68918958943716, "avg_edge_len": 78.013357378294558, "cell_area": 6069.2816457935169, "cell_perimeter": 312.05342951317823, "code": "770", "name": "Quận 3", "name_en": "District 3", "level": "Quận", "prov_code": "79", "prov_name": "Thành phố Hồ Chí Minh", "region": "Đông Nam Bộ", "pop_2019": 190375.0, "pop_dens": 38852.0, "area": 4.92 }, "geometry": { "type": "Polygon", "coordinates": [ [ [ 106.688821077455017, 10.780924510569648 ], [ 106.689558101859902, 10.780883907482265 ], [ 106.689558101859888, 10.78156461451862 ], [ 106.688821077455017, 10.781605220047497 ], [ 106.688821077455017, 10.780924510569648 ] ] ] } },
{ "type": "Feature", "properties": { "s2": "31752f303c", "resolution": 17, "center_lat": 10.780563857480018, "center_lon": 106.68918958943715, "avg_edge_len": 78.013154327577382, "cell_area": 6069.2491831332445, "cell_perimeter": 312.05261731030953, "code": "770", "name": "Quận 3", "name_en": "District 3", "level": "Quận", "prov_code": "79", "prov_name": "Thành phố Hồ Chí Minh", "region": "Đông Nam Bộ", "pop_2019": 190375.0, "pop_dens": 38852.0, "area": 4.92 }, "geometry": { "type": "Polygon", "coordinates": [ [ [ 106.688821077455017, 10.780243806232752 ], [ 106.689558101859902, 10.780203205586865 ], [ 106.689558101859902, 10.780883907482265 ], [ 106.688821077455017, 10.780924510569648 ], [ 106.688821077455017, 10.780243806232752 ] ] ] } },
{ "type": "Feature", "properties": { "s2": "31752f3044", "resolution": 17, "center_lat": 10.780523254668701, "center_lon": 106.68992661507954, "avg_edge_len": 78.013165536198414, "cell_area": 6069.2485953122377, "cell_perimeter": 312.05266214479366, "code": "770", "name": "Quận 3", "name_en": "District 3", "level": "Quận", "prov_code": "79", "prov_name": "Thành phố Hồ Chí Minh", "region": "Đông Nam Bộ", "pop_2019": 190375.0, "pop_dens": 38852.0, "area": 4.92 }, "geometry": { "type": "Polygon", "coordinates": [ [ [ 106.689558101859902, 10.780203205586865 ], [ 106.690295128739791, 10.780162603051673 ], [ 106.690295128739791, 10.78084330250546 ], [ 106.689558101859902, 10.780883907482265 ], [ 106.689558101859902, 10.780203205586865 ] ] ] } },
{ "type": "Feature", "properties": { "s2": "31752f304c", "resolution": 17, "center_lat": 10.781203957913778, "center_lon": 106.68992661507956, "avg_edge_len": 78.013368588980825, "cell_area": 6069.2810566387579, "cell_perimeter": 312.0534743559233, "code": "770", "name": "Quận 3", "name_en": "District 3", "level": "Quận", "prov_code": "79", "prov_name": "Thành phố Hồ Chí Minh", "region": "Đông Nam Bộ", "pop_2019": 190375.0, "pop_dens": 38852.0, "area": 4.92 }, "geometry": { "type": "Polygon", "coordinates": [ [ [ 106.689558101859902, 10.780883907482265 ], [ 106.690295128739791, 10.78084330250546 ], [ 106.690295128739791, 10.781524007100206 ], [ 106.689558101859888, 10.78156461451862 ], [ 106.689558101859902, 10.780883907482265 ] ] ] } },
{ "type": "Feature", "properties": { "s2": "31752f3054", "resolution": 17, "center_lat": 10.781163350771434, "center_lon": 106.69066364319676, "avg_edge_len": 78.013379773460471, "cell_area": 6069.2804596275091, "cell_perimeter": 312.05351909384189, "code": "770", "name": "Quận 3", "name_en": "District 3", "level": "Quận", "prov_code": "79", "prov_name": "Thành phố Hồ Chí Minh", "region": "Đông Nam Bộ", "pop_2019": 190375.0, "pop_dens": 38852.0, "area": 4.92 }, "geometry": { "type": "Polygon", "coordinates": [ [ [ 106.690295128739791, 10.78084330250546 ], [ 106.691032158094345, 10.780802695639245 ], [ 106.691032158094345, 10.78148339779227 ], [ 106.690295128739791, 10.781524007100206 ], [ 106.690295128739791, 10.78084330250546 ] ] ] } },
{ "type": "Feature", "properties": { "s2": "31752f305c", "resolution": 17, "center_lat": 10.780482649968029, "center_lon": 106.69066364319674, "avg_edge_len": 78.013176719627253, "cell_area": 6069.2480031251907, "cell_perimeter": 312.05270687850901, "code": "770", "name": "Quận 3", "name_en": "District 3", "level": "Quận", "prov_code": "79", "prov_name": "Thành phố Hồ Chí Minh", "region": "Đông Nam Bộ", "pop_2019": 190375.0, "pop_dens": 38852.0, "area": 4.92 }, "geometry": { "type": "Polygon", "coordinates": [ [ [ 106.690295128739791, 10.780162603051673 ], [ 106.691032158094345, 10.780121998627187 ], [ 106.691032158094345, 10.780802695639245 ], [ 106.690295128739791, 10.78084330250546 ], [ 106.690295128739791, 10.780162603051673 ] ] ] } },
{ "type": "Feature", "properties": { "s2": "31752f3064", "resolution": 17, "center_lat": 10.77980195430573, "center_lon": 106.69066364319674, "avg_edge_len": 78.012973644305248, "cell_area": 6069.2155309021473, "cell_perimeter": 312.05189457722099, "code": "770", "name": "Quận 3", "name_en": "District 3", "level": "Quận", "prov_code": "79", "prov_name": "Thành phố Hồ Chí Minh", "region": "Đông Nam Bộ", "pop_2019": 190375.0, "pop_dens": 38852.0, "area": 4.92 }, "geometry": { "type": "Polygon", "coordinates": [ [ [ 106.690295128739791, 10.779481908739132 ], [ 106.691032158094345, 10.779441306756379 ], [ 106.691032158094345, 10.780121998627187 ], [ 106.690295128739791, 10.780162603051673 ], [ 106.690295128739791, 10.779481908739132 ] ] ] } },
{ "type": "Feature", "properties": { "s2": "31752f306c", "resolution": 17, "center_lat": 10.779842556564731, "center_lon": 106.68992661507954, "avg_edge_len": 78.012962462632714, "cell_area": 6069.2161267779275, "cell_perimeter": 312.05184985053086, "code": "770", "name": "Quận 3", "name_en": "District 3", "level": "Quận", "prov_code": "79", "prov_name": "Thành phố Hồ Chí Minh", "region": "Đông Nam Bộ", "pop_2019": 190375.0, "pop_dens": 38852.0, "area": 4.92 }, "geometry": { "type": "Polygon", "coordinates": [ [ [ 106.689558101859888, 10.779522508832706 ], [ 106.690295128739791, 10.779481908739132 ], [ 106.690295128739791, 10.780162603051673 ], [ 106.689558101859902, 10.780203205586865 ], [ 106.689558101859888, 10.779522508832706 ] ] ] } },
{ "type": "Feature", "properties": { "s2": "31752f3074", "resolution": 17, "center_lat": 10.779161863602143, "center_lon": 106.68992661507951, "avg_edge_len": 78.012759368019843, "cell_area": 6069.1836611032486, "cell_perimeter": 312.05103747207937, "code": "770", "name": "Quận 3", "name_en": "District 3", "level": "Quận", "prov_code": "79", "prov_name": "Thành phố Hồ Chí Minh", "region": "Đông Nam Bộ", "pop_2019": 190375.0, "pop_dens": 38852.0, "area": 4.92 }, "geometry": { "type": "Polygon", "coordinates": [ [ [ 106.689558101859888, 10.778841817220068 ], [ 106.690295128739791, 10.778801219568116 ], [ 106.690295128739791, 10.779481908739132 ], [ 106.689558101859888, 10.779522508832706 ], [ 106.689558101859888, 10.778841817220068 ] ] ] } },
{ "type": "Feature", "properties": { "s2": "31752f307c", "resolution": 17, "center_lat": 10.779121263784816, "center_lon": 106.69066364319676, "avg_edge_len": 78.012770548024335, "cell_area": 6069.1830620616674, "cell_perimeter": 312.05108219209734, "code": "770", "name": "Quận 3", "name_en": "District 3", "level": "Quận", "prov_code": "79", "prov_name": "Thành phố Hồ Chí Minh", "region": "Đông Nam Bộ", "pop_2019": 190375.0, "pop_dens": 38852.0, "area": 4.92 }, "geometry": { "type": "Polygon", "coordinates": [ [ [ 106.690295128739791, 10.778801219568116 ], [ 106.691032158094345, 10.778760620027098 ], [ 106.691032158094345, 10.779441306756379 ], [ 106.690295128739791, 10.779481908739132 ], [ 106.690295128739791, 10.778801219568116 ] ] ] } },
{ "type": "Feature", "properties": { "s2": "31752f3084", "resolution": 17, "center_lat": 10.779080662078375, "center_lon": 106.69140067378845, "avg_edge_len": 78.01278170345438, "cell_area": 6069.1824597865343, "cell_perimeter": 312.05112681381752, "code": "770", "name": "Quận 3", "name_en": "District 3", "level": "Quận", "prov_code": "79", "prov_name": "Thành phố Hồ Chí Minh", "region": "Đông Nam Bộ", "pop_2019": 190375.0, "pop_dens": 38852.0, "area": 4.92 }, "geometry": { "type": "Polygon", "coordinates": [ [ [ 106.691032158094345, 10.778760620027098 ], [ 106.691769189923193, 10.778720018597026 ], [ 106.691769189923193, 10.779400702884452 ], [ 106.691032158094345, 10.779441306756379 ], [ 106.691032158094345, 10.778760620027098 ] ] ] } },
{ "type": "Feature", "properties": { "s2": "31752f308c", "resolution": 17, "center_lat": 10.779761350157496, "center_lon": 106.69140067378845, "avg_edge_len": 78.012984801138629, "cell_area": 6069.214937120676, "cell_perimeter": 312.05193920455451, "code": "770", "name": "Quận 3", "name_en": "District 3", "level": "Quận", "prov_code": "79", "prov_name": "Thành phố Hồ Chí Minh", "region": "Đông Nam Bộ", "pop_2019": 190375.0, "pop_dens": 38852.0, "area": 4.92 }, "geometry": { "type": "Polygon", "coordinates": [ [ [ 106.691032158094345, 10.779441306756379 ], [ 106.691769189923193, 10.779400702884452 ], [ 106.691769189923193, 10.780081392313415 ], [ 106.691032158094345, 10.780121998627187 ], [ 106.691032158094345, 10.779441306756379 ] ] ] } },
{ "type": "Feature", "properties": { "s2": "31752f3094", "resolution": 17, "center_lat": 10.77972074412004, "center_lon": 106.69213770685425, "avg_edge_len": 78.012995930883449, "cell_area": 6069.2143334746361, "cell_perimeter": 312.05198372353379, "code": "770", "name": "Quận 3", "name_en": "District 3", "level": "Quận", "prov_code": "79", "prov_name": "Thành phố Hồ Chí Minh", "region": "Đông Nam Bộ", "pop_2019": 190375.0, "pop_dens": 38852.0, "area": 4.92 }, "geometry": { "type": "Polygon", "coordinates": [ [ [ 106.691769189923193, 10.779400702884452 ], [ 106.692506224225966, 10.779360097123361 ], [ 106.692506224225966, 10.780040784110362 ], [ 106.691769189923193, 10.780081392313415 ], [ 106.691769189923193, 10.779400702884452 ] ] ] } },
{ "type": "Feature", "properties": { "s2": "31752f309c", "resolution": 17, "center_lat": 10.779040058482821, "center_lon": 106.69213770685423, "avg_edge_len": 78.012792831839278, "cell_area": 6069.1818598210812, "cell_perimeter": 312.05117132735711, "code": "770", "name": "Quận 3", "name_en": "District 3", "level": "Quận", "prov_code": "79", "prov_name": "Thành phố Hồ Chí Minh", "region": "Đông Nam Bộ", "pop_2019": 190375.0, "pop_dens": 38852.0, "area": 4.92 }, "geometry": { "type": "Polygon", "coordinates": [ [ [ 106.691769189923193, 10.778720018597026 ], [ 106.692506224225966, 10.778679415277901 ], [ 106.692506224225966, 10.779360097123361 ], [ 106.691769189923193, 10.779400702884452 ], [ 106.691769189923193, 10.778720018597026 ] ] ] } },
{ "type": "Feature", "properties": { "s2": "31752f30a4", "resolution": 17, "center_lat": 10.778999452998166, "center_lon": 106.69287474239377, "avg_edge_len": 78.012803934635386, "cell_area": 6069.1812546849251, "cell_perimeter": 312.05121573854154, "code": "770", "name": "Quận 3", "name_en": "District 3", "level": "Quận", "prov_code": "79", "prov_name": "Thành phố Hồ Chí Minh", "region": "Đông Nam Bộ", "pop_2019": 190375.0, "pop_dens": 38852.0, "area": 4.92 }, "geometry": { "type": "Polygon", "coordinates": [ [ [ 106.692506224225966, 10.778679415277901 ], [ 106.693243261002294, 10.778638810069735 ], [ 106.693243261002294, 10.779319489473114 ], [ 106.692506224225966, 10.779360097123361 ], [ 106.692506224225966, 10.778679415277901 ] ] ] } },
{ "type": "Feature", "properties": { "s2": "31752f30ac", "resolution": 17, "center_lat": 10.778958845624418, "center_lon": 106.69361178040668, "avg_edge_len": 78.012815012195659, "cell_area": 6069.1806405353136, "cell_perimeter": 312.05126004878264, "code": "770", "name": "Quận 3", "name_en": "District 3", "level": "Quận", "prov_code": "79", "prov_name": "Thành phố Hồ Chí Minh", "region": "Đông Nam Bộ", "pop_2019": 190375.0, "pop_dens": 38852.0, "area": 4.92 }, "geometry": { "type": "Polygon", "coordinates": [ [ [ 106.693243261002294, 10.778638810069735 ], [ 106.693980300251809, 10.778598202972537 ], [ 106.693980300251823, 10.779278879933718 ], [ 106.693243261002294, 10.779319489473114 ], [ 106.693243261002294, 10.778638810069735 ] ] ] } },
{ "type": "Feature", "properties": { "s2": "31752f30b4", "resolution": 17, "center_lat": 10.779639526377473, "center_lon": 106.6936117804067, "avg_edge_len": 78.013018114001994, "cell_area": 6069.2131154090166, "cell_perimeter": 312.05207245600798, "code": "770", "name": "Quận 3", "name_en": "District 3", "level": "Quận", "prov_code": "79", "prov_name": "Thành phố Hồ Chí Minh", "region": "Đông Nam Bộ", "pop_2019": 190375.0, "pop_dens": 38852.0, "area": 4.92 }, "geometry": { "type": "Polygon", "coordinates": [ [ [ 106.693243261002294, 10.779319489473114 ], [ 106.693980300251823, 10.779278879933718 ], [ 106.693980300251823, 10.779959562036447 ], [ 106.693243261002294, 10.780000174018037 ], [ 106.693243261002294, 10.779319489473114 ] ] ] } },
{ "type": "Feature", "properties": { "s2": "31752f30bc", "resolution": 17, "center_lat": 10.77968013619336, "center_lon": 106.69287474239377, "avg_edge_len": 78.013007034774176, "cell_area": 6069.2137226164341, "cell_perimeter": 312.05202813909671, "code": "770", "name": "Quận 3", "name_en": "District 3", "level": "Quận", "prov_code": "79", "prov_name": "Thành phố Hồ Chí Minh", "region": "Đông Nam Bộ", "pop_2019": 190375.0, "pop_dens": 38852.0, "area": 4.92 }, "geometry": { "type": "Polygon", "coordinates": [ [ [ 106.692506224225966, 10.779360097123361 ], [ 106.693243261002294, 10.779319489473114 ], [ 106.693243261002294, 10.780000174018037 ], [ 106.692506224225966, 10.780040784110362 ], [ 106.692506224225966, 10.779360097123361 ] ] ] } },
{ "type": "Feature", "properties": { "s2": "31752f30c4", "resolution": 17, "center_lat": 10.780360824529954, "center_lon": 106.69287474239378, "avg_edge_len": 78.01321011368853, "cell_area": 6069.2461876869202, "cell_perimeter": 312.05284045475412, "code": "770", "name": "Quận 3", "name_en": "District 3", "level": "Quận", "prov_code": "79", "prov_name": "Thành phố Hồ Chí Minh", "region": "Đông Nam Bộ", "pop_2019": 190375.0, "pop_dens": 38852.0, "area": 4.92 }, "geometry": { "type": "Polygon", "coordinates": [ [ [ 106.692506224225966, 10.780040784110362 ], [ 106.693243261002294, 10.780000174018037 ], [ 106.693243261002294, 10.780680863704221 ], [ 106.692506224225966, 10.780721476238618 ], [ 106.692506224225966, 10.780040784110362 ] ] ] } },
{ "type": "Feature", "properties": { "s2": "31752f30cc", "resolution": 17, "center_lat": 10.780320212271931, "center_lon": 106.6936117804067, "avg_edge_len": 78.013221193967269, "cell_area": 6069.2455784380436, "cell_perimeter": 312.05288477586907, "code": "770", "name": "Quận 3", "name_en": "District 3", "level": "Quận", "prov_code": "79", "prov_name": "Thành phố Hồ Chí Minh", "region": "Đông Nam Bộ", "pop_2019": 190375.0, "pop_dens": 38852.0, "area": 4.92 }, "geometry": { "type": "Polygon", "coordinates": [ [ [ 106.693243261002294, 10.780000174018037 ], [ 106.693980300251823, 10.779959562036447 ], [ 106.693980300251823, 10.780640249280445 ], [ 106.693243261002294, 10.780680863704221 ], [ 106.693243261002294, 10.780000174018037 ] ] ] } },
{ "type": "Feature", "properties": { "s2": "31752f30d4", "resolution": 17, "center_lat": 10.781000903307513, "center_lon": 106.69361178040671, "avg_edge_len": 78.013424252708148, "cell_area": 6069.2780467122793, "cell_perimeter": 312.05369701083259, "code": "770", "name": "Quận 3", "name_en": "District 3", "level": "Quận", "prov_code": "79", "prov_name": "Thành phố Hồ Chí Minh", "region": "Đông Nam Bộ", "pop_2019": 190375.0, "pop_dens": 38852.0, "area": 4.92 }, "geometry": { "type": "Polygon", "coordinates": [ [ [ 106.693243261002294, 10.780680863704221 ], [ 106.693980300251823, 10.780640249280445 ], [ 106.693980300251823, 10.781320941665426 ], [ 106.693243261002294, 10.781361558531385 ], [ 106.693243261002294, 10.780680863704221 ] ] ] } },
{ "type": "Feature", "properties": { "s2": "31752f30dc", "resolution": 17, "center_lat": 10.781041518007662, "center_lon": 106.69287474239377, "avg_edge_len": 78.013413171378943, "cell_area": 6069.2786565423012, "cell_perimeter": 312.05365268551577, "code": "770", "name": "Quận 3", "name_en": "District 3", "level": "Quận", "prov_code": "79", "prov_name": "Thành phố Hồ Chí Minh", "region": "Đông Nam Bộ", "pop_2019": 190375.0, "pop_dens": 38852.0, "area": 4.92 }, "geometry": { "type": "Polygon", "coordinates": [ [ [ 106.692506224225966, 10.780721476238618 ], [ 106.693243261002294, 10.780680863704221 ], [ 106.693243261002294, 10.781361558531385 ], [ 106.692506224225966, 10.781402173507852 ], [ 106.692506224225966, 10.780721476238618 ] ] ] } },
{ "type": "Feature", "properties": { "s2": "31752f30e4", "resolution": 17, "center_lat": 10.781082130818371, "center_lon": 106.69213770685424, "avg_edge_len": 78.013402064725568, "cell_area": 6069.2792594134808, "cell_perimeter": 312.05360825890227, "code": "770", "name": "Quận 3", "name_en": "District 3", "level": "Quận", "prov_code": "79", "prov_name": "Thành phố Hồ Chí Minh", "region": "Đông Nam Bộ", "pop_2019": 190375.0, "pop_dens": 38852.0, "area": 4.92 }, "geometry": { "type": "Polygon", "coordinates": [ [ [ 106.691769189923193, 10.780762086883628 ], [ 106.692506224225966, 10.780721476238618 ], [ 106.692506224225966, 10.781402173507852 ], [ 106.691769189923193, 10.781442786594816 ], [ 106.691769189923193, 10.780762086883628 ] ] ] } },
{ "type": "Feature", "properties": { "s2": "31752f30ec", "resolution": 17, "center_lat": 10.780401434898643, "center_lon": 106.69213770685423, "avg_edge_len": 78.013199008305961, "cell_area": 6069.2467979639769, "cell_perimeter": 312.05279603322384, "code": "770", "name": "Quận 3", "name_en": "District 3", "level": "Quận", "prov_code": "79", "prov_name": "Thành phố Hồ Chí Minh", "region": "Đông Nam Bộ", "pop_2019": 190375.0, "pop_dens": 38852.0, "area": 4.92 }, "geometry": { "type": "Polygon", "coordinates": [ [ [ 106.691769189923193, 10.780081392313415 ], [ 106.692506224225966, 10.780040784110362 ], [ 106.692506224225966, 10.780721476238618 ], [ 106.691769189923193, 10.780762086883628 ], [ 106.691769189923193, 10.780081392313415 ] ] ] } },
{ "type": "Feature", "properties": { "s2": "31752f30f4", "resolution": 17, "center_lat": 10.780442043378011, "center_lon": 106.69140067378845, "avg_edge_len": 78.013187877246423, "cell_area": 6069.2473990321159, "cell_perimeter": 312.05275150898569, "code": "770", "name": "Quận 3", "name_en": "District 3", "level": "Quận", "prov_code": "79", "prov_name": "Thành phố Hồ Chí Minh", "region": "Đông Nam Bộ", "pop_2019": 190375.0, "pop_dens": 38852.0, "area": 4.92 }, "geometry": { "type": "Polygon", "coordinates": [ [ [ 106.691032158094345, 10.780121998627187 ], [ 106.691769189923193, 10.780081392313415 ], [ 106.691769189923193, 10.780762086883628 ], [ 106.691032158094345, 10.780802695639245 ], [ 106.691032158094345, 10.780121998627187 ] ] ] } },
{ "type": "Feature", "properties": { "s2": "31752f30fc", "resolution": 17, "center_lat": 10.78112274173963, "center_lon": 106.69140067378845, "avg_edge_len": 78.013390932042043, "cell_area": 6069.2798639982939, "cell_perimeter": 312.05356372816817, "code": "770", "name": "Quận 3", "name_en": "District 3", "level": "Quận", "prov_code": "79", "prov_name": "Thành phố Hồ Chí Minh", "region": "Đông Nam Bộ", "pop_2019": 190375.0, "pop_dens": 38852.0, "area": 4.92 }, "geometry": { "type": "Polygon", "coordinates": [ [ [ 106.691032158094345, 10.780802695639245 ], [ 106.691769189923193, 10.780762086883628 ], [ 106.691769189923193, 10.781442786594816 ], [ 106.691032158094345, 10.78148339779227 ], [ 106.691032158094345, 10.780802695639245 ] ] ] } },
{ "type": "Feature", "properties": { "s2": "31752f3104", "resolution": 17, "center_lat": 10.781803445242081, "center_lon": 106.69140067378848, "avg_edge_len": 78.013593965525345, "cell_area": 6069.3123250752687, "cell_perimeter": 312.05437586210138, "code": "770", "name": "Quận 3", "name_en": "District 3", "level": "Quận", "prov_code": "79", "prov_name": "Thành phố Hồ Chí Minh", "region": "Đông Nam Bộ", "pop_2019": 190375.0, "pop_dens": 38852.0, "area": 4.92 }, "geometry": { "type": "Polygon", "coordinates": [ [ [ 106.691032158094345, 10.78148339779227 ], [ 106.691769189923193, 10.781442786594816 ], [ 106.691769189923193, 10.782123491446688 ], [ 106.691032158094345, 10.782164105085977 ], [ 106.691032158094345, 10.78148339779227 ] ] ] } },
{ "type": "Feature", "properties": { "s2": "31752f310c", "resolution": 17, "center_lat": 10.782484153885068, "center_lon": 106.69140067378844, "avg_edge_len": 78.013796978093396, "cell_area": 6069.3447743505239, "cell_perimeter": 312.05518791237358, "code": "770", "name": "Quận 3", "name_en": "District 3", "level": "Quận", "prov_code": "79", "prov_name": "Thành phố Hồ Chí Minh", "region": "Đông Nam Bộ", "pop_2019": 190375.0, "pop_dens": 38852.0, "area": 4.92 }, "geometry": { "type": "Polygon", "coordinates": [ [ [ 106.691032158094345, 10.782164105085977 ], [ 106.691769189923193, 10.782123491446688 ], [ 106.691769189923193, 10.782804201438966 ], [ 106.691032158094345, 10.782844817520083 ], [ 106.691032158094345, 10.782164105085977 ] ] ] } },
{ "type": "Feature", "properties": { "s2": "31752f3114", "resolution": 17, "center_lat": 10.782443538080031, "center_lon": 106.69213770685427, "avg_edge_len": 78.013808112525396, "cell_area": 6069.3441791832447, "cell_perimeter": 312.05523245010158, "code": "770", "name": "Quận 3", "name_en": "District 3", "level": "Quận", "prov_code": "79", "prov_name": "Thành phố Hồ Chí Minh", "region": "Đông Nam Bộ", "pop_2019": 190375.0, "pop_dens": 38852.0, "area": 4.92 }, "geometry": { "type": "Polygon", "coordinates": [ [ [ 106.691769189923193, 10.782123491446688 ], [ 106.692506224225966, 10.782082875917775 ], [ 106.692506224225966, 10.782763583468109 ], [ 106.691769189923193, 10.782804201438966 ], [ 106.691769189923193, 10.782123491446688 ] ] ] } },
{ "type": "Feature", "properties": { "s2": "31752f311c", "resolution": 17, "center_lat": 10.781762831878924, "center_lon": 106.69213770685425, "avg_edge_len": 78.013605099127346, "cell_area": 6069.3117231577635, "cell_perimeter": 312.05442039650939, "code": "770", "name": "Quận 3", "name_en": "District 3", "level": "Quận", "prov_code": "79", "prov_name": "Thành phố Hồ Chí Minh", "region": "Đông Nam Bộ", "pop_2019": 190375.0, "pop_dens": 38852.0, "area": 4.92 }, "geometry": { "type": "Polygon", "coordinates": [ [ [ 106.691769189923193, 10.781442786594816 ], [ 106.692506224225966, 10.781402173507852 ], [ 106.692506224225966, 10.782082875917775 ], [ 106.691769189923193, 10.782123491446688 ], [ 106.691769189923193, 10.781442786594816 ] ] ] } },
{ "type": "Feature", "properties": { "s2": "31752f3124", "resolution": 17, "center_lat": 10.781722216626209, "center_lon": 106.69287474239377, "avg_edge_len": 78.013616207360684, "cell_area": 6069.3111135959625, "cell_perimeter": 312.05446482944274, "code": "770", "name": "Quận 3", "name_en": "District 3", "level": "Quận", "prov_code": "79", "prov_name": "Thành phố Hồ Chí Minh", "region": "Đông Nam Bộ", "pop_2019": 190375.0, "pop_dens": 38852.0, "area": 4.92 }, "geometry": { "type": "Polygon", "coordinates": [ [ [ 106.692506224225966, 10.781402173507852 ], [ 106.693243261002294, 10.781361558531385 ], [ 106.693243261002294, 10.782042258499246 ], [ 106.692506224225966, 10.782082875917775 ], [ 106.692506224225966, 10.781402173507852 ] ] ] } },
{ "type": "Feature", "properties": { "s2": "31752f312c", "resolution": 17, "center_lat": 10.781681599483937, "center_lon": 106.69361178040671, "avg_edge_len": 78.013627290358187, "cell_area": 6069.3105029165745, "cell_perimeter": 312.05450916143275, "code": "770", "name": "Quận 3", "name_en": "District 3", "level": "Quận", "prov_code": "79", "prov_name": "Thành phố Hồ Chí Minh", "region": "Đông Nam Bộ", "pop_2019": 190375.0, "pop_dens": 38852.0, "area": 4.92 }, "geometry": { "type": "Polygon", "coordinates": [ [ [ 106.693243261002294, 10.781361558531385 ], [ 106.693980300251823, 10.781320941665426 ], [ 106.693980300251823, 10.782001639191106 ], [ 106.693243261002294, 10.782042258499246 ], [ 106.693243261002294, 10.781361558531385 ] ] ] } },
{ "type": "Feature", "properties": { "s2": "31752f3134", "resolution": 17, "center_lat": 10.782362300800916, "center_lon": 106.69361178040668, "avg_edge_len": 78.013830306298246, "cell_area": 6069.3429633378983, "cell_perimeter": 312.05532122519298, "code": "770", "name": "Quận 3", "name_en": "District 3", "level": "Quận", "prov_code": "79", "prov_name": "Thành phố Hồ Chí Minh", "region": "Đông Nam Bộ", "pop_2019": 190375.0, "pop_dens": 38852.0, "area": 4.92 }, "geometry": { "type": "Polygon", "coordinates": [ [ [ 106.693243261002294, 10.782042258499246 ], [ 106.693980300251823, 10.782001639191106 ], [ 106.693980300251823, 10.782682341857207 ], [ 106.693243261002294, 10.782722963607521 ], [ 106.693243261002294, 10.782042258499246 ] ] ] } },
{ "type": "Feature", "properties": { "s2": "31752f313c", "resolution": 17, "center_lat": 10.782402920385303, "center_lon": 106.69287474239377, "avg_edge_len": 78.013819222074048, "cell_area": 6069.3435736745596, "cell_perimeter": 312.05527688829619, "code": "770", "name": "Quận 3", "name_en": "District 3", "level": "Quận", "prov_code": "79", "prov_name": "Thành phố Hồ Chí Minh", "region": "Đông Nam Bộ", "pop_2019": 190375.0, "pop_dens": 38852.0, "area": 4.92 }, "geometry": { "type": "Polygon", "coordinates": [ [ [ 106.692506224225966, 10.782082875917775 ], [ 106.693243261002294, 10.782042258499246 ], [ 106.693243261002294, 10.782722963607521 ], [ 106.692506224225966, 10.782763583468109 ], [ 106.692506224225966, 10.782082875917775 ] ] ] } },
{ "type": "Feature", "properties": { "s2": "31752f3144", "resolution": 17, "center_lat": 10.783083629284674, "center_lon": 106.69287474239377, "avg_edge_len": 78.014022215299121, "cell_area": 6069.3760241866112, "cell_perimeter": 312.05608886119649, "code": "770", "name": "Quận 3", "name_en": "District 3", "level": "Quận", "prov_code": "79", "prov_name": "Thành phố Hồ Chí Minh", "region": "Đông Nam Bộ", "pop_2019": 190375.0, "pop_dens": 38852.0, "area": 4.92 }, "geometry": { "type": "Polygon", "coordinates": [ [ [ 106.692506224225966, 10.782763583468109 ], [ 106.693243261002294, 10.782722963607521 ], [ 106.693243261002294, 10.783403673855926 ], [ 106.692506224225966, 10.783444296158569 ], [ 106.692506224225966, 10.782763583468109 ] ] ] } },
{ "type": "Feature", "properties": { "s2": "31752f314c", "resolution": 17, "center_lat": 10.783043007258168, "center_lon": 106.69361178040671, "avg_edge_len": 78.014033300971079, "cell_area": 6069.3754132837057, "cell_perimeter": 312.05613320388431, "code": "770", "name": "Quận 3", "name_en": "District 3", "level": "Quận", "prov_code": "79", "prov_name": "Thành phố Hồ Chí Minh", "region": "Đông Nam Bộ", "pop_2019": 190375.0, "pop_dens": 38852.0, "area": 4.92 }, "geometry": { "type": "Polygon", "coordinates": [ [ [ 106.693243261002294, 10.782722963607521 ], [ 106.693980300251823, 10.782682341857207 ], [ 106.693980300251823, 10.783363049663444 ], [ 106.693243261002294, 10.783403673855926 ], [ 106.693243261002294, 10.782722963607521 ] ] ] } },
{ "type": "Feature", "properties": { "s2": "31752f3154", "resolution": 17, "center_lat": 10.783723718855414, "center_lon": 106.69361178040671, "avg_edge_len": 78.014236273625073, "cell_area": 6069.4078660585765, "cell_perimeter": 312.05694509450029, "code": "770", "name": "Quận 3", "name_en": "District 3", "level": "Quận", "prov_code": "79", "prov_name": "Thành phố Hồ Chí Minh", "region": "Đông Nam Bộ", "pop_2019": 190375.0, "pop_dens": 38852.0, "area": 4.92 }, "geometry": { "type": "Polygon", "coordinates": [ [ [ 106.693243261002294, 10.783403673855926 ], [ 106.693980300251823, 10.783363049663444 ], [ 106.693980300251809, 10.78404376260953 ], [ 106.693243261002294, 10.784084389244176 ], [ 106.693243261002294, 10.783403673855926 ] ] ] } },
{ "type": "Feature", "properties": { "s2": "31752f315c", "resolution": 17, "center_lat": 10.78376434332403, "center_lon": 106.69287474239377, "avg_edge_len": 78.014225187035009, "cell_area": 6069.4084767699242, "cell_perimeter": 312.05690074814004, "code": "770", "name": "Quận 3", "name_en": "District 3", "level": "Quận", "prov_code": "79", "prov_name": "Thành phố Hồ Chí Minh", "region": "Đông Nam Bộ", "pop_2019": 190375.0, "pop_dens": 38852.0, "area": 4.92 }, "geometry": { "type": "Polygon", "coordinates": [ [ [ 106.692506224225966, 10.783444296158569 ], [ 106.693243261002294, 10.783403673855926 ], [ 106.693243261002294, 10.784084389244176 ], [ 106.692506224225966, 10.784125013988872 ], [ 106.692506224225966, 10.783444296158569 ] ] ] } },
{ "type": "Feature", "properties": { "s2": "31752f3164", "resolution": 17, "center_lat": 10.783804965902746, "center_lon": 106.69213770685425, "avg_edge_len": 78.01421407564996, "cell_area": 6069.4090804308653, "cell_perimeter": 312.05685630259984, "code": "770", "name": "Quận 3", "name_en": "District 3", "level": "Quận", "prov_code": "79", "prov_name": "Thành phố Hồ Chí Minh", "region": "Đông Nam Bộ", "pop_2019": 190375.0, "pop_dens": 38852.0, "area": 4.92 }, "geometry": { "type": "Polygon", "coordinates": [ [ [ 106.691769189923193, 10.783484916571366 ], [ 106.692506224225966, 10.783444296158569 ], [ 106.692506224225966, 10.784125013988872 ], [ 106.691769189923193, 10.784165636843605 ], [ 106.691769189923193, 10.783484916571366 ] ] ] } },
{ "type": "Feature", "properties": { "s2": "31752f316c", "resolution": 17, "center_lat": 10.783124249421395, "center_lon": 106.69213770685427, "avg_edge_len": 78.014011104787869, "cell_area": 6069.3766259551048, "cell_perimeter": 312.05604441915148, "code": "770", "name": "Quận 3", "name_en": "District 3", "level": "Quận", "prov_code": "79", "prov_name": "Thành phố Hồ Chí Minh", "region": "Đông Nam Bộ", "pop_2019": 190375.0, "pop_dens": 38852.0, "area": 4.92 }, "geometry": { "type": "Polygon", "coordinates": [ [ [ 106.691769189923193, 10.782804201438966 ], [ 106.692506224225966, 10.782763583468109 ], [ 106.692506224225966, 10.783444296158569 ], [ 106.691769189923193, 10.783484916571366 ], [ 106.691769189923193, 10.782804201438966 ] ] ] } },
{ "type": "Feature", "properties": { "s2": "31752f3174", "resolution": 17, "center_lat": 10.783164867668322, "center_lon": 106.69140067378844, "avg_edge_len": 78.013999968511385, "cell_area": 6069.3772361576557, "cell_perimeter": 312.05599987404554, "code": "770", "name": "Quận 3", "name_en": "District 3", "level": "Quận", "prov_code": "79", "prov_name": "Thành phố Hồ Chí Minh", "region": "Đông Nam Bộ", "pop_2019": 190375.0, "pop_dens": 38852.0, "area": 4.92 }, "geometry": { "type": "Polygon", "coordinates": [ [ [ 106.691032158094345, 10.782844817520083 ], [ 106.691769189923193, 10.782804201438966 ], [ 106.691769189923193, 10.783484916571366 ], [ 106.691032158094345, 10.783525535094308 ], [ 106.691032158094345, 10.782844817520083 ] ] ] } },
{ "type": "Feature", "properties": { "s2": "31752f317c", "resolution": 17, "center_lat": 10.783845586591555, "center_lon": 106.69140067378846, "avg_edge_len": 78.014202937749488, "cell_area": 6069.4096779078245, "cell_perimeter": 312.05681175099795, "code": "770", "name": "Quận 3", "name_en": "District 3", "level": "Quận", "prov_code": "79", "prov_name": "Thành phố Hồ Chí Minh", "region": "Đông Nam Bộ", "pop_2019": 190375.0, "pop_dens": 38852.0, "area": 4.92 }, "geometry": { "type": "Polygon", "coordinates": [ [ [ 106.691032158094345, 10.783525535094308 ], [ 106.691769189923193, 10.783484916571366 ], [ 106.691769189923193, 10.784165636843605 ], [ 106.691032158094345, 10.784206257808368 ], [ 106.691032158094345, 10.783525535094308 ] ] ] } },
{ "type": "Feature", "properties": { "s2": "31752f3184", "resolution": 17, "center_lat": 10.783886205390441, "center_lon": 106.69066364319676, "avg_edge_len": 78.014191774171849, "cell_area": 6069.4102770268692, "cell_perimeter": 312.05676709668739, "code": "770", "name": "Quận 3", "name_en": "District 3", "level": "Quận", "prov_code": "79", "prov_name": "Thành phố Hồ Chí Minh", "region": "Đông Nam Bộ", "pop_2019": 190375.0, "pop_dens": 38852.0, "area": 4.92 }, "geometry": { "type": "Polygon", "coordinates": [ [ [ 106.690295128739777, 10.78356615172739 ], [ 106.691032158094345, 10.783525535094308 ], [ 106.691032158094345, 10.784206257808368 ], [ 106.690295128739791, 10.784246876883154 ], [ 106.690295128739777, 10.78356615172739 ] ] ] } },
{ "type": "Feature", "properties": { "s2": "31752f318c", "resolution": 17, "center_lat": 10.783926822299417, "center_lon": 106.68992661507953, "avg_edge_len": 78.014180584254916, "cell_area": 6069.4108694215793, "cell_perimeter": 312.05672233701966, "code": "770", "name": "Quận 3", "name_en": "District 3", "level": "Quận", "prov_code": "79", "prov_name": "Thành phố Hồ Chí Minh", "region": "Đông Nam Bộ", "pop_2019": 190375.0, "pop_dens": 38852.0, "area": 4.92 }, "geometry": { "type": "Polygon", "coordinates": [ [ [ 106.689558101859902, 10.783606766470598 ], [ 106.690295128739777, 10.78356615172739 ], [ 106.690295128739791, 10.784246876883154 ], [ 106.689558101859888, 10.784287494067954 ], [ 106.689558101859902, 10.783606766470598 ] ] ] } },
{ "type": "Feature", "properties": { "s2": "31752f3194", "resolution": 17, "center_lat": 10.783246098492762, "center_lon": 106.68992661507953, "avg_edge_len": 78.013977616588434, "cell_area": 6069.3784183464195, "cell_perimeter": 312.05591046635374, "code": "770", "name": "Quận 3", "name_en": "District 3", "level": "Quận", "prov_code": "79", "prov_name": "Thành phố Hồ Chí Minh", "region": "Đông Nam Bộ", "pop_2019": 190375.0, "pop_dens": 38852.0, "area": 4.92 }, "geometry": { "type": "Polygon", "coordinates": [ [ [ 106.689558101859902, 10.78292604401307 ], [ 106.690295128739791, 10.782885431711453 ], [ 106.690295128739777, 10.78356615172739 ], [ 106.689558101859902, 10.783606766470598 ], [ 106.689558101859902, 10.78292604401307 ] ] ] } },
{ "type": "Feature", "properties": { "s2": "31752f319c", "resolution": 17, "center_lat": 10.78320548402545, "center_lon": 106.69066364319676, "avg_edge_len": 78.013988806381036, "cell_area": 6069.3778313346957, "cell_perimeter": 312.05595522552414, "code": "770", "name": "Quận 3", "name_en": "District 3", "level": "Quận", "prov_code": "79", "prov_name": "Thành phố Hồ Chí Minh", "region": "Đông Nam Bộ", "pop_2019": 190375.0, "pop_dens": 38852.0, "area": 4.92 }, "geometry": { "type": "Polygon", "coordinates": [ [ [ 106.690295128739791, 10.782885431711453 ], [ 106.691032158094345, 10.782844817520083 ], [ 106.691032158094345, 10.783525535094308 ], [ 106.690295128739777, 10.78356615172739 ], [ 106.690295128739791, 10.782885431711453 ] ] ] } },
{ "type": "Feature", "properties": { "s2": "31752f31a4", "resolution": 17, "center_lat": 10.782524767800425, "center_lon": 106.69066364319676, "avg_edge_len": 78.013785816440262, "cell_area": 6069.3453756123781, "cell_perimeter": 312.05514326576105, "code": "770", "name": "Quận 3", "name_en": "District 3", "level": "Quận", "prov_code": "79", "prov_name": "Thành phố Hồ Chí Minh", "region": "Đông Nam Bộ", "pop_2019": 190375.0, "pop_dens": 38852.0, "area": 4.92 }, "geometry": { "type": "Polygon", "coordinates": [ [ [ 106.690295128739791, 10.782204716835635 ], [ 106.691032158094345, 10.782164105085977 ], [ 106.691032158094345, 10.782844817520083 ], [ 106.690295128739791, 10.782885431711453 ], [ 106.690295128739791, 10.782204716835635 ] ] ] } },
{ "type": "Feature", "properties": { "s2": "31752f31ac", "resolution": 17, "center_lat": 10.781844056715661, "center_lon": 106.69066364319676, "avg_edge_len": 78.013582805451804, "cell_area": 6069.3129233568907, "cell_perimeter": 312.05433122180722, "code": "770", "name": "Quận 3", "name_en": "District 3", "level": "Quận", "prov_code": "79", "prov_name": "Thành phố Hồ Chí Minh", "region": "Đông Nam Bộ", "pop_2019": 190375.0, "pop_dens": 38852.0, "area": 4.92 }, "geometry": { "type": "Polygon", "coordinates": [ [ [ 106.690295128739791, 10.781524007100206 ], [ 106.691032158094345, 10.78148339779227 ], [ 106.691032158094345, 10.782164105085977 ], [ 106.690295128739791, 10.782204716835635 ], [ 106.690295128739791, 10.781524007100206 ] ] ] } },
{ "type": "Feature", "properties": { "s2": "31752f31b4", "resolution": 17, "center_lat": 10.781884666299662, "center_lon": 106.68992661507954, "avg_edge_len": 78.013571619657242, "cell_area": 6069.3135107622547, "cell_perimeter": 312.05428647862897, "code": "770", "name": "Quận 3", "name_en": "District 3", "level": "Quận", "prov_code": "79", "prov_name": "Thành phố Hồ Chí Minh", "region": "Đông Nam Bộ", "pop_2019": 190375.0, "pop_dens": 38852.0, "area": 4.92 }, "geometry": { "type": "Polygon", "coordinates": [ [ [ 106.689558101859888, 10.78156461451862 ], [ 106.690295128739791, 10.781524007100206 ], [ 106.690295128739791, 10.782204716835635 ], [ 106.689558101859902, 10.78224532669565 ], [ 106.689558101859888, 10.78156461451862 ] ] ] } },
{ "type": "Feature", "properties": { "s2": "31752f31bc", "resolution": 17, "center_lat": 10.782565379826092, "center_lon": 106.68992661507954, "avg_edge_len": 78.013774628845155, "cell_area": 6069.3459753841162, "cell_perimeter": 312.05509851538062, "code": "770", "name": "Quận 3", "name_en": "District 3", "level": "Quận", "prov_code": "79", "prov_name": "Thành phố Hồ Chí Minh", "region": "Đông Nam Bộ", "pop_2019": 190375.0, "pop_dens": 38852.0, "area": 4.92 }, "geometry": { "type": "Polygon", "coordinates": [ [ [ 106.689558101859902, 10.78224532669565 ], [ 106.690295128739791, 10.782204716835635 ], [ 106.690295128739791, 10.782885431711453 ], [ 106.689558101859902, 10.78292604401307 ], [ 106.689558101859902, 10.78224532669565 ] ] ] } },
{ "type": "Feature", "properties": { "s2": "31752f31c4", "resolution": 17, "center_lat": 10.782605989962049, "center_lon": 106.68918958943716, "avg_edge_len": 78.013763416455049, "cell_area": 6069.3465607762337, "cell_perimeter": 312.0550536658202, "code": "770", "name": "Quận 3", "name_en": "District 3", "level": "Quận", "prov_code": "79", "prov_name": "Thành phố Hồ Chí Minh", "region": "Đông Nam Bộ", "pop_2019": 190375.0, "pop_dens": 38852.0, "area": 4.92 }, "geometry": { "type": "Polygon", "coordinates": [ [ [ 106.688821077455017, 10.782285934666017 ], [ 106.689558101859902, 10.78224532669565 ], [ 106.689558101859902, 10.78292604401307 ], [ 106.688821077455017, 10.78296665442492 ], [ 106.688821077455017, 10.782285934666017 ] ] ] } },
{ "type": "Feature", "properties": { "s2": "31752f31cc", "resolution": 17, "center_lat": 10.781925273994084, "center_lon": 106.68918958943718, "avg_edge_len": 78.013560407832585, "cell_area": 6069.3141072972612, "cell_perimeter": 312.05424163133034, "code": "770", "name": "Quận 3", "name_en": "District 3", "level": "Quận", "prov_code": "79", "prov_name": "Thành phố Hồ Chí Minh", "region": "Đông Nam Bộ", "pop_2019": 190375.0, "pop_dens": 38852.0, "area": 4.92 }, "geometry": { "type": "Polygon", "coordinates": [ [ [ 106.688821077455017, 10.781605220047497 ], [ 106.689558101859888, 10.78156461451862 ], [ 106.689558101859902, 10.78224532669565 ], [ 106.688821077455017, 10.782285934666017 ], [ 106.688821077455017, 10.781605220047497 ] ] ] } },
{ "type": "Feature", "properties": { "s2": "31752f31d4", "resolution": 17, "center_lat": 10.781965879798905, "center_lon": 106.68845256626999, "avg_edge_len": 78.013549170197962, "cell_area": 6069.3146910071373, "cell_perimeter": 312.05419668079185, "code": "770", "name": "Quận 3", "name_en": "District 3", "level": "Quận", "prov_code": "79", "prov_name": "Thành phố Hồ Chí Minh", "region": "Đông Nam Bộ", "pop_2019": 190375.0, "pop_dens": 38852.0, "area": 4.92 }, "geometry": { "type": "Polygon", "coordinates": [ [ [ 106.688084055525536, 10.781645823686835 ], [ 106.688821077455017, 10.781605220047497 ], [ 106.688821077455017, 10.782285934666017 ], [ 106.688084055525536, 10.782326540746729 ], [ 106.688084055525536, 10.781645823686835 ] ] ] } },
{ "type": "Feature", "properties": { "s2": "31752f31dc", "resolution": 17, "center_lat": 10.782646598208304, "center_lon": 106.68845256626999, "avg_edge_len": 78.01375217715244, "cell_area": 6069.3471455723047, "cell_perimeter": 312.05500870860976, "code": "770", "name": "Quận 3", "name_en": "District 3", "level": "Quận", "prov_code": "79", "prov_name": "Thành phố Hồ Chí Minh", "region": "Đông Nam Bộ", "pop_2019": 190375.0, "pop_dens": 38852.0, "area": 4.92 }, "geometry": { "type": "Polygon", "coordinates": [ [ [ 106.688084055525536, 10.782326540746729 ], [ 106.688821077455017, 10.782285934666017 ], [ 106.688821077455017, 10.78296665442492 ], [ 106.688084055525536, 10.783007262947002 ], [ 106.688084055525536, 10.782326540746729 ] ] ] } },
{ "type": "Feature", "properties": { "s2": "31752f31e4", "resolution": 17, "center_lat": 10.783327321757943, "center_lon": 106.68845256626997, "avg_edge_len": 78.013955162838769, "cell_area": 6069.3795976638794, "cell_perimeter": 312.05582065135508, "code": "770", "name": "Quận 3", "name_en": "District 3", "level": "Quận", "prov_code": "79", "prov_name": "Thành phố Hồ Chí Minh", "region": "Đông Nam Bộ", "pop_2019": 190375.0, "pop_dens": 38852.0, "area": 4.92 }, "geometry": { "type": "Polygon", "coordinates": [ [ [ 106.688084055525536, 10.783007262947002 ], [ 106.688821077455017, 10.78296665442492 ], [ 106.688821077455017, 10.783647379323931 ], [ 106.688084055525536, 10.783687990287376 ], [ 106.688084055525536, 10.783007262947002 ] ] ] } },
{ "type": "Feature", "properties": { "s2": "31752f31ec", "resolution": 17, "center_lat": 10.783286711070268, "center_lon": 106.68918958943716, "avg_edge_len": 78.013966403544799, "cell_area": 6069.3790113925934, "cell_perimeter": 312.0558656141792, "code": "770", "name": "Quận 3", "name_en": "District 3", "level": "Quận", "prov_code": "79", "prov_name": "Thành phố Hồ Chí Minh", "region": "Đông Nam Bộ", "pop_2019": 190375.0, "pop_dens": 38852.0, "area": 4.92 }, "geometry": { "type": "Polygon", "coordinates": [ [ [ 106.688821077455017, 10.78296665442492 ], [ 106.689558101859902, 10.78292604401307 ], [ 106.689558101859902, 10.783606766470598 ], [ 106.688821077455017, 10.783647379323931 ], [ 106.688821077455017, 10.78296665442492 ] ] ] } },
{ "type": "Feature", "properties": { "s2": "31752f31f4", "resolution": 17, "center_lat": 10.78396743731845, "center_lon": 106.68918958943718, "avg_edge_len": 78.014169369057797, "cell_area": 6069.4114571760156, "cell_perimeter": 312.05667747623119, "code": "770", "name": "Quận 3", "name_en": "District 3", "level": "Quận", "prov_code": "79", "prov_name": "Thành phố Hồ Chí Minh", "region": "Đông Nam Bộ", "pop_2019": 190375.0, "pop_dens": 38852.0, "area": 4.92 }, "geometry": { "type": "Polygon", "coordinates": [ [ [ 106.688821077455017, 10.783647379323931 ], [ 106.689558101859902, 10.783606766470598 ], [ 106.689558101859888, 10.784287494067954 ], [ 106.688821077455017, 10.784328109362761 ], [ 106.688821077455017, 10.783647379323931 ] ] ] } },
{ "type": "Feature", "properties": { "s2": "31752f31fc", "resolution": 17, "center_lat": 10.784008050447547, "center_lon": 106.68845256626999, "avg_edge_len": 78.01415812716894, "cell_area": 6069.4120418131351, "cell_perimeter": 312.05663250867576, "code": "770", "name": "Quận 3", "name_en": "District 3", "level": "Quận", "prov_code": "79", "prov_name": "Thành phố Hồ Chí Minh", "region": "Đông Nam Bộ", "pop_2019": 190375.0, "pop_dens": 38852.0, "area": 4.92 }, "geometry": { "type": "Polygon", "coordinates": [ [ [ 106.688084055525536, 10.783687990287376 ], [ 106.688821077455017, 10.783647379323931 ], [ 106.688821077455017, 10.784328109362761 ], [ 106.688084055525536, 10.784368722767567 ], [ 106.688084055525536, 10.783687990287376 ] ] ] } },
{ "type": "Feature", "properties": { "s2": "31752f3204", "resolution": 17, "center_lat": 10.784688784276828, "center_lon": 106.68845256626997, "avg_edge_len": 78.014361070098403, "cell_area": 6069.4444866776466, "cell_perimeter": 312.05744428039361, "code": "770", "name": "Quận 3", "name_en": "District 3", "level": "Quận", "prov_code": "79", "prov_name": "Thành phố Hồ Chí Minh", "region": "Đông Nam Bộ", "pop_2019": 190375.0, "pop_dens": 38852.0, "area": 4.92 }, "geometry": { "type": "Polygon", "coordinates": [ [ [ 106.688084055525536, 10.784368722767567 ], [ 106.688821077455017, 10.784328109362761 ], [ 106.688821077455017, 10.78500884454113 ], [ 106.688084055525536, 10.78504946038729 ], [ 106.688084055525536, 10.784368722767567 ] ] ] } },
{ "type": "Feature", "properties": { "s2": "31752f320c", "resolution": 17, "center_lat": 10.785369523245498, "center_lon": 106.68845256627002, "avg_edge_len": 78.014563991848547, "cell_area": 6069.4769310206175, "cell_perimeter": 312.05825596739419, "code": "770", "name": "Quận 3", "name_en": "District 3", "level": "Quận", "prov_code": "79", "prov_name": "Thành phố Hồ Chí Minh", "region": "Đông Nam Bộ", "pop_2019": 190375.0, "pop_dens": 38852.0, "area": 4.92 }, "geometry": { "type": "Polygon", "coordinates": [ [ [ 106.688084055525536, 10.78504946038729 ], [ 106.688821077455017, 10.78500884454113 ], [ 106.688821077455017, 10.785689584858753 ], [ 106.688084055525536, 10.785730203146265 ], [ 106.688084055525536, 10.78504946038729 ] ] ] } },
{ "type": "Feature", "properties": { "s2": "31752f3214", "resolution": 17, "center_lat": 10.785328905233577, "center_lon": 106.68918958943718, "avg_edge_len": 78.014575235750527, "cell_area": 6069.4763411674776, "cell_perimeter": 312.05830094300211, "code": "770", "name": "Quận 3", "name_en": "District 3", "level": "Quận", "prov_code": "79", "prov_name": "Thành phố Hồ Chí Minh", "region": "Đông Nam Bộ", "pop_2019": 190375.0, "pop_dens": 38852.0, "area": 4.92 }, "geometry": { "type": "Polygon", "coordinates": [ [ [ 106.688821077455017, 10.78500884454113 ], [ 106.689558101859888, 10.784968226804851 ], [ 106.689558101859902, 10.785648964681009 ], [ 106.688821077455017, 10.785689584858753 ], [ 106.688821077455017, 10.78500884454113 ] ] ] } },
{ "type": "Feature", "properties": { "s2": "31752f321c", "resolution": 17, "center_lat": 10.784648168706314, "center_lon": 106.68918958943713, "avg_edge_len": 78.014372312905948, "cell_area": 6069.4439033567905, "cell_perimeter": 312.05748925162379, "code": "770", "name": "Quận 3", "name_en": "District 3", "level": "Quận", "prov_code": "79", "prov_name": "Thành phố Hồ Chí Minh", "region": "Đông Nam Bộ", "pop_2019": 190375.0, "pop_dens": 38852.0, "area": 4.92 }, "geometry": { "type": "Polygon", "coordinates": [ [ [ 106.688821077455017, 10.784328109362761 ], [ 106.689558101859888, 10.784287494067954 ], [ 106.689558101859888, 10.784968226804851 ], [ 106.688821077455017, 10.78500884454113 ], [ 106.688821077455017, 10.784328109362761 ] ] ] } },
{ "type": "Feature", "properties": { "s2": "31752f3224", "resolution": 17, "center_lat": 10.784607551245744, "center_lon": 106.68992661507954, "avg_edge_len": 78.014383530388642, "cell_area": 6069.4433142244816, "cell_perimeter": 312.05753412155457, "code": "770", "name": "Quận 3", "name_en": "District 3", "level": "Quận", "prov_code": "79", "prov_name": "Thành phố Hồ Chí Minh", "region": "Đông Nam Bộ", "pop_2019": 190375.0, "pop_dens": 38852.0, "area": 4.92 }, "geometry": { "type": "Polygon", "coordinates": [ [ [ 106.689558101859888, 10.784287494067954 ], [ 106.690295128739791, 10.784246876883154 ], [ 106.690295128739791, 10.784927607178465 ], [ 106.689558101859888, 10.784968226804851 ], [ 106.689558101859888, 10.784287494067954 ] ] ] } },
{ "type": "Feature", "properties": { "s2": "31752f322c", "resolution": 17, "center_lat": 10.784566931895133, "center_lon": 106.69066364319676, "avg_edge_len": 78.014394720429451, "cell_area": 6069.4427184462547, "cell_perimeter": 312.0575788817178, "code": "770", "name": "Quận 3", "name_en": "District 3", "level": "Quận", "prov_code": "79", "prov_name": "Thành phố Hồ Chí Minh", "region": "Đông Nam Bộ", "pop_2019": 190375.0, "pop_dens": 38852.0, "area": 4.92 }, "geometry": { "type": "Polygon", "coordinates": [ [ [ 106.690295128739791, 10.784246876883154 ], [ 106.691032158094345, 10.784206257808368 ], [ 106.691032158094345, 10.784886985661979 ], [ 106.690295128739791, 10.784927607178465 ], [ 106.690295128739791, 10.784246876883154 ] ] ] } },
{ "type": "Feature", "properties": { "s2": "31752f3234", "resolution": 17, "center_lat": 10.785247663539229, "center_lon": 106.69066364319679, "avg_edge_len": 78.014597645595671, "cell_area": 6069.4751641601324, "cell_perimeter": 312.05839058238269, "code": "770", "name": "Quận 3", "name_en": "District 3", "level": "Quận", "prov_code": "79", "prov_name": "Thành phố Hồ Chí Minh", "region": "Đông Nam Bộ", "pop_2019": 190375.0, "pop_dens": 38852.0, "area": 4.92 }, "geometry": { "type": "Polygon", "coordinates": [ [ [ 106.690295128739791, 10.784927607178465 ], [ 106.691032158094345, 10.784886985661979 ], [ 106.691032158094345, 10.785567718654857 ], [ 106.690295128739791, 10.78560834261304 ], [ 106.690295128739791, 10.784927607178465 ] ] ] } },
{ "type": "Feature", "properties": { "s2": "31752f323c", "resolution": 17, "center_lat": 10.785288285331481, "center_lon": 106.68992661507954, "avg_edge_len": 78.014586453798586, "cell_area": 6069.4757581557951, "cell_perimeter": 312.05834581519434, "code": "770", "name": "Quận 3", "name_en": "District 3", "level": "Quận", "prov_code": "79", "prov_name": "Thành phố Hồ Chí Minh", "region": "Đông Nam Bộ", "pop_2019": 190375.0, "pop_dens": 38852.0, "area": 4.92 }, "geometry": { "type": "Polygon", "coordinates": [ [ [ 106.689558101859888, 10.784968226804851 ], [ 106.690295128739791, 10.784927607178465 ], [ 106.690295128739791, 10.78560834261304 ], [ 106.689558101859902, 10.785648964681009 ], [ 106.689558101859888, 10.784968226804851 ] ] ] } },
{ "type": "Feature", "properties": { "s2": "31752f3244", "resolution": 17, "center_lat": 10.785969024556339, "center_lon": 106.68992661507953, "avg_edge_len": 78.01478935646945, "cell_area": 6069.5081879760655, "cell_perimeter": 312.0591574258778, "code": "770", "name": "Quận 3", "name_en": "District 3", "level": "Quận", "prov_code": "79", "prov_name": "Thành phố Hồ Chí Minh", "region": "Đông Nam Bộ", "pop_2019": 190375.0, "pop_dens": 38852.0, "area": 4.92 }, "geometry": { "type": "Polygon", "coordinates": [ [ [ 106.689558101859902, 10.785648964681009 ], [ 106.690295128739791, 10.78560834261304 ], [ 106.690295128739791, 10.786289083186599 ], [ 106.689558101859888, 10.786329707696142 ], [ 106.689558101859902, 10.785648964681009 ] ] ] } },
{ "type": "Feature", "properties": { "s2": "31752f324c", "resolution": 17, "center_lat": 10.785928400322447, "center_lon": 106.69066364319676, "avg_edge_len": 78.014800549714636, "cell_area": 6069.5075989663601, "cell_perimeter": 312.05920219885854, "code": "770", "name": "Quận 3", "name_en": "District 3", "level": "Quận", "prov_code": "79", "prov_name": "Thành phố Hồ Chí Minh", "region": "Đông Nam Bộ", "pop_2019": 190375.0, "pop_dens": 38852.0, "area": 4.92 }, "geometry": { "type": "Polygon", "coordinates": [ [ [ 106.690295128739791, 10.78560834261304 ], [ 106.691032158094345, 10.785567718654857 ], [ 106.691032158094345, 10.786248456786721 ], [ 106.690295128739791, 10.786289083186599 ], [ 106.690295128739791, 10.78560834261304 ] ] ] } },
{ "type": "Feature", "properties": { "s2": "31752f3254", "resolution": 17, "center_lat": 10.78660914224451, "center_lon": 106.69066364319674, "avg_edge_len": 78.01500343318294, "cell_area": 6069.5400333462248, "cell_perimeter": 312.06001373273176, "code": "770", "name": "Quận 3", "name_en": "District 3", "level": "Quận", "prov_code": "79", "prov_name": "Thành phố Hồ Chí Minh", "region": "Đông Nam Bộ", "pop_2019": 190375.0, "pop_dens": 38852.0, "area": 4.92 }, "geometry": { "type": "Polygon", "coordinates": [ [ [ 106.690295128739791, 10.786289083186599 ], [ 106.691032158094345, 10.786248456786721 ], [ 106.691032158094345, 10.786929200057287 ], [ 106.690295128739777, 10.786969828898853 ], [ 106.690295128739791, 10.786289083186599 ] ] ] } },
{ "type": "Feature", "properties": { "s2": "31752f325c", "resolution": 17, "center_lat": 10.786649768920029, "center_lon": 106.68992661507956, "avg_edge_len": 78.014992237652365, "cell_area": 6069.5406294568511, "cell_perimeter": 312.05996895060946, "code": "770", "name": "Quận 3", "name_en": "District 3", "level": "Quận", "prov_code": "79", "prov_name": "Thành phố Hồ Chí Minh", "region": "Đông Nam Bộ", "pop_2019": 190375.0, "pop_dens": 38852.0, "area": 4.92 }, "geometry": { "type": "Polygon", "coordinates": [ [ [ 106.689558101859888, 10.786329707696142 ], [ 106.690295128739791, 10.786289083186599 ], [ 106.690295128739777, 10.786969828898853 ], [ 106.689558101859902, 10.787010455849968 ], [ 106.689558101859888, 10.786329707696142 ] ] ] } },
{ "type": "Feature", "properties": { "s2": "31752f3264", "resolution": 17, "center_lat": 10.786690393705165, "center_lon": 106.68918958943719, "avg_edge_len": 78.014981017767937, "cell_area": 6069.5412107991961, "cell_perimeter": 312.05992407107175, "code": "770", "name": "Quận 3", "name_en": "District 3", "level": "Quận", "prov_code": "79", "prov_name": "Thành phố Hồ Chí Minh", "region": "Đông Nam Bộ", "pop_2019": 190375.0, "pop_dens": 38852.0, "area": 4.92 }, "geometry": { "type": "Polygon", "coordinates": [ [ [ 106.688821077455017, 10.786370330315348 ], [ 106.689558101859888, 10.786329707696142 ], [ 106.689558101859902, 10.787010455849968 ], [ 106.688821077455017, 10.787051080910633 ], [ 106.688821077455017, 10.786370330315348 ] ] ] } },
{ "type": "Feature", "properties": { "s2": "31752f326c", "resolution": 17, "center_lat": 10.78600964689995, "center_lon": 106.68918958943715, "avg_edge_len": 78.014778137150188, "cell_area": 6069.5087791417209, "cell_perimeter": 312.05911254860075, "code": "770", "name": "Quận 3", "name_en": "District 3", "level": "Quận", "prov_code": "79", "prov_name": "Thành phố Hồ Chí Minh", "region": "Đông Nam Bộ", "pop_2019": 190375.0, "pop_dens": 38852.0, "area": 4.92 }, "geometry": { "type": "Polygon", "coordinates": [ [ [ 106.688821077455017, 10.785689584858753 ], [ 106.689558101859902, 10.785648964681009 ], [ 106.689558101859888, 10.786329707696142 ], [ 106.688821077455017, 10.786370330315348 ], [ 106.688821077455017, 10.785689584858753 ] ] ] } },
{ "type": "Feature", "properties": { "s2": "31752f3274", "resolution": 17, "center_lat": 10.786050267353284, "center_lon": 106.68845256627002, "avg_edge_len": 78.014766892021569, "cell_area": 6069.50935998559, "cell_perimeter": 312.05906756808628, "code": "770", "name": "Quận 3", "name_en": "District 3", "level": "Quận", "prov_code": "79", "prov_name": "Thành phố Hồ Chí Minh", "region": "Đông Nam Bộ", "pop_2019": 190375.0, "pop_dens": 38852.0, "area": 4.92 }, "geometry": { "type": "Polygon", "coordinates": [ [ [ 106.688084055525536, 10.785730203146265 ], [ 106.688821077455017, 10.785689584858753 ], [ 106.688821077455017, 10.786370330315348 ], [ 106.688084055525536, 10.786410951044209 ], [ 106.688084055525536, 10.785730203146265 ] ] ] } },
{ "type": "Feature", "properties": { "s2": "31752f327c", "resolution": 17, "center_lat": 10.786731016599894, "center_lon": 106.68845256627, "avg_edge_len": 78.014969770618123, "cell_area": 6069.5417948663235, "cell_perimeter": 312.05987908247249, "code": "770", "name": "Quận 3", "name_en": "District 3", "level": "Quận", "prov_code": "79", "prov_name": "Thành phố Hồ Chí Minh", "region": "Đông Nam Bộ", "pop_2019": 190375.0, "pop_dens": 38852.0, "area": 4.92 }, "geometry": { "type": "Polygon", "coordinates": [ [ [ 106.688084055525536, 10.786410951044209 ], [ 106.688821077455017, 10.786370330315348 ], [ 106.688821077455017, 10.787051080910633 ], [ 106.688084055525536, 10.787091704080835 ], [ 106.688084055525536, 10.786410951044209 ] ] ] } },
{ "type": "Feature", "properties": { "s2": "31752f3284", "resolution": 17, "center_lat": 10.787411770985054, "center_lon": 106.68845256627, "avg_edge_len": 78.015172628299055, "cell_area": 6069.5742238014936, "cell_perimeter": 312.06069051319622, "code": "770", "name": "Quận 3", "name_en": "District 3", "level": "Quận", "prov_code": "79", "prov_name": "Thành phố Hồ Chí Minh", "region": "Đông Nam Bộ", "pop_2019": 190375.0, "pop_dens": 38852.0, "area": 4.92 }, "geometry": { "type": "Polygon", "coordinates": [ [ [ 106.688084055525536, 10.787091704080835 ], [ 106.688821077455017, 10.787051080910633 ], [ 106.688821077455017, 10.787731836644324 ], [ 106.688084055525536, 10.787772462255866 ], [ 106.688084055525536, 10.787091704080835 ] ] ] } },
{ "type": "Feature", "properties": { "s2": "31752f328c", "resolution": 17, "center_lat": 10.787371145648926, "center_lon": 106.68918958943718, "avg_edge_len": 78.015183877072928, "cell_area": 6069.5736470967531, "cell_perimeter": 312.06073550829171, "code": "770", "name": "Quận 3", "name_en": "District 3", "level": "Quận", "prov_code": "79", "prov_name": "Thành phố Hồ Chí Minh", "region": "Đông Nam Bộ", "pop_2019": 190375.0, "pop_dens": 38852.0, "area": 4.92 }, "geometry": { "type": "Polygon", "coordinates": [ [ [ 106.688821077455017, 10.787051080910633 ], [ 106.689558101859902, 10.787010455849968 ], [ 106.689558101859902, 10.787691209142208 ], [ 106.688821077455017, 10.787731836644324 ], [ 106.688821077455017, 10.787051080910633 ] ] ] } },
{ "type": "Feature", "properties": { "s2": "31752f3294", "resolution": 17, "center_lat": 10.788051902730958, "center_lon": 106.68918958943719, "avg_edge_len": 78.015386714360048, "cell_area": 6069.6060620248318, "cell_perimeter": 312.06154685744019, "code": "770", "name": "Quận 3", "name_en": "District 3", "level": "Quận", "prov_code": "79", "prov_name": "Thành phố Hồ Chí Minh", "region": "Đông Nam Bộ", "pop_2019": 190375.0, "pop_dens": 38852.0, "area": 4.92 }, "geometry": { "type": "Polygon", "coordinates": [ [ [ 106.688821077455017, 10.787731836644324 ], [ 106.689558101859902, 10.787691209142208 ], [ 106.689558101859902, 10.788371967572573 ], [ 106.688821077455017, 10.788412597516139 ], [ 106.688821077455017, 10.787731836644324 ] ] ] } },
{ "type": "Feature", "properties": { "s2": "31752f329c", "resolution": 17, "center_lat": 10.788092530508477, "center_lon": 106.68845256627002, "avg_edge_len": 78.015375464491498, "cell_area": 6069.6066486537457, "cell_perimeter": 312.06150185796599, "code": "770", "name": "Quận 3", "name_en": "District 3", "level": "Quận", "prov_code": "79", "prov_name": "Thành phố Hồ Chí Minh", "region": "Đông Nam Bộ", "pop_2019": 190375.0, "pop_dens": 38852.0, "area": 4.92 }, "geometry": { "type": "Polygon", "coordinates": [ [ [ 106.688084055525536, 10.787772462255866 ], [ 106.688821077455017, 10.787731836644324 ], [ 106.688821077455017, 10.788412597516139 ], [ 106.688084055525536, 10.788453225569011 ], [ 106.688084055525536, 10.787772462255866 ] ] ] } },
{ "type": "Feature", "properties": { "s2": "31752f32a4", "resolution": 17, "center_lat": 10.788773295169875, "center_lon": 106.68845256627002, "avg_edge_len": 78.015578279416061, "cell_area": 6069.6390750259161, "cell_perimeter": 312.06231311766425, "code": "770", "name": "Quận 3", "name_en": "District 3", "level": "Quận", "prov_code": "79", "prov_name": "Thành phố Hồ Chí Minh", "region": "Đông Nam Bộ", "pop_2019": 190375.0, "pop_dens": 38852.0, "area": 4.92 }, "geometry": { "type": "Polygon", "coordinates": [ [ [ 106.688084055525536, 10.788453225569011 ], [ 106.688821077455017, 10.788412597516139 ], [ 106.688821077455017, 10.789093363525794 ], [ 106.688084055525536, 10.789133994019995 ], [ 106.688084055525536, 10.788453225569011 ] ] ] } },
{ "type": "Feature", "properties": { "s2": "31752f32ac", "resolution": 17, "center_lat": 10.789454064968975, "center_lon": 106.68845256627, "avg_edge_len": 78.015781072719662, "cell_area": 6069.6714882552624, "cell_perimeter": 312.06312429087865, "code": "770", "name": "Quận 3", "name_en": "District 3", "level": "Quận", "prov_code": "79", "prov_name": "Thành phố Hồ Chí Minh", "region": "Đông Nam Bộ", "pop_2019": 190375.0, "pop_dens": 38852.0, "area": 4.92 }, "geometry": { "type": "Polygon", "coordinates": [ [ [ 106.688084055525536, 10.789133994019995 ], [ 106.688821077455017, 10.789093363525794 ], [ 106.688821077455017, 10.789774134673007 ], [ 106.688084055525536, 10.789814767608535 ], [ 106.688084055525536, 10.789133994019995 ] ] ] } },
{ "type": "Feature", "properties": { "s2": "31752f32b4", "resolution": 17, "center_lat": 10.789413432308676, "center_lon": 106.68918958943718, "avg_edge_len": 78.015792324821689, "cell_area": 6069.6709084584791, "cell_perimeter": 312.06316929928676, "code": "770", "name": "Quận 3", "name_en": "District 3", "level": "Quận", "prov_code": "79", "prov_name": "Thành phố Hồ Chí Minh", "region": "Đông Nam Bộ", "pop_2019": 190375.0, "pop_dens": 38852.0, "area": 4.92 }, "geometry": { "type": "Polygon", "coordinates": [ [ [ 106.688821077455017, 10.789093363525794 ], [ 106.689558101859902, 10.789052731140783 ], [ 106.689558101859888, 10.789733499846557 ], [ 106.688821077455017, 10.789774134673007 ], [ 106.688821077455017, 10.789093363525794 ] ] ] } },
{ "type": "Feature", "properties": { "s2": "31752f32bc", "resolution": 17, "center_lat": 10.788732664950967, "center_lon": 106.68918958943719, "avg_edge_len": 78.015589530688118, "cell_area": 6069.6384902596474, "cell_perimeter": 312.06235812275247, "code": "770", "name": "Quận 3", "name_en": "District 3", "level": "Quận", "prov_code": "79", "prov_name": "Thành phố Hồ Chí Minh", "region": "Đông Nam Bộ", "pop_2019": 190375.0, "pop_dens": 38852.0, "area": 4.92 }, "geometry": { "type": "Polygon", "coordinates": [ [ [ 106.688821077455017, 10.788412597516139 ], [ 106.689558101859902, 10.788371967572573 ], [ 106.689558101859902, 10.789052731140783 ], [ 106.688821077455017, 10.789093363525794 ], [ 106.688821077455017, 10.788412597516139 ] ] ] } },
{ "type": "Feature", "properties": { "s2": "31752f32c4", "resolution": 17, "center_lat": 10.788692032841306, "center_lon": 106.68992661507954, "avg_edge_len": 78.01560075350352, "cell_area": 6069.6379044800997, "cell_perimeter": 312.06240301401408, "code": "770", "name": "Quận 3", "name_en": "District 3", "level": "Quận", "prov_code": "79", "prov_name": "Thành phố Hồ Chí Minh", "region": "Đông Nam Bộ", "pop_2019": 190375.0, "pop_dens": 38852.0, "area": 4.92 }, "geometry": { "type": "Polygon", "coordinates": [ [ [ 106.689558101859902, 10.788371967572573 ], [ 106.690295128739791, 10.788331335738325 ], [ 106.690295128739791, 10.789012096864976 ], [ 106.689558101859902, 10.789052731140783 ], [ 106.689558101859902, 10.788371967572573 ] ] ] } },
{ "type": "Feature", "properties": { "s2": "31752f32cc", "resolution": 17, "center_lat": 10.789372797757526, "center_lon": 106.68992661507957, "avg_edge_len": 78.015803549702241, "cell_area": 6069.6703205928725, "cell_perimeter": 312.06321419880896, "code": "770", "name": "Quận 3", "name_en": "District 3", "level": "Quận", "prov_code": "79", "prov_name": "Thành phố Hồ Chí Minh", "region": "Đông Nam Bộ", "pop_2019": 190375.0, "pop_dens": 38852.0, "area": 4.92 }, "geometry": { "type": "Polygon", "coordinates": [ [ [ 106.689558101859902, 10.789052731140783 ], [ 106.690295128739791, 10.789012096864976 ], [ 106.690295128739791, 10.789692863129195 ], [ 106.689558101859888, 10.789733499846557 ], [ 106.689558101859902, 10.789052731140783 ] ] ] } },
{ "type": "Feature", "properties": { "s2": "31752f32d4", "resolution": 17, "center_lat": 10.789332161315516, "center_lon": 106.69066364319677, "avg_edge_len": 78.015814749832117, "cell_area": 6069.6697321683168, "cell_perimeter": 312.06325899932847, "code": "770", "name": "Quận 3", "name_en": "District 3", "level": "Quận", "prov_code": "79", "prov_name": "Thành phố Hồ Chí Minh", "region": "Đông Nam Bộ", "pop_2019": 190375.0, "pop_dens": 38852.0, "area": 4.92 }, "geometry": { "type": "Polygon", "coordinates": [ [ [ 106.690295128739791, 10.789012096864976 ], [ 106.691032158094345, 10.788971460698379 ], [ 106.691032158094345, 10.78965222452093 ], [ 106.690295128739791, 10.789692863129195 ], [ 106.690295128739791, 10.789012096864976 ] ] ] } },
{ "type": "Feature", "properties": { "s2": "31752f32dc", "resolution": 17, "center_lat": 10.788651398840916, "center_lon": 106.69066364319679, "avg_edge_len": 78.015611952715005, "cell_area": 6069.6373123079538, "cell_perimeter": 312.06244781086002, "code": "770", "name": "Quận 3", "name_en": "District 3", "level": "Quận", "prov_code": "79", "prov_name": "Thành phố Hồ Chí Minh", "region": "Đông Nam Bộ", "pop_2019": 190375.0, "pop_dens": 38852.0, "area": 4.92 }, "geometry": { "type": "Polygon", "coordinates": [ [ [ 106.690295128739791, 10.788331335738325 ], [ 106.691032158094345, 10.7882907020134 ], [ 106.691032158094345, 10.788971460698379 ], [ 106.690295128739791, 10.789012096864976 ], [ 106.690295128739791, 10.788331335738325 ] ] ] } },
{ "type": "Feature", "properties": { "s2": "31752f32e4", "resolution": 17, "center_lat": 10.787970641504025, "center_lon": 106.69066364319679, "avg_edge_len": 78.015409134286259, "cell_area": 6069.604883491993, "cell_perimeter": 312.06163653714503, "code": "770", "name": "Quận 3", "name_en": "District 3", "level": "Quận", "prov_code": "79", "prov_name": "Thành phố Hồ Chí Minh", "region": "Đông Nam Bộ", "pop_2019": 190375.0, "pop_dens": 38852.0, "area": 4.92 }, "geometry": { "type": "Polygon", "coordinates": [ [ [ 106.690295128739791, 10.787650579749522 ], [ 106.691032158094345, 10.787609948466276 ], [ 106.691032158094345, 10.7882907020134 ], [ 106.690295128739791, 10.788331335738325 ], [ 106.690295128739791, 10.787650579749522 ] ] ] } },
{ "type": "Feature", "properties": { "s2": "31752f32ec", "resolution": 17, "center_lat": 10.7880112730628, "center_lon": 106.68992661507957, "avg_edge_len": 78.015397936301582, "cell_area": 6069.605479195714, "cell_perimeter": 312.06159174520633, "code": "770", "name": "Quận 3", "name_en": "District 3", "level": "Quận", "prov_code": "79", "prov_name": "Thành phố Hồ Chí Minh", "region": "Đông Nam Bộ", "pop_2019": 190375.0, "pop_dens": 38852.0, "area": 4.92 }, "geometry": { "type": "Polygon", "coordinates": [ [ [ 106.689558101859902, 10.787691209142208 ], [ 106.690295128739791, 10.787650579749522 ], [ 106.690295128739791, 10.788331335738325 ], [ 106.689558101859902, 10.788371967572573 ], [ 106.689558101859902, 10.787691209142208 ] ] ] } },
{ "type": "Feature", "properties": { "s2": "31752f32f4", "resolution": 17, "center_lat": 10.787330518422282, "center_lon": 106.68992661507954, "avg_edge_len": 78.015195097566732, "cell_area": 6069.5730505218144, "cell_perimeter": 312.06078039026693, "code": "770", "name": "Quận 3", "name_en": "District 3", "level": "Quận", "prov_code": "79", "prov_name": "Thành phố Hồ Chí Minh", "region": "Đông Nam Bộ", "pop_2019": 190375.0, "pop_dens": 38852.0, "area": 4.92 }, "geometry": { "type": "Polygon", "coordinates": [ [ [ 106.689558101859902, 10.787010455849968 ], [ 106.690295128739777, 10.786969828898853 ], [ 106.690295128739791, 10.787650579749522 ], [ 106.689558101859902, 10.787691209142208 ], [ 106.689558101859902, 10.787010455849968 ] ] ] } },
{ "type": "Feature", "properties": { "s2": "31752f32fc", "resolution": 17, "center_lat": 10.787289889305127, "center_lon": 106.69066364319677, "avg_edge_len": 78.015206294456476, "cell_area": 6069.5724666486149, "cell_perimeter": 312.0608251778259, "code": "770", "name": "Quận 3", "name_en": "District 3", "level": "Quận", "prov_code": "79", "prov_name": "Thành phố Hồ Chí Minh", "region": "Đông Nam Bộ", "pop_2019": 190375.0, "pop_dens": 38852.0, "area": 4.92 }, "geometry": { "type": "Polygon", "coordinates": [ [ [ 106.690295128739777, 10.786969828898853 ], [ 106.691032158094345, 10.786929200057287 ], [ 106.691032158094345, 10.787609948466276 ], [ 106.690295128739791, 10.787650579749522 ], [ 106.690295128739777, 10.786969828898853 ] ] ] } },
{ "type": "Feature", "properties": { "s2": "31752f3304", "resolution": 17, "center_lat": 10.787249258297477, "center_lon": 106.69140067378848, "avg_edge_len": 78.015217464169297, "cell_area": 6069.5718659311533, "cell_perimeter": 312.06086985667719, "code": "770", "name": "Quận 3", "name_en": "District 3", "level": "Quận", "prov_code": "79", "prov_name": "Thành phố Hồ Chí Minh", "region": "Đông Nam Bộ", "pop_2019": 190375.0, "pop_dens": 38852.0, "area": 4.92 }, "geometry": { "type": "Polygon", "coordinates": [ [ [ 106.691032158094345, 10.786929200057287 ], [ 106.691769189923193, 10.786888569325289 ], [ 106.691769189923193, 10.787569315292478 ], [ 106.691032158094345, 10.787609948466276 ], [ 106.691032158094345, 10.786929200057287 ] ] ] } },
{ "type": "Feature", "properties": { "s2": "31752f330c", "resolution": 17, "center_lat": 10.787208625399337, "center_lon": 106.69213770685425, "avg_edge_len": 78.015228608910661, "cell_area": 6069.5712679773569, "cell_perimeter": 312.06091443564264, "code": "770", "name": "Quận 3", "name_en": "District 3", "level": "Quận", "prov_code": "79", "prov_name": "Thành phố Hồ Chí Minh", "region": "Đông Nam Bộ", "pop_2019": 190375.0, "pop_dens": 38852.0, "area": 4.92 }, "geometry": { "type": "Polygon", "coordinates": [ [ [ 106.691769189923193, 10.786888569325289 ], [ 106.692506224225966, 10.786847936702861 ], [ 106.692506224225966, 10.787528680228139 ], [ 106.691769189923193, 10.787569315292478 ], [ 106.691769189923193, 10.786888569325289 ] ] ] } },
{ "type": "Feature", "properties": { "s2": "31752f3314", "resolution": 17, "center_lat": 10.787889372714643, "center_lon": 106.69213770685425, "avg_edge_len": 78.015431451238356, "cell_area": 6069.6036936342716, "cell_perimeter": 312.06172580495343, "code": "770", "name": "Quận 3", "name_en": "District 3", "level": "Quận", "prov_code": "79", "prov_name": "Thành phố Hồ Chí Minh", "region": "Đông Nam Bộ", "pop_2019": 190375.0, "pop_dens": 38852.0, "area": 4.92 }, "geometry": { "type": "Polygon", "coordinates": [ [ [ 106.691769189923193, 10.787569315292478 ], [ 106.692506224225966, 10.787528680228139 ], [ 106.692506224225966, 10.788209428891561 ], [ 106.691769189923193, 10.788250066397811 ], [ 106.691769189923193, 10.787569315292478 ] ] ] } },
{ "type": "Feature", "properties": { "s2": "31752f331c", "resolution": 17, "center_lat": 10.787930008054639, "center_lon": 106.69140067378849, "avg_edge_len": 78.015420305755299, "cell_area": 6069.6042918264866, "cell_perimeter": 312.0616812230212, "code": "770", "name": "Quận 3", "name_en": "District 3", "level": "Quận", "prov_code": "79", "prov_name": "Thành phố Hồ Chí Minh", "region": "Đông Nam Bộ", "pop_2019": 190375.0, "pop_dens": 38852.0, "area": 4.92 }, "geometry": { "type": "Polygon", "coordinates": [ [ [ 106.691032158094345, 10.787609948466276 ], [ 106.691769189923193, 10.787569315292478 ], [ 106.691769189923193, 10.788250066397811 ], [ 106.691032158094345, 10.7882907020134 ], [ 106.691032158094345, 10.787609948466276 ] ] ] } },
{ "type": "Feature", "properties": { "s2": "31752f3324", "resolution": 17, "center_lat": 10.788610762949796, "center_lon": 106.69140067378846, "avg_edge_len": 78.015623125543527, "cell_area": 6069.6367176622152, "cell_perimeter": 312.06249250217411, "code": "770", "name": "Quận 3", "name_en": "District 3", "level": "Quận", "prov_code": "79", "prov_name": "Thành phố Hồ Chí Minh", "region": "Đông Nam Bộ", "pop_2019": 190375.0, "pop_dens": 38852.0, "area": 4.92 }, "geometry": { "type": "Polygon", "coordinates": [ [ [ 106.691032158094345, 10.7882907020134 ], [ 106.691769189923193, 10.788250066397811 ], [ 106.691769189923193, 10.788930822641001 ], [ 106.691032158094345, 10.788971460698379 ], [ 106.691032158094345, 10.7882907020134 ] ] ] } },
{ "type": "Feature", "properties": { "s2": "31752f3374", "resolution": 17, "center_lat": 10.787167990610717, "center_lon": 106.6928747423938, "avg_edge_len": 78.015239726959976, "cell_area": 6069.5706656426191, "cell_perimeter": 312.0609589078399, "code": "770", "name": "Quận 3", "name_en": "District 3", "level": "Quận", "prov_code": "79", "prov_name": "Thành phố Hồ Chí Minh", "region": "Đông Nam Bộ", "pop_2019": 190375.0, "pop_dens": 38852.0, "area": 4.92 }, "geometry": { "type": "Polygon", "coordinates": [ [ [ 106.692506224225966, 10.786847936702861 ], [ 106.693243261002294, 10.786807302190011 ], [ 106.693243261002294, 10.78748804327326 ], [ 106.692506224225966, 10.787528680228139 ], [ 106.692506224225966, 10.786847936702861 ] ] ] } },
{ "type": "Feature", "properties": { "s2": "31752f337c", "resolution": 17, "center_lat": 10.787127353931615, "center_lon": 106.69361178040673, "avg_edge_len": 78.015250819596929, "cell_area": 6069.570058064498, "cell_perimeter": 312.06100327838772, "code": "770", "name": "Quận 3", "name_en": "District 3", "level": "Quận", "prov_code": "79", "prov_name": "Thành phố Hồ Chí Minh", "region": "Đông Nam Bộ", "pop_2019": 190375.0, "pop_dens": 38852.0, "area": 4.92 }, "geometry": { "type": "Polygon", "coordinates": [ [ [ 106.693243261002294, 10.786807302190011 ], [ 106.693980300251823, 10.786766665786745 ], [ 106.693980300251809, 10.787447404427851 ], [ 106.693243261002294, 10.78748804327326 ], [ 106.693243261002294, 10.786807302190011 ] ] ] } },
{ "type": "Feature", "properties": { "s2": "31752f3384", "resolution": 17, "center_lat": 10.786446616638656, "center_lon": 106.69361178040671, "avg_edge_len": 78.015047953370924, "cell_area": 6069.5376200039836, "cell_perimeter": 312.0601918134837, "code": "770", "name": "Quận 3", "name_en": "District 3", "level": "Quận", "prov_code": "79", "prov_name": "Thành phố Hồ Chí Minh", "region": "Đông Nam Bộ", "pop_2019": 190375.0, "pop_dens": 38852.0, "area": 4.92 }, "geometry": { "type": "Polygon", "coordinates": [ [ [ 106.693243261002294, 10.786126566245196 ], [ 106.693980300251809, 10.786085932284077 ], [ 106.693980300251823, 10.786766665786745 ], [ 106.693243261002294, 10.786807302190011 ], [ 106.693243261002294, 10.786126566245196 ] ] ] } },
{ "type": "Feature", "properties": { "s2": "31752f338c", "resolution": 17, "center_lat": 10.78576588448427, "center_lon": 106.69361178040671, "avg_edge_len": 78.014845065171215, "cell_area": 6069.5051904382626, "cell_perimeter": 312.05938026068486, "code": "770", "name": "Quận 3", "name_en": "District 3", "level": "Quận", "prov_code": "79", "prov_name": "Thành phố Hồ Chí Minh", "region": "Đông Nam Bộ", "pop_2019": 190375.0, "pop_dens": 38852.0, "area": 4.92 }, "geometry": { "type": "Polygon", "coordinates": [ [ [ 106.693243261002294, 10.785445835439097 ], [ 106.693980300251823, 10.785405203920131 ], [ 106.693980300251809, 10.786085932284077 ], [ 106.693243261002294, 10.786126566245196 ], [ 106.693243261002294, 10.785445835439097 ] ] ] } },
{ "type": "Feature", "properties": { "s2": "31752f3394", "resolution": 17, "center_lat": 10.785806516279193, "center_lon": 106.69287474239377, "avg_edge_len": 78.014833975208859, "cell_area": 6069.5058002620935, "cell_perimeter": 312.05933590083544, "code": "770", "name": "Quận 3", "name_en": "District 3", "level": "Quận", "prov_code": "79", "prov_name": "Thành phố Hồ Chí Minh", "region": "Đông Nam Bộ", "pop_2019": 190375.0, "pop_dens": 38852.0, "area": 4.92 }, "geometry": { "type": "Polygon", "coordinates": [ [ [ 106.692506224225966, 10.785486465067878 ], [ 106.693243261002294, 10.785445835439097 ], [ 106.693243261002294, 10.786126566245196 ], [ 106.692506224225966, 10.786167198316013 ], [ 106.692506224225966, 10.785486465067878 ] ] ] } },
{ "type": "Feature", "properties": { "s2": "31752f339c", "resolution": 17, "center_lat": 10.78648725087567, "center_lon": 106.69287474239378, "avg_edge_len": 78.015036861740739, "cell_area": 6069.5382344573736, "cell_perimeter": 312.06014744696296, "code": "770", "name": "Quận 3", "name_en": "District 3", "level": "Quận", "prov_code": "79", "prov_name": "Thành phố Hồ Chí Minh", "region": "Đông Nam Bộ", "pop_2019": 190375.0, "pop_dens": 38852.0, "area": 4.92 }, "geometry": { "type": "Polygon", "coordinates": [ [ [ 106.692506224225966, 10.786167198316013 ], [ 106.693243261002294, 10.786126566245196 ], [ 106.693243261002294, 10.786807302190011 ], [ 106.692506224225966, 10.786847936702861 ], [ 106.692506224225966, 10.786167198316013 ] ] ] } },
{ "type": "Feature", "properties": { "s2": "31752f33a4", "resolution": 17, "center_lat": 10.786527883222316, "center_lon": 106.69213770685425, "avg_edge_len": 78.015025744565492, "cell_area": 6069.538835272193, "cell_perimeter": 312.06010297826197, "code": "770", "name": "Quận 3", "name_en": "District 3", "level": "Quận", "prov_code": "79", "prov_name": "Thành phố Hồ Chí Minh", "region": "Đông Nam Bộ", "pop_2019": 190375.0, "pop_dens": 38852.0, "area": 4.92 }, "geometry": { "type": "Polygon", "coordinates": [ [ [ 106.691769189923193, 10.786207828496526 ], [ 106.692506224225966, 10.786167198316013 ], [ 106.692506224225966, 10.786847936702861 ], [ 106.691769189923193, 10.786888569325289 ], [ 106.691769189923193, 10.786207828496526 ] ] ] } },
{ "type": "Feature", "properties": { "s2": "31752f33ac", "resolution": 17, "center_lat": 10.786568513678601, "center_lon": 106.69140067378848, "avg_edge_len": 78.015014601359908, "cell_area": 6069.5394369661808, "cell_perimeter": 312.06005840543963, "code": "770", "name": "Quận 3", "name_en": "District 3", "level": "Quận", "prov_code": "79", "prov_name": "Thành phố Hồ Chí Minh", "region": "Đông Nam Bộ", "pop_2019": 190375.0, "pop_dens": 38852.0, "area": 4.92 }, "geometry": { "type": "Polygon", "coordinates": [ [ [ 106.691032158094345, 10.786248456786721 ], [ 106.691769189923193, 10.786207828496526 ], [ 106.691769189923193, 10.786888569325289 ], [ 106.691032158094345, 10.786929200057287 ], [ 106.691032158094345, 10.786248456786721 ] ] ] } },
{ "type": "Feature", "properties": { "s2": "31752f33b4", "resolution": 17, "center_lat": 10.785887774198287, "center_lon": 106.69140067378846, "avg_edge_len": 78.014811717855579, "cell_area": 6069.5070033967495, "cell_perimeter": 312.05924687142232, "code": "770", "name": "Quận 3", "name_en": "District 3", "level": "Quận", "prov_code": "79", "prov_name": "Thành phố Hồ Chí Minh", "region": "Đông Nam Bộ", "pop_2019": 190375.0, "pop_dens": 38852.0, "area": 4.92 }, "geometry": { "type": "Polygon", "coordinates": [ [ [ 106.691032158094345, 10.785567718654857 ], [ 106.691769189923193, 10.785527092806468 ], [ 106.691769189923193, 10.786207828496526 ], [ 106.691032158094345, 10.786248456786721 ], [ 106.691032158094345, 10.785567718654857 ] ] ] } },
{ "type": "Feature", "properties": { "s2": "31752f33bc", "resolution": 17, "center_lat": 10.785847146183869, "center_lon": 106.69213770685428, "avg_edge_len": 78.014822859348683, "cell_area": 6069.5064050406218, "cell_perimeter": 312.05929143739473, "code": "770", "name": "Quận 3", "name_en": "District 3", "level": "Quận", "prov_code": "79", "prov_name": "Thành phố Hồ Chí Minh", "region": "Đông Nam Bộ", "pop_2019": 190375.0, "pop_dens": 38852.0, "area": 4.92 }, "geometry": { "type": "Polygon", "coordinates": [ [ [ 106.691769189923193, 10.785527092806468 ], [ 106.692506224225966, 10.785486465067878 ], [ 106.692506224225966, 10.786167198316013 ], [ 106.691769189923193, 10.786207828496526 ], [ 106.691769189923193, 10.785527092806468 ] ] ] } },
{ "type": "Feature", "properties": { "s2": "31752f33c4", "resolution": 17, "center_lat": 10.785166414284266, "center_lon": 106.69213770685425, "avg_edge_len": 78.01461995334958, "cell_area": 6069.4739664942026, "cell_perimeter": 312.05847981339832, "code": "770", "name": "Quận 3", "name_en": "District 3", "level": "Quận", "prov_code": "79", "prov_name": "Thành phố Hồ Chí Minh", "region": "Đông Nam Bộ", "pop_2019": 190375.0, "pop_dens": 38852.0, "area": 4.92 }, "geometry": { "type": "Polygon", "coordinates": [ [ [ 106.691769189923193, 10.784846362255399 ], [ 106.692506224225966, 10.784805736958736 ], [ 106.692506224225966, 10.785486465067878 ], [ 106.691769189923193, 10.785527092806468 ], [ 106.691769189923193, 10.784846362255399 ] ] ] } },
{ "type": "Feature", "properties": { "s2": "31752f33cc", "resolution": 17, "center_lat": 10.785207039856818, "center_lon": 106.69140067378846, "avg_edge_len": 78.014608812465639, "cell_area": 6069.4745660722256, "cell_perimeter": 312.05843524986255, "code": "770", "name": "Quận 3", "name_en": "District 3", "level": "Quận", "prov_code": "79", "prov_name": "Thành phố Hồ Chí Minh", "region": "Đông Nam Bộ", "pop_2019": 190375.0, "pop_dens": 38852.0, "area": 4.92 }, "geometry": { "type": "Polygon", "coordinates": [ [ [ 106.691032158094345, 10.784886985661979 ], [ 106.691769189923193, 10.784846362255399 ], [ 106.691769189923193, 10.785527092806468 ], [ 106.691032158094345, 10.785567718654857 ], [ 106.691032158094345, 10.784886985661979 ] ] ] } },
{ "type": "Feature", "properties": { "s2": "31752f33d4", "resolution": 17, "center_lat": 10.78452631065448, "center_lon": 106.69140067378845, "avg_edge_len": 78.014405885719583, "cell_area": 6069.4421279430389, "cell_perimeter": 312.05762354287833, "code": "770", "name": "Quận 3", "name_en": "District 3", "level": "Quận", "prov_code": "79", "prov_name": "Thành phố Hồ Chí Minh", "region": "Đông Nam Bộ", "pop_2019": 190375.0, "pop_dens": 38852.0, "area": 4.92 }, "geometry": { "type": "Polygon", "coordinates": [ [ [ 106.691032158094345, 10.784206257808368 ], [ 106.691769189923193, 10.784165636843605 ], [ 106.691769189923193, 10.784846362255399 ], [ 106.691032158094345, 10.784886985661979 ], [ 106.691032158094345, 10.784206257808368 ] ] ] } },
{ "type": "Feature", "properties": { "s2": "31752f33dc", "resolution": 17, "center_lat": 10.784485687523798, "center_lon": 106.69213770685424, "avg_edge_len": 78.014417025288182, "cell_area": 6069.441522076726, "cell_perimeter": 312.05766810115273, "code": "770", "name": "Quận 3", "name_en": "District 3", "level": "Quận", "prov_code": "79", "prov_name": "Thành phố Hồ Chí Minh", "region": "Đông Nam Bộ", "pop_2019": 190375.0, "pop_dens": 38852.0, "area": 4.92 }, "geometry": { "type": "Polygon", "coordinates": [ [ [ 106.691769189923193, 10.784165636843605 ], [ 106.692506224225966, 10.784125013988872 ], [ 106.692506224225966, 10.784805736958736 ], [ 106.691769189923193, 10.784846362255399 ], [ 106.691769189923193, 10.784165636843605 ] ] ] } },
{ "type": "Feature", "properties": { "s2": "31752f33e4", "resolution": 17, "center_lat": 10.784445062503087, "center_lon": 106.69287474239378, "avg_edge_len": 78.014428138076752, "cell_area": 6069.4409154653549, "cell_perimeter": 312.05771255230701, "code": "770", "name": "Quận 3", "name_en": "District 3", "level": "Quận", "prov_code": "79", "prov_name": "Thành phố Hồ Chí Minh", "region": "Đông Nam Bộ", "pop_2019": 190375.0, "pop_dens": 38852.0, "area": 4.92 }, "geometry": { "type": "Polygon", "coordinates": [ [ [ 106.692506224225966, 10.784125013988872 ], [ 106.693243261002294, 10.784084389244176 ], [ 106.693243261002294, 10.784765109771996 ], [ 106.692506224225966, 10.784805736958736 ], [ 106.692506224225966, 10.784125013988872 ] ] ] } },
{ "type": "Feature", "properties": { "s2": "31752f33ec", "resolution": 17, "center_lat": 10.785125786821574, "center_lon": 106.69287474239381, "avg_edge_len": 78.014631067673861, "cell_area": 6069.4733595103025, "cell_perimeter": 312.05852427069544, "code": "770", "name": "Quận 3", "name_en": "District 3", "level": "Quận", "prov_code": "79", "prov_name": "Thành phố Hồ Chí Minh", "region": "Đông Nam Bộ", "pop_2019": 190375.0, "pop_dens": 38852.0, "area": 4.92 }, "geometry": { "type": "Polygon", "coordinates": [ [ [ 106.692506224225966, 10.784805736958736 ], [ 106.693243261002294, 10.784765109771996 ], [ 106.693243261002294, 10.785445835439097 ], [ 106.692506224225966, 10.785486465067878 ], [ 106.692506224225966, 10.784805736958736 ] ] ] } },
{ "type": "Feature", "properties": { "s2": "31752f33f4", "resolution": 17, "center_lat": 10.785085157468753, "center_lon": 106.69361178040673, "avg_edge_len": 78.014642156409096, "cell_area": 6069.4727554768324, "cell_perimeter": 312.05856862563638, "code": "770", "name": "Quận 3", "name_en": "District 3", "level": "Quận", "prov_code": "79", "prov_name": "Thành phố Hồ Chí Minh", "region": "Đông Nam Bộ", "pop_2019": 190375.0, "pop_dens": 38852.0, "area": 4.92 }, "geometry": { "type": "Polygon", "coordinates": [ [ [ 106.693243261002294, 10.784765109771996 ], [ 106.693980300251823, 10.784724480695187 ], [ 106.693980300251823, 10.785405203920131 ], [ 106.693243261002294, 10.785445835439097 ], [ 106.693243261002294, 10.784765109771996 ] ] ] } },
{ "type": "Feature", "properties": { "s2": "31752f33fc", "resolution": 17, "center_lat": 10.784404435592373, "center_lon": 106.69361178040671, "avg_edge_len": 78.014439225893923, "cell_area": 6069.440306384734, "cell_perimeter": 312.05775690357569, "code": "770", "name": "Quận 3", "name_en": "District 3", "level": "Quận", "prov_code": "79", "prov_name": "Thành phố Hồ Chí Minh", "region": "Đông Nam Bộ", "pop_2019": 190375.0, "pop_dens": 38852.0, "area": 4.92 }, "geometry": { "type": "Polygon", "coordinates": [ [ [ 106.693243261002294, 10.784084389244176 ], [ 106.693980300251809, 10.78404376260953 ], [ 106.693980300251823, 10.784724480695187 ], [ 106.693243261002294, 10.784765109771996 ], [ 106.693243261002294, 10.784084389244176 ] ] ] } },
{ "type": "Feature", "properties": { "s2": "31752f3404", "resolution": 17, "center_lat": 10.784363806791637, "center_lon": 106.6943488208926, "avg_edge_len": 78.014450286357089, "cell_area": 6069.4396904365503, "cell_perimeter": 312.05780114542836, "code": "770", "name": "Quận 3", "name_en": "District 3", "level": "Quận", "prov_code": "79", "prov_name": "Thành phố Hồ Chí Minh", "region": "Đông Nam Bộ", "pop_2019": 190375.0, "pop_dens": 38852.0, "area": 4.92 }, "geometry": { "type": "Polygon", "coordinates": [ [ [ 106.693980300251809, 10.78404376260953 ], [ 106.694717341974155, 10.784003134084935 ], [ 106.694717341974155, 10.784683849728317 ], [ 106.693980300251823, 10.784724480695187 ], [ 106.693980300251809, 10.78404376260953 ] ] ] } },
{ "type": "Feature", "properties": { "s2": "31752f340c", "resolution": 17, "center_lat": 10.785044526225803, "center_lon": 106.69434882089261, "avg_edge_len": 78.014653217878987, "cell_area": 6069.4721375107765, "cell_perimeter": 312.05861287151595, "code": "770", "name": "Quận 3", "name_en": "District 3", "level": "Quận", "prov_code": "79", "prov_name": "Thành phố Hồ Chí Minh", "region": "Đông Nam Bộ", "pop_2019": 190375.0, "pop_dens": 38852.0, "area": 4.92 }, "geometry": { "type": "Polygon", "coordinates": [ [ [ 106.693980300251823, 10.784724480695187 ], [ 106.694717341974155, 10.784683849728317 ], [ 106.694717341974155, 10.785364570510989 ], [ 106.693980300251823, 10.785405203920131 ], [ 106.693980300251823, 10.784724480695187 ] ] ] } },
{ "type": "Feature", "properties": { "s2": "31752f3414", "resolution": 17, "center_lat": 10.785003893092744, "center_lon": 106.69508586385116, "avg_edge_len": 78.014664254906762, "cell_area": 6069.4715197384357, "cell_perimeter": 312.05865701962705, "code": "770", "name": "Quận 3", "name_en": "District 3", "level": "Quận", "prov_code": "79", "prov_name": "Thành phố Hồ Chí Minh", "region": "Đông Nam Bộ", "pop_2019": 190375.0, "pop_dens": 38852.0, "area": 4.92 }, "geometry": { "type": "Polygon", "coordinates": [ [ [ 106.694717341974155, 10.784683849728317 ], [ 106.695454386168947, 10.784643216871395 ], [ 106.695454386168947, 10.785323935211682 ], [ 106.694717341974155, 10.785364570510989 ], [ 106.694717341974155, 10.784683849728317 ] ] ] } },
{ "type": "Feature", "properties": { "s2": "31752f341c", "resolution": 17, "center_lat": 10.784323176100912, "center_lon": 106.69508586385118, "avg_edge_len": 78.014461321628403, "cell_area": 6069.4390818327665, "cell_perimeter": 312.05784528651361, "code": "770", "name": "Quận 3", "name_en": "District 3", "level": "Quận", "prov_code": "79", "prov_name": "Thành phố Hồ Chí Minh", "region": "Đông Nam Bộ", "pop_2019": 190375.0, "pop_dens": 38852.0, "area": 4.92 }, "geometry": { "type": "Polygon", "coordinates": [ [ [ 106.694717341974155, 10.784003134084935 ], [ 106.695454386168947, 10.783962503670406 ], [ 106.695454386168947, 10.784643216871395 ], [ 106.694717341974155, 10.784683849728317 ], [ 106.694717341974155, 10.784003134084935 ] ] ] } },
{ "type": "Feature", "properties": { "s2": "31752f3424", "resolution": 17, "center_lat": 10.784282543520195, "center_lon": 106.69582290928203, "avg_edge_len": 78.014472332413874, "cell_area": 6069.4384541064501, "cell_perimeter": 312.0578893296555, "code": "770", "name": "Quận 3", "name_en": "District 3", "level": "Quận", "prov_code": "79", "prov_name": "Thành phố Hồ Chí Minh", "region": "Đông Nam Bộ", "pop_2019": 190375.0, "pop_dens": 38852.0, "area": 4.92 }, "geometry": { "type": "Polygon", "coordinates": [ [ [ 106.695454386168947, 10.783962503670406 ], [ 106.696191432835846, 10.783921871365944 ], [ 106.696191432835846, 10.784602582124428 ], [ 106.695454386168947, 10.784643216871395 ], [ 106.695454386168947, 10.783962503670406 ] ] ] } },
{ "type": "Feature", "properties": { "s2": "31752f342c", "resolution": 17, "center_lat": 10.78424190904949, "center_lon": 106.69655995718472, "avg_edge_len": 78.014483314168956, "cell_area": 6069.4378316104412, "cell_perimeter": 312.05793325667582, "code": "770", "name": "Quận 3", "name_en": "District 3", "level": "Quận", "prov_code": "79", "prov_name": "Thành phố Hồ Chí Minh", "region": "Đông Nam Bộ", "pop_2019": 190375.0, "pop_dens": 38852.0, "area": 4.92 }, "geometry": { "type": "Polygon", "coordinates": [ [ [ 106.696191432835846, 10.783921871365944 ], [ 106.696928481974439, 10.783881237171563 ], [ 106.696928481974439, 10.784561945487425 ], [ 106.696191432835846, 10.784602582124428 ], [ 106.696191432835846, 10.783921871365944 ] ] ] } },
{ "type": "Feature", "properties": { "s2": "31752f343c", "resolution": 17, "center_lat": 10.784963258069578, "center_lon": 106.695822909282, "avg_edge_len": 78.014675266565774, "cell_area": 6069.4709017425776, "cell_perimeter": 312.0587010662631, "code": "770", "name": "Quận 3", "name_en": "District 3", "level": "Quận", "prov_code": "79", "prov_name": "Thành phố Hồ Chí Minh", "region": "Đông Nam Bộ", "pop_2019": 190375.0, "pop_dens": 38852.0, "area": 4.92 }, "geometry": { "type": "Polygon", "coordinates": [ [ [ 106.695454386168947, 10.784643216871395 ], [ 106.696191432835846, 10.784602582124428 ], [ 106.696191432835846, 10.785283298022215 ], [ 106.695454386168947, 10.785323935211682 ], [ 106.695454386168947, 10.784643216871395 ] ] ] } },
{ "type": "Feature", "properties": { "s2": "31752f346c", "resolution": 17, "center_lat": 10.785684615223731, "center_lon": 106.69508586385119, "avg_edge_len": 78.014867166740174, "cell_area": 6069.5039628297091, "cell_perimeter": 312.0594686669607, "code": "770", "name": "Quận 3", "name_en": "District 3", "level": "Quận", "prov_code": "79", "prov_name": "Thành phố Hồ Chí Minh", "region": "Đông Nam Bộ", "pop_2019": 190375.0, "pop_dens": 38852.0, "area": 4.92 }, "geometry": { "type": "Polygon", "coordinates": [ [ [ 106.694717341974155, 10.785364570510989 ], [ 106.695454386168947, 10.785323935211682 ], [ 106.695454386168947, 10.786004658690983 ], [ 106.694717341974155, 10.78604529643267 ], [ 106.694717341974155, 10.785364570510989 ] ] ] } },
{ "type": "Feature", "properties": { "s2": "31752f3474", "resolution": 17, "center_lat": 10.785725250799116, "center_lon": 106.6943488208926, "avg_edge_len": 78.014856128529772, "cell_area": 6069.5045816836437, "cell_perimeter": 312.05942451411909, "code": "770", "name": "Quận 3", "name_en": "District 3", "level": "Quận", "prov_code": "79", "prov_name": "Thành phố Hồ Chí Minh", "region": "Đông Nam Bộ", "pop_2019": 190375.0, "pop_dens": 38852.0, "area": 4.92 }, "geometry": { "type": "Polygon", "coordinates": [ [ [ 106.693980300251823, 10.785405203920131 ], [ 106.694717341974155, 10.785364570510989 ], [ 106.694717341974155, 10.78604529643267 ], [ 106.693980300251809, 10.786085932284077 ], [ 106.693980300251823, 10.785405203920131 ] ] ] } },
{ "type": "Feature", "properties": { "s2": "31752f347c", "resolution": 17, "center_lat": 10.786405980511292, "center_lon": 106.69434882089264, "avg_edge_len": 78.01505901742712, "cell_area": 6069.5370112101582, "cell_perimeter": 312.06023606970848, "code": "770", "name": "Quận 3", "name_en": "District 3", "level": "Quận", "prov_code": "79", "prov_name": "Thành phố Hồ Chí Minh", "region": "Đông Nam Bộ", "pop_2019": 190375.0, "pop_dens": 38852.0, "area": 4.92 }, "geometry": { "type": "Polygon", "coordinates": [ [ [ 106.693980300251809, 10.786085932284077 ], [ 106.694717341974155, 10.78604529643267 ], [ 106.694717341974155, 10.786726027493076 ], [ 106.693980300251823, 10.786766665786745 ], [ 106.693980300251809, 10.786085932284077 ] ] ] } },
{ "type": "Feature", "properties": { "s2": "31752f35d4", "resolution": 17, "center_lat": 10.784201272688815, "center_lon": 106.69729700755902, "avg_edge_len": 78.014494273158078, "cell_area": 6069.4372011125088, "cell_perimeter": 312.05797709263231, "code": "770", "name": "Quận 3", "name_en": "District 3", "level": "Quận", "prov_code": "79", "prov_name": "Thành phố Hồ Chí Minh", "region": "Đông Nam Bộ", "pop_2019": 190375.0, "pop_dens": 38852.0, "area": 4.92 }, "geometry": { "type": "Polygon", "coordinates": [ [ [ 106.696928481974439, 10.783881237171563 ], [ 106.697665533584413, 10.783840601087265 ], [ 106.697665533584413, 10.784521306960389 ], [ 106.696928481974439, 10.784561945487425 ], [ 106.696928481974439, 10.783881237171563 ] ] ] } },
{ "type": "Feature", "properties": { "s2": "31752f3644", "resolution": 17, "center_lat": 10.782118543611936, "center_lon": 106.69803406040444, "avg_edge_len": 78.0138962612603, "cell_area": 6069.3392129093409, "cell_perimeter": 312.0555850450412, "code": "770", "name": "Quận 3", "name_en": "District 3", "level": "Quận", "prov_code": "79", "prov_name": "Thành phố Hồ Chí Minh", "region": "Đông Nam Bộ", "pop_2019": 190375.0, "pop_dens": 38852.0, "area": 4.92 }, "geometry": { "type": "Polygon", "coordinates": [ [ [ 106.697665533584413, 10.781798514306562 ], [ 106.698402587665356, 10.781757883660939 ], [ 106.698402587665356, 10.782438571671577 ], [ 106.697665533584413, 10.782479204760067 ], [ 106.697665533584413, 10.781798514306562 ] ] ] } },
{ "type": "Feature", "properties": { "s2": "31752f3654", "resolution": 17, "center_lat": 10.781478485429524, "center_lon": 106.69729700755903, "avg_edge_len": 78.013682311582755, "cell_area": 6069.3073948472738, "cell_perimeter": 312.05472924633102, "code": "770", "name": "Quận 3", "name_en": "District 3", "level": "Quận", "prov_code": "79", "prov_name": "Thành phố Hồ Chí Minh", "region": "Đông Nam Bộ", "pop_2019": 190375.0, "pop_dens": 38852.0, "area": 4.92 }, "geometry": { "type": "Polygon", "coordinates": [ [ [ 106.696928481974439, 10.781158455306807 ], [ 106.697665533584413, 10.7811178289935 ], [ 106.697665533584413, 10.781798514306562 ], [ 106.696928481974439, 10.781839143062625 ], [ 106.696928481974439, 10.781158455306807 ] ] ] } },
{ "type": "Feature", "properties": { "s2": "31752f365c", "resolution": 17, "center_lat": 10.782159174534183, "center_lon": 106.69729700755902, "avg_edge_len": 78.013885334055459, "cell_area": 6069.3398489803076, "cell_perimeter": 312.05554133622184, "code": "770", "name": "Quận 3", "name_en": "District 3", "level": "Quận", "prov_code": "79", "prov_name": "Thành phố Hồ Chí Minh", "region": "Đông Nam Bộ", "pop_2019": 190375.0, "pop_dens": 38852.0, "area": 4.92 }, "geometry": { "type": "Polygon", "coordinates": [ [ [ 106.696928481974439, 10.781839143062625 ], [ 106.697665533584413, 10.781798514306562 ], [ 106.697665533584413, 10.782479204760067 ], [ 106.696928481974439, 10.782519835958878 ], [ 106.696928481974439, 10.781839143062625 ] ] ] } },
{ "type": "Feature", "properties": { "s2": "31752f3664", "resolution": 17, "center_lat": 10.782839868779142, "center_lon": 106.697297007559, "avg_edge_len": 78.014088335038991, "cell_area": 6069.3723008036613, "cell_perimeter": 312.05635334015597, "code": "770", "name": "Quận 3", "name_en": "District 3", "level": "Quận", "prov_code": "79", "prov_name": "Thành phố Hồ Chí Minh", "region": "Đông Nam Bộ", "pop_2019": 190375.0, "pop_dens": 38852.0, "area": 4.92 }, "geometry": { "type": "Polygon", "coordinates": [ [ [ 106.696928481974439, 10.782519835958878 ], [ 106.697665533584413, 10.782479204760067 ], [ 106.697665533584413, 10.783159900353727 ], [ 106.696928481974439, 10.783200533995286 ], [ 106.696928481974439, 10.782519835958878 ] ] ] } },
{ "type": "Feature", "properties": { "s2": "31752f366c", "resolution": 17, "center_lat": 10.782799235414091, "center_lon": 106.69803406040445, "avg_edge_len": 78.014099263735631, "cell_area": 6069.3716643573425, "cell_perimeter": 312.05639705494252, "code": "770", "name": "Quận 3", "name_en": "District 3", "level": "Quận", "prov_code": "79", "prov_name": "Thành phố Hồ Chí Minh", "region": "Đông Nam Bộ", "pop_2019": 190375.0, "pop_dens": 38852.0, "area": 4.92 }, "geometry": { "type": "Polygon", "coordinates": [ [ [ 106.697665533584413, 10.782479204760067 ], [ 106.698402587665356, 10.782438571671577 ], [ 106.69840258766537, 10.783119264822378 ], [ 106.697665533584413, 10.783159900353727 ], [ 106.697665533584413, 10.782479204760067 ] ] ] } },
{ "type": "Feature", "properties": { "s2": "31752f3674", "resolution": 17, "center_lat": 10.783479932356258, "center_lon": 106.69803406040447, "avg_edge_len": 78.014302245031331, "cell_area": 6069.4041233062744, "cell_perimeter": 312.05720898012532, "code": "770", "name": "Quận 3", "name_en": "District 3", "level": "Quận", "prov_code": "79", "prov_name": "Thành phố Hồ Chí Minh", "region": "Đông Nam Bộ", "pop_2019": 190375.0, "pop_dens": 38852.0, "area": 4.92 }, "geometry": { "type": "Polygon", "coordinates": [ [ [ 106.697665533584413, 10.783159900353727 ], [ 106.69840258766537, 10.783119264822378 ], [ 106.69840258766537, 10.78379996311306 ], [ 106.697665533584413, 10.783840601087265 ], [ 106.697665533584413, 10.783159900353727 ] ] ] } },
{ "type": "Feature", "properties": { "s2": "31752f367c", "resolution": 17, "center_lat": 10.783520568164114, "center_lon": 106.697297007559, "avg_edge_len": 78.01429131493137, "cell_area": 6069.4047552347183, "cell_perimeter": 312.05716525972548, "code": "770", "name": "Quận 3", "name_en": "District 3", "level": "Quận", "prov_code": "79", "prov_name": "Thành phố Hồ Chí Minh", "region": "Đông Nam Bộ", "pop_2019": 190375.0, "pop_dens": 38852.0, "area": 4.92 }, "geometry": { "type": "Polygon", "coordinates": [ [ [ 106.696928481974439, 10.783200533995286 ], [ 106.697665533584413, 10.783159900353727 ], [ 106.697665533584413, 10.783840601087265 ], [ 106.696928481974439, 10.783881237171563 ], [ 106.696928481974439, 10.783200533995286 ] ] ] } },
{ "type": "Feature", "properties": { "s2": "31752f3684", "resolution": 17, "center_lat": 10.78356120208211, "center_lon": 106.69655995718472, "avg_edge_len": 78.014280357212783, "cell_area": 6069.4053843021393, "cell_perimeter": 312.05712142885113, "code": "770", "name": "Quận 3", "name_en": "District 3", "level": "Quận", "prov_code": "79", "prov_name": "Thành phố Hồ Chí Minh", "region": "Đông Nam Bộ", "pop_2019": 190375.0, "pop_dens": 38852.0, "area": 4.92 }, "geometry": { "type": "Polygon", "coordinates": [ [ [ 106.696191432835846, 10.783241165747043 ], [ 106.696928481974439, 10.783200533995286 ], [ 106.696928481974439, 10.783881237171563 ], [ 106.696191432835846, 10.783921871365944 ], [ 106.696191432835846, 10.783241165747043 ] ] ] } },
{ "type": "Feature", "properties": { "s2": "31752f368c", "resolution": 17, "center_lat": 10.782880500254452, "center_lon": 106.69655995718473, "avg_edge_len": 78.014077379033097, "cell_area": 6069.3729340732098, "cell_perimeter": 312.05630951613239, "code": "770", "name": "Quận 3", "name_en": "District 3", "level": "Quận", "prov_code": "79", "prov_name": "Thành phố Hồ Chí Minh", "region": "Đông Nam Bộ", "pop_2019": 190375.0, "pop_dens": 38852.0, "area": 4.92 }, "geometry": { "type": "Polygon", "coordinates": [ [ [ 106.696191432835846, 10.782560465268007 ], [ 106.696928481974439, 10.782519835958878 ], [ 106.696928481974439, 10.783200533995286 ], [ 106.696191432835846, 10.783241165747043 ], [ 106.696191432835846, 10.782560465268007 ] ] ] } },
{ "type": "Feature", "properties": { "s2": "31752f3694", "resolution": 17, "center_lat": 10.78292112984002, "center_lon": 106.695822909282, "avg_edge_len": 78.014066399423001, "cell_area": 6069.3735591769218, "cell_perimeter": 312.056265597692, "code": "770", "name": "Quận 3", "name_en": "District 3", "level": "Quận", "prov_code": "79", "prov_name": "Thành phố Hồ Chí Minh", "region": "Đông Nam Bộ", "pop_2019": 190375.0, "pop_dens": 38852.0, "area": 4.92 }, "geometry": { "type": "Polygon", "coordinates": [ [ [ 106.695454386168947, 10.78260109268744 ], [ 106.696191432835846, 10.782560465268007 ], [ 106.696191432835846, 10.783241165747043 ], [ 106.695454386168947, 10.783281795608993 ], [ 106.695454386168947, 10.78260109268744 ] ] ] } },
{ "type": "Feature", "properties": { "s2": "31752f369c", "resolution": 17, "center_lat": 10.783601834110245, "center_lon": 106.69582290928201, "avg_edge_len": 78.014269376508111, "cell_area": 6069.4060102552176, "cell_perimeter": 312.05707750603244, "code": "770", "name": "Quận 3", "name_en": "District 3", "level": "Quận", "prov_code": "79", "prov_name": "Thành phố Hồ Chí Minh", "region": "Đông Nam Bộ", "pop_2019": 190375.0, "pop_dens": 38852.0, "area": 4.92 }, "geometry": { "type": "Polygon", "coordinates": [ [ [ 106.695454386168947, 10.783281795608993 ], [ 106.696191432835846, 10.783241165747043 ], [ 106.696191432835846, 10.783921871365944 ], [ 106.695454386168947, 10.783962503670406 ], [ 106.695454386168947, 10.783281795608993 ] ] ] } },
{ "type": "Feature", "properties": { "s2": "31752f36a4", "resolution": 17, "center_lat": 10.783642464248512, "center_lon": 106.69508586385118, "avg_edge_len": 78.014258367479698, "cell_area": 6069.406632617116, "cell_perimeter": 312.05703346991879, "code": "770", "name": "Quận 3", "name_en": "District 3", "level": "Quận", "prov_code": "79", "prov_name": "Thành phố Hồ Chí Minh", "region": "Đông Nam Bộ", "pop_2019": 190375.0, "pop_dens": 38852.0, "area": 4.92 }, "geometry": { "type": "Polygon", "coordinates": [ [ [ 106.694717341974155, 10.783322423581129 ], [ 106.695454386168947, 10.783281795608993 ], [ 106.695454386168947, 10.783962503670406 ], [ 106.694717341974155, 10.784003134084935 ], [ 106.694717341974155, 10.783322423581129 ] ] ] } },
{ "type": "Feature", "properties": { "s2": "31752f36ac", "resolution": 17, "center_lat": 10.783683092496908, "center_lon": 106.69434882089261, "avg_edge_len": 78.014247333126434, "cell_area": 6069.4072546831485, "cell_perimeter": 312.05698933250574, "code": "770", "name": "Quận 3", "name_en": "District 3", "level": "Quận", "prov_code": "79", "prov_name": "Thành phố Hồ Chí Minh", "region": "Đông Nam Bộ", "pop_2019": 190375.0, "pop_dens": 38852.0, "area": 4.92 }, "geometry": { "type": "Polygon", "coordinates": [ [ [ 106.693980300251823, 10.783363049663444 ], [ 106.694717341974155, 10.783322423581129 ], [ 106.694717341974155, 10.784003134084935 ], [ 106.693980300251809, 10.78404376260953 ], [ 106.693980300251823, 10.783363049663444 ] ] ] } },
{ "type": "Feature", "properties": { "s2": "31752f36b4", "resolution": 17, "center_lat": 10.783002383341888, "center_lon": 106.69434882089263, "avg_edge_len": 78.014044358539053, "cell_area": 6069.3748003691435, "cell_perimeter": 312.05617743415621, "code": "770", "name": "Quận 3", "name_en": "District 3", "level": "Quận", "prov_code": "79", "prov_name": "Thành phố Hồ Chí Minh", "region": "Đông Nam Bộ", "pop_2019": 190375.0, "pop_dens": 38852.0, "area": 4.92 }, "geometry": { "type": "Polygon", "coordinates": [ [ [ 106.693980300251823, 10.782682341857207 ], [ 106.694717341974155, 10.78264171821718 ], [ 106.694717341974155, 10.783322423581129 ], [ 106.693980300251823, 10.783363049663444 ], [ 106.693980300251823, 10.782682341857207 ] ] ] } },
{ "type": "Feature", "properties": { "s2": "31752f36bc", "resolution": 17, "center_lat": 10.782961757535837, "center_lon": 106.69508586385118, "avg_edge_len": 78.01405539184158, "cell_area": 6069.3741798400879, "cell_perimeter": 312.05622156736632, "code": "770", "name": "Quận 3", "name_en": "District 3", "level": "Quận", "prov_code": "79", "prov_name": "Thành phố Hồ Chí Minh", "region": "Đông Nam Bộ", "pop_2019": 190375.0, "pop_dens": 38852.0, "area": 4.92 }, "geometry": { "type": "Polygon", "coordinates": [ [ [ 106.694717341974155, 10.78264171821718 ], [ 106.695454386168947, 10.78260109268744 ], [ 106.695454386168947, 10.783281795608993 ], [ 106.694717341974155, 10.783322423581129 ], [ 106.694717341974155, 10.78264171821718 ] ] ] } },
{ "type": "Feature", "properties": { "s2": "31752f36c4", "resolution": 17, "center_lat": 10.782281055963153, "center_lon": 106.69508586385118, "avg_edge_len": 78.013852394450609, "cell_area": 6069.3417280465364, "cell_perimeter": 312.05540957780244, "code": "770", "name": "Quận 3", "name_en": "District 3", "level": "Quận", "prov_code": "79", "prov_name": "Thành phố Hồ Chí Minh", "region": "Đông Nam Bộ", "pop_2019": 190375.0, "pop_dens": 38852.0, "area": 4.92 }, "geometry": { "type": "Polygon", "coordinates": [ [ [ 106.694717341974155, 10.781961017993369 ], [ 106.695454386168947, 10.781920394906036 ], [ 106.695454386168947, 10.78260109268744 ], [ 106.694717341974155, 10.78264171821718 ], [ 106.694717341974155, 10.781961017993369 ] ] ] } },
{ "type": "Feature", "properties": { "s2": "31752f36cc", "resolution": 17, "center_lat": 10.782321679326861, "center_lon": 106.69434882089261, "avg_edge_len": 78.013841362198491, "cell_area": 6069.3423458784819, "cell_perimeter": 312.05536544879396, "code": "770", "name": "Quận 3", "name_en": "District 3", "level": "Quận", "prov_code": "79", "prov_name": "Thành phố Hồ Chí Minh", "region": "Đông Nam Bộ", "pop_2019": 190375.0, "pop_dens": 38852.0, "area": 4.92 }, "geometry": { "type": "Polygon", "coordinates": [ [ [ 106.693980300251823, 10.782001639191106 ], [ 106.694717341974155, 10.781961017993369 ], [ 106.694717341974155, 10.78264171821718 ], [ 106.693980300251823, 10.782682341857207 ], [ 106.693980300251823, 10.782001639191106 ] ] ] } },
{ "type": "Feature", "properties": { "s2": "31752f36d4", "resolution": 17, "center_lat": 10.781640980452115, "center_lon": 106.69434882089261, "avg_edge_len": 78.01363834511946, "cell_area": 6069.3098911494017, "cell_perimeter": 312.05455338047784, "code": "770", "name": "Quận 3", "name_en": "District 3", "level": "Quận", "prov_code": "79", "prov_name": "Thành phố Hồ Chí Minh", "region": "Đông Nam Bộ", "pop_2019": 190375.0, "pop_dens": 38852.0, "area": 4.92 }, "geometry": { "type": "Polygon", "coordinates": [ [ [ 106.693980300251823, 10.781320941665426 ], [ 106.694717341974155, 10.781280322909979 ], [ 106.694717341974155, 10.781961017993369 ], [ 106.693980300251823, 10.782001639191106 ], [ 106.693980300251823, 10.781320941665426 ] ] ] } },
{ "type": "Feature", "properties": { "s2": "31752f36dc", "resolution": 17, "center_lat": 10.781600359530755, "center_lon": 106.69508586385118, "avg_edge_len": 78.013649376100261, "cell_area": 6069.3092710524797, "cell_perimeter": 312.05459750440104, "code": "770", "name": "Quận 3", "name_en": "District 3", "level": "Quận", "prov_code": "79", "prov_name": "Thành phố Hồ Chí Minh", "region": "Đông Nam Bộ", "pop_2019": 190375.0, "pop_dens": 38852.0, "area": 4.92 }, "geometry": { "type": "Polygon", "coordinates": [ [ [ 106.694717341974155, 10.781280322909979 ], [ 106.695454386168947, 10.781239702265056 ], [ 106.695454386168947, 10.781920394906036 ], [ 106.694717341974155, 10.781961017993369 ], [ 106.694717341974155, 10.781280322909979 ] ] ] } },
{ "type": "Feature", "properties": { "s2": "31752f36e4", "resolution": 17, "center_lat": 10.781559736719865, "center_lon": 106.695822909282, "avg_edge_len": 78.013660381580607, "cell_area": 6069.3086511045694, "cell_perimeter": 312.05464152632243, "code": "770", "name": "Quận 3", "name_en": "District 3", "level": "Quận", "prov_code": "79", "prov_name": "Thành phố Hồ Chí Minh", "region": "Đông Nam Bộ", "pop_2019": 190375.0, "pop_dens": 38852.0, "area": 4.92 }, "geometry": { "type": "Polygon", "coordinates": [ [ [ 106.695454386168947, 10.781239702265056 ], [ 106.696191432835846, 10.781199079730662 ], [ 106.696191432835846, 10.78187976992912 ], [ 106.695454386168947, 10.781920394906036 ], [ 106.695454386168947, 10.781239702265056 ] ] ] } },
{ "type": "Feature", "properties": { "s2": "31752f36ec", "resolution": 17, "center_lat": 10.7822404307098, "center_lon": 106.695822909282, "avg_edge_len": 78.013863400760698, "cell_area": 6069.3411061763763, "cell_perimeter": 312.05545360304279, "code": "770", "name": "Quận 3", "name_en": "District 3", "level": "Quận", "prov_code": "79", "prov_name": "Thành phố Hồ Chí Minh", "region": "Đông Nam Bộ", "pop_2019": 190375.0, "pop_dens": 38852.0, "area": 4.92 }, "geometry": { "type": "Polygon", "coordinates": [ [ [ 106.695454386168947, 10.781920394906036 ], [ 106.696191432835846, 10.78187976992912 ], [ 106.696191432835846, 10.782560465268007 ], [ 106.695454386168947, 10.78260109268744 ], [ 106.695454386168947, 10.781920394906036 ] ] ] } },
{ "type": "Feature", "properties": { "s2": "31752f36f4", "resolution": 17, "center_lat": 10.782199803566806, "center_lon": 106.69655995718475, "avg_edge_len": 78.013874379408463, "cell_area": 6069.3404802232981, "cell_perimeter": 312.05549751763385, "code": "770", "name": "Quận 3", "name_en": "District 3", "level": "Quận", "prov_code": "79", "prov_name": "Thành phố Hồ Chí Minh", "region": "Đông Nam Bộ", "pop_2019": 190375.0, "pop_dens": 38852.0, "area": 4.92 }, "geometry": { "type": "Polygon", "coordinates": [ [ [ 106.696191432835846, 10.78187976992912 ], [ 106.696928481974439, 10.781839143062625 ], [ 106.696928481974439, 10.782519835958878 ], [ 106.696191432835846, 10.782560465268007 ], [ 106.696191432835846, 10.78187976992912 ] ] ] } },
{ "type": "Feature", "properties": { "s2": "31752f36fc", "resolution": 17, "center_lat": 10.781519112019453, "center_lon": 106.69655995718472, "avg_edge_len": 78.01367135833965, "cell_area": 6069.3080224990845, "cell_perimeter": 312.0546854333586, "code": "770", "name": "Quận 3", "name_en": "District 3", "level": "Quận", "prov_code": "79", "prov_name": "Thành phố Hồ Chí Minh", "region": "Đông Nam Bộ", "pop_2019": 190375.0, "pop_dens": 38852.0, "area": 4.92 }, "geometry": { "type": "Polygon", "coordinates": [ [ [ 106.696191432835846, 10.781199079730662 ], [ 106.696928481974439, 10.781158455306807 ], [ 106.696928481974439, 10.781839143062625 ], [ 106.696191432835846, 10.78187976992912 ], [ 106.696191432835846, 10.781199079730662 ] ] ] } },
{ "type": "Feature", "properties": { "s2": "31752f3704", "resolution": 17, "center_lat": 10.780838425612675, "center_lon": 106.69655995718475, "avg_edge_len": 78.013468315561269, "cell_area": 6069.2755580693483, "cell_perimeter": 312.05387326224508, "code": "770", "name": "Quận 3", "name_en": "District 3", "level": "Quận", "prov_code": "79", "prov_name": "Thành phố Hồ Chí Minh", "region": "Đông Nam Bộ", "pop_2019": 190375.0, "pop_dens": 38852.0, "area": 4.92 }, "geometry": { "type": "Polygon", "coordinates": [ [ [ 106.696191432835846, 10.780518394672923 ], [ 106.696928481974439, 10.780477772691709 ], [ 106.696928481974439, 10.781158455306807 ], [ 106.696191432835846, 10.781199079730662 ], [ 106.696191432835846, 10.780518394672923 ] ] ] } },
{ "type": "Feature", "properties": { "s2": "31752f3714", "resolution": 17, "center_lat": 10.780198364161995, "center_lon": 106.69582290928199, "avg_edge_len": 78.013254277739634, "cell_area": 6069.2437219023705, "cell_perimeter": 312.05301711095854, "code": "770", "name": "Quận 3", "name_en": "District 3", "level": "Quận", "prov_code": "79", "prov_name": "Thành phố Hồ Chí Minh", "region": "Đông Nam Bộ", "pop_2019": 190375.0, "pop_dens": 38852.0, "area": 4.92 }, "geometry": { "type": "Polygon", "coordinates": [ [ [ 106.695454386168947, 10.779878332405509 ], [ 106.696191432835846, 10.779837714756178 ], [ 106.696191432835846, 10.780518394672923 ], [ 106.695454386168947, 10.780559014764787 ], [ 106.695454386168947, 10.779878332405509 ] ] ] } },
{ "type": "Feature", "properties": { "s2": "31752f371c", "resolution": 17, "center_lat": 10.780879047870505, "center_lon": 106.69582290928199, "avg_edge_len": 78.013457340602756, "cell_area": 6069.2761895060539, "cell_perimeter": 312.05382936241102, "code": "770", "name": "Quận 3", "name_en": "District 3", "level": "Quận", "prov_code": "79", "prov_name": "Thành phố Hồ Chí Minh", "region": "Đông Nam Bộ", "pop_2019": 190375.0, "pop_dens": 38852.0, "area": 4.92 }, "geometry": { "type": "Polygon", "coordinates": [ [ [ 106.695454386168947, 10.780559014764787 ], [ 106.696191432835846, 10.780518394672923 ], [ 106.696191432835846, 10.781199079730662 ], [ 106.695454386168947, 10.781239702265056 ], [ 106.695454386168947, 10.780559014764787 ] ] ] } },
{ "type": "Feature", "properties": { "s2": "31752f3724", "resolution": 17, "center_lat": 10.780919668238926, "center_lon": 106.69508586385118, "avg_edge_len": 78.013446335952608, "cell_area": 6069.2768111228943, "cell_perimeter": 312.05378534381043, "code": "770", "name": "Quận 3", "name_en": "District 3", "level": "Quận", "prov_code": "79", "prov_name": "Thành phố Hồ Chí Minh", "region": "Đông Nam Bộ", "pop_2019": 190375.0, "pop_dens": 38852.0, "area": 4.92 }, "geometry": { "type": "Polygon", "coordinates": [ [ [ 106.694717341974155, 10.780599632967299 ], [ 106.695454386168947, 10.780559014764787 ], [ 106.695454386168947, 10.781239702265056 ], [ 106.694717341974155, 10.781280322909979 ], [ 106.694717341974155, 10.780599632967299 ] ] ] } },
{ "type": "Feature", "properties": { "s2": "31752f372c", "resolution": 17, "center_lat": 10.780960286717931, "center_lon": 106.69434882089259, "avg_edge_len": 78.013435306463379, "cell_area": 6069.2774299830198, "cell_perimeter": 312.05374122585351, "code": "770", "name": "Quận 3", "name_en": "District 3", "level": "Quận", "prov_code": "79", "prov_name": "Thành phố Hồ Chí Minh", "region": "Đông Nam Bộ", "pop_2019": 190375.0, "pop_dens": 38852.0, "area": 4.92 }, "geometry": { "type": "Polygon", "coordinates": [ [ [ 106.693980300251823, 10.780640249280445 ], [ 106.694717341974155, 10.780599632967299 ], [ 106.694717341974155, 10.781280322909979 ], [ 106.693980300251823, 10.781320941665426 ], [ 106.693980300251823, 10.780640249280445 ] ] ] } },
{ "type": "Feature", "properties": { "s2": "31752f3734", "resolution": 17, "center_lat": 10.780279598124595, "center_lon": 106.6943488208926, "avg_edge_len": 78.01323224636279, "cell_area": 6069.2449626773596, "cell_perimeter": 312.05292898545116, "code": "770", "name": "Quận 3", "name_en": "District 3", "level": "Quận", "prov_code": "79", "prov_name": "Thành phố Hồ Chí Minh", "region": "Đông Nam Bộ", "pop_2019": 190375.0, "pop_dens": 38852.0, "area": 4.92 }, "geometry": { "type": "Polygon", "coordinates": [ [ [ 106.693980300251823, 10.779959562036447 ], [ 106.694717341974155, 10.779918948165603 ], [ 106.694717341974155, 10.780599632967299 ], [ 106.693980300251823, 10.780640249280445 ], [ 106.693980300251823, 10.779959562036447 ] ] ] } },
{ "type": "Feature", "properties": { "s2": "31752f373c", "resolution": 17, "center_lat": 10.780238982087942, "center_lon": 106.69508586385116, "avg_edge_len": 78.013243274625182, "cell_area": 6069.2443455457687, "cell_perimeter": 312.05297309850073, "code": "770", "name": "Quận 3", "name_en": "District 3", "level": "Quận", "prov_code": "79", "prov_name": "Thành phố Hồ Chí Minh", "region": "Đông Nam Bộ", "pop_2019": 190375.0, "pop_dens": 38852.0, "area": 4.92 }, "geometry": { "type": "Polygon", "coordinates": [ [ [ 106.694717341974155, 10.779918948165603 ], [ 106.695454386168947, 10.779878332405509 ], [ 106.695454386168947, 10.780559014764787 ], [ 106.694717341974155, 10.780599632967299 ], [ 106.694717341974155, 10.779918948165603 ] ] ] } },
{ "type": "Feature", "properties": { "s2": "31752f3744", "resolution": 17, "center_lat": 10.779558301078096, "center_lon": 106.69508586385115, "avg_edge_len": 78.013040192073731, "cell_area": 6069.2118802666664, "cell_perimeter": 312.05216076829493, "code": "770", "name": "Quận 3", "name_en": "District 3", "level": "Quận", "prov_code": "79", "prov_name": "Thành phố Hồ Chí Minh", "region": "Đông Nam Bộ", "pop_2019": 190375.0, "pop_dens": 38852.0, "area": 4.92 }, "geometry": { "type": "Polygon", "coordinates": [ [ [ 106.694717341974155, 10.77923826850518 ], [ 106.695454386168947, 10.779197655187509 ], [ 106.695454386168947, 10.779878332405509 ], [ 106.694717341974155, 10.779918948165603 ], [ 106.694717341974155, 10.77923826850518 ] ] ] } },
{ "type": "Feature", "properties": { "s2": "31752f374c", "resolution": 17, "center_lat": 10.779598914672384, "center_lon": 106.6943488208926, "avg_edge_len": 78.013029165126596, "cell_area": 6069.2124986201525, "cell_perimeter": 312.05211666050639, "code": "770", "name": "Quận 3", "name_en": "District 3", "level": "Quận", "prov_code": "79", "prov_name": "Thành phố Hồ Chí Minh", "region": "Đông Nam Bộ", "pop_2019": 190375.0, "pop_dens": 38852.0, "area": 4.92 }, "geometry": { "type": "Polygon", "coordinates": [ [ [ 106.693980300251823, 10.779278879933718 ], [ 106.694717341974155, 10.77923826850518 ], [ 106.694717341974155, 10.779918948165603 ], [ 106.693980300251823, 10.779959562036447 ], [ 106.693980300251823, 10.779278879933718 ] ] ] } },
{ "type": "Feature", "properties": { "s2": "31752f3754", "resolution": 17, "center_lat": 10.778918236361577, "center_lon": 106.69434882089259, "avg_edge_len": 78.012826063284251, "cell_area": 6069.1800222528391, "cell_perimeter": 312.051304253137, "code": "770", "name": "Quận 3", "name_en": "District 3", "level": "Quận", "prov_code": "79", "prov_name": "Thành phố Hồ Chí Minh", "region": "Đông Nam Bộ", "pop_2019": 190375.0, "pop_dens": 38852.0, "area": 4.92 }, "geometry": { "type": "Polygon", "coordinates": [ [ [ 106.693980300251809, 10.778598202972537 ], [ 106.694717341974155, 10.77855759398631 ], [ 106.694717341974155, 10.77923826850518 ], [ 106.693980300251823, 10.779278879933718 ], [ 106.693980300251809, 10.778598202972537 ] ] ] } },
{ "type": "Feature", "properties": { "s2": "31752f39fc", "resolution": 17, "center_lat": 10.778237563192471, "center_lon": 106.6943488208926, "avg_edge_len": 78.012622939423593, "cell_area": 6069.1475543379784, "cell_perimeter": 312.05049175769437, "code": "770", "name": "Quận 3", "name_en": "District 3", "level": "Quận", "prov_code": "79", "prov_name": "Thành phố Hồ Chí Minh", "region": "Đông Nam Bộ", "pop_2019": 190375.0, "pop_dens": 38852.0, "area": 4.92 }, "geometry": { "type": "Polygon", "coordinates": [ [ [ 106.693980300251809, 10.777917531153186 ], [ 106.694717341974155, 10.777876924609277 ], [ 106.694717341974155, 10.77855759398631 ], [ 106.693980300251809, 10.778598202972537 ], [ 106.693980300251809, 10.777917531153186 ] ] ] } },
{ "type": "Feature", "properties": { "s2": "31752f3a04", "resolution": 17, "center_lat": 10.778278170013051, "center_lon": 106.69361178040668, "avg_edge_len": 78.012611889164958, "cell_area": 6069.1481634676456, "cell_perimeter": 312.05044755665983, "code": "770", "name": "Quận 3", "name_en": "District 3", "level": "Quận", "prov_code": "79", "prov_name": "Thành phố Hồ Chí Minh", "region": "Đông Nam Bộ", "pop_2019": 190375.0, "pop_dens": 38852.0, "area": 4.92 }, "geometry": { "type": "Polygon", "coordinates": [ [ [ 106.693243261002294, 10.777958135808186 ], [ 106.693980300251809, 10.777917531153186 ], [ 106.693980300251809, 10.778598202972537 ], [ 106.693243261002294, 10.778638810069735 ], [ 106.693243261002294, 10.777958135808186 ] ] ] } },
{ "type": "Feature", "properties": { "s2": "31752f3a0c", "resolution": 17, "center_lat": 10.778318774944662, "center_lon": 106.69287474239377, "avg_edge_len": 78.012600813405683, "cell_area": 6069.1487803459167, "cell_perimeter": 312.05040325362273, "code": "770", "name": "Quận 3", "name_en": "District 3", "level": "Quận", "prov_code": "79", "prov_name": "Thành phố Hồ Chí Minh", "region": "Đông Nam Bộ", "pop_2019": 190375.0, "pop_dens": 38852.0, "area": 4.92 }, "geometry": { "type": "Polygon", "coordinates": [ [ [ 106.692506224225966, 10.777998738574265 ], [ 106.693243261002294, 10.777958135808186 ], [ 106.693243261002294, 10.778638810069735 ], [ 106.692506224225966, 10.778679415277901 ], [ 106.692506224225966, 10.777998738574265 ] ] ] } },
{ "type": "Feature", "properties": { "s2": "31752f3a14", "resolution": 17, "center_lat": 10.777638102033121, "center_lon": 106.69287474239377, "avg_edge_len": 78.012397670466129, "cell_area": 6069.1163002550602, "cell_perimeter": 312.04959068186452, "code": "770", "name": "Quận 3", "name_en": "District 3", "level": "Quận", "prov_code": "79", "prov_name": "Thành phố Hồ Chí Minh", "region": "Đông Nam Bộ", "pop_2019": 190375.0, "pop_dens": 38852.0, "area": 4.92 }, "geometry": { "type": "Polygon", "coordinates": [ [ [ 106.692506224225966, 10.777318067012734 ], [ 106.693243261002294, 10.777277466688746 ], [ 106.693243261002294, 10.777958135808186 ], [ 106.692506224225966, 10.777998738574265 ], [ 106.692506224225966, 10.777318067012734 ] ] ] } },
{ "type": "Feature", "properties": { "s2": "31752f3a1c", "resolution": 17, "center_lat": 10.777597499543658, "center_lon": 106.69361178040671, "avg_edge_len": 78.012408745263329, "cell_area": 6069.1156882372015, "cell_perimeter": 312.04963498105332, "code": "770", "name": "Quận 3", "name_en": "District 3", "level": "Quận", "prov_code": "79", "prov_name": "Thành phố Hồ Chí Minh", "region": "Đông Nam Bộ", "pop_2019": 190375.0, "pop_dens": 38852.0, "area": 4.92 }, "geometry": { "type": "Polygon", "coordinates": [ [ [ 106.693243261002294, 10.777277466688746 ], [ 106.693980300251823, 10.777236864475952 ], [ 106.693980300251809, 10.777917531153186 ], [ 106.693243261002294, 10.777958135808186 ], [ 106.693243261002294, 10.777277466688746 ] ] ] } },
{ "type": "Feature", "properties": { "s2": "31752f3a3c", "resolution": 17, "center_lat": 10.776957434263833, "center_lon": 106.69287474239377, "avg_edge_len": 78.012194506391239, "cell_area": 6069.0838144719601, "cell_perimeter": 312.04877802556496, "code": "770", "name": "Quận 3", "name_en": "District 3", "level": "Quận", "prov_code": "79", "prov_name": "Thành phố Hồ Chí Minh", "region": "Đông Nam Bộ", "pop_2019": 190375.0, "pop_dens": 38852.0, "area": 4.92 }, "geometry": { "type": "Polygon", "coordinates": [ [ [ 106.692506224225966, 10.776637400593593 ], [ 106.693243261002294, 10.776596802711698 ], [ 106.693243261002294, 10.777277466688746 ], [ 106.692506224225966, 10.777318067012734 ], [ 106.692506224225966, 10.776637400593593 ] ] ] } },
{ "type": "Feature", "properties": { "s2": "31752f3a44", "resolution": 17, "center_lat": 10.776998032422396, "center_lon": 106.69213770685423, "avg_edge_len": 78.012183407408543, "cell_area": 6069.0844248235226, "cell_perimeter": 312.04873362963417, "code": "770", "name": "Quận 3", "name_en": "District 3", "level": "Quận", "prov_code": "79", "prov_name": "Thành phố Hồ Chí Minh", "region": "Đông Nam Bộ", "pop_2019": 190375.0, "pop_dens": 38852.0, "area": 4.92 }, "geometry": { "type": "Polygon", "coordinates": [ [ [ 106.691769189923193, 10.776677996586789 ], [ 106.692506224225966, 10.776637400593593 ], [ 106.692506224225966, 10.777318067012734 ], [ 106.691769189923193, 10.77735866544791 ], [ 106.691769189923193, 10.776677996586789 ] ] ] } },
{ "type": "Feature", "properties": { "s2": "31752f3a4c", "resolution": 17, "center_lat": 10.776317367353597, "center_lon": 106.69213770685421, "avg_edge_len": 78.011980222630683, "cell_area": 6069.0519395768642, "cell_perimeter": 312.04792089052273, "code": "770", "name": "Quận 3", "name_en": "District 3", "level": "Quận", "prov_code": "79", "prov_name": "Thành phố Hồ Chí Minh", "region": "Đông Nam Bộ", "pop_2019": 190375.0, "pop_dens": 38852.0, "area": 4.92 }, "geometry": { "type": "Polygon", "coordinates": [ [ [ 106.691769189923193, 10.775997332868334 ], [ 106.692506224225966, 10.775956739317124 ], [ 106.692506224225966, 10.776637400593593 ], [ 106.691769189923193, 10.776677996586789 ], [ 106.691769189923193, 10.775997332868334 ] ] ] } },
{ "type": "Feature", "properties": { "s2": "31752f3a54", "resolution": 17, "center_lat": 10.776357961181478, "center_lon": 106.69140067378844, "avg_edge_len": 78.011969099109493, "cell_area": 6069.0525475591421, "cell_perimeter": 312.04787639643797, "code": "770", "name": "Quận 3", "name_en": "District 3", "level": "Quận", "prov_code": "79", "prov_name": "Thành phố Hồ Chí Minh", "region": "Đông Nam Bộ", "pop_2019": 190375.0, "pop_dens": 38852.0, "area": 4.92 }, "geometry": { "type": "Polygon", "coordinates": [ [ [ 106.691032158094345, 10.776037924530955 ], [ 106.691769189923193, 10.775997332868334 ], [ 106.691769189923193, 10.776677996586789 ], [ 106.691032158094345, 10.776718590691281 ], [ 106.691032158094345, 10.776037924530955 ] ] ] } },
{ "type": "Feature", "properties": { "s2": "31752f3a5c", "resolution": 17, "center_lat": 10.777038628692198, "center_lon": 106.69140067378842, "avg_edge_len": 78.01217228230739, "cell_area": 6069.0850281715393, "cell_perimeter": 312.04868912922956, "code": "770", "name": "Quận 3", "name_en": "District 3", "level": "Quận", "prov_code": "79", "prov_name": "Thành phố Hồ Chí Minh", "region": "Đông Nam Bộ", "pop_2019": 190375.0, "pop_dens": 38852.0, "area": 4.92 }, "geometry": { "type": "Polygon", "coordinates": [ [ [ 106.691032158094345, 10.776718590691281 ], [ 106.691769189923193, 10.776677996586789 ], [ 106.691769189923193, 10.77735866544791 ], [ 106.691032158094345, 10.777399261994269 ], [ 106.691032158094345, 10.776718590691281 ] ] ] } },
{ "type": "Feature", "properties": { "s2": "31752f3a64", "resolution": 17, "center_lat": 10.777719301345444, "center_lon": 106.69140067378842, "avg_edge_len": 78.012375443928249, "cell_area": 6069.1175087839365, "cell_perimeter": 312.049501775713, "code": "770", "name": "Quận 3", "name_en": "District 3", "level": "Quận", "prov_code": "79", "prov_name": "Thành phố Hồ Chí Minh", "region": "Đông Nam Bộ", "pop_2019": 190375.0, "pop_dens": 38852.0, "area": 4.92 }, "geometry": { "type": "Polygon", "coordinates": [ [ [ 106.691032158094345, 10.777399261994269 ], [ 106.691769189923193, 10.77735866544791 ], [ 106.691769189923193, 10.778039339451416 ], [ 106.691032158094345, 10.778079938439635 ], [ 106.691032158094345, 10.777399261994269 ] ] ] } },
{ "type": "Feature", "properties": { "s2": "31752f3a6c", "resolution": 17, "center_lat": 10.777678702633718, "center_lon": 106.69213770685424, "avg_edge_len": 78.012386570079997, "cell_area": 6069.1169090569019, "cell_perimeter": 312.04954628031999, "code": "770", "name": "Quận 3", "name_en": "District 3", "level": "Quận", "prov_code": "79", "prov_name": "Thành phố Hồ Chí Minh", "region": "Đông Nam Bộ", "pop_2019": 190375.0, "pop_dens": 38852.0, "area": 4.92 }, "geometry": { "type": "Polygon", "coordinates": [ [ [ 106.691769189923193, 10.77735866544791 ], [ 106.692506224225966, 10.777318067012734 ], [ 106.692506224225966, 10.777998738574265 ], [ 106.691769189923193, 10.778039339451416 ], [ 106.691769189923193, 10.77735866544791 ] ] ] } },
{ "type": "Feature", "properties": { "s2": "31752f3a74", "resolution": 17, "center_lat": 10.778359377987291, "center_lon": 106.69213770685423, "avg_edge_len": 78.012589711704052, "cell_area": 6069.1493848562241, "cell_perimeter": 312.05035884681621, "code": "770", "name": "Quận 3", "name_en": "District 3", "level": "Quận", "prov_code": "79", "prov_name": "Thành phố Hồ Chí Minh", "region": "Đông Nam Bộ", "pop_2019": 190375.0, "pop_dens": 38852.0, "area": 4.92 }, "geometry": { "type": "Polygon", "coordinates": [ [ [ 106.691769189923193, 10.778039339451416 ], [ 106.692506224225966, 10.777998738574265 ], [ 106.692506224225966, 10.778679415277901 ], [ 106.691769189923193, 10.778720018597026 ], [ 106.691769189923193, 10.778039339451416 ] ] ] } },
{ "type": "Feature", "properties": { "s2": "31752f3a7c", "resolution": 17, "center_lat": 10.77839997914093, "center_lon": 106.69140067378842, "avg_edge_len": 78.012578584678124, "cell_area": 6069.1499939858913, "cell_perimeter": 312.0503143387125, "code": "770", "name": "Quận 3", "name_en": "District 3", "level": "Quận", "prov_code": "79", "prov_name": "Thành phố Hồ Chí Minh", "region": "Đông Nam Bộ", "pop_2019": 190375.0, "pop_dens": 38852.0, "area": 4.92 }, "geometry": { "type": "Polygon", "coordinates": [ [ [ 106.691032158094345, 10.778079938439635 ], [ 106.691769189923193, 10.778039339451416 ], [ 106.691769189923193, 10.778720018597026 ], [ 106.691032158094345, 10.778760620027098 ], [ 106.691032158094345, 10.778079938439635 ] ] ] } },
{ "type": "Feature", "properties": { "s2": "31752f3a84", "resolution": 17, "center_lat": 10.778440578405577, "center_lon": 106.69066364319674, "avg_edge_len": 78.012567430740006, "cell_area": 6069.1505892481191, "cell_perimeter": 312.05026972296002, "code": "770", "name": "Quận 3", "name_en": "District 3", "level": "Quận", "prov_code": "79", "prov_name": "Thành phố Hồ Chí Minh", "region": "Đông Nam Bộ", "pop_2019": 190375.0, "pop_dens": 38852.0, "area": 4.92 }, "geometry": { "type": "Polygon", "coordinates": [ [ [ 106.690295128739777, 10.778120535538912 ], [ 106.691032158094345, 10.778079938439635 ], [ 106.691032158094345, 10.778760620027098 ], [ 106.690295128739791, 10.778801219568116 ], [ 106.690295128739777, 10.778120535538912 ] ] ] } },
{ "type": "Feature", "properties": { "s2": "31752f3a8c", "resolution": 17, "center_lat": 10.777759898168291, "center_lon": 106.69066364319676, "avg_edge_len": 78.012364291746238, "cell_area": 6069.1181122732341, "cell_perimeter": 312.04945716698495, "code": "770", "name": "Quận 3", "name_en": "District 3", "level": "Quận", "prov_code": "79", "prov_name": "Thành phố Hồ Chí Minh", "region": "Đông Nam Bộ", "pop_2019": 190375.0, "pop_dens": 38852.0, "area": 4.92 }, "geometry": { "type": "Polygon", "coordinates": [ [ [ 106.690295128739791, 10.777439856651798 ], [ 106.691032158094345, 10.777399261994269 ], [ 106.691032158094345, 10.778079938439635 ], [ 106.690295128739777, 10.778120535538912 ], [ 106.690295128739791, 10.777439856651798 ] ] ] } },
{ "type": "Feature", "properties": { "s2": "31752f3a94", "resolution": 17, "center_lat": 10.777800493102241, "center_lon": 106.68992661507954, "avg_edge_len": 78.01235311265188, "cell_area": 6069.1187113747883, "cell_perimeter": 312.04941245060752, "code": "770", "name": "Quận 3", "name_en": "District 3", "level": "Quận", "prov_code": "79", "prov_name": "Thành phố Hồ Chí Minh", "region": "Đông Nam Bộ", "pop_2019": 190375.0, "pop_dens": 38852.0, "area": 4.92 }, "geometry": { "type": "Polygon", "coordinates": [ [ [ 106.689558101859888, 10.777480449420493 ], [ 106.690295128739791, 10.777439856651798 ], [ 106.690295128739777, 10.778120535538912 ], [ 106.689558101859902, 10.778161130749236 ], [ 106.689558101859888, 10.777480449420493 ] ] ] } },
{ "type": "Feature", "properties": { "s2": "31752f3a9c", "resolution": 17, "center_lat": 10.77848117578122, "center_lon": 106.68992661507953, "avg_edge_len": 78.01255625050662, "cell_area": 6069.1511789826727, "cell_perimeter": 312.05022500202648, "code": "770", "name": "Quận 3", "name_en": "District 3", "level": "Quận", "prov_code": "79", "prov_name": "Thành phố Hồ Chí Minh", "region": "Đông Nam Bộ", "pop_2019": 190375.0, "pop_dens": 38852.0, "area": 4.92 }, "geometry": { "type": "Polygon", "coordinates": [ [ [ 106.689558101859902, 10.778161130749236 ], [ 106.690295128739777, 10.778120535538912 ], [ 106.690295128739791, 10.778801219568116 ], [ 106.689558101859888, 10.778841817220068 ], [ 106.689558101859902, 10.778161130749236 ] ] ] } },
{ "type": "Feature", "properties": { "s2": "31752f3aa4", "resolution": 17, "center_lat": 10.778521771267847, "center_lon": 106.68918958943716, "avg_edge_len": 78.012545046096022, "cell_area": 6069.1517766839306, "cell_perimeter": 312.05018018438409, "code": "770", "name": "Quận 3", "name_en": "District 3", "level": "Quận", "prov_code": "79", "prov_name": "Thành phố Hồ Chí Minh", "region": "Đông Nam Bộ", "pop_2019": 190375.0, "pop_dens": 38852.0, "area": 4.92 }, "geometry": { "type": "Polygon", "coordinates": [ [ [ 106.688821077455017, 10.778201724070604 ], [ 106.689558101859902, 10.778161130749236 ], [ 106.689558101859888, 10.778841817220068 ], [ 106.688821077455017, 10.778882412982945 ], [ 106.688821077455017, 10.778201724070604 ] ] ] } },
{ "type": "Feature", "properties": { "s2": "31752f3aac", "resolution": 17, "center_lat": 10.778562364865452, "center_lon": 106.68845256626997, "avg_edge_len": 78.012533814817232, "cell_area": 6069.1523635834455, "cell_perimeter": 312.05013525926893, "code": "770", "name": "Quận 3", "name_en": "District 3", "level": "Quận", "prov_code": "79", "prov_name": "Thành phố Hồ Chí Minh", "region": "Đông Nam Bộ", "pop_2019": 190375.0, "pop_dens": 38852.0, "area": 4.92 }, "geometry": { "type": "Polygon", "coordinates": [ [ [ 106.688084055525536, 10.778242315503004 ], [ 106.688821077455017, 10.778201724070604 ], [ 106.688821077455017, 10.778882412982945 ], [ 106.688084055525536, 10.778923006856742 ], [ 106.688084055525536, 10.778242315503004 ] ] ] } },
{ "type": "Feature", "properties": { "s2": "31752f3ab4", "resolution": 17, "center_lat": 10.777881677303457, "center_lon": 106.68845256626999, "avg_edge_len": 78.0123306795047, "cell_area": 6069.1198845803738, "cell_perimeter": 312.0493227180188, "code": "770", "name": "Quận 3", "name_en": "District 3", "level": "Quận", "prov_code": "79", "prov_name": "Thành phố Hồ Chí Minh", "region": "Đông Nam Bộ", "pop_2019": 190375.0, "pop_dens": 38852.0, "area": 4.92 }, "geometry": { "type": "Polygon", "coordinates": [ [ [ 106.688084055525536, 10.777561629291343 ], [ 106.688821077455017, 10.777521040300343 ], [ 106.688821077455017, 10.778201724070604 ], [ 106.688084055525536, 10.778242315503004 ], [ 106.688084055525536, 10.777561629291343 ] ] ] } },
{ "type": "Feature", "properties": { "s2": "31752f3abc", "resolution": 17, "center_lat": 10.777841086147305, "center_lon": 106.68918958943716, "avg_edge_len": 78.012341909336072, "cell_area": 6069.1192965956461, "cell_perimeter": 312.04936763734429, "code": "770", "name": "Quận 3", "name_en": "District 3", "level": "Quận", "prov_code": "79", "prov_name": "Thành phố Hồ Chí Minh", "region": "Đông Nam Bộ", "pop_2019": 190375.0, "pop_dens": 38852.0, "area": 4.92 }, "geometry": { "type": "Polygon", "coordinates": [ [ [ 106.688821077455017, 10.777521040300343 ], [ 106.689558101859888, 10.777480449420493 ], [ 106.689558101859902, 10.778161130749236 ], [ 106.688821077455017, 10.778201724070604 ], [ 106.688821077455017, 10.777521040300343 ] ] ] } },
{ "type": "Feature", "properties": { "s2": "31752f3ac4", "resolution": 17, "center_lat": 10.777160406168983, "center_lon": 106.68918958943715, "avg_edge_len": 78.012138750646059, "cell_area": 6069.0868162363768, "cell_perimeter": 312.04855500258424, "code": "770", "name": "Quận 3", "name_en": "District 3", "level": "Quận", "prov_code": "79", "prov_name": "Thành phố Hồ Chí Minh", "region": "Đông Nam Bộ", "pop_2019": 190375.0, "pop_dens": 38852.0, "area": 4.92 }, "geometry": { "type": "Polygon", "coordinates": [ [ [ 106.688821077455017, 10.77684036167245 ], [ 106.689558101859888, 10.776799773234119 ], [ 106.689558101859888, 10.777480449420493 ], [ 106.688821077455017, 10.777521040300343 ], [ 106.688821077455017, 10.77684036167245 ] ] ] } },
{ "type": "Feature", "properties": { "s2": "31752f3acc", "resolution": 17, "center_lat": 10.777200994883678, "center_lon": 106.68845256626999, "avg_edge_len": 78.012127522659171, "cell_area": 6069.0874061733484, "cell_perimeter": 312.04851009063668, "code": "770", "name": "Quận 3", "name_en": "District 3", "level": "Quận", "prov_code": "79", "prov_name": "Thành phố Hồ Chí Minh", "region": "Đông Nam Bộ", "pop_2019": 190375.0, "pop_dens": 38852.0, "area": 4.92 }, "geometry": { "type": "Polygon", "coordinates": [ [ [ 106.688084055525536, 10.776880948222047 ], [ 106.688821077455017, 10.77684036167245 ], [ 106.688821077455017, 10.777521040300343 ], [ 106.688084055525536, 10.777561629291343 ], [ 106.688084055525536, 10.776880948222047 ] ] ] } },
{ "type": "Feature", "properties": { "s2": "31752f3ad4", "resolution": 17, "center_lat": 10.776520317606407, "center_lon": 106.68845256626997, "avg_edge_len": 78.011924344722559, "cell_area": 6069.0549236685038, "cell_perimeter": 312.04769737889023, "code": "770", "name": "Quận 3", "name_en": "District 3", "level": "Quận", "prov_code": "79", "prov_name": "Thành phố Hồ Chí Minh", "region": "Đông Nam Bộ", "pop_2019": 190375.0, "pop_dens": 38852.0, "area": 4.92 }, "geometry": { "type": "Polygon", "coordinates": [ [ [ 106.688084055525536, 10.776200272295393 ], [ 106.688821077455017, 10.776159688187208 ], [ 106.688821077455017, 10.77684036167245 ], [ 106.688084055525536, 10.776880948222047 ], [ 106.688084055525536, 10.776200272295393 ] ] ] } },
{ "type": "Feature", "properties": { "s2": "31752f3adc", "resolution": 17, "center_lat": 10.776479731333177, "center_lon": 106.68918958943716, "avg_edge_len": 78.01193557174706, "cell_area": 6069.0543383401773, "cell_perimeter": 312.04774228698824, "code": "770", "name": "Quận 3", "name_en": "District 3", "level": "Quận", "prov_code": "79", "prov_name": "Thành phố Hồ Chí Minh", "region": "Đông Nam Bộ", "pop_2019": 190375.0, "pop_dens": 38852.0, "area": 4.92 }, "geometry": { "type": "Polygon", "coordinates": [ [ [ 106.688821077455017, 10.776159688187208 ], [ 106.689558101859902, 10.776119102190403 ], [ 106.689558101859888, 10.776799773234119 ], [ 106.688821077455017, 10.77684036167245 ], [ 106.688821077455017, 10.776159688187208 ] ] ] } },
{ "type": "Feature", "properties": { "s2": "31752f3ae4", "resolution": 17, "center_lat": 10.776439143171276, "center_lon": 106.68992661507953, "avg_edge_len": 78.011946772829432, "cell_area": 6069.0537421484551, "cell_perimeter": 312.04778709131773, "code": "770", "name": "Quận 3", "name_en": "District 3", "level": "Quận", "prov_code": "79", "prov_name": "Thành phố Hồ Chí Minh", "region": "Đông Nam Bộ", "pop_2019": 190375.0, "pop_dens": 38852.0, "area": 4.92 }, "geometry": { "type": "Polygon", "coordinates": [ [ [ 106.689558101859902, 10.776119102190403 ], [ 106.690295128739791, 10.776078514304983 ], [ 106.690295128739777, 10.77675918290706 ], [ 106.689558101859888, 10.776799773234119 ], [ 106.689558101859902, 10.776119102190403 ] ] ] } },
{ "type": "Feature", "properties": { "s2": "31752f3aec", "resolution": 17, "center_lat": 10.777119815565502, "center_lon": 106.68992661507953, "avg_edge_len": 78.012149953882073, "cell_area": 6069.0862248738749, "cell_perimeter": 312.04859981552829, "code": "770", "name": "Quận 3", "name_en": "District 3", "level": "Quận", "prov_code": "79", "prov_name": "Thành phố Hồ Chí Minh", "region": "Đông Nam Bộ", "pop_2019": 190375.0, "pop_dens": 38852.0, "area": 4.92 }, "geometry": { "type": "Polygon", "coordinates": [ [ [ 106.689558101859888, 10.776799773234119 ], [ 106.690295128739777, 10.77675918290706 ], [ 106.690295128739791, 10.777439856651798 ], [ 106.689558101859888, 10.777480449420493 ], [ 106.689558101859888, 10.776799773234119 ] ] ] } },
{ "type": "Feature", "properties": { "s2": "31752f3af4", "resolution": 17, "center_lat": 10.777079223073235, "center_lon": 106.69066364319673, "avg_edge_len": 78.012161131264264, "cell_area": 6069.0856277892844, "cell_perimeter": 312.04864452505706, "code": "770", "name": "Quận 3", "name_en": "District 3", "level": "Quận", "prov_code": "79", "prov_name": "Thành phố Hồ Chí Minh", "region": "Đông Nam Bộ", "pop_2019": 190375.0, "pop_dens": 38852.0, "area": 4.92 }, "geometry": { "type": "Polygon", "coordinates": [ [ [ 106.690295128739777, 10.77675918290706 ], [ 106.691032158094345, 10.776718590691281 ], [ 106.691032158094345, 10.777399261994269 ], [ 106.690295128739791, 10.777439856651798 ], [ 106.690295128739777, 10.77675918290706 ] ] ] } },
{ "type": "Feature", "properties": { "s2": "31752f3afc", "resolution": 17, "center_lat": 10.776398553120707, "center_lon": 106.69066364319673, "avg_edge_len": 78.011957949116891, "cell_area": 6069.0531455753353, "cell_perimeter": 312.04783179646756, "code": "770", "name": "Quận 3", "name_en": "District 3", "level": "Quận", "prov_code": "79", "prov_name": "Thành phố Hồ Chí Minh", "region": "Đông Nam Bộ", "pop_2019": 190375.0, "pop_dens": 38852.0, "area": 4.92 }, "geometry": { "type": "Polygon", "coordinates": [ [ [ 106.690295128739791, 10.776078514304983 ], [ 106.691032158094345, 10.776037924530955 ], [ 106.691032158094345, 10.776718590691281 ], [ 106.690295128739777, 10.77675918290706 ], [ 106.690295128739791, 10.776078514304983 ] ] ] } },
{ "type": "Feature", "properties": { "s2": "31752f3b04", "resolution": 17, "center_lat": 10.775717888310975, "center_lon": 106.69066364319673, "avg_edge_len": 78.011754745569249, "cell_area": 6069.0206600427628, "cell_perimeter": 312.047018982277, "code": "770", "name": "Quận 3", "name_en": "District 3", "level": "Quận", "prov_code": "79", "prov_name": "Thành phố Hồ Chí Minh", "region": "Đông Nam Bộ", "pop_2019": 190375.0, "pop_dens": 38852.0, "area": 4.92 }, "geometry": { "type": "Polygon", "coordinates": [ [ [ 106.690295128739791, 10.775397850845843 ], [ 106.691032158094345, 10.775357263513579 ], [ 106.691032158094345, 10.776037924530955 ], [ 106.690295128739791, 10.776078514304983 ], [ 106.690295128739791, 10.775397850845843 ] ] ] } },
{ "type": "Feature", "properties": { "s2": "31752f3b0c", "resolution": 17, "center_lat": 10.775037228644329, "center_lon": 106.69066364319673, "avg_edge_len": 78.011551521238701, "cell_area": 6068.9881638884544, "cell_perimeter": 312.0462060849548, "code": "770", "name": "Quận 3", "name_en": "District 3", "level": "Quận", "prov_code": "79", "prov_name": "Thành phố Hồ Chí Minh", "region": "Đông Nam Bộ", "pop_2019": 190375.0, "pop_dens": 38852.0, "area": 4.92 }, "geometry": { "type": "Polygon", "coordinates": [ [ [ 106.690295128739791, 10.774717192529929 ], [ 106.691032158094345, 10.774676607639426 ], [ 106.691032158094345, 10.775357263513579 ], [ 106.690295128739791, 10.775397850845843 ], [ 106.690295128739791, 10.774717192529929 ] ] ] } },
{ "type": "Feature", "properties": { "s2": "31752f3b14", "resolution": 17, "center_lat": 10.775077813811494, "center_lon": 106.68992661507951, "avg_edge_len": 78.01154034877284, "cell_area": 6068.98876555264, "cell_perimeter": 312.04616139509136, "code": "770", "name": "Quận 3", "name_en": "District 3", "level": "Quận", "prov_code": "79", "prov_name": "Thành phố Hồ Chí Minh", "region": "Đông Nam Bộ", "pop_2019": 190375.0, "pop_dens": 38852.0, "area": 4.92 }, "geometry": { "type": "Polygon", "coordinates": [ [ [ 106.689558101859888, 10.774757775532056 ], [ 106.690295128739791, 10.774717192529929 ], [ 106.690295128739791, 10.775397850845843 ], [ 106.689558101859888, 10.775438436289621 ], [ 106.689558101859888, 10.774757775532056 ] ] ] } },
{ "type": "Feature", "properties": { "s2": "31752f3b1c", "resolution": 17, "center_lat": 10.775758475919844, "center_lon": 106.68992661507953, "avg_edge_len": 78.011743571479187, "cell_area": 6069.0212506268608, "cell_perimeter": 312.04697428591675, "code": "770", "name": "Quận 3", "name_en": "District 3", "level": "Quận", "prov_code": "79", "prov_name": "Thành phố Hồ Chí Minh", "region": "Đông Nam Bộ", "pop_2019": 190375.0, "pop_dens": 38852.0, "area": 4.92 }, "geometry": { "type": "Polygon", "coordinates": [ [ [ 106.689558101859888, 10.775438436289621 ], [ 106.690295128739791, 10.775397850845843 ], [ 106.690295128739791, 10.776078514304983 ], [ 106.689558101859902, 10.776119102190403 ], [ 106.689558101859888, 10.775438436289621 ] ] ] } },
{ "type": "Feature", "properties": { "s2": "31752f3b24", "resolution": 17, "center_lat": 10.775799061640164, "center_lon": 106.68918958943716, "avg_edge_len": 78.011732371402999, "cell_area": 6069.0218414302481, "cell_perimeter": 312.046929485612, "code": "770", "name": "Quận 3", "name_en": "District 3", "level": "Quận", "prov_code": "79", "prov_name": "Thành phố Hồ Chí Minh", "region": "Đông Nam Bộ", "pop_2019": 190375.0, "pop_dens": 38852.0, "area": 4.92 }, "geometry": { "type": "Polygon", "coordinates": [ [ [ 106.688821077455017, 10.775479019844896 ], [ 106.689558101859888, 10.775438436289621 ], [ 106.689558101859902, 10.776119102190403 ], [ 106.688821077455017, 10.776159688187208 ], [ 106.688821077455017, 10.775479019844896 ] ] ] } },
{ "type": "Feature", "properties": { "s2": "31752f3b2c", "resolution": 17, "center_lat": 10.775839645471921, "center_lon": 106.68845256626996, "avg_edge_len": 78.011721145429021, "cell_area": 6069.0224319696426, "cell_perimeter": 312.04688458171609, "code": "770", "name": "Quận 3", "name_en": "District 3", "level": "Quận", "prov_code": "79", "prov_name": "Thành phố Hồ Chí Minh", "region": "Đông Nam Bộ", "pop_2019": 190375.0, "pop_dens": 38852.0, "area": 4.92 }, "geometry": { "type": "Polygon", "coordinates": [ [ [ 106.688084055525536, 10.775519601511666 ], [ 106.688821077455017, 10.775479019844896 ], [ 106.688821077455017, 10.776159688187208 ], [ 106.688084055525536, 10.776200272295393 ], [ 106.688084055525536, 10.775519601511666 ] ] ] } },
{ "type": "Feature", "properties": { "s2": "31752f3b34", "resolution": 17, "center_lat": 10.77515897848051, "center_lon": 106.68845256626996, "avg_edge_len": 78.01151792455947, "cell_area": 6068.9899435937405, "cell_perimeter": 312.04607169823788, "code": "770", "name": "Quận 3", "name_en": "District 3", "level": "Quận", "prov_code": "79", "prov_name": "Thành phố Hồ Chí Minh", "region": "Đông Nam Bộ", "pop_2019": 190375.0, "pop_dens": 38852.0, "area": 4.92 }, "geometry": { "type": "Polygon", "coordinates": [ [ [ 106.688084055525536, 10.774838935871152 ], [ 106.688821077455017, 10.774798356645798 ], [ 106.688821077455017, 10.775479019844896 ], [ 106.688084055525536, 10.775519601511666 ], [ 106.688084055525536, 10.774838935871152 ] ] ] } },
{ "type": "Feature", "properties": { "s2": "31752f3b3c", "resolution": 17, "center_lat": 10.775118397090225, "center_lon": 106.68918958943716, "avg_edge_len": 78.011529149173981, "cell_area": 6068.989355891943, "cell_perimeter": 312.04611659669592, "code": "770", "name": "Quận 3", "name_en": "District 3", "level": "Quận", "prov_code": "79", "prov_name": "Thành phố Hồ Chí Minh", "region": "Đông Nam Bộ", "pop_2019": 190375.0, "pop_dens": 38852.0, "area": 4.92 }, "geometry": { "type": "Polygon", "coordinates": [ [ [ 106.688821077455017, 10.774798356645798 ], [ 106.689558101859888, 10.774757775532056 ], [ 106.689558101859888, 10.775438436289621 ], [ 106.688821077455017, 10.775479019844896 ], [ 106.688821077455017, 10.774798356645798 ] ] ] } },
{ "type": "Feature", "properties": { "s2": "31752f3b44", "resolution": 17, "center_lat": 10.774437737683639, "center_lon": 106.68918958943715, "avg_edge_len": 78.011325906691056, "cell_area": 6068.9568609702883, "cell_perimeter": 312.04530362676422, "code": "770", "name": "Quận 3", "name_en": "District 3", "level": "Quận", "prov_code": "79", "prov_name": "Thành phố Hồ Chí Minh", "region": "Đông Nam Bộ", "pop_2019": 190375.0, "pop_dens": 38852.0, "area": 4.92 }, "geometry": { "type": "Polygon", "coordinates": [ [ [ 106.688821077455017, 10.774117698590199 ], [ 106.689558101859902, 10.774077119917996 ], [ 106.689558101859888, 10.774757775532056 ], [ 106.688821077455017, 10.774798356645798 ], [ 106.688821077455017, 10.774117698590199 ] ] ] } },
{ "type": "Feature", "properties": { "s2": "31752f3b4c", "resolution": 17, "center_lat": 10.77447831663245, "center_lon": 106.68845256626996, "avg_edge_len": 78.011314682685878, "cell_area": 6068.9574460238218, "cell_perimeter": 312.04525873074351, "code": "770", "name": "Quận 3", "name_en": "District 3", "level": "Quận", "prov_code": "79", "prov_name": "Thành phố Hồ Chí Minh", "region": "Đông Nam Bộ", "pop_2019": 190375.0, "pop_dens": 38852.0, "area": 4.92 }, "geometry": { "type": "Polygon", "coordinates": [ [ [ 106.688084055525536, 10.774158275374129 ], [ 106.688821077455017, 10.774117698590199 ], [ 106.688821077455017, 10.774798356645798 ], [ 106.688084055525536, 10.774838935871152 ], [ 106.688084055525536, 10.774158275374129 ] ] ] } },
{ "type": "Feature", "properties": { "s2": "31752f3b54", "resolution": 17, "center_lat": 10.773797659928027, "center_lon": 106.68845256626996, "avg_edge_len": 78.011111419191707, "cell_area": 6068.9249520301819, "cell_perimeter": 312.04444567676683, "code": "770", "name": "Quận 3", "name_en": "District 3", "level": "Quận", "prov_code": "79", "prov_name": "Thành phố Hồ Chí Minh", "region": "Đông Nam Bộ", "pop_2019": 190375.0, "pop_dens": 38852.0, "area": 4.92 }, "geometry": { "type": "Polygon", "coordinates": [ [ [ 106.688084055525536, 10.773477620020882 ], [ 106.688821077455017, 10.773437045678383 ], [ 106.688821077455017, 10.774117698590199 ], [ 106.688084055525536, 10.774158275374129 ], [ 106.688084055525536, 10.773477620020882 ] ] ] } },
{ "type": "Feature", "properties": { "s2": "31752f3b5c", "resolution": 17, "center_lat": 10.773757083420701, "center_lon": 106.68918958943713, "avg_edge_len": 78.011122642234639, "cell_area": 6068.9243596345186, "cell_perimeter": 312.04449056893856, "code": "770", "name": "Quận 3", "name_en": "District 3", "level": "Quận", "prov_code": "79", "prov_name": "Thành phố Hồ Chí Minh", "region": "Đông Nam Bộ", "pop_2019": 190375.0, "pop_dens": 38852.0, "area": 4.92 }, "geometry": { "type": "Polygon", "coordinates": [ [ [ 106.688821077455017, 10.773437045678383 ], [ 106.689558101859902, 10.773396469447718 ], [ 106.689558101859902, 10.774077119917996 ], [ 106.688821077455017, 10.774117698590199 ], [ 106.688821077455017, 10.773437045678383 ] ] ] } },
{ "type": "Feature", "properties": { "s2": "31752f3b64", "resolution": 17, "center_lat": 10.773716505025165, "center_lon": 106.68992661507953, "avg_edge_len": 78.011133837394482, "cell_area": 6068.9237698465586, "cell_perimeter": 312.04453534957793, "code": "770", "name": "Quận 3", "name_en": "District 3", "level": "Quận", "prov_code": "79", "prov_name": "Thành phố Hồ Chí Minh", "region": "Đông Nam Bộ", "pop_2019": 190375.0, "pop_dens": 38852.0, "area": 4.92 }, "geometry": { "type": "Polygon", "coordinates": [ [ [ 106.689558101859902, 10.773396469447718 ], [ 106.690295128739791, 10.773355891328903 ], [ 106.690295128739791, 10.774036539357521 ], [ 106.689558101859902, 10.774077119917996 ], [ 106.689558101859902, 10.773396469447718 ] ] ] } },
{ "type": "Feature", "properties": { "s2": "31752f3b6c", "resolution": 17, "center_lat": 10.774397156846506, "center_lon": 106.68992661507951, "avg_edge_len": 78.011337103872052, "cell_area": 6068.9562614601555, "cell_perimeter": 312.04534841548821, "code": "770", "name": "Quận 3", "name_en": "District 3", "level": "Quận", "prov_code": "79", "prov_name": "Thành phố Hồ Chí Minh", "region": "Đông Nam Bộ", "pop_2019": 190375.0, "pop_dens": 38852.0, "area": 4.92 }, "geometry": { "type": "Polygon", "coordinates": [ [ [ 106.689558101859902, 10.774077119917996 ], [ 106.690295128739791, 10.774036539357521 ], [ 106.690295128739791, 10.774717192529929 ], [ 106.689558101859888, 10.774757775532056 ], [ 106.689558101859902, 10.774077119917996 ] ] ] } },
{ "type": "Feature", "properties": { "s2": "31752f3b74", "resolution": 17, "center_lat": 10.774356574121047, "center_lon": 106.69066364319673, "avg_edge_len": 78.011348275419948, "cell_area": 6068.9556695669889, "cell_perimeter": 312.04539310167979, "code": "770", "name": "Quận 3", "name_en": "District 3", "level": "Quận", "prov_code": "79", "prov_name": "Thành phố Hồ Chí Minh", "region": "Đông Nam Bộ", "pop_2019": 190375.0, "pop_dens": 38852.0, "area": 4.92 }, "geometry": { "type": "Polygon", "coordinates": [ [ [ 106.690295128739791, 10.774036539357521 ], [ 106.691032158094345, 10.773995956908788 ], [ 106.691032158094345, 10.774676607639426 ], [ 106.690295128739791, 10.774717192529929 ], [ 106.690295128739791, 10.774036539357521 ] ] ] } },
{ "type": "Feature", "properties": { "s2": "31752f3ba4", "resolution": 17, "center_lat": 10.774996641588736, "center_lon": 106.69140067378845, "avg_edge_len": 78.011562668600945, "cell_area": 6068.9875597208738, "cell_perimeter": 312.04625067440378, "code": "770", "name": "Quận 3", "name_en": "District 3", "level": "Quận", "prov_code": "79", "prov_name": "Thành phố Hồ Chí Minh", "region": "Đông Nam Bộ", "pop_2019": 190375.0, "pop_dens": 38852.0, "area": 4.92 }, "geometry": { "type": "Polygon", "coordinates": [ [ [ 106.691032158094345, 10.774676607639426 ], [ 106.691769189923193, 10.774636020860557 ], [ 106.691769189923193, 10.77531667429283 ], [ 106.691032158094345, 10.775357263513579 ], [ 106.691032158094345, 10.774676607639426 ] ] ] } },
{ "type": "Feature", "properties": { "s2": "31752f3bac", "resolution": 17, "center_lat": 10.775677298813561, "center_lon": 106.69140067378844, "avg_edge_len": 78.011765894599591, "cell_area": 6069.0200573951006, "cell_perimeter": 312.04706357839837, "code": "770", "name": "Quận 3", "name_en": "District 3", "level": "Quận", "prov_code": "79", "prov_name": "Thành phố Hồ Chí Minh", "region": "Đông Nam Bộ", "pop_2019": 190375.0, "pop_dens": 38852.0, "area": 4.92 }, "geometry": { "type": "Polygon", "coordinates": [ [ [ 106.691032158094345, 10.775357263513579 ], [ 106.691769189923193, 10.77531667429283 ], [ 106.691769189923193, 10.775997332868334 ], [ 106.691032158094345, 10.776037924530955 ], [ 106.691032158094345, 10.775357263513579 ] ] ] } },
{ "type": "Feature", "properties": { "s2": "31752f3ca4", "resolution": 17, "center_lat": 10.773076434301689, "center_lon": 106.68918958943712, "avg_edge_len": 78.01091935642178, "cell_area": 6068.8918583840132, "cell_perimeter": 312.04367742568712, "code": "770", "name": "Quận 3", "name_en": "District 3", "level": "Quận", "prov_code": "79", "prov_name": "Thành phố Hồ Chí Minh", "region": "Đông Nam Bộ", "pop_2019": 190375.0, "pop_dens": 38852.0, "area": 4.92 }, "geometry": { "type": "Polygon", "coordinates": [ [ [ 106.688821077455017, 10.772756397910626 ], [ 106.689558101859902, 10.772715824121512 ], [ 106.689558101859902, 10.773396469447718 ], [ 106.688821077455017, 10.773437045678383 ], [ 106.688821077455017, 10.772756397910626 ] ] ] } },
{ "type": "Feature", "properties": { "s2": "31752f3cac", "resolution": 17, "center_lat": 10.773117008367525, "center_lon": 106.68845256626994, "avg_edge_len": 78.010908134208847, "cell_area": 6068.8924458771944, "cell_perimeter": 312.04363253683539, "code": "770", "name": "Quận 3", "name_en": "District 3", "level": "Quận", "prov_code": "79", "prov_name": "Thành phố Hồ Chí Minh", "region": "Đông Nam Bộ", "pop_2019": 190375.0, "pop_dens": 38852.0, "area": 4.92 }, "geometry": { "type": "Polygon", "coordinates": [ [ [ 106.688084055525536, 10.772796969811695 ], [ 106.688821077455017, 10.772756397910626 ], [ 106.688821077455017, 10.773437045678383 ], [ 106.688084055525536, 10.773477620020882 ], [ 106.688084055525536, 10.772796969811695 ] ] ] } },
{ "type": "Feature", "properties": { "s2": "31752f3cb4", "resolution": 17, "center_lat": 10.772436361951225, "center_lon": 106.68845256626997, "avg_edge_len": 78.01070482809024, "cell_area": 6068.8599406033754, "cell_perimeter": 312.04281931236096, "code": "770", "name": "Quận 3", "name_en": "District 3", "level": "Quận", "prov_code": "79", "prov_name": "Thành phố Hồ Chí Minh", "region": "Đông Nam Bộ", "pop_2019": 190375.0, "pop_dens": 38852.0, "area": 4.92 }, "geometry": { "type": "Polygon", "coordinates": [ [ [ 106.688084055525536, 10.772116324746849 ], [ 106.688821077455017, 10.772075755287215 ], [ 106.688821077455017, 10.772756397910626 ], [ 106.688084055525536, 10.772796969811695 ], [ 106.688084055525536, 10.772116324746849 ] ] ] } }
]
}
